Class,Image1,Image2,Loss1,Loss2,Max Interpolated Loss,Abs_Loss_Diff
0,ILSVRC2012_val_00017995_n01440764.JPEG,ILSVRC2012_val_00001135_n02730930.JPEG,0.0412202440202236,0.0124648343771696,8.16813850402832,0.028755409643053995
0,ILSVRC2012_val_00030740_n01440764.JPEG,ILSVRC2012_val_00035183_n01855672.JPEG,0.0398333854973316,0.0035525562707334,4.276791572570801,0.0362808292265982
0,ILSVRC2012_val_00017995_n01440764.JPEG,ILSVRC2012_val_00032147_n03100240.JPEG,0.0412202440202236,0.0049302433617413,4.523090362548828,0.0362900006584823
0,ILSVRC2012_val_00017995_n01440764.JPEG,ILSVRC2012_val_00004806_n04476259.JPEG,0.0412202440202236,0.0027831175830215,7.535285949707031,0.038437126437202096
0,ILSVRC2012_val_00017700_n01440764.JPEG,ILSVRC2012_val_00032876_n03992509.JPEG,0.0684623122215271,0.001727637485601,6.722328186035156,0.0667346747359261
1,ILSVRC2012_val_00032675_n01443537.JPEG,ILSVRC2012_val_00037474_n02074367.JPEG,0.0198717936873435,0.0018341400427743,0.5872350335121155,0.0180376536445692
1,ILSVRC2012_val_00011914_n01443537.JPEG,ILSVRC2012_val_00039728_n04120489.JPEG,0.1401626914739608,0.0025377231650054,4.668355464935303,0.1376249683089554
1,ILSVRC2012_val_00038057_n01443537.JPEG,ILSVRC2012_val_00036633_n04423845.JPEG,1.2777113914489746,0.0025730379857122,5.368499755859375,1.2751383534632623
1,ILSVRC2012_val_00038057_n01443537.JPEG,ILSVRC2012_val_00018554_n02971356.JPEG,1.2777113914489746,0.0022099614143371,7.926142692565918,1.2755014300346375
1,ILSVRC2012_val_00038057_n01443537.JPEG,ILSVRC2012_val_00037545_n04591157.JPEG,1.2777113914489746,0.0018255725735798,4.57207727432251,1.2758858188753948
2,ILSVRC2012_val_00027514_n01484850.JPEG,ILSVRC2012_val_00020617_n04335435.JPEG,0.5379540920257568,0.0096379676833748,5.218112945556641,0.5283161243423821
2,ILSVRC2012_val_00044052_n01484850.JPEG,ILSVRC2012_val_00026339_n02077923.JPEG,2.0423407554626465,0.0017916593933477,5.012581825256348,2.0405490960692987
2,ILSVRC2012_val_00044052_n01484850.JPEG,ILSVRC2012_val_00024339_n07753113.JPEG,2.0423407554626465,0.0015305483248084,4.467134475708008,2.040810207137838
2,ILSVRC2012_val_00040098_n01484850.JPEG,ILSVRC2012_val_00003388_n02483362.JPEG,2.2534570693969727,0.0096108121797442,5.754318237304688,2.2438462572172284
2,ILSVRC2012_val_00015157_n01484850.JPEG,ILSVRC2012_val_00003266_n02877765.JPEG,4.427063465118408,0.0193887967616319,7.968621253967285,4.407674668356776
3,ILSVRC2012_val_00031243_n01491361.JPEG,ILSVRC2012_val_00008394_n03796401.JPEG,0.0891769677400589,0.0821354836225509,6.992931842803955,0.007041484117508004
3,ILSVRC2012_val_00036420_n01491361.JPEG,ILSVRC2012_val_00000010_n02328150.JPEG,0.0910240188241005,0.0035091983154416,5.927183151245117,0.0875148205086589
3,ILSVRC2012_val_00029568_n01491361.JPEG,ILSVRC2012_val_00041628_n04111531.JPEG,0.4294762015342712,0.0983051285147667,5.898883819580078,0.3311710730195045
3,ILSVRC2012_val_00025969_n01491361.JPEG,ILSVRC2012_val_00047872_n04023962.JPEG,0.5119196176528931,0.020528819411993,5.274259567260742,0.49139079824090004
3,ILSVRC2012_val_00026001_n01491361.JPEG,ILSVRC2012_val_00025265_n04310018.JPEG,1.3031327724456787,0.0079217068850994,5.767795562744141,1.2952110655605793
4,ILSVRC2012_val_00007405_n01494475.JPEG,ILSVRC2012_val_00039361_n03197337.JPEG,0.8413153290748596,0.7066522240638733,8.44173526763916,0.13466310501098633
4,ILSVRC2012_val_00023986_n01494475.JPEG,ILSVRC2012_val_00037319_n02917067.JPEG,0.2674619853496551,0.002059840131551,4.172086715698242,0.26540214521810407
4,ILSVRC2012_val_00031169_n01494475.JPEG,ILSVRC2012_val_00043724_n04366367.JPEG,0.4614174365997314,0.0014762704959139,1.7684803009033203,0.45994116610381747
4,ILSVRC2012_val_00009978_n01494475.JPEG,ILSVRC2012_val_00004823_n02091134.JPEG,0.9518593549728394,0.0015094802947714,3.7241384983062735,0.950349874678068
4,ILSVRC2012_val_00041400_n01494475.JPEG,ILSVRC2012_val_00014725_n03874599.JPEG,0.9808475375175476,0.0079021928831934,6.172815799713135,0.9729453446343542
5,ILSVRC2012_val_00022865_n01496331.JPEG,ILSVRC2012_val_00030512_n02101006.JPEG,0.0012468667700886,0.0012238877825438,4.358614444732666,2.2978987544799946e-05
5,ILSVRC2012_val_00022865_n01496331.JPEG,ILSVRC2012_val_00038184_n07742313.JPEG,0.0012468667700886,0.0012146007502451,5.163695335388184,3.2266019843500086e-05
5,ILSVRC2012_val_00030367_n01496331.JPEG,ILSVRC2012_val_00019322_n03075370.JPEG,0.0024088195059448,0.0021289559081196,5.687710762023926,0.0002798635978251999
5,ILSVRC2012_val_00011782_n01496331.JPEG,ILSVRC2012_val_00009363_n02356798.JPEG,0.0177447162568569,0.0041000125929713,6.268190860748291,0.0136447036638856
5,ILSVRC2012_val_00034971_n01496331.JPEG,ILSVRC2012_val_00022749_n02607072.JPEG,0.0702229738235473,0.006752292625606,5.215682506561279,0.06347068119794129
6,ILSVRC2012_val_00015373_n01498041.JPEG,ILSVRC2012_val_00016415_n02403003.JPEG,0.1292469948530197,0.0040445677004754,7.119711399078369,0.1252024271525443
6,ILSVRC2012_val_00038935_n01498041.JPEG,ILSVRC2012_val_00009213_n01990800.JPEG,0.2017638385295868,0.0061642285436391,3.4187228679656982,0.1955996099859477
6,ILSVRC2012_val_00003518_n01498041.JPEG,ILSVRC2012_val_00049027_n02086079.JPEG,0.5857994556427002,0.0038057770580053,3.202481985092163,0.5819936785846949
6,ILSVRC2012_val_00024204_n01498041.JPEG,ILSVRC2012_val_00043372_n03018349.JPEG,0.727270245552063,0.0092879589647054,6.156180381774902,0.7179822865873576
6,ILSVRC2012_val_00046497_n01498041.JPEG,ILSVRC2012_val_00045644_n04557648.JPEG,0.928100883960724,0.0107774809002876,6.875618934631348,0.9173234030604364
7,ILSVRC2012_val_00049181_n01514668.JPEG,ILSVRC2012_val_00010011_n02109961.JPEG,0.1632698327302932,0.0544009134173393,9.128034591674805,0.1088689193129539
7,ILSVRC2012_val_00049181_n01514668.JPEG,ILSVRC2012_val_00018975_n02835271.JPEG,0.1632698327302932,0.0335085950791835,5.516359329223633,0.1297612376511097
7,ILSVRC2012_val_00019101_n01514668.JPEG,ILSVRC2012_val_00013948_n04209239.JPEG,0.4553586840629577,0.0782617107033729,8.475709915161133,0.3770969733595848
7,ILSVRC2012_val_00019101_n01514668.JPEG,ILSVRC2012_val_00020325_n02117135.JPEG,0.4553586840629577,0.0024837378878146,3.526273250579834,0.4528749461751431
7,ILSVRC2012_val_00048952_n01514668.JPEG,ILSVRC2012_val_00038008_n03770439.JPEG,2.6419942378997803,0.0023905052803456,7.603941917419434,2.6396037326194346
8,ILSVRC2012_val_00007530_n01514859.JPEG,ILSVRC2012_val_00021346_n03837869.JPEG,0.0677177459001541,0.0324419103562831,2.403892517089844,0.035275835543871
8,ILSVRC2012_val_00011171_n01514859.JPEG,ILSVRC2012_val_00024250_n02256656.JPEG,0.070780448615551,0.018976567313075,4.512365341186523,0.051803881302476
8,ILSVRC2012_val_00039067_n01514859.JPEG,ILSVRC2012_val_00027516_n04118538.JPEG,0.0958734676241874,0.0100139370188117,6.170086860656738,0.0858595306053757
8,ILSVRC2012_val_00012528_n01514859.JPEG,ILSVRC2012_val_00034389_n03770439.JPEG,0.2126800268888473,0.0066274837590754,7.65954065322876,0.2060525431297719
8,ILSVRC2012_val_00012528_n01514859.JPEG,ILSVRC2012_val_00025120_n01981276.JPEG,0.2126800268888473,0.0032719431910663,6.000585556030273,0.209408083697781
9,ILSVRC2012_val_00001398_n01518878.JPEG,ILSVRC2012_val_00019512_n01986214.JPEG,0.0098110372200608,0.0046413545496761,5.10206937789917,0.005169682670384699
9,ILSVRC2012_val_00023778_n01518878.JPEG,ILSVRC2012_val_00022377_n03000134.JPEG,0.0320597328245639,0.0259721353650093,8.501441955566406,0.006087597459554596
9,ILSVRC2012_val_00032849_n01518878.JPEG,ILSVRC2012_val_00044717_n02093256.JPEG,0.0116925630718469,0.0009370227344334,2.6273531913757324,0.010755540337413499
9,ILSVRC2012_val_00023778_n01518878.JPEG,ILSVRC2012_val_00026906_n02279972.JPEG,0.0320597328245639,0.0133820213377475,9.557767868041992,0.0186777114868164
9,ILSVRC2012_val_00023778_n01518878.JPEG,ILSVRC2012_val_00031817_n02091831.JPEG,0.0320597328245639,0.0012840130366384,2.6242828369140625,0.030775719787925496
10,ILSVRC2012_val_00002425_n01530575.JPEG,ILSVRC2012_val_00022178_n03998194.JPEG,0.0504352152347564,0.0487838760018348,11.303223609924316,0.0016513392329216003
10,ILSVRC2012_val_00023441_n01530575.JPEG,ILSVRC2012_val_00021029_n03109150.JPEG,0.0285791587084531,0.0047818352468311,0.6427373290061951,0.023797323461622
10,ILSVRC2012_val_00006526_n01530575.JPEG,ILSVRC2012_val_00024705_n04552348.JPEG,0.082258902490139,0.0112937688827514,7.927823543548584,0.0709651336073876
10,ILSVRC2012_val_00028902_n01530575.JPEG,ILSVRC2012_val_00000509_n10148035.JPEG,0.1013218089938163,0.0101024489849805,8.320380210876465,0.0912193600088358
10,ILSVRC2012_val_00006763_n01530575.JPEG,ILSVRC2012_val_00041050_n02397096.JPEG,0.118616409599781,0.0080808838829398,6.658738613128662,0.1105355257168412
11,ILSVRC2012_val_00037611_n01531178.JPEG,ILSVRC2012_val_00010166_n03977966.JPEG,0.1422575414180755,0.0989817082881927,7.971167087554932,0.04327583312988281
11,ILSVRC2012_val_00019236_n01531178.JPEG,ILSVRC2012_val_00014790_n01675722.JPEG,0.0464846789836883,0.0007809926173649,2.483364582061768,0.045703686366323396
11,ILSVRC2012_val_00015431_n01531178.JPEG,ILSVRC2012_val_00045315_n03792972.JPEG,0.0615444369614124,0.0056746816262602,7.707004547119141,0.055869755335152205
11,ILSVRC2012_val_00037611_n01531178.JPEG,ILSVRC2012_val_00010585_n07734744.JPEG,0.1422575414180755,0.0050935740582644,3.8381404876708975,0.1371639673598111
11,ILSVRC2012_val_00032993_n01531178.JPEG,ILSVRC2012_val_00035599_n03133878.JPEG,0.2795960605144501,0.031758714467287,8.537266731262207,0.24783734604716307
12,ILSVRC2012_val_00030042_n01532829.JPEG,ILSVRC2012_val_00014246_n02109961.JPEG,0.0507558211684227,0.0108346752822399,7.857136726379394,0.0399211458861828
12,ILSVRC2012_val_00031171_n01532829.JPEG,ILSVRC2012_val_00031816_n01682714.JPEG,0.0427302680909633,0.0006331584881991,6.877896785736084,0.0420971096027642
12,ILSVRC2012_val_00048437_n01532829.JPEG,ILSVRC2012_val_00018834_n01694178.JPEG,0.0988162755966186,0.0095079690217971,2.356451272964477,0.0893083065748215
12,ILSVRC2012_val_00047688_n01532829.JPEG,ILSVRC2012_val_00022593_n02091635.JPEG,0.1650563478469848,0.0104863829910755,4.06770133972168,0.15456996485590932
12,ILSVRC2012_val_00004747_n01532829.JPEG,ILSVRC2012_val_00011042_n02396427.JPEG,0.1626310348510742,0.0042374823242425,6.137714385986328,0.15839355252683168
13,ILSVRC2012_val_00000713_n01534433.JPEG,ILSVRC2012_val_00024109_n01774750.JPEG,0.0134532991796731,0.0079096434637904,3.1454789638519287,0.0055436557158827
13,ILSVRC2012_val_00014139_n01534433.JPEG,ILSVRC2012_val_00006089_n04259630.JPEG,0.1008815616369247,0.0875909402966499,7.129669189453125,0.013290621340274797
13,ILSVRC2012_val_00030657_n01534433.JPEG,ILSVRC2012_val_00047167_n02066245.JPEG,0.0337243787944316,0.0054537085816264,6.785979270935059,0.028270670212805202
13,ILSVRC2012_val_00030657_n01534433.JPEG,ILSVRC2012_val_00031208_n02909870.JPEG,0.0337243787944316,0.0022825158666819,3.0753750801086426,0.031441862927749704
13,ILSVRC2012_val_00012058_n01534433.JPEG,ILSVRC2012_val_00047062_n02111277.JPEG,0.0555406399071216,0.0007650309125892,0.0730177536606788,0.054775608994532404
14,ILSVRC2012_val_00003557_n01537544.JPEG,ILSVRC2012_val_00017370_n02102040.JPEG,0.021744767203927,0.0153882130980491,7.591250896453857,0.006356554105877899
14,ILSVRC2012_val_00003557_n01537544.JPEG,ILSVRC2012_val_00043723_n02107312.JPEG,0.021744767203927,0.0102700106799602,5.007590293884277,0.011474756523966798
14,ILSVRC2012_val_00003557_n01537544.JPEG,ILSVRC2012_val_00027067_n01873310.JPEG,0.021744767203927,0.0013153243344277,6.370907783508301,0.020429442869499298
14,ILSVRC2012_val_00046071_n01537544.JPEG,ILSVRC2012_val_00036854_n07747607.JPEG,0.100233219563961,0.0050049731507897,6.3985676765441895,0.0952282464131713
14,ILSVRC2012_val_00025037_n01537544.JPEG,ILSVRC2012_val_00035752_n03938244.JPEG,3.2955973148345947,1.716787576675415,7.133547306060791,1.5788097381591797
15,ILSVRC2012_val_00027535_n01558993.JPEG,ILSVRC2012_val_00047506_n04264628.JPEG,0.0323775112628936,0.0301909632980823,9.949212074279783,0.002186547964811301
15,ILSVRC2012_val_00019208_n01558993.JPEG,ILSVRC2012_val_00033180_n02992529.JPEG,0.0079085789620876,0.0049117379821836,7.524685859680176,0.0029968409799039997
15,ILSVRC2012_val_00012651_n01558993.JPEG,ILSVRC2012_val_00014917_n01514859.JPEG,0.0375666543841362,0.0024931321386247,5.848041534423828,0.0350735222455115
15,ILSVRC2012_val_00039913_n01558993.JPEG,ILSVRC2012_val_00028620_n03065424.JPEG,0.0427189581096172,0.0061821183189749,10.144433975219728,0.036536839790642296
15,ILSVRC2012_val_00039913_n01558993.JPEG,ILSVRC2012_val_00030868_n02112350.JPEG,0.0427189581096172,0.0051714936271309,5.260259628295898,0.0375474644824863
16,ILSVRC2012_val_00049803_n01560419.JPEG,ILSVRC2012_val_00033798_n03887697.JPEG,0.0185527019202709,0.0166669338941574,4.955739498138428,0.0018857680261134997
16,ILSVRC2012_val_00046173_n01560419.JPEG,ILSVRC2012_val_00022451_n02971356.JPEG,0.0082633271813392,0.0053228083997964,6.99203634262085,0.0029405187815427997
16,ILSVRC2012_val_00049803_n01560419.JPEG,ILSVRC2012_val_00038578_n02504458.JPEG,0.0185527019202709,0.0063755689188838,5.490111827850342,0.012177133001387098
16,ILSVRC2012_val_00011420_n01560419.JPEG,ILSVRC2012_val_00033201_n03786901.JPEG,0.0402714572846889,0.0020951719488948,1.649998903274536,0.0381762853357941
16,ILSVRC2012_val_00012870_n01560419.JPEG,ILSVRC2012_val_00045894_n02107142.JPEG,0.0535048954188823,0.0055540059693157,4.79437780380249,0.0479508894495666
17,ILSVRC2012_val_00009535_n01580077.JPEG,ILSVRC2012_val_00005868_n01630670.JPEG,0.0470174401998519,0.0015812524361535,4.734403610229492,0.0454361877636984
17,ILSVRC2012_val_00022505_n01580077.JPEG,ILSVRC2012_val_00031663_n04131690.JPEG,0.0636020451784133,0.0035160882398486,7.733255386352539,0.060085956938564694
17,ILSVRC2012_val_00033515_n01580077.JPEG,ILSVRC2012_val_00034541_n02500267.JPEG,0.1533109992742538,0.0020521073602139,1.4400166273117063,0.15125889191403988
17,ILSVRC2012_val_00046280_n01580077.JPEG,ILSVRC2012_val_00004956_n02091134.JPEG,0.4332593381404876,0.0008541273418813,7.567372322082519,0.43240521079860633
17,ILSVRC2012_val_00048360_n01580077.JPEG,ILSVRC2012_val_00008566_n01817953.JPEG,0.922415018081665,0.0008598444401286,2.866915702819824,0.9215551736415364
18,ILSVRC2012_val_00002536_n01582220.JPEG,ILSVRC2012_val_00019326_n03482405.JPEG,0.0195286236703395,0.0183967035263776,6.599053382873535,0.0011319201439618995
18,ILSVRC2012_val_00002536_n01582220.JPEG,ILSVRC2012_val_00015067_n03494278.JPEG,0.0195286236703395,0.0049919257871806,10.353160858154297,0.014536697883158901
18,ILSVRC2012_val_00037920_n01582220.JPEG,ILSVRC2012_val_00012330_n02077923.JPEG,0.030714089050889,0.0025703033898025,1.5479319095611572,0.028143785661086503
18,ILSVRC2012_val_00025806_n01582220.JPEG,ILSVRC2012_val_00031011_n03944341.JPEG,0.0327702946960926,0.0042251371778547,10.833468437194824,0.0285451575182379
18,ILSVRC2012_val_00045948_n01582220.JPEG,ILSVRC2012_val_00017928_n03424325.JPEG,0.3646211326122284,0.183830052614212,7.264500141143799,0.18079107999801639
19,ILSVRC2012_val_00034095_n01592084.JPEG,ILSVRC2012_val_00039190_n03355925.JPEG,0.0210971776396036,0.0186568424105644,6.245504379272461,0.0024403352290392026
19,ILSVRC2012_val_00034095_n01592084.JPEG,ILSVRC2012_val_00014750_n07714571.JPEG,0.0210971776396036,0.0043634208850562,4.749767303466797,0.0167337567545474
19,ILSVRC2012_val_00034242_n01592084.JPEG,ILSVRC2012_val_00027826_n03803284.JPEG,0.0532368272542953,0.0208305530250072,6.8384504318237305,0.0324062742292881
19,ILSVRC2012_val_00040783_n01592084.JPEG,ILSVRC2012_val_00009659_n04099969.JPEG,0.0632389783859252,0.0043692365288734,6.359723567962647,0.058869741857051794
19,ILSVRC2012_val_00038557_n01592084.JPEG,ILSVRC2012_val_00042463_n03697007.JPEG,0.2400304079055786,0.0104047479107975,9.805397987365724,0.2296256599947811
20,ILSVRC2012_val_00040903_n01601694.JPEG,ILSVRC2012_val_00042271_n04325704.JPEG,0.0380070991814136,0.0024928941857069,4.3726348876953125,0.035514204995706705
20,ILSVRC2012_val_00028181_n01601694.JPEG,ILSVRC2012_val_00019755_n04404412.JPEG,0.0968997329473495,0.0142385493963956,6.132280349731445,0.0826611835509539
20,ILSVRC2012_val_00025214_n01601694.JPEG,ILSVRC2012_val_00030569_n11939491.JPEG,0.2143101543188095,0.0017748808022588,7.118108749389648,0.21253527351655072
20,ILSVRC2012_val_00028099_n01601694.JPEG,ILSVRC2012_val_00017650_n03814906.JPEG,0.4407829344272613,0.0278491489589214,6.674559593200684,0.4129337854683399
20,ILSVRC2012_val_00028099_n01601694.JPEG,ILSVRC2012_val_00012415_n01930112.JPEG,0.4407829344272613,0.0246979389339685,8.556867599487305,0.4160849954932928
21,ILSVRC2012_val_00033214_n01608432.JPEG,ILSVRC2012_val_00043492_n04273569.JPEG,0.0582446753978729,0.0098076146095991,5.908241271972656,0.0484370607882738
21,ILSVRC2012_val_00000888_n01608432.JPEG,ILSVRC2012_val_00022624_n03218198.JPEG,0.117917813360691,0.013548563234508,5.432888984680176,0.104369250126183
21,ILSVRC2012_val_00000888_n01608432.JPEG,ILSVRC2012_val_00043482_n02102177.JPEG,0.117917813360691,0.0062776044942438,5.275725364685059,0.1116402088664472
21,ILSVRC2012_val_00015107_n01608432.JPEG,ILSVRC2012_val_00003533_n04350905.JPEG,2.380436420440674,0.0034298421815037,6.121863842010498,2.37700657825917
21,ILSVRC2012_val_00023128_n01608432.JPEG,ILSVRC2012_val_00049067_n03954731.JPEG,4.193817138671875,0.0504102781414985,8.906539916992188,4.143406860530376
22,ILSVRC2012_val_00048960_n01614925.JPEG,ILSVRC2012_val_00044037_n04409515.JPEG,0.0154735511168837,0.0148823736235499,8.975234031677246,0.0005911774933337992
22,ILSVRC2012_val_00010889_n01614925.JPEG,ILSVRC2012_val_00040076_n04099969.JPEG,0.0122996419668197,0.0045019225217401,4.415276527404785,0.007797719445079601
22,ILSVRC2012_val_00031465_n01614925.JPEG,ILSVRC2012_val_00002123_n03775071.JPEG,0.0336280204355716,0.0163788367062807,8.11286735534668,0.0172491837292909
22,ILSVRC2012_val_00008481_n01614925.JPEG,ILSVRC2012_val_00001030_n03494278.JPEG,0.0418982654809951,0.0019482456846162,6.872914791107178,0.039950019796378904
22,ILSVRC2012_val_00040404_n01614925.JPEG,ILSVRC2012_val_00010939_n03492542.JPEG,0.3241741955280304,0.0369595661759376,6.349859714508057,0.2872146293520928
23,ILSVRC2012_val_00037127_n01616318.JPEG,ILSVRC2012_val_00002244_n02791270.JPEG,0.0053709493950009,0.002936458447948,7.220146179199219,0.0024344909470528997
23,ILSVRC2012_val_00000025_n01616318.JPEG,ILSVRC2012_val_00002786_n02115641.JPEG,0.0521068051457405,0.0259595923125743,7.87139081954956,0.026147212833166202
23,ILSVRC2012_val_00040425_n01616318.JPEG,ILSVRC2012_val_00040887_n01983481.JPEG,0.0471805185079574,0.0056084184907376,3.871621370315552,0.0415721000172198
23,ILSVRC2012_val_00040425_n01616318.JPEG,ILSVRC2012_val_00043990_n01806567.JPEG,0.0471805185079574,0.0019594295881688,0.8673362135887146,0.045221088919788606
23,ILSVRC2012_val_00023247_n01616318.JPEG,ILSVRC2012_val_00048520_n04418357.JPEG,0.1848237514495849,0.0038733473047614,7.962982654571533,0.1809504041448235
24,ILSVRC2012_val_00011414_n01622779.JPEG,ILSVRC2012_val_00000225_n01629819.JPEG,0.006837660446763,0.0059216772206127,4.915152549743652,0.0009159832261502994
24,ILSVRC2012_val_00040434_n01622779.JPEG,ILSVRC2012_val_00045052_n03527444.JPEG,0.0191113073378801,0.0136066591367125,6.490878105163574,0.005504648201167599
24,ILSVRC2012_val_00011414_n01622779.JPEG,ILSVRC2012_val_00007851_n03089624.JPEG,0.006837660446763,0.0012850845232605,6.343681812286377,0.0055525759235025
24,ILSVRC2012_val_00008178_n01622779.JPEG,ILSVRC2012_val_00028457_n03976657.JPEG,0.018017902970314,0.002435814589262,4.340378761291504,0.015582088381052002
24,ILSVRC2012_val_00031144_n01622779.JPEG,ILSVRC2012_val_00044974_n04192698.JPEG,0.0516746789216995,0.0017052645562216,7.075162410736084,0.0499694143654779
25,ILSVRC2012_val_00046162_n01629819.JPEG,ILSVRC2012_val_00006161_n02490219.JPEG,0.063870258629322,0.0465470366179943,11.136199951171877,0.017323222011327695
25,ILSVRC2012_val_00045120_n01629819.JPEG,ILSVRC2012_val_00043399_n02113186.JPEG,0.0336320549249649,0.0038700222503393,4.430549621582031,0.0297620326746256
25,ILSVRC2012_val_00022935_n01629819.JPEG,ILSVRC2012_val_00006179_n01983481.JPEG,0.0851781666278839,0.0052010230720043,5.083630561828613,0.07997714355587959
25,ILSVRC2012_val_00022935_n01629819.JPEG,ILSVRC2012_val_00005619_n07693725.JPEG,0.0851781666278839,0.0030536472331732,6.284388542175293,0.0821245193947107
25,ILSVRC2012_val_00019308_n01629819.JPEG,ILSVRC2012_val_00031379_n04370456.JPEG,0.2888889908790588,0.141327828168869,6.012054443359375,0.1475611627101898
26,ILSVRC2012_val_00007257_n01630670.JPEG,ILSVRC2012_val_00014170_n02319095.JPEG,0.0738040134310722,0.0029597545508295,4.387607574462891,0.07084425888024269
26,ILSVRC2012_val_00000498_n01630670.JPEG,ILSVRC2012_val_00043498_n03160309.JPEG,0.4684200286865234,0.0147512927651405,5.989404201507568,0.4536687359213829
26,ILSVRC2012_val_00021083_n01630670.JPEG,ILSVRC2012_val_00015668_n06785654.JPEG,0.5017041563987732,0.0035216712858527,3.952813863754273,0.4981824851129205
26,ILSVRC2012_val_00021083_n01630670.JPEG,ILSVRC2012_val_00046417_n02259212.JPEG,0.5017041563987732,0.0031147319823503,4.180364608764648,0.4985894244164229
26,ILSVRC2012_val_00045101_n01630670.JPEG,ILSVRC2012_val_00021457_n01739381.JPEG,1.37384831905365,0.0031849632505327,5.681574821472168,1.3706633558031172
27,ILSVRC2012_val_00012765_n01631663.JPEG,ILSVRC2012_val_00034404_n02687172.JPEG,0.02997487783432,0.0261289309710264,7.33228063583374,0.003845946863293599
27,ILSVRC2012_val_00013174_n01631663.JPEG,ILSVRC2012_val_00001067_n02009912.JPEG,0.0538589730858802,0.0492849983274936,6.4216790199279785,0.004573974758386605
27,ILSVRC2012_val_00013174_n01631663.JPEG,ILSVRC2012_val_00036934_n02391049.JPEG,0.0538589730858802,0.0441687814891338,13.419109344482422,0.009690191596746403
27,ILSVRC2012_val_00014009_n01631663.JPEG,ILSVRC2012_val_00036036_n02692877.JPEG,0.1370238214731216,0.0250269006937742,7.976278305053711,0.11199692077934739
27,ILSVRC2012_val_00011131_n01631663.JPEG,ILSVRC2012_val_00001128_n02089973.JPEG,0.1815607547760009,0.0066877584904432,7.874369621276855,0.1748729962855577
28,ILSVRC2012_val_00017012_n01632458.JPEG,ILSVRC2012_val_00007731_n03344393.JPEG,0.018876789137721,0.0076336814090609,4.667098045349121,0.0112431077286601
28,ILSVRC2012_val_00029977_n01632458.JPEG,ILSVRC2012_val_00033042_n02130308.JPEG,0.0250894483178854,0.0081200245767831,6.422573089599609,0.0169694237411023
28,ILSVRC2012_val_00013069_n01632458.JPEG,ILSVRC2012_val_00003779_n04037443.JPEG,0.0421021878719329,0.0016745605971664,5.897183895111084,0.0404276272747665
28,ILSVRC2012_val_00030418_n01632458.JPEG,ILSVRC2012_val_00014374_n02110627.JPEG,0.352590262889862,0.0021762992255389,5.294781684875488,0.3504139636643231
28,ILSVRC2012_val_00018008_n01632458.JPEG,ILSVRC2012_val_00034146_n03673027.JPEG,0.5456092357635498,0.0858926773071289,7.434721946716309,0.4597165584564209
29,ILSVRC2012_val_00025438_n01632777.JPEG,ILSVRC2012_val_00002655_n01580077.JPEG,0.0478755347430706,0.0070498054847121,6.829663276672363,0.040825729258358506
29,ILSVRC2012_val_00044504_n01632777.JPEG,ILSVRC2012_val_00040645_n02108915.JPEG,0.0805390104651451,0.0011995985405519,3.394235134124756,0.07933941192459319
29,ILSVRC2012_val_00037046_n01632777.JPEG,ILSVRC2012_val_00002123_n03775071.JPEG,0.0934754088521003,0.0041905930265784,5.429200172424316,0.0892848158255219
29,ILSVRC2012_val_00039922_n01632777.JPEG,ILSVRC2012_val_00034380_n03908714.JPEG,0.2860476672649383,0.0013378250878304,2.3212015628814697,0.2847098421771079
29,ILSVRC2012_val_00040894_n01632777.JPEG,ILSVRC2012_val_00002187_n07753592.JPEG,0.5328881740570068,0.0002960720448754,4.928818225860596,0.5325921020121315
30,ILSVRC2012_val_00011664_n01641577.JPEG,ILSVRC2012_val_00019620_n03902125.JPEG,0.0188302304595708,0.0171048436313867,6.26253080368042,0.0017253868281841
30,ILSVRC2012_val_00011664_n01641577.JPEG,ILSVRC2012_val_00011700_n03424325.JPEG,0.0188302304595708,0.0167147666215896,5.778561115264893,0.0021154638379811998
30,ILSVRC2012_val_00012151_n01641577.JPEG,ILSVRC2012_val_00007040_n04606251.JPEG,0.0467905141413211,0.0023960948456078,4.497148990631104,0.0443944192957133
30,ILSVRC2012_val_00033863_n01641577.JPEG,ILSVRC2012_val_00007280_n03450230.JPEG,0.1593538522720337,0.0083197206258773,6.816435813903809,0.1510341316461564
30,ILSVRC2012_val_00017669_n01641577.JPEG,ILSVRC2012_val_00043395_n01819313.JPEG,0.2215975970029831,0.007050160318613,7.438850879669189,0.2145474366843701
31,ILSVRC2012_val_00000944_n01644373.JPEG,ILSVRC2012_val_00045536_n03207941.JPEG,0.0228547286242246,0.0148282283917069,6.739803314208984,0.0080265002325177
31,ILSVRC2012_val_00036850_n01644373.JPEG,ILSVRC2012_val_00001690_n04367480.JPEG,0.0674659386277198,0.0111506637185812,5.381146430969238,0.056315274909138596
31,ILSVRC2012_val_00033084_n01644373.JPEG,ILSVRC2012_val_00016951_n02108000.JPEG,0.0764486789703369,0.0069530908949673,10.129753112792969,0.0694955880753696
31,ILSVRC2012_val_00034290_n01644373.JPEG,ILSVRC2012_val_00047229_n01828970.JPEG,1.9296048879623413,0.0019559792708605,6.757081031799316,1.9276489086914808
31,ILSVRC2012_val_00034290_n01644373.JPEG,ILSVRC2012_val_00046419_n03929660.JPEG,1.9296048879623413,0.001642546383664,8.464595794677734,1.9279623415786773
32,ILSVRC2012_val_00038446_n01644900.JPEG,ILSVRC2012_val_00046502_n03781244.JPEG,0.1341201812028885,0.1069523096084594,6.821394920349121,0.027167871594429086
32,ILSVRC2012_val_00038446_n01644900.JPEG,ILSVRC2012_val_00003807_n04081281.JPEG,0.1341201812028885,0.0437149554491043,8.732276916503906,0.09040522575378418
32,ILSVRC2012_val_00023758_n01644900.JPEG,ILSVRC2012_val_00038215_n01498041.JPEG,0.1653899252414703,0.0025108498521149,6.014479637145996,0.16287907538935542
32,ILSVRC2012_val_00032966_n01644900.JPEG,ILSVRC2012_val_00010812_n04409515.JPEG,0.840709388256073,0.01692177914083,4.965336322784424,0.823787609115243
32,ILSVRC2012_val_00040420_n01644900.JPEG,ILSVRC2012_val_00018849_n03661043.JPEG,1.1056652069091797,0.0252032559365034,9.618830680847168,1.0804619509726763
33,ILSVRC2012_val_00041641_n01664065.JPEG,ILSVRC2012_val_00048697_n03424325.JPEG,0.0501526035368442,0.0454848371446132,6.426733016967773,0.004667766392231001
33,ILSVRC2012_val_00028760_n01664065.JPEG,ILSVRC2012_val_00028854_n02012849.JPEG,0.1281902939081192,0.0050041428767144,6.14052677154541,0.1231861510314048
33,ILSVRC2012_val_00036202_n01664065.JPEG,ILSVRC2012_val_00015188_n03126707.JPEG,0.246703952550888,0.0305568557232618,9.52371311187744,0.2161470968276262
33,ILSVRC2012_val_00024221_n01664065.JPEG,ILSVRC2012_val_00039068_n03804744.JPEG,0.2441391348838806,0.0059104193933308,5.182629585266113,0.23822871549054978
33,ILSVRC2012_val_00021983_n01664065.JPEG,ILSVRC2012_val_00022887_n01883070.JPEG,2.2818191051483154,0.002285013673827,3.5836739540100098,2.2795340914744884
34,ILSVRC2012_val_00036195_n01665541.JPEG,ILSVRC2012_val_00035548_n04493381.JPEG,0.0332989953458309,0.001266392529942,5.064278602600098,0.0320326028158889
34,ILSVRC2012_val_00009889_n01665541.JPEG,ILSVRC2012_val_00033837_n02123045.JPEG,0.0661564245820045,0.0013383012264966,6.813708305358887,0.0648181233555079
34,ILSVRC2012_val_00004221_n01665541.JPEG,ILSVRC2012_val_00003855_n02108915.JPEG,0.1310414224863052,0.0035230969078838,8.065447807312012,0.1275183255784214
34,ILSVRC2012_val_00000930_n01665541.JPEG,ILSVRC2012_val_00028801_n01833805.JPEG,0.5185768604278564,0.0074560930952429,6.320734024047852,0.5111207673326136
34,ILSVRC2012_val_00023654_n01665541.JPEG,ILSVRC2012_val_00003217_n03146219.JPEG,2.148034811019897,0.002993747126311,3.6370534896850586,2.145041063893586
35,ILSVRC2012_val_00023703_n01667114.JPEG,ILSVRC2012_val_00021180_n04344873.JPEG,0.2861928939819336,0.0313145853579044,6.776485919952393,0.2548783086240292
35,ILSVRC2012_val_00044341_n01667114.JPEG,ILSVRC2012_val_00016249_n03187595.JPEG,0.8235695362091064,0.3583654165267944,9.619759559631348,0.46520411968231207
35,ILSVRC2012_val_00048991_n01667114.JPEG,ILSVRC2012_val_00019788_n01592084.JPEG,0.69268399477005,0.0153741259127855,6.360121250152588,0.6773098688572645
35,ILSVRC2012_val_00039441_n01667114.JPEG,ILSVRC2012_val_00005254_n04162706.JPEG,0.6852145195007324,0.0033824394922703,4.077090740203857,0.6818320800084621
35,ILSVRC2012_val_00044341_n01667114.JPEG,ILSVRC2012_val_00018012_n04613696.JPEG,0.8235695362091064,0.0209289696067571,2.9584269523620605,0.8026405666023494
36,ILSVRC2012_val_00031774_n01667778.JPEG,ILSVRC2012_val_00008346_n02099712.JPEG,0.1211816594004631,0.0080251870676875,1.6330151557922363,0.1131564723327756
36,ILSVRC2012_val_00031774_n01667778.JPEG,ILSVRC2012_val_00039271_n02403003.JPEG,0.1211816594004631,0.0060792774893343,4.785158157348633,0.1151023819111288
36,ILSVRC2012_val_00034728_n01667778.JPEG,ILSVRC2012_val_00009708_n02397096.JPEG,0.3238767683506012,0.0036909331101924,4.006590843200684,0.3201858352404088
36,ILSVRC2012_val_00031793_n01667778.JPEG,ILSVRC2012_val_00013953_n03249569.JPEG,0.8302494883537292,0.0056104338727891,2.911959648132324,0.8246390544809401
36,ILSVRC2012_val_00032805_n01667778.JPEG,ILSVRC2012_val_00044401_n03250847.JPEG,1.3174285888671875,0.0069738076999783,7.058431625366211,1.3104547811672091
37,ILSVRC2012_val_00049782_n01669191.JPEG,ILSVRC2012_val_00038995_n02071294.JPEG,0.082441471517086,0.0526175759732723,2.1113600730896,0.0298238955438137
37,ILSVRC2012_val_00049782_n01669191.JPEG,ILSVRC2012_val_00028739_n03527444.JPEG,0.082441471517086,0.0141985910013318,2.937814235687256,0.0682428805157542
37,ILSVRC2012_val_00017222_n01669191.JPEG,ILSVRC2012_val_00019662_n03967562.JPEG,0.1403153091669082,0.0031615532934665,6.635091781616211,0.1371537558734417
37,ILSVRC2012_val_00012087_n01669191.JPEG,ILSVRC2012_val_00047224_n01688243.JPEG,0.3213532865047455,0.0059684859588742,2.9376983642578125,0.31538480054587126
37,ILSVRC2012_val_00028162_n01669191.JPEG,ILSVRC2012_val_00014928_n02113978.JPEG,0.3729329109191894,0.0099908048287034,7.531077861785889,0.362942106090486
38,ILSVRC2012_val_00008509_n01675722.JPEG,ILSVRC2012_val_00032132_n02093647.JPEG,0.0030361767858266,0.0027670687995851,7.78746747970581,0.0002691079862415001
38,ILSVRC2012_val_00020453_n01675722.JPEG,ILSVRC2012_val_00040326_n02110063.JPEG,0.2518908679485321,0.0476134568452835,7.335829734802246,0.2042774111032486
38,ILSVRC2012_val_00009966_n01675722.JPEG,ILSVRC2012_val_00036826_n01871265.JPEG,0.2443372756242752,0.0019275434315204,8.030951499938965,0.2424097321927548
38,ILSVRC2012_val_00021055_n01675722.JPEG,ILSVRC2012_val_00010984_n07873807.JPEG,0.5002076029777527,0.001928019337356,8.937783241271973,0.4982795836403967
38,ILSVRC2012_val_00039886_n01675722.JPEG,ILSVRC2012_val_00033645_n03017168.JPEG,0.5721397399902344,0.015181821770966,8.211163520812988,0.5569579182192683
39,ILSVRC2012_val_00003319_n01677366.JPEG,ILSVRC2012_val_00018693_n07932039.JPEG,0.0588710159063339,0.0080236494541168,7.083574295043945,0.0508473664522171
39,ILSVRC2012_val_00003319_n01677366.JPEG,ILSVRC2012_val_00034448_n01978455.JPEG,0.0588710159063339,0.0006512666586786,1.3674757480621338,0.0582197492476553
39,ILSVRC2012_val_00028764_n01677366.JPEG,ILSVRC2012_val_00008220_n02909870.JPEG,0.1930375099182129,0.0194829124957323,9.153534889221191,0.17355459742248058
39,ILSVRC2012_val_00007896_n01677366.JPEG,ILSVRC2012_val_00046502_n03781244.JPEG,0.2342002391815185,0.0004831577243749,1.344874620437622,0.2337170814571436
39,ILSVRC2012_val_00001950_n01677366.JPEG,ILSVRC2012_val_00038934_n03444034.JPEG,0.3583053648471832,0.0027802644763141,4.709122657775879,0.35552510037086915
40,ILSVRC2012_val_00039282_n01682714.JPEG,ILSVRC2012_val_00007018_n03478589.JPEG,0.305471122264862,0.0396754033863544,6.589722156524658,0.2657957188785076
40,ILSVRC2012_val_00039282_n01682714.JPEG,ILSVRC2012_val_00049726_n02074367.JPEG,0.305471122264862,0.016142152249813,0.8056368827819824,0.289328970015049
40,ILSVRC2012_val_00008669_n01682714.JPEG,ILSVRC2012_val_00012682_n03445924.JPEG,0.9525573253631592,0.2774034440517425,8.940673828125,0.6751538813114166
40,ILSVRC2012_val_00031816_n01682714.JPEG,ILSVRC2012_val_00042006_n04417672.JPEG,0.8514367341995239,0.0370096527040004,6.760006427764893,0.8144270814955236
40,ILSVRC2012_val_00031816_n01682714.JPEG,ILSVRC2012_val_00009591_n02999410.JPEG,0.8514367341995239,0.0212393328547477,2.936537265777588,0.8301974013447763
41,ILSVRC2012_val_00022711_n01685808.JPEG,ILSVRC2012_val_00049511_n02110341.JPEG,0.0135396253317594,0.0127212228253483,8.81554126739502,0.0008184025064111016
41,ILSVRC2012_val_00029909_n01685808.JPEG,ILSVRC2012_val_00023547_n03958227.JPEG,0.0131227429956197,0.0119141647592186,8.061627388000488,0.0012085782364010984
41,ILSVRC2012_val_00022711_n01685808.JPEG,ILSVRC2012_val_00030740_n01440764.JPEG,0.0135396253317594,0.0109031870961189,6.626946449279785,0.0026364382356405015
41,ILSVRC2012_val_00022711_n01685808.JPEG,ILSVRC2012_val_00043252_n02087394.JPEG,0.0135396253317594,0.0063907303847372,3.798024654388428,0.0071488949470222005
41,ILSVRC2012_val_00008407_n01685808.JPEG,ILSVRC2012_val_00038965_n04554684.JPEG,0.0767953842878341,0.0142099913209676,6.296915054321289,0.0625853929668665
42,ILSVRC2012_val_00011541_n01687978.JPEG,ILSVRC2012_val_00046838_n04258138.JPEG,0.0084737511351704,0.0082289222627878,6.054399013519287,0.00024482887238260094
42,ILSVRC2012_val_00011541_n01687978.JPEG,ILSVRC2012_val_00042999_n07718472.JPEG,0.0084737511351704,0.0076244538649916,9.389848709106444,0.0008492972701788009
42,ILSVRC2012_val_00018675_n01687978.JPEG,ILSVRC2012_val_00045690_n01608432.JPEG,0.0228317752480506,0.0032983208075165,3.985528230667114,0.0195334544405341
42,ILSVRC2012_val_00044934_n01687978.JPEG,ILSVRC2012_val_00000582_n03041632.JPEG,0.4912252426147461,0.0098038362339138,2.7545955181121826,0.4814214063808323
42,ILSVRC2012_val_00035717_n01687978.JPEG,ILSVRC2012_val_00019018_n03485794.JPEG,2.032426357269287,0.1477328538894653,11.514455795288086,1.8846935033798218
43,ILSVRC2012_val_00043798_n01688243.JPEG,ILSVRC2012_val_00016784_n04040759.JPEG,0.0132245095446705,0.0123887760564684,6.509998321533203,0.0008357334882021002
43,ILSVRC2012_val_00044980_n01688243.JPEG,ILSVRC2012_val_00023250_n02088238.JPEG,0.0058274613693356,0.0049327346496284,4.006779670715332,0.0008947267197072003
43,ILSVRC2012_val_00030873_n01688243.JPEG,ILSVRC2012_val_00046281_n03393912.JPEG,0.023009218275547,0.0159153845161199,7.129824161529541,0.007093833759427098
43,ILSVRC2012_val_00012820_n01688243.JPEG,ILSVRC2012_val_00044316_n03131574.JPEG,0.0384645573794841,0.0086606135591864,7.936748027801514,0.0298039438202977
43,ILSVRC2012_val_00012820_n01688243.JPEG,ILSVRC2012_val_00043713_n03724870.JPEG,0.0384645573794841,0.0042622913606464,5.501444816589356,0.0342022660188377
44,ILSVRC2012_val_00041730_n01689811.JPEG,ILSVRC2012_val_00047977_n02106550.JPEG,0.0046105035580694,0.0027239145711064,4.7163848876953125,0.0018865889869629998
44,ILSVRC2012_val_00031114_n01689811.JPEG,ILSVRC2012_val_00039068_n03804744.JPEG,0.1052245125174522,0.0020956476218998,2.7959249019622803,0.1031288648955524
44,ILSVRC2012_val_00032640_n01689811.JPEG,ILSVRC2012_val_00028358_n03457902.JPEG,0.2952683866024017,0.0117447581142187,9.602579116821287,0.28352362848818297
44,ILSVRC2012_val_00032640_n01689811.JPEG,ILSVRC2012_val_00029964_n03690938.JPEG,0.2952683866024017,0.002059840131551,5.506107330322266,0.29320854647085065
44,ILSVRC2012_val_00026526_n01689811.JPEG,ILSVRC2012_val_00019645_n03063599.JPEG,0.4067798256874084,0.009673741646111,8.671304702758789,0.3971060840412974
45,ILSVRC2012_val_00043110_n01692333.JPEG,ILSVRC2012_val_00003336_n04326547.JPEG,0.0074250921607017,0.0006484074983745,3.33628511428833,0.0067766846623272
45,ILSVRC2012_val_00044987_n01692333.JPEG,ILSVRC2012_val_00019198_n02051845.JPEG,0.0736600533127784,0.0164897702634334,5.4632720947265625,0.057170283049345
45,ILSVRC2012_val_00044987_n01692333.JPEG,ILSVRC2012_val_00038672_n02123045.JPEG,0.0736600533127784,0.0002581739972811,3.3079209327697754,0.0734018793154973
45,ILSVRC2012_val_00036802_n01692333.JPEG,ILSVRC2012_val_00032647_n04286575.JPEG,0.1648356765508651,0.0023308033123612,5.199532508850098,0.16250487323850388
45,ILSVRC2012_val_00033706_n01692333.JPEG,ILSVRC2012_val_00045019_n01748264.JPEG,0.5121710300445557,0.0007690809434279,3.942500591278076,0.5114019491011278
46,ILSVRC2012_val_00026648_n01693334.JPEG,ILSVRC2012_val_00008450_n04251144.JPEG,0.3767201602458954,0.1484942734241485,7.128091335296631,0.22822588682174688
46,ILSVRC2012_val_00035109_n01693334.JPEG,ILSVRC2012_val_00025743_n04252225.JPEG,0.6535888910293579,0.3076308071613312,6.640210151672363,0.34595808386802673
46,ILSVRC2012_val_00026705_n01693334.JPEG,ILSVRC2012_val_00010055_n03255030.JPEG,0.7279133796691895,0.1165262535214424,8.10973072052002,0.611387126147747
46,ILSVRC2012_val_00043214_n01693334.JPEG,ILSVRC2012_val_00014644_n02437312.JPEG,0.9990344047546388,0.1101148873567581,8.457512855529785,0.8889195173978807
46,ILSVRC2012_val_00018857_n01693334.JPEG,ILSVRC2012_val_00023533_n02100877.JPEG,1.1641786098480225,0.1429782956838607,8.882113456726074,1.0212003141641617
47,ILSVRC2012_val_00048675_n01694178.JPEG,ILSVRC2012_val_00020599_n01882714.JPEG,0.0119224106892943,0.0010465865489095,1.695107102394104,0.0108758241403848
47,ILSVRC2012_val_00003070_n01694178.JPEG,ILSVRC2012_val_00031790_n03372029.JPEG,0.0395526885986328,0.0083517581224441,4.1383957862854,0.031200930476188698
47,ILSVRC2012_val_00005078_n01694178.JPEG,ILSVRC2012_val_00038321_n04347754.JPEG,0.1668819487094879,0.0020017840433865,8.398193359375,0.1648801646661014
47,ILSVRC2012_val_00004555_n01694178.JPEG,ILSVRC2012_val_00035619_n01968897.JPEG,0.5313725471496582,0.0009969270322471,1.50298273563385,0.5303756201174111
47,ILSVRC2012_val_00015667_n01694178.JPEG,ILSVRC2012_val_00042664_n01667778.JPEG,0.5454307198524475,0.0007161913090385,4.450662612915039,0.544714528543409
48,ILSVRC2012_val_00042124_n01695060.JPEG,ILSVRC2012_val_00042644_n03733805.JPEG,0.0099186887964606,0.0085246954113245,7.991414070129394,0.0013939933851361015
48,ILSVRC2012_val_00037262_n01695060.JPEG,ILSVRC2012_val_00031519_n06874185.JPEG,0.0110834660008549,0.0094971051439642,6.708034992218018,0.0015863608568906992
48,ILSVRC2012_val_00042124_n01695060.JPEG,ILSVRC2012_val_00045724_n02259212.JPEG,0.0099186887964606,0.0013410394312813,1.9049880504608157,0.008577649365179301
48,ILSVRC2012_val_00038248_n01695060.JPEG,ILSVRC2012_val_00030349_n03220513.JPEG,0.4010860323905945,0.3790298700332641,11.941039085388184,0.022056162357330378
48,ILSVRC2012_val_00036512_n01695060.JPEG,ILSVRC2012_val_00027292_n02133161.JPEG,0.0543048344552516,0.0022732387296855,5.176975250244141,0.05203159572556609
49,ILSVRC2012_val_00032587_n01697457.JPEG,ILSVRC2012_val_00028830_n03623198.JPEG,0.1863326877355575,0.1542136967182159,8.228529930114746,0.032118991017341614
49,ILSVRC2012_val_00003101_n01697457.JPEG,ILSVRC2012_val_00003557_n01537544.JPEG,0.1169491782784462,0.0151127809658646,4.789253234863281,0.1018363973125816
49,ILSVRC2012_val_00027263_n01697457.JPEG,ILSVRC2012_val_00029820_n02105505.JPEG,0.250581294298172,0.0140827009454369,5.338137149810791,0.2364985933527351
49,ILSVRC2012_val_00017963_n01697457.JPEG,ILSVRC2012_val_00028742_n02111500.JPEG,0.2666829228401184,0.0109659172594547,5.671998977661133,0.2557170055806637
49,ILSVRC2012_val_00049373_n01697457.JPEG,ILSVRC2012_val_00001176_n02607072.JPEG,1.2180845737457275,0.0070472010411322,7.757508277893066,1.2110373727045953
50,ILSVRC2012_val_00045362_n01698640.JPEG,ILSVRC2012_val_00015192_n03930313.JPEG,0.0190764535218477,0.0166657622903585,11.832634925842283,0.0024106912314892023
50,ILSVRC2012_val_00001338_n01698640.JPEG,ILSVRC2012_val_00036798_n02114712.JPEG,0.1798004209995269,0.0045364564284682,4.227823257446289,0.1752639645710587
50,ILSVRC2012_val_00021497_n01698640.JPEG,ILSVRC2012_val_00046772_n04192698.JPEG,0.2611386477947235,0.0092922113835811,9.569241523742676,0.2518464364111424
50,ILSVRC2012_val_00039888_n01698640.JPEG,ILSVRC2012_val_00021324_n03769881.JPEG,1.258694767951965,0.0170742571353912,10.155385971069336,1.2416205108165739
50,ILSVRC2012_val_00027134_n01698640.JPEG,ILSVRC2012_val_00045114_n07747607.JPEG,1.2707104682922363,0.0026248784270137,4.200145244598389,1.2680855898652226
51,ILSVRC2012_val_00049495_n01704323.JPEG,ILSVRC2012_val_00047828_n07753592.JPEG,9.655486064730212e-05,9.583967766957358e-05,4.284188270568848,7.151829777285457e-07
51,ILSVRC2012_val_00035687_n01704323.JPEG,ILSVRC2012_val_00046554_n03775546.JPEG,0.0005407063290476,0.0005314130103215,7.347440719604492,9.293318726100045e-06
51,ILSVRC2012_val_00035687_n01704323.JPEG,ILSVRC2012_val_00016398_n02114855.JPEG,0.0005407063290476,0.000526527990587,1.7835850715637207,1.417833846060004e-05
51,ILSVRC2012_val_00004310_n01704323.JPEG,ILSVRC2012_val_00015737_n02279972.JPEG,0.0171074215322732,0.0134609444066882,10.432849884033203,0.0036464771255849994
51,ILSVRC2012_val_00017061_n01704323.JPEG,ILSVRC2012_val_00000143_n04125021.JPEG,0.3819393217563629,0.0134408315643668,6.083356857299805,0.3684984901919961
52,ILSVRC2012_val_00004927_n01728572.JPEG,ILSVRC2012_val_00001779_n02085782.JPEG,0.0368701815605163,0.0347794517874717,7.448796272277832,0.0020907297730446
52,ILSVRC2012_val_00024117_n01728572.JPEG,ILSVRC2012_val_00014145_n02110627.JPEG,0.0789898857474327,0.006902776658535,9.48561668395996,0.07208710908889769
52,ILSVRC2012_val_00027680_n01728572.JPEG,ILSVRC2012_val_00017563_n03325584.JPEG,0.2690127491950989,0.1849857568740844,7.734180927276611,0.08402699232101449
52,ILSVRC2012_val_00012331_n01728572.JPEG,ILSVRC2012_val_00042530_n03920288.JPEG,0.1547529101371765,0.0034107151441276,6.787168025970459,0.1513421949930489
52,ILSVRC2012_val_00004269_n01728572.JPEG,ILSVRC2012_val_00001143_n03977966.JPEG,1.360644817352295,0.3308999538421631,6.399222373962402,1.0297448635101318
53,ILSVRC2012_val_00020543_n01728920.JPEG,ILSVRC2012_val_00049255_n03874599.JPEG,0.0255904998630285,0.0030232220888137,4.908580780029297,0.0225672777742148
53,ILSVRC2012_val_00018034_n01728920.JPEG,ILSVRC2012_val_00029883_n03065424.JPEG,0.1471499055624008,0.0601958259940147,7.269527912139893,0.08695407956838609
53,ILSVRC2012_val_00040777_n01728920.JPEG,ILSVRC2012_val_00000605_n07753592.JPEG,0.1063357666134834,0.0079280938953161,8.238186836242676,0.0984076727181673
53,ILSVRC2012_val_00040777_n01728920.JPEG,ILSVRC2012_val_00031761_n04254120.JPEG,0.1063357666134834,0.0029271871317178,6.460117340087891,0.1034085794817656
53,ILSVRC2012_val_00018034_n01728920.JPEG,ILSVRC2012_val_00006728_n07753592.JPEG,0.1471499055624008,0.0041431072168052,7.301126480102539,0.1430067983455956
54,ILSVRC2012_val_00013400_n01729322.JPEG,ILSVRC2012_val_00030149_n04507155.JPEG,0.1174731478095054,0.1050654798746109,8.146071434020996,0.012407667934894492
54,ILSVRC2012_val_00020999_n01729322.JPEG,ILSVRC2012_val_00039097_n02930766.JPEG,0.4736679792404175,0.087801806628704,8.16165828704834,0.38586617261171346
54,ILSVRC2012_val_00020999_n01729322.JPEG,ILSVRC2012_val_00020622_n02643566.JPEG,0.4736679792404175,0.0091942958533763,8.584824562072754,0.4644736833870412
54,ILSVRC2012_val_00035784_n01729322.JPEG,ILSVRC2012_val_00020507_n01770393.JPEG,0.9707313776016236,0.0024687547702342,6.955394744873047,0.9682626228313894
54,ILSVRC2012_val_00046029_n01729322.JPEG,ILSVRC2012_val_00009981_n01582220.JPEG,1.6138416528701782,0.0563230626285076,7.796034812927246,1.5575185902416706
55,ILSVRC2012_val_00048957_n01729977.JPEG,ILSVRC2012_val_00049623_n02815834.JPEG,0.0387910865247249,0.0232235509902238,3.9218785762786874,0.015567535534501097
55,ILSVRC2012_val_00006360_n01729977.JPEG,ILSVRC2012_val_00042650_n03666591.JPEG,0.9724677801132202,0.0135993678122758,6.024290084838867,0.9588684123009444
55,ILSVRC2012_val_00006360_n01729977.JPEG,ILSVRC2012_val_00024993_n01704323.JPEG,0.9724677801132202,0.0032437823247164,4.071756362915039,0.9692239977885038
55,ILSVRC2012_val_00008714_n01729977.JPEG,ILSVRC2012_val_00022783_n02823428.JPEG,1.880699634552002,0.0548893027007579,9.112930297851562,1.825810331851244
55,ILSVRC2012_val_00008714_n01729977.JPEG,ILSVRC2012_val_00031629_n03935335.JPEG,1.880699634552002,0.0079537574201822,7.47908353805542,1.8727458771318197
56,ILSVRC2012_val_00007761_n01734418.JPEG,ILSVRC2012_val_00031835_n03063689.JPEG,0.1485399007797241,0.1207579895853996,7.309376239776611,0.027781911194324493
56,ILSVRC2012_val_00007761_n01734418.JPEG,ILSVRC2012_val_00020264_n04371774.JPEG,0.1485399007797241,0.0066973501816391,5.245932579040527,0.14184255059808498
56,ILSVRC2012_val_00028301_n01734418.JPEG,ILSVRC2012_val_00003249_n03047690.JPEG,0.1835713237524032,0.0031301809940487,1.6135565042495728,0.18044114275835452
56,ILSVRC2012_val_00032754_n01734418.JPEG,ILSVRC2012_val_00048122_n03372029.JPEG,0.7281132340431213,0.0063946391455829,4.897652626037598,0.7217185948975384
56,ILSVRC2012_val_00026589_n01734418.JPEG,ILSVRC2012_val_00023435_n02099601.JPEG,0.9097360372543336,0.0205047614872455,7.064033508300781,0.8892312757670882
57,ILSVRC2012_val_00021496_n01735189.JPEG,ILSVRC2012_val_00033482_n04612504.JPEG,0.1343635767698288,0.1167524307966232,8.5848970413208,0.017611145973205594
57,ILSVRC2012_val_00018284_n01735189.JPEG,ILSVRC2012_val_00024480_n03000684.JPEG,0.3527497947216034,0.3087912201881408,11.293614387512209,0.04395857453346258
57,ILSVRC2012_val_00034587_n01735189.JPEG,ILSVRC2012_val_00010900_n03717622.JPEG,0.1194046586751937,0.0047745979391038,5.095974445343018,0.1146300607360899
57,ILSVRC2012_val_00034587_n01735189.JPEG,ILSVRC2012_val_00047325_n02101006.JPEG,0.1194046586751937,0.004310721065849,4.63335657119751,0.11509393760934471
57,ILSVRC2012_val_00021496_n01735189.JPEG,ILSVRC2012_val_00036911_n02514041.JPEG,0.1343635767698288,0.0090632941573858,10.356853485107422,0.125300282612443
58,ILSVRC2012_val_00047243_n01737021.JPEG,ILSVRC2012_val_00045220_n03444034.JPEG,0.0309515111148357,0.0023720718454569,4.235377788543701,0.028579439269378802
58,ILSVRC2012_val_00034970_n01737021.JPEG,ILSVRC2012_val_00043807_n03995372.JPEG,0.0661418065428733,0.0019386084750294,4.007009506225586,0.0642031980678439
58,ILSVRC2012_val_00006011_n01737021.JPEG,ILSVRC2012_val_00040947_n02108915.JPEG,0.6311817765235901,0.0089221140369772,7.937625885009766,0.6222596624866129
58,ILSVRC2012_val_00006011_n01737021.JPEG,ILSVRC2012_val_00012324_n04525038.JPEG,0.6311817765235901,0.0015641133068129,5.24258279800415,0.6296176632167771
58,ILSVRC2012_val_00040447_n01737021.JPEG,ILSVRC2012_val_00013652_n10565667.JPEG,0.909485399723053,0.0009146321099251,6.696202278137207,0.9085707676131278
59,ILSVRC2012_val_00029979_n01739381.JPEG,ILSVRC2012_val_00017802_n03991062.JPEG,0.1558211147785186,0.0072984737344086,5.6821699142456055,0.14852264104411
59,ILSVRC2012_val_00021457_n01739381.JPEG,ILSVRC2012_val_00003435_n02113978.JPEG,0.1605045795440673,0.007923599332571,4.41031551361084,0.1525809802114963
59,ILSVRC2012_val_00007242_n01739381.JPEG,ILSVRC2012_val_00038410_n03047690.JPEG,0.6762462854385376,0.0077817854471504,8.334139823913574,0.6684644999913872
59,ILSVRC2012_val_00007242_n01739381.JPEG,ILSVRC2012_val_00023798_n02219486.JPEG,0.6762462854385376,0.0054474244825541,5.960008144378662,0.6707988609559835
59,ILSVRC2012_val_00018037_n01739381.JPEG,ILSVRC2012_val_00040731_n02085620.JPEG,0.828290581703186,0.0103149646893143,6.054975509643555,0.8179756170138718
60,ILSVRC2012_val_00033547_n01740131.JPEG,ILSVRC2012_val_00022650_n03924679.JPEG,0.3106440901756286,0.0558547638356685,6.204383850097656,0.2547893263399601
60,ILSVRC2012_val_00027829_n01740131.JPEG,ILSVRC2012_val_00041881_n02002556.JPEG,0.8230494260787964,0.0134761165827512,4.922443866729736,0.8095733094960452
60,ILSVRC2012_val_00047845_n01740131.JPEG,ILSVRC2012_val_00033808_n01978455.JPEG,1.0908381938934326,0.0050828997045755,2.89300799369812,1.085755294188857
60,ILSVRC2012_val_00023015_n01740131.JPEG,ILSVRC2012_val_00009905_n03291819.JPEG,2.765312671661377,0.0107629746198654,4.927068710327148,2.7545496970415115
60,ILSVRC2012_val_00023015_n01740131.JPEG,ILSVRC2012_val_00027469_n03935335.JPEG,2.765312671661377,0.0087187569588422,4.76348352432251,2.7565939147025347
61,ILSVRC2012_val_00007488_n01742172.JPEG,ILSVRC2012_val_00026959_n07871810.JPEG,0.3258017599582672,0.0040095425210893,5.695211410522461,0.3217922174371779
61,ILSVRC2012_val_00008849_n01742172.JPEG,ILSVRC2012_val_00015629_n04367480.JPEG,0.4985899329185486,0.0222121719270944,10.613383293151855,0.4763777609914542
61,ILSVRC2012_val_00008849_n01742172.JPEG,ILSVRC2012_val_00011149_n04370456.JPEG,0.4985899329185486,0.0016871754778549,1.3657413721084597,0.4969027574406937
61,ILSVRC2012_val_00018456_n01742172.JPEG,ILSVRC2012_val_00035424_n03710193.JPEG,0.6572142243385315,0.0636715069413185,8.422786712646484,0.593542717397213
61,ILSVRC2012_val_00002106_n01742172.JPEG,ILSVRC2012_val_00038331_n03788195.JPEG,1.4482736587524414,0.0118943750858306,5.828144073486328,1.4363792836666107
62,ILSVRC2012_val_00046489_n01744401.JPEG,ILSVRC2012_val_00037009_n01968897.JPEG,0.1914506703615188,0.0062931231223046,2.3002476692199707,0.1851575472392142
62,ILSVRC2012_val_00015523_n01744401.JPEG,ILSVRC2012_val_00026990_n02951358.JPEG,0.9516665935516356,0.0085720913484692,6.771755695343018,0.9430945022031665
62,ILSVRC2012_val_00015523_n01744401.JPEG,ILSVRC2012_val_00010465_n01756291.JPEG,0.9516665935516356,0.0020635279361158,4.026993751525879,0.9496030656155199
62,ILSVRC2012_val_00002231_n01744401.JPEG,ILSVRC2012_val_00041106_n04443257.JPEG,1.2005045413970947,0.0359653271734714,8.050264358520508,1.1645392142236233
62,ILSVRC2012_val_00049723_n01744401.JPEG,ILSVRC2012_val_00039227_n02132136.JPEG,2.807525396347046,0.0161531791090965,7.118816375732422,2.7913722172379494
63,ILSVRC2012_val_00021215_n01748264.JPEG,ILSVRC2012_val_00046783_n02483362.JPEG,0.000158059032401,0.0001572246983414,5.382180213928223,8.343340596000091e-07
63,ILSVRC2012_val_00038671_n01748264.JPEG,ILSVRC2012_val_00034625_n06794110.JPEG,0.0715097561478614,0.0613568872213363,6.716994285583496,0.010152868926525095
63,ILSVRC2012_val_00021680_n01748264.JPEG,ILSVRC2012_val_00047191_n01608432.JPEG,0.0249509792774915,0.0002022777043748,0.9001611471176147,0.0247487015731167
63,ILSVRC2012_val_00030306_n01748264.JPEG,ILSVRC2012_val_00031017_n02129604.JPEG,0.6851586103439331,0.004105117637664,6.08146858215332,0.6810534927062691
63,ILSVRC2012_val_00015801_n01748264.JPEG,ILSVRC2012_val_00024148_n02111277.JPEG,1.463025450706482,0.0012652019504457,5.525018692016602,1.4617602487560362
64,ILSVRC2012_val_00044577_n01749939.JPEG,ILSVRC2012_val_00031042_n02457408.JPEG,0.2006544023752212,0.0106447990983724,5.904299259185791,0.1900096032768488
64,ILSVRC2012_val_00045594_n01749939.JPEG,ILSVRC2012_val_00019761_n03794056.JPEG,0.4412397444248199,0.0035115741193294,2.761829376220703,0.4377281703054905
64,ILSVRC2012_val_00045594_n01749939.JPEG,ILSVRC2012_val_00043681_n12998815.JPEG,0.4412397444248199,0.0029195800889283,6.172807693481445,0.4383201643358916
64,ILSVRC2012_val_00045594_n01749939.JPEG,ILSVRC2012_val_00014814_n03843555.JPEG,0.4412397444248199,0.0008312584250234,3.679048538208008,0.4404084859997965
64,ILSVRC2012_val_00043850_n01749939.JPEG,ILSVRC2012_val_00007807_n02607072.JPEG,0.5947005152702332,0.0205276515334844,7.353827476501465,0.5741728637367488
65,ILSVRC2012_val_00015374_n01751748.JPEG,ILSVRC2012_val_00019181_n03062245.JPEG,0.05922656878829,0.0544998086988925,9.543397903442385,0.0047267600893975
65,ILSVRC2012_val_00033242_n01751748.JPEG,ILSVRC2012_val_00040041_n04442312.JPEG,0.0539483167231082,0.0112230442464351,9.555790901184082,0.0427252724766731
65,ILSVRC2012_val_00033903_n01751748.JPEG,ILSVRC2012_val_00014006_n02786058.JPEG,0.0756880417466163,0.002370644826442,10.485563278198242,0.07331739692017429
65,ILSVRC2012_val_00036291_n01751748.JPEG,ILSVRC2012_val_00007878_n02328150.JPEG,0.1598964184522628,0.0109057817608118,8.41114330291748,0.148990636691451
65,ILSVRC2012_val_00036291_n01751748.JPEG,ILSVRC2012_val_00024540_n03602883.JPEG,0.1598964184522628,0.0036395043134689,7.902727127075195,0.1562569141387939
66,ILSVRC2012_val_00007873_n01753488.JPEG,ILSVRC2012_val_00029737_n02701002.JPEG,0.7285894751548767,0.5856512784957886,7.105360507965088,0.14293819665908813
66,ILSVRC2012_val_00038078_n01753488.JPEG,ILSVRC2012_val_00007421_n06359193.JPEG,0.6210864186286926,0.0656007230281829,6.351164817810059,0.5554856956005098
66,ILSVRC2012_val_00041616_n01753488.JPEG,ILSVRC2012_val_00015470_n02233338.JPEG,0.6215500235557556,0.0078578405082225,1.935057640075684,0.6136921830475331
66,ILSVRC2012_val_00043310_n01753488.JPEG,ILSVRC2012_val_00007359_n03110669.JPEG,0.8454285860061646,0.052539873868227,3.7417240142822266,0.7928887121379375
66,ILSVRC2012_val_00043310_n01753488.JPEG,ILSVRC2012_val_00038787_n04485082.JPEG,0.8454285860061646,0.0330938436090946,7.435619354248047,0.8123347423970699
67,ILSVRC2012_val_00019097_n01755581.JPEG,ILSVRC2012_val_00041301_n02095570.JPEG,0.2033634036779403,0.0035569514147937,6.088098526000977,0.1998064522631466
67,ILSVRC2012_val_00026487_n01755581.JPEG,ILSVRC2012_val_00028017_n02403003.JPEG,0.4298307299613952,0.0103674670681357,6.698111534118652,0.4194632628932595
67,ILSVRC2012_val_00020736_n01755581.JPEG,ILSVRC2012_val_00021558_n02786058.JPEG,0.8759975433349609,0.0121653955429792,7.660434246063232,0.8638321477919817
67,ILSVRC2012_val_00049975_n01755581.JPEG,ILSVRC2012_val_00001745_n02134418.JPEG,1.1329913139343262,0.0026704147458076,3.4624183177948,1.1303208991885185
67,ILSVRC2012_val_00046370_n01755581.JPEG,ILSVRC2012_val_00005079_n02871525.JPEG,2.223134756088257,0.0413410402834415,7.856886863708496,2.1817937158048153
68,ILSVRC2012_val_00048978_n01756291.JPEG,ILSVRC2012_val_00003128_n03208938.JPEG,0.8520460724830627,0.2943291068077087,6.76764726638794,0.557716965675354
68,ILSVRC2012_val_00028598_n01756291.JPEG,ILSVRC2012_val_00006559_n03876231.JPEG,1.204609990119934,0.5234336256980896,7.959950447082519,0.6811763644218445
68,ILSVRC2012_val_00022818_n01756291.JPEG,ILSVRC2012_val_00021531_n07734744.JPEG,0.7386294007301331,0.0239408817142248,1.741891622543335,0.7146885190159082
68,ILSVRC2012_val_00024609_n01756291.JPEG,ILSVRC2012_val_00019261_n02087046.JPEG,0.7880358099937439,0.0220958087593317,3.453314781188965,0.7659400012344122
68,ILSVRC2012_val_00024609_n01756291.JPEG,ILSVRC2012_val_00005908_n01829413.JPEG,0.7880358099937439,0.0184114500880241,4.845447063446045,0.7696243599057198
69,ILSVRC2012_val_00025701_n01768244.JPEG,ILSVRC2012_val_00049673_n02808440.JPEG,0.0060735899023711,0.0042573059909045,8.367708206176758,0.0018162839114665994
69,ILSVRC2012_val_00004580_n01768244.JPEG,ILSVRC2012_val_00022271_n03095699.JPEG,0.00900883320719,0.0030460411217063,2.913296222686768,0.0059627920854837
69,ILSVRC2012_val_00004580_n01768244.JPEG,ILSVRC2012_val_00021883_n02134084.JPEG,0.00900883320719,0.0019784655887633,4.464864253997803,0.0070303676184267005
69,ILSVRC2012_val_00030958_n01768244.JPEG,ILSVRC2012_val_00019041_n02093859.JPEG,0.0080399690195918,0.0009438112610951,5.302207946777344,0.0070961577584967
69,ILSVRC2012_val_00011634_n01768244.JPEG,ILSVRC2012_val_00004254_n01978455.JPEG,0.0126865003257989,0.0004561099049169,4.557082176208496,0.012230390420882
70,ILSVRC2012_val_00000877_n01770081.JPEG,ILSVRC2012_val_00005240_n04081281.JPEG,0.0132553316652774,0.0122162699699401,9.883920669555664,0.001039061695337299
70,ILSVRC2012_val_00031037_n01770081.JPEG,ILSVRC2012_val_00006938_n03680355.JPEG,0.2847225666046142,0.0053190141916275,6.715384006500244,0.2794035524129867
70,ILSVRC2012_val_00037787_n01770081.JPEG,ILSVRC2012_val_00022495_n02105505.JPEG,0.7968487739562988,0.0032656455878168,5.119726657867432,0.793583128368482
70,ILSVRC2012_val_00012828_n01770081.JPEG,ILSVRC2012_val_00011619_n04263257.JPEG,1.3166085481643677,0.0018306892598047,1.3365293741226196,1.314777858904563
70,ILSVRC2012_val_00030649_n01770081.JPEG,ILSVRC2012_val_00001415_n07614500.JPEG,3.349922180175781,0.0051788464188575,5.6202592849731445,3.3447433337569232
71,ILSVRC2012_val_00031540_n01770393.JPEG,ILSVRC2012_val_00044074_n02417914.JPEG,0.001179595128633,0.0010471820132806,0.1631361693143844,0.0001324131153524
71,ILSVRC2012_val_00028814_n01770393.JPEG,ILSVRC2012_val_00037409_n04133789.JPEG,0.0028443378396332,0.0009152276325039,0.7057516574859619,0.0019291102071293
71,ILSVRC2012_val_00027224_n01770393.JPEG,ILSVRC2012_val_00013430_n02100583.JPEG,0.0405921339988708,0.0029429956339299,7.701150417327881,0.0376491383649409
71,ILSVRC2012_val_00027224_n01770393.JPEG,ILSVRC2012_val_00010792_n01667778.JPEG,0.0405921339988708,0.0004905451205559,6.371176719665527,0.0401015888783149
71,ILSVRC2012_val_00042281_n01770393.JPEG,ILSVRC2012_val_00027715_n02793495.JPEG,0.2394696921110153,0.0024303442332893,9.523170471191406,0.237039347877726
72,ILSVRC2012_val_00033987_n01773157.JPEG,ILSVRC2012_val_00020732_n04273569.JPEG,0.3160574734210968,0.0213282573968172,3.022622346878052,0.2947292160242796
72,ILSVRC2012_val_00043063_n01773157.JPEG,ILSVRC2012_val_00048234_n01819313.JPEG,0.4689571261405945,0.0634524747729301,5.619418144226074,0.4055046513676644
72,ILSVRC2012_val_00043063_n01773157.JPEG,ILSVRC2012_val_00041329_n01797886.JPEG,0.4689571261405945,0.0038853408768773,1.640634059906006,0.4650717852637172
72,ILSVRC2012_val_00001053_n01773157.JPEG,ILSVRC2012_val_00018038_n02917067.JPEG,0.5157784819602966,0.0116258729249238,2.5008022785186768,0.5041526090353728
72,ILSVRC2012_val_00009854_n01773157.JPEG,ILSVRC2012_val_00019572_n04133789.JPEG,0.6395605206489563,0.0067282556556165,3.022582769393921,0.6328322649933398
73,ILSVRC2012_val_00026542_n01773549.JPEG,ILSVRC2012_val_00004846_n03498962.JPEG,1.0054680109024048,0.0082863811403512,5.071381568908691,0.9971816297620536
73,ILSVRC2012_val_00019042_n01773549.JPEG,ILSVRC2012_val_00002196_n03476991.JPEG,1.3993122577667236,0.0052509484812617,4.755897521972656,1.394061309285462
73,ILSVRC2012_val_00011677_n01773549.JPEG,ILSVRC2012_val_00012904_n02113624.JPEG,1.561371684074402,0.0068699824623763,8.120298385620117,1.5545017016120257
73,ILSVRC2012_val_00011638_n01773549.JPEG,ILSVRC2012_val_00004281_n07873807.JPEG,1.9601688385009768,0.020259590819478,6.49892520904541,1.9399092476814987
73,ILSVRC2012_val_00002688_n01773549.JPEG,ILSVRC2012_val_00032884_n03476684.JPEG,3.383223533630371,0.0313708484172821,6.714449882507324,3.351852685213089
74,ILSVRC2012_val_00046384_n01773797.JPEG,ILSVRC2012_val_00045901_n02089078.JPEG,0.4847418069839477,0.1443351954221725,3.702323436737061,0.3404066115617752
74,ILSVRC2012_val_00038272_n01773797.JPEG,ILSVRC2012_val_00023377_n03000134.JPEG,0.471279501914978,0.0728737935423851,5.300939083099365,0.3984057083725929
74,ILSVRC2012_val_00038272_n01773797.JPEG,ILSVRC2012_val_00048596_n07717410.JPEG,0.471279501914978,0.0205485578626394,1.533353567123413,0.4507309440523386
74,ILSVRC2012_val_00046384_n01773797.JPEG,ILSVRC2012_val_00026159_n07802026.JPEG,0.4847418069839477,0.0329179540276527,1.3575950860977173,0.451823852956295
74,ILSVRC2012_val_00026600_n01773797.JPEG,ILSVRC2012_val_00040544_n03933933.JPEG,0.6216228604316711,0.1013276278972625,4.117859840393066,0.5202952325344087
75,ILSVRC2012_val_00022205_n01774384.JPEG,ILSVRC2012_val_00019008_n04501370.JPEG,0.0559855289757251,0.0486295707523822,6.455914497375488,0.0073559582233428955
75,ILSVRC2012_val_00006437_n01774384.JPEG,ILSVRC2012_val_00037846_n01443537.JPEG,0.0378744266927242,0.0041369339451193,6.097770690917969,0.0337374927476049
75,ILSVRC2012_val_00017294_n01774384.JPEG,ILSVRC2012_val_00030953_n03884397.JPEG,0.0579865351319313,0.007413022685796,7.238371849060059,0.050573512446135296
75,ILSVRC2012_val_00038183_n01774384.JPEG,ILSVRC2012_val_00029409_n02077923.JPEG,0.0629291832447052,0.0068518682383,5.742249488830566,0.0560773150064052
75,ILSVRC2012_val_00024962_n01774384.JPEG,ILSVRC2012_val_00032085_n03179701.JPEG,0.9526913166046144,0.020487243309617,7.149295806884766,0.9322040732949973
76,ILSVRC2012_val_00002855_n01774750.JPEG,ILSVRC2012_val_00034744_n02113978.JPEG,0.0497991405427455,0.0008399534272029,1.3255788087844849,0.0489591871155426
76,ILSVRC2012_val_00034406_n01774750.JPEG,ILSVRC2012_val_00036356_n01608432.JPEG,0.0682100281119346,0.0020912461914122,1.759254813194275,0.06611878192052241
76,ILSVRC2012_val_00034406_n01774750.JPEG,ILSVRC2012_val_00040385_n02321529.JPEG,0.0682100281119346,0.0011637589195743,1.2998570203781128,0.0670462691923603
76,ILSVRC2012_val_00014302_n01774750.JPEG,ILSVRC2012_val_00035716_n02843684.JPEG,0.3736002445220947,0.1016488000750541,8.59736156463623,0.2719514444470406
76,ILSVRC2012_val_00014302_n01774750.JPEG,ILSVRC2012_val_00008680_n09246464.JPEG,0.3736002445220947,0.0010995777556672,1.996580481529236,0.3725006667664275
77,ILSVRC2012_val_00036980_n01775062.JPEG,ILSVRC2012_val_00035386_n02398521.JPEG,0.0316315591335296,0.0089150257408618,8.172428131103516,0.022716533392667798
77,ILSVRC2012_val_00039557_n01775062.JPEG,ILSVRC2012_val_00046918_n01910747.JPEG,0.0311016328632831,0.0041991397738456,3.533354997634888,0.0269024930894375
77,ILSVRC2012_val_00036980_n01775062.JPEG,ILSVRC2012_val_00042088_n03868863.JPEG,0.0316315591335296,0.0033460839185863,4.279001235961914,0.0282854752149433
77,ILSVRC2012_val_00025518_n01775062.JPEG,ILSVRC2012_val_00012639_n02002724.JPEG,0.1716998666524887,0.0010892179561778,2.6797752380371094,0.1706106486963109
77,ILSVRC2012_val_00026935_n01775062.JPEG,ILSVRC2012_val_00003123_n04086273.JPEG,0.8797599077224731,0.010139032267034,4.64015007019043,0.8696208754554391
78,ILSVRC2012_val_00015564_n01776313.JPEG,ILSVRC2012_val_00001247_n04285008.JPEG,0.0167899094521999,0.0150474924594163,6.880190849304199,0.001742416992783602
78,ILSVRC2012_val_00020115_n01776313.JPEG,ILSVRC2012_val_00018098_n09399592.JPEG,0.0146646006032824,0.0035113366320729,4.6422529220581055,0.0111532639712095
78,ILSVRC2012_val_00042899_n01776313.JPEG,ILSVRC2012_val_00038095_n04579145.JPEG,0.012741114012897,0.0014772227732464,2.7240452766418457,0.011263891239650601
78,ILSVRC2012_val_00031374_n01776313.JPEG,ILSVRC2012_val_00013470_n02676566.JPEG,0.2142889946699142,0.0047982074320316,4.973512649536133,0.2094907872378826
78,ILSVRC2012_val_00031374_n01776313.JPEG,ILSVRC2012_val_00007033_n02104365.JPEG,0.2142889946699142,0.0026667292695492,1.3262944221496582,0.211622265400365
79,ILSVRC2012_val_00004841_n01784675.JPEG,ILSVRC2012_val_00028523_n02109961.JPEG,0.0153883304446935,0.014652500860393,8.059111595153809,0.000735829584300499
79,ILSVRC2012_val_00004841_n01784675.JPEG,ILSVRC2012_val_00048476_n02096177.JPEG,0.0153883304446935,0.0021697569172829,1.6037063598632812,0.013218573527410599
79,ILSVRC2012_val_00033423_n01784675.JPEG,ILSVRC2012_val_00023325_n02788148.JPEG,0.0948043018579483,0.0003321811091154,0.5709226727485657,0.0944721207488329
79,ILSVRC2012_val_00030825_n01784675.JPEG,ILSVRC2012_val_00047229_n01828970.JPEG,0.7156965732574463,0.0009508379152975,3.2971107959747314,0.7147457353421488
79,ILSVRC2012_val_00016866_n01784675.JPEG,ILSVRC2012_val_00016475_n03459775.JPEG,2.987084150314331,0.0088307801634073,5.400799751281738,2.9782533701509237
80,ILSVRC2012_val_00018393_n01795545.JPEG,ILSVRC2012_val_00036464_n02115641.JPEG,0.0368999391794204,0.03615677729249,7.232363700866699,0.0007431618869304032
80,ILSVRC2012_val_00018393_n01795545.JPEG,ILSVRC2012_val_00046301_n03697007.JPEG,0.0368999391794204,0.0066277207806706,4.73524284362793,0.0302722183987498
80,ILSVRC2012_val_00028600_n01795545.JPEG,ILSVRC2012_val_00028339_n02116738.JPEG,0.0865125507116317,0.0314079336822032,7.909730434417725,0.0551046170294285
80,ILSVRC2012_val_00028600_n01795545.JPEG,ILSVRC2012_val_00009987_n02791124.JPEG,0.0865125507116317,0.0128326807171106,6.345572471618652,0.07367986999452111
80,ILSVRC2012_val_00001537_n01795545.JPEG,ILSVRC2012_val_00025844_n03627232.JPEG,0.6507169604301453,0.082373522222042,6.827881336212158,0.5683434382081033
81,ILSVRC2012_val_00017253_n01796340.JPEG,ILSVRC2012_val_00025955_n01740131.JPEG,0.0158729124814271,0.0099001582711935,2.280505895614624,0.005972754210233598
81,ILSVRC2012_val_00017508_n01796340.JPEG,ILSVRC2012_val_00029646_n02112706.JPEG,0.0370103418827056,0.0256777610629796,7.70128059387207,0.011332580819725997
81,ILSVRC2012_val_00017508_n01796340.JPEG,ILSVRC2012_val_00034728_n01667778.JPEG,0.0370103418827056,0.0053041917271912,5.215644359588623,0.031706150155514395
81,ILSVRC2012_val_00049988_n01796340.JPEG,ILSVRC2012_val_00037558_n02526121.JPEG,0.0456313118338584,0.0015247159171849,5.900506973266602,0.0441065959166735
81,ILSVRC2012_val_00022189_n01796340.JPEG,ILSVRC2012_val_00028364_n03781244.JPEG,0.0942037627100944,0.0375978834927082,8.711482048034668,0.0566058792173862
82,ILSVRC2012_val_00033393_n01797886.JPEG,ILSVRC2012_val_00044300_n02281787.JPEG,0.0253614503890275,0.0221595875918865,3.641647577285767,0.003201862797140999
82,ILSVRC2012_val_00005675_n01797886.JPEG,ILSVRC2012_val_00002123_n03775071.JPEG,0.143121600151062,0.1141529157757759,8.432042121887207,0.028968684375286116
82,ILSVRC2012_val_00025200_n01797886.JPEG,ILSVRC2012_val_00038848_n02102973.JPEG,0.1777524203062057,0.02420493401587,6.4116058349609375,0.15354748629033568
82,ILSVRC2012_val_00042038_n01797886.JPEG,ILSVRC2012_val_00028712_n01514668.JPEG,0.1633523553609848,0.0040395813994109,1.2821799516677856,0.1593127739615739
82,ILSVRC2012_val_00007986_n01797886.JPEG,ILSVRC2012_val_00037968_n07875152.JPEG,0.3081200122833252,0.0217931736260652,7.354153156280518,0.28632683865726
83,ILSVRC2012_val_00041197_n01798484.JPEG,ILSVRC2012_val_00044095_n01443537.JPEG,0.0451521687209606,0.0043743401765823,3.2459874153137207,0.0407778285443783
83,ILSVRC2012_val_00040513_n01798484.JPEG,ILSVRC2012_val_00038771_n03109150.JPEG,0.0684762299060821,0.0075974804349243,5.271834850311279,0.060878749471157796
83,ILSVRC2012_val_00023097_n01798484.JPEG,ILSVRC2012_val_00040300_n04479046.JPEG,0.4924482107162475,0.0686366260051727,6.608050346374512,0.42381158471107483
83,ILSVRC2012_val_00020239_n01798484.JPEG,ILSVRC2012_val_00035799_n02483362.JPEG,0.456930935382843,0.0050145806744694,6.554053783416748,0.4519163547083736
83,ILSVRC2012_val_00020239_n01798484.JPEG,ILSVRC2012_val_00032329_n03884397.JPEG,0.456930935382843,0.0016077938489615,6.0283942222595215,0.45532314153388154
84,ILSVRC2012_val_00033147_n01806143.JPEG,ILSVRC2012_val_00028330_n04070727.JPEG,0.0082500856369733,0.0013948483392596,7.485780239105225,0.006855237297713699
84,ILSVRC2012_val_00041983_n01806143.JPEG,ILSVRC2012_val_00003406_n02794156.JPEG,0.1015623286366462,0.011429782025516,4.435633659362793,0.0901325466111302
84,ILSVRC2012_val_00035287_n01806143.JPEG,ILSVRC2012_val_00030170_n02111129.JPEG,0.0981708094477653,0.0011811431031674,3.72849178314209,0.0969896663445979
84,ILSVRC2012_val_00042998_n01806143.JPEG,ILSVRC2012_val_00040774_n01883070.JPEG,0.1983525156974792,0.000675450079143,2.1732332706451416,0.1976770656183362
84,ILSVRC2012_val_00014023_n01806143.JPEG,ILSVRC2012_val_00004485_n03761084.JPEG,0.329080730676651,0.0027563695330172,8.93227767944336,0.3263243611436338
85,ILSVRC2012_val_00047472_n01806567.JPEG,ILSVRC2012_val_00008382_n03594945.JPEG,0.0054994719102978,0.0054276245646178,6.898947715759277,7.184734568000013e-05
85,ILSVRC2012_val_00047472_n01806567.JPEG,ILSVRC2012_val_00039487_n02100236.JPEG,0.0054994719102978,0.0014713901327922,6.203225135803223,0.004028081777505601
85,ILSVRC2012_val_00016421_n01806567.JPEG,ILSVRC2012_val_00035600_n02992211.JPEG,0.2104891538619995,0.0752752795815467,8.449958801269531,0.1352138742804528
85,ILSVRC2012_val_00018134_n01806567.JPEG,ILSVRC2012_val_00045013_n03933933.JPEG,0.1608626097440719,0.0019876263104379,6.766627788543701,0.15887498343363401
85,ILSVRC2012_val_00024172_n01806567.JPEG,ILSVRC2012_val_00011313_n04252077.JPEG,0.4029810428619385,0.0077171996235847,6.705539703369141,0.3952638432383538
86,ILSVRC2012_val_00029297_n01807496.JPEG,ILSVRC2012_val_00012353_n02129165.JPEG,0.3584520518779754,0.0151276933029294,5.630227088928223,0.343324358575046
86,ILSVRC2012_val_00013111_n01807496.JPEG,ILSVRC2012_val_00047620_n04026417.JPEG,0.5057492256164551,0.0423130393028259,7.453134536743164,0.46343618631362915
86,ILSVRC2012_val_00006075_n01807496.JPEG,ILSVRC2012_val_00028200_n04465501.JPEG,0.5310908555984497,0.0495004653930664,8.107782363891602,0.4815903902053833
86,ILSVRC2012_val_00042564_n01807496.JPEG,ILSVRC2012_val_00011776_n01740131.JPEG,0.5866423845291138,0.0156284794211387,6.165689945220947,0.5710139051079751
86,ILSVRC2012_val_00041577_n01807496.JPEG,ILSVRC2012_val_00030787_n02125311.JPEG,0.7120384573936462,0.0234549548476934,8.149923324584961,0.6885835025459528
87,ILSVRC2012_val_00022691_n01817953.JPEG,ILSVRC2012_val_00043110_n01692333.JPEG,0.0094268433749675,0.0085037741810083,5.326212406158447,0.0009230691939591997
87,ILSVRC2012_val_00023500_n01817953.JPEG,ILSVRC2012_val_00025554_n02101006.JPEG,0.0059057977050542,0.0024327228311449,2.130192518234253,0.0034730748739093
87,ILSVRC2012_val_00018412_n01817953.JPEG,ILSVRC2012_val_00028373_n07720875.JPEG,0.0574965067207813,0.0019167162245139,3.0730509757995605,0.0555797904962674
87,ILSVRC2012_val_00012003_n01817953.JPEG,ILSVRC2012_val_00014566_n02927161.JPEG,0.0907685384154319,0.0032149080652743,7.841659545898437,0.0875536303501576
87,ILSVRC2012_val_00012003_n01817953.JPEG,ILSVRC2012_val_00028859_n04136333.JPEG,0.0907685384154319,0.0009685831028036,7.41096305847168,0.08979995531262831
88,ILSVRC2012_val_00009091_n01818515.JPEG,ILSVRC2012_val_00019971_n03125729.JPEG,0.0133079150691628,0.0058471346274018,7.615689277648926,0.007460780441761
88,ILSVRC2012_val_00009146_n01818515.JPEG,ILSVRC2012_val_00018094_n03291819.JPEG,0.0112750269472599,0.0037643304094672,8.352686882019043,0.0075106965377927
88,ILSVRC2012_val_00009091_n01818515.JPEG,ILSVRC2012_val_00002055_n03016953.JPEG,0.0133079150691628,0.0045318282209336,6.872048854827881,0.008776086848229201
88,ILSVRC2012_val_00007168_n01818515.JPEG,ILSVRC2012_val_00004606_n03787032.JPEG,0.0171600375324487,0.0016991952434182,4.679072380065918,0.0154608422890305
88,ILSVRC2012_val_00031392_n01818515.JPEG,ILSVRC2012_val_00034340_n03345487.JPEG,0.026870060712099,0.0038152777124196,7.284924983978271,0.023054782999679398
89,ILSVRC2012_val_00036835_n01819313.JPEG,ILSVRC2012_val_00007102_n02097658.JPEG,0.0190496705472469,0.0172787345945835,7.666963577270508,0.0017709359526633973
89,ILSVRC2012_val_00030734_n01819313.JPEG,ILSVRC2012_val_00023695_n02017213.JPEG,0.0072579998522996,0.0019461041083559,1.8508124351501465,0.0053118957439437006
89,ILSVRC2012_val_00011222_n01819313.JPEG,ILSVRC2012_val_00011710_n02443114.JPEG,0.0210326295346021,0.0021496538538485,4.398768424987793,0.0188829756807536
89,ILSVRC2012_val_00001288_n01819313.JPEG,ILSVRC2012_val_00031072_n04273569.JPEG,0.0596120916306972,0.0032904788386076,9.06019687652588,0.0563216127920896
89,ILSVRC2012_val_00001288_n01819313.JPEG,ILSVRC2012_val_00039650_n04380533.JPEG,0.0596120916306972,0.0026135831139981,6.302196979522705,0.0569985085166991
90,ILSVRC2012_val_00020109_n01820546.JPEG,ILSVRC2012_val_00033774_n04418357.JPEG,0.0496765300631523,0.0466469377279281,7.533691883087158,0.0030295923352242
90,ILSVRC2012_val_00028522_n01820546.JPEG,ILSVRC2012_val_00024395_n02536864.JPEG,0.0103836301714181,0.0022389839868992,6.414660453796387,0.0081446461845189
90,ILSVRC2012_val_00012190_n01820546.JPEG,ILSVRC2012_val_00042484_n02128757.JPEG,0.013663575053215,0.0051880967803299,5.61765193939209,0.008475478272885101
90,ILSVRC2012_val_00020109_n01820546.JPEG,ILSVRC2012_val_00047652_n02093256.JPEG,0.0496765300631523,0.0205752998590469,3.271664619445801,0.029101230204105398
90,ILSVRC2012_val_00038664_n01820546.JPEG,ILSVRC2012_val_00003166_n02397096.JPEG,0.0415987074375152,0.0117181306704878,5.108066558837891,0.029880576767027406
91,ILSVRC2012_val_00041028_n01824575.JPEG,ILSVRC2012_val_00044543_n02096051.JPEG,0.0063708308152854,0.0014348459662869,2.026604652404785,0.0049359848489985
91,ILSVRC2012_val_00034510_n01824575.JPEG,ILSVRC2012_val_00010822_n03877472.JPEG,0.0449137613177299,0.0022908414248377,4.800992012023926,0.0426229198928922
91,ILSVRC2012_val_00033815_n01824575.JPEG,ILSVRC2012_val_00023506_n03372029.JPEG,0.117602564394474,0.0403671786189079,8.44211483001709,0.0772353857755661
91,ILSVRC2012_val_00021564_n01824575.JPEG,ILSVRC2012_val_00015918_n03388549.JPEG,0.0981114879250526,0.0174024552106857,7.284783840179443,0.0807090327143669
91,ILSVRC2012_val_00033888_n01824575.JPEG,ILSVRC2012_val_00005240_n04081281.JPEG,3.4245309829711914,0.027393652126193,7.264404773712158,3.3971373308449984
92,ILSVRC2012_val_00038288_n01828970.JPEG,ILSVRC2012_val_00039984_n03690938.JPEG,0.0012910373043268,0.0012457951670512,4.076642990112305,4.5242137275599984e-05
92,ILSVRC2012_val_00032062_n01828970.JPEG,ILSVRC2012_val_00037895_n04125021.JPEG,0.0122851580381393,0.0116964513435959,5.594021320343018,0.0005887066945433998
92,ILSVRC2012_val_00025360_n01828970.JPEG,ILSVRC2012_val_00006960_n02794156.JPEG,0.0168328136205673,0.0150787280872464,4.915174961090088,0.0017540855333209003
92,ILSVRC2012_val_00046307_n01828970.JPEG,ILSVRC2012_val_00046162_n01629819.JPEG,0.0787194147706031,0.0547118969261646,7.214296817779541,0.024007517844438497
92,ILSVRC2012_val_00042296_n01828970.JPEG,ILSVRC2012_val_00046342_n04505470.JPEG,0.033066164702177,0.0035586145240813,8.670455932617188,0.0295075501780957
93,ILSVRC2012_val_00036044_n01829413.JPEG,ILSVRC2012_val_00006441_n02834397.JPEG,0.0136752165853977,0.001495910808444,6.183517456054688,0.012179305776953699
93,ILSVRC2012_val_00007387_n01829413.JPEG,ILSVRC2012_val_00012522_n03720891.JPEG,0.1453626304864883,0.0015498304273933,2.7219767570495605,0.143812800059095
93,ILSVRC2012_val_00007387_n01829413.JPEG,ILSVRC2012_val_00024414_n03967562.JPEG,0.1453626304864883,0.0015319766243919,1.2438563108444214,0.1438306538620964
93,ILSVRC2012_val_00026845_n01829413.JPEG,ILSVRC2012_val_00023642_n02489166.JPEG,0.3891916871070862,0.0026695826090872,8.137468338012695,0.386522104497999
93,ILSVRC2012_val_00007139_n01829413.JPEG,ILSVRC2012_val_00029000_n03967562.JPEG,3.7895755767822266,0.0032213246449828,7.472900867462158,3.7863542521372437
94,ILSVRC2012_val_00041200_n01833805.JPEG,ILSVRC2012_val_00029031_n04366367.JPEG,0.0314775891602039,0.0034512262791395,5.726093292236328,0.028026362881064398
94,ILSVRC2012_val_00016623_n01833805.JPEG,ILSVRC2012_val_00026350_n03908618.JPEG,0.100386768579483,0.0035583768039941,0.7016781568527222,0.09682839177548891
94,ILSVRC2012_val_00028801_n01833805.JPEG,ILSVRC2012_val_00027542_n04120489.JPEG,0.2945350408554077,0.0014277036534622,3.0188698768615723,0.29310733720194554
94,ILSVRC2012_val_00013610_n01833805.JPEG,ILSVRC2012_val_00005607_n02100877.JPEG,1.1218652725219729,0.0016257653478533,3.897899866104126,1.1202395071741196
94,ILSVRC2012_val_00038563_n01833805.JPEG,ILSVRC2012_val_00005299_n03065424.JPEG,2.700993537902832,0.0132876811549067,7.870486259460449,2.6877058567479253
95,ILSVRC2012_val_00024058_n01843065.JPEG,ILSVRC2012_val_00024909_n02834397.JPEG,0.0419913157820701,0.0352099612355232,6.562777519226074,0.006781354546546894
95,ILSVRC2012_val_00003672_n01843065.JPEG,ILSVRC2012_val_00007715_n03763968.JPEG,0.0889768674969673,0.0796885713934898,7.436745166778564,0.009288296103477506
95,ILSVRC2012_val_00024773_n01843065.JPEG,ILSVRC2012_val_00015644_n01728572.JPEG,0.0398175753653049,0.0289725102484226,8.588749885559082,0.0108450651168823
95,ILSVRC2012_val_00039281_n01843065.JPEG,ILSVRC2012_val_00027002_n03929660.JPEG,0.0699477866291999,0.0561021864414215,8.849320411682129,0.013845600187778397
95,ILSVRC2012_val_00006928_n01843065.JPEG,ILSVRC2012_val_00016511_n04065272.JPEG,0.092324212193489,0.0766391605138778,8.527470588684082,0.015685051679611206
96,ILSVRC2012_val_00000952_n01843383.JPEG,ILSVRC2012_val_00003634_n03197337.JPEG,0.0093233911320567,0.0080983852967619,7.204785346984863,0.0012250058352947998
96,ILSVRC2012_val_00020909_n01843383.JPEG,ILSVRC2012_val_00048193_n02859443.JPEG,0.0760673806071281,0.0055319555103778,7.294126510620117,0.0705354250967503
96,ILSVRC2012_val_00024525_n01843383.JPEG,ILSVRC2012_val_00000507_n02104029.JPEG,0.1019213199615478,0.0043230652809143,3.600152969360352,0.09759825468063349
96,ILSVRC2012_val_00034194_n01843383.JPEG,ILSVRC2012_val_00002567_n03976657.JPEG,0.1415369808673858,0.0040516913868486,5.173436164855957,0.1374852894805372
96,ILSVRC2012_val_00030000_n01843383.JPEG,ILSVRC2012_val_00001436_n02640242.JPEG,0.2281748652458191,0.0023519729729741,3.311386585235596,0.225822892272845
97,ILSVRC2012_val_00040849_n01847000.JPEG,ILSVRC2012_val_00036802_n01692333.JPEG,0.038971796631813,0.0330538265407085,9.31296730041504,0.0059179700911045005
97,ILSVRC2012_val_00040897_n01847000.JPEG,ILSVRC2012_val_00030278_n01833805.JPEG,0.0158589482307434,0.0018970841774716,5.226158618927002,0.013961864053271801
97,ILSVRC2012_val_00000744_n01847000.JPEG,ILSVRC2012_val_00033128_n03291819.JPEG,0.085283912718296,0.0030650564003735,6.015914916992188,0.0822188563179225
97,ILSVRC2012_val_00036169_n01847000.JPEG,ILSVRC2012_val_00044936_n03445777.JPEG,0.1524901837110519,0.0099571673199534,4.36785888671875,0.1425330163910985
97,ILSVRC2012_val_00036169_n01847000.JPEG,ILSVRC2012_val_00033296_n03814639.JPEG,0.1524901837110519,0.0030636300798505,5.937088966369629,0.14942655363120141
98,ILSVRC2012_val_00044238_n01855032.JPEG,ILSVRC2012_val_00045682_n03272010.JPEG,0.0020383074879646,0.0019574069883674,7.883569240570068,8.090049959720005e-05
98,ILSVRC2012_val_00034315_n01855032.JPEG,ILSVRC2012_val_00028138_n04254680.JPEG,0.0113126281648874,0.0106097683310508,4.369381904602051,0.0007028598338366006
98,ILSVRC2012_val_00031847_n01855032.JPEG,ILSVRC2012_val_00014688_n02325366.JPEG,0.0051334239542484,0.0037082734052091,4.897653102874756,0.0014251505490392997
98,ILSVRC2012_val_00006555_n01855032.JPEG,ILSVRC2012_val_00010856_n03478589.JPEG,0.0323310010135173,0.028343953192234,7.574042320251465,0.003987047821283302
98,ILSVRC2012_val_00024273_n01855032.JPEG,ILSVRC2012_val_00018372_n03743016.JPEG,0.2069901525974273,0.0098507003858685,5.426229000091553,0.19713945221155882
99,ILSVRC2012_val_00000547_n01855672.JPEG,ILSVRC2012_val_00006986_n03065424.JPEG,0.0037942577619105,0.0035157317761331,5.306457042694092,0.0002785259857774002
99,ILSVRC2012_val_00004226_n01855672.JPEG,ILSVRC2012_val_00010704_n03095699.JPEG,0.0103405667468905,0.0095260348170995,7.335021018981934,0.0008145319297909997
99,ILSVRC2012_val_00030245_n01855672.JPEG,ILSVRC2012_val_00042917_n01877812.JPEG,0.2621515393257141,0.0025685196742415,7.411794662475586,0.2595830196514726
99,ILSVRC2012_val_00029698_n01855672.JPEG,ILSVRC2012_val_00003949_n03710193.JPEG,0.6176517009735107,0.0164866037666797,6.636728286743164,0.6011650972068311
99,ILSVRC2012_val_00029226_n01855672.JPEG,ILSVRC2012_val_00046161_n04423845.JPEG,0.6607782244682312,0.0103503596037626,7.502540111541748,0.6504278648644686
100,ILSVRC2012_val_00017280_n01860187.JPEG,ILSVRC2012_val_00000281_n03599486.JPEG,0.0120588093996047,0.011460187844932,8.386434555053711,0.0005986215546727007
100,ILSVRC2012_val_00033045_n01860187.JPEG,ILSVRC2012_val_00000166_n03854065.JPEG,0.0168963447213172,0.0158154182136058,8.770915985107422,0.0010809265077114001
100,ILSVRC2012_val_00004627_n01860187.JPEG,ILSVRC2012_val_00007293_n03874599.JPEG,0.0210386998951435,0.002341863932088,3.607112407684326,0.0186968359630555
100,ILSVRC2012_val_00004627_n01860187.JPEG,ILSVRC2012_val_00022463_n02012849.JPEG,0.0210386998951435,0.0017243054462596,3.109201431274414,0.019314394448883897
100,ILSVRC2012_val_00017207_n01860187.JPEG,ILSVRC2012_val_00014673_n01601694.JPEG,0.0689610168337822,0.0015541153261438,1.7781184911727903,0.0674069015076384
101,ILSVRC2012_val_00012976_n01871265.JPEG,ILSVRC2012_val_00003711_n02113023.JPEG,0.1507594883441925,0.0738943591713905,7.513394355773926,0.076865129172802
101,ILSVRC2012_val_00031269_n01871265.JPEG,ILSVRC2012_val_00015993_n07718472.JPEG,0.1312788724899292,0.013505283743143,6.398187637329102,0.1177735887467862
101,ILSVRC2012_val_00008127_n01871265.JPEG,ILSVRC2012_val_00025714_n02099429.JPEG,0.2330195158720016,0.0303067360073328,3.746267557144165,0.2027127798646688
101,ILSVRC2012_val_00008127_n01871265.JPEG,ILSVRC2012_val_00025595_n04517823.JPEG,0.2330195158720016,0.0157981682568788,3.813155651092529,0.2172213476151228
101,ILSVRC2012_val_00034307_n01871265.JPEG,ILSVRC2012_val_00045113_n03602883.JPEG,0.779758095741272,0.0244876444339752,5.775419235229492,0.7552704513072968
102,ILSVRC2012_val_00033380_n01872401.JPEG,ILSVRC2012_val_00035468_n03602883.JPEG,0.0124345766380429,0.0123165976256132,8.256006240844727,0.00011797901242970033
102,ILSVRC2012_val_00033380_n01872401.JPEG,ILSVRC2012_val_00038750_n04099969.JPEG,0.0124345766380429,0.0111659886315464,9.139001846313477,0.0012685880064965006
102,ILSVRC2012_val_00026471_n01872401.JPEG,ILSVRC2012_val_00002616_n02093647.JPEG,0.0715594738721847,0.0090947169810533,3.1561639308929443,0.0624647568911314
102,ILSVRC2012_val_00026471_n01872401.JPEG,ILSVRC2012_val_00022088_n01616318.JPEG,0.0715594738721847,0.00056572642643,4.683872222900391,0.07099374744575469
102,ILSVRC2012_val_00025946_n01872401.JPEG,ILSVRC2012_val_00016379_n01685808.JPEG,0.0919378325343132,0.0022244728170335,5.531634330749512,0.0897133597172797
103,ILSVRC2012_val_00005301_n01873310.JPEG,ILSVRC2012_val_00012878_n02951585.JPEG,0.0160947628319263,0.0014805557439103,4.793861389160156,0.014614207088016001
103,ILSVRC2012_val_00041141_n01873310.JPEG,ILSVRC2012_val_00045405_n02641379.JPEG,0.0300470665097236,0.0002554328821133,0.934974193572998,0.029791633627610302
103,ILSVRC2012_val_00042448_n01873310.JPEG,ILSVRC2012_val_00002040_n03047690.JPEG,0.0627436861395835,0.0041450066491961,1.533204436302185,0.058598679490387405
103,ILSVRC2012_val_00024992_n01873310.JPEG,ILSVRC2012_val_00041823_n03661043.JPEG,3.3016951084136963,0.6507716178894043,8.304084777832031,2.650923490524292
103,ILSVRC2012_val_00006884_n01873310.JPEG,ILSVRC2012_val_00045524_n02669723.JPEG,4.744427680969238,0.0016125545371323,6.504891395568848,4.742815126432106
104,ILSVRC2012_val_00047622_n01877812.JPEG,ILSVRC2012_val_00022744_n02441942.JPEG,0.0251294393092393,0.0005870526074431,4.776096343994141,0.0245423867017962
104,ILSVRC2012_val_00006821_n01877812.JPEG,ILSVRC2012_val_00024788_n03769881.JPEG,0.0446007438004016,0.019210360944271,6.707127571105957,0.025390382856130597
104,ILSVRC2012_val_00005975_n01877812.JPEG,ILSVRC2012_val_00028181_n01601694.JPEG,0.0942918509244918,0.0065499143674969,7.306676864624023,0.0877419365569949
104,ILSVRC2012_val_00022858_n01877812.JPEG,ILSVRC2012_val_00005809_n03670208.JPEG,0.1662684679031372,0.0195174012333154,6.540628433227539,0.1467510666698218
104,ILSVRC2012_val_00014040_n01877812.JPEG,ILSVRC2012_val_00041999_n07768694.JPEG,0.3267912566661834,0.0048462548293173,7.87869930267334,0.32194500183686614
105,ILSVRC2012_val_00039946_n01882714.JPEG,ILSVRC2012_val_00012263_n02690373.JPEG,0.051556259393692,0.0266028810292482,7.576956748962402,0.024953378364443803
105,ILSVRC2012_val_00010137_n01882714.JPEG,ILSVRC2012_val_00034970_n01737021.JPEG,0.0399315543472766,0.0107977641746401,5.618290901184082,0.029133790172636495
105,ILSVRC2012_val_00010137_n01882714.JPEG,ILSVRC2012_val_00017470_n02099849.JPEG,0.0399315543472766,0.0029418070334941,2.1959826946258545,0.036989747313782496
105,ILSVRC2012_val_00035140_n01882714.JPEG,ILSVRC2012_val_00004861_n02346627.JPEG,0.1033129096031189,0.0022448119707405,2.5394511222839355,0.1010680976323784
105,ILSVRC2012_val_00020062_n01882714.JPEG,ILSVRC2012_val_00021535_n03400231.JPEG,0.2173060774803161,0.0025361774023622,8.301268577575684,0.2147699000779539
106,ILSVRC2012_val_00027352_n01883070.JPEG,ILSVRC2012_val_00002474_n03457902.JPEG,0.0692671760916709,0.0349258929491043,8.578421592712402,0.034341283142566605
106,ILSVRC2012_val_00022887_n01883070.JPEG,ILSVRC2012_val_00037054_n02410509.JPEG,0.0910221636295318,0.0018591277766972,3.874851703643799,0.08916303585283461
106,ILSVRC2012_val_00036590_n01883070.JPEG,ILSVRC2012_val_00012030_n04208210.JPEG,0.2308607697486877,0.0255800429731607,6.186318397521973,0.205280726775527
106,ILSVRC2012_val_00040774_n01883070.JPEG,ILSVRC2012_val_00032659_n02108000.JPEG,0.5349497199058533,0.0029293268453329,6.1083269119262695,0.5320203930605204
106,ILSVRC2012_val_00014458_n01883070.JPEG,ILSVRC2012_val_00014390_n02206856.JPEG,0.9386792182922364,0.2140263766050338,6.5276641845703125,0.7246528416872027
107,ILSVRC2012_val_00047328_n01910747.JPEG,ILSVRC2012_val_00043295_n02988304.JPEG,0.1297435164451599,0.0491571016609668,2.6649868488311768,0.08058641478419312
107,ILSVRC2012_val_00018613_n01910747.JPEG,ILSVRC2012_val_00036124_n04347754.JPEG,0.0846293196082115,0.00353663880378,6.456692218780518,0.08109268080443151
107,ILSVRC2012_val_00000063_n01910747.JPEG,ILSVRC2012_val_00031270_n03325584.JPEG,0.3418290019035339,0.0010743328602984,0.8937612175941467,0.3407546690432355
107,ILSVRC2012_val_00035728_n01910747.JPEG,ILSVRC2012_val_00003877_n03916031.JPEG,0.4478680491447449,0.0528249777853488,5.502885818481445,0.3950430713593961
107,ILSVRC2012_val_00007283_n01910747.JPEG,ILSVRC2012_val_00015672_n03899768.JPEG,0.5944759845733643,0.0040500294417142,3.5050125122070312,0.5904259551316501
108,ILSVRC2012_val_00040958_n01914609.JPEG,ILSVRC2012_val_00021406_n02483708.JPEG,0.0708829537034034,0.0015434031374752,3.604848861694336,0.0693395505659282
108,ILSVRC2012_val_00017099_n01914609.JPEG,ILSVRC2012_val_00029457_n07718747.JPEG,0.213557481765747,0.0119205256924033,2.0689353942871094,0.2016369560733437
108,ILSVRC2012_val_00009151_n01914609.JPEG,ILSVRC2012_val_00028542_n02422106.JPEG,0.3771928250789642,0.0016067225951701,4.442793369293213,0.3755861024837941
108,ILSVRC2012_val_00027878_n01914609.JPEG,ILSVRC2012_val_00005530_n03929855.JPEG,0.7421171069145203,0.0623439066112041,3.471672296524048,0.6797732003033161
108,ILSVRC2012_val_00031110_n01914609.JPEG,ILSVRC2012_val_00021180_n04344873.JPEG,2.5660195350646973,0.0154376327991485,6.997503280639648,2.5505819022655487
109,ILSVRC2012_val_00021843_n01917289.JPEG,ILSVRC2012_val_00024108_n02690373.JPEG,0.0525509603321552,0.0296454578638076,4.679243564605713,0.0229055024683476
109,ILSVRC2012_val_00022983_n01917289.JPEG,ILSVRC2012_val_00025523_n01622779.JPEG,0.0591697171330452,0.0025748217012733,2.04433536529541,0.056594895431771895
109,ILSVRC2012_val_00032351_n01917289.JPEG,ILSVRC2012_val_00044061_n02071294.JPEG,0.2409241050481796,0.0034686895087361,5.437833309173584,0.2374554155394435
109,ILSVRC2012_val_00026144_n01917289.JPEG,ILSVRC2012_val_00040630_n02129604.JPEG,0.3100144267082214,0.0019163592951372,2.365027666091919,0.30809806741308415
109,ILSVRC2012_val_00003392_n01917289.JPEG,ILSVRC2012_val_00035009_n03710721.JPEG,0.3366752862930298,0.0060276156291365,6.11854362487793,0.3306476706638933
110,ILSVRC2012_val_00045429_n01924916.JPEG,ILSVRC2012_val_00012986_n02172182.JPEG,0.0029363394714891,0.0017056216020137,4.890763282775879,0.0012307178694754
110,ILSVRC2012_val_00019425_n01924916.JPEG,ILSVRC2012_val_00042723_n03133878.JPEG,0.032496839761734,0.0074028461240231,8.105895042419434,0.0250939936377109
110,ILSVRC2012_val_00019425_n01924916.JPEG,ILSVRC2012_val_00013633_n03445777.JPEG,0.032496839761734,0.0064480584114789,8.401081085205078,0.026048781350255103
110,ILSVRC2012_val_00046894_n01924916.JPEG,ILSVRC2012_val_00008502_n02093859.JPEG,0.0627708882093429,0.003087755292654,3.1586720943450928,0.0596831329166889
110,ILSVRC2012_val_00008211_n01924916.JPEG,ILSVRC2012_val_00015711_n02018207.JPEG,0.5180764198303223,0.0036118291318416,9.091957092285156,0.5144645906984807
111,ILSVRC2012_val_00004923_n01930112.JPEG,ILSVRC2012_val_00001038_n02104365.JPEG,5.483612312673358e-06,6.782778655178845e-05,4.974641799926758,6.234417423911509e-05
111,ILSVRC2012_val_00035048_n01930112.JPEG,ILSVRC2012_val_00039815_n04325704.JPEG,6.198863957251888e-06,0.0001132424149545,6.129838943481445,0.00010704355099724811
111,ILSVRC2012_val_00036635_n01930112.JPEG,ILSVRC2012_val_00002455_n04485082.JPEG,0.018689602613449,0.016618512570858,11.678824424743652,0.002071090042590998
111,ILSVRC2012_val_00036635_n01930112.JPEG,ILSVRC2012_val_00023987_n04590129.JPEG,0.018689602613449,0.0108013022691011,4.1722917556762695,0.0078883003443479
111,ILSVRC2012_val_00028924_n01930112.JPEG,ILSVRC2012_val_00036307_n07590611.JPEG,0.1009462177753448,0.0044266805052757,8.20108699798584,0.0965195372700691
112,ILSVRC2012_val_00027248_n01943899.JPEG,ILSVRC2012_val_00042172_n02114548.JPEG,0.1515432149171829,0.0014486543368548,6.666109085083008,0.1500945605803281
112,ILSVRC2012_val_00028654_n01943899.JPEG,ILSVRC2012_val_00027255_n03325584.JPEG,0.1721035093069076,0.0019048181129619,5.034502983093262,0.1701986911939457
112,ILSVRC2012_val_00038001_n01943899.JPEG,ILSVRC2012_val_00047460_n03637318.JPEG,0.6136268973350525,0.0024356956128031,4.351461887359619,0.6111912017222494
112,ILSVRC2012_val_00019026_n01943899.JPEG,ILSVRC2012_val_00029327_n03527444.JPEG,1.0242493152618408,0.0019164782715961,6.317149639129639,1.0223328369902447
112,ILSVRC2012_val_00019026_n01943899.JPEG,ILSVRC2012_val_00023128_n01608432.JPEG,1.0242493152618408,0.0006076634745113,4.847569465637207,1.0236416517873295
113,ILSVRC2012_val_00010312_n01944390.JPEG,ILSVRC2012_val_00028379_n02091134.JPEG,8.511180931236595e-05,8.439661905867979e-05,2.8276491165161133,7.151902536861598e-07
113,ILSVRC2012_val_00010312_n01944390.JPEG,ILSVRC2012_val_00028985_n02099429.JPEG,8.511180931236595e-05,0.0001985829585464,6.447075366973877,0.00011347114923403406
113,ILSVRC2012_val_00001959_n01944390.JPEG,ILSVRC2012_val_00036916_n03791053.JPEG,0.0357380621135234,0.0016456407029181,8.819271087646484,0.0340924214106053
113,ILSVRC2012_val_00036200_n01944390.JPEG,ILSVRC2012_val_00024301_n01728572.JPEG,0.1535630375146865,0.002735327463597,3.918026208877564,0.1508277100510895
113,ILSVRC2012_val_00036200_n01944390.JPEG,ILSVRC2012_val_00016884_n10565667.JPEG,0.1535630375146865,0.0006132629350759,4.07828426361084,0.1529497745796106
114,ILSVRC2012_val_00029563_n01945685.JPEG,ILSVRC2012_val_00037460_n03444034.JPEG,0.0052535575814545,0.0049849273636937,6.475813388824463,0.0002686302177607996
114,ILSVRC2012_val_00031116_n01945685.JPEG,ILSVRC2012_val_00010799_n03000134.JPEG,0.1760006546974182,0.1468464136123657,9.010920524597168,0.029154241085052518
114,ILSVRC2012_val_00029475_n01945685.JPEG,ILSVRC2012_val_00041182_n03873416.JPEG,0.1748893558979034,0.0038613537326455,6.509015083312988,0.17102800216525788
114,ILSVRC2012_val_00031116_n01945685.JPEG,ILSVRC2012_val_00036995_n04371774.JPEG,0.1760006546974182,0.0008900971151888,7.787853240966797,0.1751105575822294
114,ILSVRC2012_val_00007975_n01945685.JPEG,ILSVRC2012_val_00018259_n03814639.JPEG,0.3775932490825653,0.0025395068805664,6.901182174682617,0.3750537422019989
115,ILSVRC2012_val_00000154_n01950731.JPEG,ILSVRC2012_val_00049573_n03786901.JPEG,0.0321590155363082,0.0008575814426876,1.9284613132476809,0.0313014340936206
115,ILSVRC2012_val_00039915_n01950731.JPEG,ILSVRC2012_val_00043513_n02769748.JPEG,0.2448586970567703,0.0034108338877558,6.014238357543945,0.2414478631690145
115,ILSVRC2012_val_00021059_n01950731.JPEG,ILSVRC2012_val_00029709_n01532829.JPEG,0.2870047986507416,0.0025769618805497,4.69675874710083,0.2844278367701919
115,ILSVRC2012_val_00022321_n01950731.JPEG,ILSVRC2012_val_00046233_n02514041.JPEG,0.4297132790088653,0.0219893418252468,7.282641410827637,0.4077239371836185
115,ILSVRC2012_val_00022321_n01950731.JPEG,ILSVRC2012_val_00033831_n04542943.JPEG,0.4297132790088653,0.0044406852684915,6.3901448249816895,0.4252725937403738
116,ILSVRC2012_val_00001818_n01955084.JPEG,ILSVRC2012_val_00034403_n03884397.JPEG,0.0010041915811598,0.0009541726321913,3.2129228115081787,5.00189489684999e-05
116,ILSVRC2012_val_00018435_n01955084.JPEG,ILSVRC2012_val_00031108_n03950228.JPEG,0.0547485761344432,0.0010451575508341,5.150897026062012,0.0537034185836091
116,ILSVRC2012_val_00015408_n01955084.JPEG,ILSVRC2012_val_00031196_n02749479.JPEG,0.0991721600294113,0.0025200059171766,7.863642692565918,0.0966521541122347
116,ILSVRC2012_val_00017974_n01955084.JPEG,ILSVRC2012_val_00044831_n07697537.JPEG,0.1720391660928726,0.0007544293766841,1.2703906297683716,0.1712847367161885
116,ILSVRC2012_val_00043301_n01955084.JPEG,ILSVRC2012_val_00043395_n01819313.JPEG,0.2948340475559234,0.0040011126548051,5.819660663604736,0.2908329349011183
117,ILSVRC2012_val_00005945_n01968897.JPEG,ILSVRC2012_val_00009821_n03425413.JPEG,0.0042529138736426,0.0041847759857773,10.61262035369873,6.813788786529974e-05
117,ILSVRC2012_val_00005945_n01968897.JPEG,ILSVRC2012_val_00007862_n03063689.JPEG,0.0042529138736426,0.0030472294893115,6.1277570724487305,0.0012056843843310998
117,ILSVRC2012_val_00008289_n01968897.JPEG,ILSVRC2012_val_00016369_n02111500.JPEG,0.0127395838499069,0.0015638752374798,5.053128719329834,0.0111757086124271
117,ILSVRC2012_val_00013334_n01968897.JPEG,ILSVRC2012_val_00018369_n02132136.JPEG,0.0170694515109062,0.0017667888896539,3.28910231590271,0.015302662621252298
117,ILSVRC2012_val_00035619_n01968897.JPEG,ILSVRC2012_val_00048901_n04429376.JPEG,0.034817561507225,0.0038650347851216,7.235016822814941,0.030952526722103402
118,ILSVRC2012_val_00015526_n01978287.JPEG,ILSVRC2012_val_00002419_n03676483.JPEG,0.0823847204446792,0.0663147419691085,7.778803825378418,0.016069978475570706
118,ILSVRC2012_val_00015526_n01978287.JPEG,ILSVRC2012_val_00048693_n02114855.JPEG,0.0823847204446792,0.0140459090471267,7.325870037078857,0.0683388113975525
118,ILSVRC2012_val_00008705_n01978287.JPEG,ILSVRC2012_val_00027338_n02906734.JPEG,0.1222484335303306,0.0197584293782711,6.107402324676514,0.1024900041520595
118,ILSVRC2012_val_00008705_n01978287.JPEG,ILSVRC2012_val_00047366_n03599486.JPEG,0.1222484335303306,0.011173415929079,3.623400211334229,0.1110750176012516
118,ILSVRC2012_val_00026925_n01978287.JPEG,ILSVRC2012_val_00012624_n03954731.JPEG,0.1978411078453064,0.007817743346095,3.9413132667541504,0.1900233644992114
119,ILSVRC2012_val_00026314_n01978455.JPEG,ILSVRC2012_val_00026914_n02978881.JPEG,0.1457761079072952,0.0851713791489601,11.15984344482422,0.0606047287583351
119,ILSVRC2012_val_00017137_n01978455.JPEG,ILSVRC2012_val_00039301_n03016953.JPEG,0.0905461013317108,0.0291465502232313,7.93511962890625,0.0613995511084795
119,ILSVRC2012_val_00007769_n01978455.JPEG,ILSVRC2012_val_00010496_n02906734.JPEG,0.0759051889181137,0.0076839588582515,4.787265777587891,0.06822123005986219
119,ILSVRC2012_val_00007769_n01978455.JPEG,ILSVRC2012_val_00002282_n02504458.JPEG,0.0759051889181137,0.0035729873925447,4.296183109283447,0.07233220152556899
119,ILSVRC2012_val_00048052_n01978455.JPEG,ILSVRC2012_val_00014917_n01514859.JPEG,1.6022628545761108,0.0042285793460905,2.7991979122161865,1.5980342752300203
120,ILSVRC2012_val_00001122_n01980166.JPEG,ILSVRC2012_val_00044819_n02097474.JPEG,0.0141933020204305,0.0037151619326323,6.792211532592773,0.0104781400877982
120,ILSVRC2012_val_00003776_n01980166.JPEG,ILSVRC2012_val_00043177_n03529860.JPEG,0.0246561858803033,0.0013142528478056,5.556757926940918,0.0233419330324977
120,ILSVRC2012_val_00013183_n01980166.JPEG,ILSVRC2012_val_00044412_n02325366.JPEG,0.2952600717544555,0.0189415942877531,6.608476161956787,0.2763184774667024
120,ILSVRC2012_val_00000818_n01980166.JPEG,ILSVRC2012_val_00018177_n04553703.JPEG,2.67585563659668,0.0094005092978477,5.481540679931641,2.6664551272988324
120,ILSVRC2012_val_00012779_n01980166.JPEG,ILSVRC2012_val_00026498_n03218198.JPEG,3.324925422668457,0.0331188701093196,8.420984268188477,3.2918065525591373
121,ILSVRC2012_val_00014715_n01981276.JPEG,ILSVRC2012_val_00008113_n02119022.JPEG,0.031557522714138,0.0286890938878059,6.560966968536377,0.0028684288263321027
121,ILSVRC2012_val_00005084_n01981276.JPEG,ILSVRC2012_val_00025398_n03125729.JPEG,0.121912807226181,0.0105605814605951,6.761727333068848,0.1113522257655859
121,ILSVRC2012_val_00047532_n01981276.JPEG,ILSVRC2012_val_00008519_n04275548.JPEG,0.3128885924816131,0.0018729302100837,5.496800899505615,0.3110156622715294
121,ILSVRC2012_val_00047532_n01981276.JPEG,ILSVRC2012_val_00040754_n02749479.JPEG,0.3128885924816131,0.0015331668546423,5.671100616455078,0.3113554256269708
121,ILSVRC2012_val_00046611_n01981276.JPEG,ILSVRC2012_val_00034440_n03109150.JPEG,0.7232593894004822,0.0155701488256454,6.263580322265625,0.7076892405748367
122,ILSVRC2012_val_00047059_n01983481.JPEG,ILSVRC2012_val_00007732_n04125021.JPEG,0.1644849330186844,0.1453240662813186,8.709790229797363,0.019160866737365778
122,ILSVRC2012_val_00016493_n01983481.JPEG,ILSVRC2012_val_00012389_n09399592.JPEG,0.0288810189813375,0.0033005783334374,2.931416749954224,0.025580440647900098
122,ILSVRC2012_val_00037229_n01983481.JPEG,ILSVRC2012_val_00046468_n03445777.JPEG,0.1238282918930053,0.066707357764244,8.044084548950195,0.057120934128761305
122,ILSVRC2012_val_00000111_n01983481.JPEG,ILSVRC2012_val_00021135_n02017213.JPEG,0.0726117566227912,0.0069108270108699,6.702772617340088,0.0657009296119213
122,ILSVRC2012_val_00006179_n01983481.JPEG,ILSVRC2012_val_00032725_n02091467.JPEG,0.1508191674947738,0.0501019209623336,9.824403762817385,0.10071724653244021
123,ILSVRC2012_val_00027227_n01984695.JPEG,ILSVRC2012_val_00024635_n02018795.JPEG,0.0539311505854129,0.0127136893570423,3.944561958312988,0.041217461228370604
123,ILSVRC2012_val_00035310_n01984695.JPEG,ILSVRC2012_val_00009832_n02493509.JPEG,0.0590440891683101,0.0020359281916171,8.420466423034668,0.057008160976693006
123,ILSVRC2012_val_00008144_n01984695.JPEG,ILSVRC2012_val_00001546_n02481823.JPEG,0.2249970138072967,0.0019282572902739,3.877192735671997,0.2230687565170228
123,ILSVRC2012_val_00042677_n01984695.JPEG,ILSVRC2012_val_00038032_n04033995.JPEG,0.538368821144104,0.0016026759985834,3.219614267349243,0.5367661451455206
123,ILSVRC2012_val_00040806_n01984695.JPEG,ILSVRC2012_val_00023166_n02927161.JPEG,1.1166880130767822,0.0070772673934698,7.754902362823486,1.1096107456833124
124,ILSVRC2012_val_00001956_n01985128.JPEG,ILSVRC2012_val_00011532_n02606052.JPEG,0.1388106942176818,0.004313332028687,3.454714775085449,0.1344973621889948
124,ILSVRC2012_val_00005682_n01985128.JPEG,ILSVRC2012_val_00002889_n09229709.JPEG,0.4591425061225891,0.0018043918535113,5.965482711791992,0.45733811426907783
124,ILSVRC2012_val_00022260_n01985128.JPEG,ILSVRC2012_val_00004092_n03710193.JPEG,0.6147404313087463,0.0093062659725546,6.460562705993652,0.6054341653361918
124,ILSVRC2012_val_00019574_n01985128.JPEG,ILSVRC2012_val_00033361_n02363005.JPEG,0.8155242204666138,0.0110904211178421,9.690247535705566,0.8044337993487717
124,ILSVRC2012_val_00019574_n01985128.JPEG,ILSVRC2012_val_00007233_n02747177.JPEG,0.8155242204666138,0.0070232897996902,5.485901832580566,0.8085009306669235
125,ILSVRC2012_val_00031943_n01986214.JPEG,ILSVRC2012_val_00024787_n02018207.JPEG,0.0012880609137937,0.0012643685331568,8.734519958496094,2.369238063689989e-05
125,ILSVRC2012_val_00046606_n01986214.JPEG,ILSVRC2012_val_00034467_n02492035.JPEG,0.007414205931127,0.0011950739426538,2.879037380218506,0.0062191319884732
125,ILSVRC2012_val_00041366_n01986214.JPEG,ILSVRC2012_val_00049925_n04465501.JPEG,0.0338871069252491,0.0033012912608683,6.294856548309326,0.0305858156643808
125,ILSVRC2012_val_00029243_n01986214.JPEG,ILSVRC2012_val_00016262_n02056570.JPEG,0.0661174803972244,0.0008195855189114,4.472579956054688,0.065297894878313
125,ILSVRC2012_val_00027404_n01986214.JPEG,ILSVRC2012_val_00015401_n02123597.JPEG,0.7389310002326965,0.0088421236723661,3.8534226417541504,0.7300888765603304
126,ILSVRC2012_val_00005954_n01990800.JPEG,ILSVRC2012_val_00044819_n02097474.JPEG,0.1013333350419998,0.0047610728070139,5.633663177490234,0.0965722622349859
126,ILSVRC2012_val_00008721_n01990800.JPEG,ILSVRC2012_val_00016969_n02107908.JPEG,0.2036160975694656,0.0096650049090385,7.698689460754394,0.19395109266042712
126,ILSVRC2012_val_00003858_n01990800.JPEG,ILSVRC2012_val_00037868_n03240683.JPEG,0.1987044066190719,0.0023066599387675,6.503617763519287,0.1963977466803044
126,ILSVRC2012_val_00024924_n01990800.JPEG,ILSVRC2012_val_00035594_n03887697.JPEG,0.2334763556718826,0.0009835887467488,0.3205587863922119,0.2324927669251338
126,ILSVRC2012_val_00038119_n01990800.JPEG,ILSVRC2012_val_00021853_n03903868.JPEG,0.3066268265247345,0.0015811334596946,7.844933032989502,0.3050456930650399
127,ILSVRC2012_val_00031332_n02002556.JPEG,ILSVRC2012_val_00020846_n10148035.JPEG,0.021005431190133,0.0030592328403145,6.373862266540527,0.0179461983498185
127,ILSVRC2012_val_00031332_n02002556.JPEG,ILSVRC2012_val_00040396_n02088094.JPEG,0.021005431190133,0.0021535793785005,0.1855026930570602,0.0188518518116325
127,ILSVRC2012_val_00027926_n02002556.JPEG,ILSVRC2012_val_00023531_n02492035.JPEG,0.0517629757523536,0.0024706574622541,0.7928960919380188,0.0492923182900995
127,ILSVRC2012_val_00046533_n02002556.JPEG,ILSVRC2012_val_00039406_n02177972.JPEG,0.0747884511947631,0.0030303532257676,5.163466930389404,0.0717580979689955
127,ILSVRC2012_val_00008411_n02002556.JPEG,ILSVRC2012_val_00008202_n04597913.JPEG,0.1089022010564804,0.0115466872230172,5.816683769226074,0.09735551383346319
128,ILSVRC2012_val_00012639_n02002724.JPEG,ILSVRC2012_val_00037164_n02107312.JPEG,0.0600846968591213,0.0056879571639001,7.618133544921875,0.0543967396952212
128,ILSVRC2012_val_00001387_n02002724.JPEG,ILSVRC2012_val_00034933_n02102318.JPEG,0.0803788602352142,0.0182956960052251,5.189678192138672,0.06208316422998911
128,ILSVRC2012_val_00038955_n02002724.JPEG,ILSVRC2012_val_00047634_n03393912.JPEG,0.1101014316082,0.0159460064023733,6.471663475036621,0.0941554252058267
128,ILSVRC2012_val_00038955_n02002724.JPEG,ILSVRC2012_val_00044052_n01484850.JPEG,0.1101014316082,0.0032357024028897,5.389586925506592,0.1068657292053103
128,ILSVRC2012_val_00037766_n02002724.JPEG,ILSVRC2012_val_00028659_n04389033.JPEG,0.2840088605880737,0.0608069263398647,8.049513816833496,0.22320193424820897
129,ILSVRC2012_val_00018192_n02006656.JPEG,ILSVRC2012_val_00030561_n02114712.JPEG,0.014757165685296,0.0130194360390305,4.718532085418701,0.0017377296462654998
129,ILSVRC2012_val_00013110_n02006656.JPEG,ILSVRC2012_val_00041609_n03272010.JPEG,0.021108616143465,0.0043044299818575,5.295462608337402,0.0168041861616075
129,ILSVRC2012_val_00013256_n02006656.JPEG,ILSVRC2012_val_00011574_n02783161.JPEG,0.0702157542109489,0.0060863862745463,7.386629104614258,0.0641293679364026
129,ILSVRC2012_val_00043081_n02006656.JPEG,ILSVRC2012_val_00033999_n02823750.JPEG,0.1523732990026474,0.0054231192916631,7.359503746032715,0.1469501797109843
129,ILSVRC2012_val_00037552_n02006656.JPEG,ILSVRC2012_val_00043513_n02769748.JPEG,0.7253624200820923,0.0260849148035049,7.353742599487305,0.6992775052785873
130,ILSVRC2012_val_00035984_n02007558.JPEG,ILSVRC2012_val_00046584_n02494079.JPEG,0.001214362680912,0.0011605439940467,6.58360767364502,5.381868686530006e-05
130,ILSVRC2012_val_00049783_n02007558.JPEG,ILSVRC2012_val_00021478_n02174001.JPEG,0.0310349538922309,0.0092572513967752,3.704652547836304,0.0217777024954557
130,ILSVRC2012_val_00031931_n02007558.JPEG,ILSVRC2012_val_00029712_n01735189.JPEG,0.0684569701552391,0.007109107915312,7.604852676391602,0.06134786223992711
130,ILSVRC2012_val_00031931_n02007558.JPEG,ILSVRC2012_val_00005159_n03775546.JPEG,0.0684569701552391,0.0046095540747046,7.38393497467041,0.0638474160805345
130,ILSVRC2012_val_00037831_n02007558.JPEG,ILSVRC2012_val_00003740_n03637318.JPEG,0.1375622153282165,0.0248450487852096,4.857257843017578,0.1127171665430069
131,ILSVRC2012_val_00018939_n02009229.JPEG,ILSVRC2012_val_00006150_n02788148.JPEG,0.0092272507026791,0.0085719730705022,9.00107192993164,0.0006552776321769004
131,ILSVRC2012_val_00041442_n02009229.JPEG,ILSVRC2012_val_00009483_n02883205.JPEG,0.0337013266980648,0.0309302452951669,6.385382652282715,0.0027710814028978972
131,ILSVRC2012_val_00041564_n02009229.JPEG,ILSVRC2012_val_00046800_n04536866.JPEG,0.0868034362792968,0.015181235037744,3.119457244873047,0.0716222012415528
131,ILSVRC2012_val_00041564_n02009229.JPEG,ILSVRC2012_val_00018280_n01592084.JPEG,0.0868034362792968,0.0017531039193272,2.376898288726806,0.0850503323599696
131,ILSVRC2012_val_00018197_n02009229.JPEG,ILSVRC2012_val_00024737_n02172182.JPEG,0.3867336809635162,0.0027551806997507,4.917620658874512,0.38397850026376545
132,ILSVRC2012_val_00046932_n02009912.JPEG,ILSVRC2012_val_00020417_n03483316.JPEG,0.0691514834761619,0.0579721368849277,6.79479455947876,0.0111793465912342
132,ILSVRC2012_val_00009393_n02009912.JPEG,ILSVRC2012_val_00014006_n02786058.JPEG,0.2192359715700149,0.0211105998605489,6.851623058319092,0.198125371709466
132,ILSVRC2012_val_00024166_n02009912.JPEG,ILSVRC2012_val_00028284_n01692333.JPEG,0.4674932360649109,0.1138226464390754,7.510426044464111,0.3536705896258355
132,ILSVRC2012_val_00024166_n02009912.JPEG,ILSVRC2012_val_00047606_n03529860.JPEG,0.4674932360649109,0.103378377854824,5.265249729156494,0.3641148582100869
132,ILSVRC2012_val_00024166_n02009912.JPEG,ILSVRC2012_val_00036102_n01641577.JPEG,0.4674932360649109,0.0281929541379213,7.281269073486328,0.4393002819269896
133,ILSVRC2012_val_00009894_n02011460.JPEG,ILSVRC2012_val_00001734_n04579432.JPEG,0.043305329978466,0.0412144102156162,10.695027351379396,0.002090919762849801
133,ILSVRC2012_val_00001046_n02011460.JPEG,ILSVRC2012_val_00001533_n04252225.JPEG,0.0060417163185775,0.001879712450318,6.671802520751953,0.0041620038682595
133,ILSVRC2012_val_00004572_n02011460.JPEG,ILSVRC2012_val_00009679_n01797886.JPEG,0.0121079226955771,0.0012168630491942,3.8194739818573,0.0108910596463829
133,ILSVRC2012_val_00004572_n02011460.JPEG,ILSVRC2012_val_00047536_n03633091.JPEG,0.0121079226955771,0.000505557982251,3.756962537765503,0.0116023647133261
133,ILSVRC2012_val_00015510_n02011460.JPEG,ILSVRC2012_val_00006960_n02794156.JPEG,0.0264786668121814,0.0139485765248537,7.996874809265137,0.0125300902873277
134,ILSVRC2012_val_00002002_n02012849.JPEG,ILSVRC2012_val_00022321_n01950731.JPEG,0.0304626207798719,0.0264697279781103,4.955692291259766,0.0039928928017615994
134,ILSVRC2012_val_00002002_n02012849.JPEG,ILSVRC2012_val_00037916_n02108089.JPEG,0.0304626207798719,0.0053158127702772,5.465150356292725,0.0251468080095947
134,ILSVRC2012_val_00002002_n02012849.JPEG,ILSVRC2012_val_00017305_n03649909.JPEG,0.0304626207798719,0.0040781674906611,5.954848289489746,0.0263844532892108
134,ILSVRC2012_val_00002002_n02012849.JPEG,ILSVRC2012_val_00040267_n02172182.JPEG,0.0304626207798719,0.0036836881190538,4.116576194763184,0.0267789326608181
134,ILSVRC2012_val_00037379_n02012849.JPEG,ILSVRC2012_val_00011312_n03388183.JPEG,0.0557010993361473,0.0077272546477615,6.021004676818848,0.0479738446883858
135,ILSVRC2012_val_00024162_n02013706.JPEG,ILSVRC2012_val_00021029_n03109150.JPEG,0.0144879044964909,0.0130690904334187,6.233883857727051,0.0014188140630721994
135,ILSVRC2012_val_00035722_n02013706.JPEG,ILSVRC2012_val_00018646_n03983396.JPEG,0.0115713151171803,0.0032139574177563,3.799789905548096,0.008357357699424
135,ILSVRC2012_val_00011406_n02013706.JPEG,ILSVRC2012_val_00025855_n02174001.JPEG,0.0120846033096313,0.0011493512429296,7.976208686828613,0.010935252066701701
135,ILSVRC2012_val_00003208_n02013706.JPEG,ILSVRC2012_val_00007119_n03223299.JPEG,0.0316935814917087,0.0022684813011437,4.892211437225342,0.029425100190565
135,ILSVRC2012_val_00032943_n02013706.JPEG,ILSVRC2012_val_00042032_n01531178.JPEG,0.2067311406135559,0.1697027832269668,8.767012596130371,0.037028357386589106
136,ILSVRC2012_val_00011096_n02017213.JPEG,ILSVRC2012_val_00028306_n04447861.JPEG,0.0303055793046951,0.0260499566793441,7.532155036926269,0.004255622625351001
136,ILSVRC2012_val_00039374_n02017213.JPEG,ILSVRC2012_val_00015866_n03759954.JPEG,0.0162533465772867,0.0019250449258834,4.507781982421875,0.0143283016514033
136,ILSVRC2012_val_00011096_n02017213.JPEG,ILSVRC2012_val_00020029_n03637318.JPEG,0.0303055793046951,0.001497934339568,3.0809035301208496,0.0288076449651271
136,ILSVRC2012_val_00034792_n02017213.JPEG,ILSVRC2012_val_00006563_n04326547.JPEG,0.0925201773643493,0.0315172113478183,8.33289623260498,0.061002966016531
136,ILSVRC2012_val_00024020_n02017213.JPEG,ILSVRC2012_val_00037191_n02095314.JPEG,0.1340792179107666,0.0033583214972168,8.304186820983887,0.1307208964135498
137,ILSVRC2012_val_00008388_n02018207.JPEG,ILSVRC2012_val_00031830_n12768682.JPEG,0.0230254102498292,0.0029760377947241,8.674736022949219,0.0200493724551051
137,ILSVRC2012_val_00026089_n02018207.JPEG,ILSVRC2012_val_00033665_n03961711.JPEG,0.0401251129806041,0.0014386551920324,8.02082633972168,0.0386864577885717
137,ILSVRC2012_val_00046599_n02018207.JPEG,ILSVRC2012_val_00023417_n03095699.JPEG,0.1806254088878631,0.008232232183218,8.077469825744629,0.1723931767046451
137,ILSVRC2012_val_00046599_n02018207.JPEG,ILSVRC2012_val_00022039_n01770081.JPEG,0.1806254088878631,0.0063954684883356,10.290841102600098,0.1742299403995275
137,ILSVRC2012_val_00024270_n02018207.JPEG,ILSVRC2012_val_00004982_n03476991.JPEG,0.2731595635414123,0.0369771420955657,7.236700534820557,0.2361824214458466
138,ILSVRC2012_val_00006613_n02018795.JPEG,ILSVRC2012_val_00032094_n03496892.JPEG,0.0220344718545675,0.0198861677199602,9.541937828063965,0.002148304134607301
138,ILSVRC2012_val_00042825_n02018795.JPEG,ILSVRC2012_val_00037366_n03272562.JPEG,0.0201903134584426,0.0138671053573489,7.534908294677734,0.006323208101093701
138,ILSVRC2012_val_00048575_n02018795.JPEG,ILSVRC2012_val_00008209_n01622779.JPEG,0.0102709550410509,0.0032978456001728,6.231215000152588,0.0069731094408781
138,ILSVRC2012_val_00042825_n02018795.JPEG,ILSVRC2012_val_00020383_n01728572.JPEG,0.0201903134584426,0.0024297498166561,7.33046817779541,0.017760563641786502
138,ILSVRC2012_val_00043095_n02018795.JPEG,ILSVRC2012_val_00031108_n03950228.JPEG,0.3439253568649292,0.0047085126861929,5.1519694328308105,0.3392168441787363
139,ILSVRC2012_val_00038798_n02025239.JPEG,ILSVRC2012_val_00023860_n04127249.JPEG,0.0424460396170616,0.038945198059082,9.45167350769043,0.0035008415579796046
139,ILSVRC2012_val_00038798_n02025239.JPEG,ILSVRC2012_val_00038821_n02134084.JPEG,0.0424460396170616,0.0375092476606369,8.190264701843262,0.004936791956424699
139,ILSVRC2012_val_00028115_n02025239.JPEG,ILSVRC2012_val_00045040_n04525305.JPEG,0.0569985806941986,0.0514570735394954,9.822986602783203,0.005541507154703203
139,ILSVRC2012_val_00038798_n02025239.JPEG,ILSVRC2012_val_00027839_n02110806.JPEG,0.0424460396170616,0.0341362208127975,9.60512638092041,0.008309818804264103
139,ILSVRC2012_val_00046323_n02025239.JPEG,ILSVRC2012_val_00036765_n02091134.JPEG,0.0202615763992071,0.0082638002932071,3.3318028450012207,0.011997776106000002
140,ILSVRC2012_val_00026510_n02027492.JPEG,ILSVRC2012_val_00021634_n02966687.JPEG,0.0268777199089527,0.0255004428327083,8.510608673095703,0.0013772770762443994
140,ILSVRC2012_val_00026510_n02027492.JPEG,ILSVRC2012_val_00045155_n02086079.JPEG,0.0268777199089527,0.0128678688779473,6.603830814361572,0.0140098510310054
140,ILSVRC2012_val_00026044_n02027492.JPEG,ILSVRC2012_val_00038215_n01498041.JPEG,0.0387897118926048,0.0021720170043408,0.112580694258213,0.036617694888264
140,ILSVRC2012_val_00045323_n02027492.JPEG,ILSVRC2012_val_00015429_n02817516.JPEG,0.0827635005116462,0.0138485291972756,4.360276699066162,0.0689149713143706
140,ILSVRC2012_val_00029198_n02027492.JPEG,ILSVRC2012_val_00044738_n07768694.JPEG,0.1384598314762115,0.0402440913021564,6.764038562774658,0.0982157401740551
141,ILSVRC2012_val_00006580_n02028035.JPEG,ILSVRC2012_val_00007184_n02071294.JPEG,0.0171525366604328,0.0157634355127811,4.57790470123291,0.0013891011476517001
141,ILSVRC2012_val_00033216_n02028035.JPEG,ILSVRC2012_val_00014073_n04462240.JPEG,0.0110315904021263,0.0021472747903317,3.9569010734558105,0.0088843156117946
141,ILSVRC2012_val_00006580_n02028035.JPEG,ILSVRC2012_val_00030998_n02641379.JPEG,0.0171525366604328,0.0011941214324906,2.4725399017333984,0.015958415227942203
141,ILSVRC2012_val_00004451_n02028035.JPEG,ILSVRC2012_val_00013060_n03657121.JPEG,0.2295316010713577,0.0023162935394793,4.972751617431641,0.2272153075318784
141,ILSVRC2012_val_00026302_n02028035.JPEG,ILSVRC2012_val_00035698_n07718472.JPEG,0.6938881278038025,0.0060938508249819,8.730295181274414,0.6877942769788206
142,ILSVRC2012_val_00023352_n02033041.JPEG,ILSVRC2012_val_00026943_n02130308.JPEG,0.1415631622076034,0.0023394853342324,1.9391546249389648,0.139223676873371
142,ILSVRC2012_val_00038614_n02033041.JPEG,ILSVRC2012_val_00042733_n02102973.JPEG,0.4693096876144409,0.003686538664624,3.3387045860290527,0.46562314894981693
142,ILSVRC2012_val_00041285_n02033041.JPEG,ILSVRC2012_val_00008612_n02883205.JPEG,0.5191223621368408,0.0435613505542278,5.456794738769531,0.475561011582613
142,ILSVRC2012_val_00041285_n02033041.JPEG,ILSVRC2012_val_00024687_n03710721.JPEG,0.5191223621368408,0.030647961422801,1.4907853603363037,0.4884744007140398
142,ILSVRC2012_val_00024093_n02033041.JPEG,ILSVRC2012_val_00040109_n02097658.JPEG,1.2625353336334229,0.7240046262741089,7.636239528656006,0.538530707359314
143,ILSVRC2012_val_00029817_n02037110.JPEG,ILSVRC2012_val_00000382_n03743016.JPEG,0.012737818993628,0.0055383574217557,4.56992244720459,0.007199461571872301
143,ILSVRC2012_val_00028025_n02037110.JPEG,ILSVRC2012_val_00006037_n04392985.JPEG,0.0902379006147384,0.0722093656659126,6.162177085876465,0.018028534948825795
143,ILSVRC2012_val_00041535_n02037110.JPEG,ILSVRC2012_val_00038848_n02102973.JPEG,0.0412528477609157,0.0056238290853798,2.7673492431640625,0.0356290186755359
143,ILSVRC2012_val_00005178_n02037110.JPEG,ILSVRC2012_val_00045594_n01749939.JPEG,0.0756705775856971,0.023178357630968,4.466300964355469,0.05249221995472911
143,ILSVRC2012_val_00009923_n02037110.JPEG,ILSVRC2012_val_00022018_n02395406.JPEG,0.1141498312354087,0.0021887887269258,6.305377006530762,0.1119610425084829
144,ILSVRC2012_val_00019198_n02051845.JPEG,ILSVRC2012_val_00012818_n02128385.JPEG,0.0028351848013699,0.0025859985034912,8.534424781799316,0.00024918629787869977
144,ILSVRC2012_val_00038118_n02051845.JPEG,ILSVRC2012_val_00042371_n04208210.JPEG,0.0645785853266716,0.0009626284008845,6.975537300109863,0.0636159569257871
144,ILSVRC2012_val_00038118_n02051845.JPEG,ILSVRC2012_val_00005251_n03866082.JPEG,0.0645785853266716,0.0009209443815052,4.546595573425293,0.0636576409451664
144,ILSVRC2012_val_00041469_n02051845.JPEG,ILSVRC2012_val_00007293_n03874599.JPEG,0.1764851063489914,0.0467195250093936,6.346821308135986,0.12976558133959779
144,ILSVRC2012_val_00038981_n02051845.JPEG,ILSVRC2012_val_00016820_n02074367.JPEG,0.1988613456487655,0.0008818790083751,0.844234824180603,0.1979794666403904
145,ILSVRC2012_val_00039171_n02056570.JPEG,ILSVRC2012_val_00020654_n02457408.JPEG,0.0124850841239094,0.0010490872664377,6.567024230957031,0.0114359968574717
145,ILSVRC2012_val_00037825_n02056570.JPEG,ILSVRC2012_val_00039130_n02190166.JPEG,0.0290344636887311,0.0004265590687282,4.9753007888793945,0.0286079046200029
145,ILSVRC2012_val_00040303_n02056570.JPEG,ILSVRC2012_val_00008004_n04487081.JPEG,0.1719031631946563,0.0030347504653036,6.128593444824219,0.16886841272935268
145,ILSVRC2012_val_00001056_n02056570.JPEG,ILSVRC2012_val_00031318_n04074963.JPEG,0.5393133163452148,0.0018803073326125,7.475381851196289,0.5374330090126024
145,ILSVRC2012_val_00042878_n02056570.JPEG,ILSVRC2012_val_00047488_n01914609.JPEG,5.940099716186523,0.0043951105326414,8.528218269348145,5.935704605653882
146,ILSVRC2012_val_00043108_n02058221.JPEG,ILSVRC2012_val_00038602_n07716906.JPEG,0.0200559552758932,0.0043805120512843,9.382155418395996,0.0156754432246089
146,ILSVRC2012_val_00035766_n02058221.JPEG,ILSVRC2012_val_00018073_n02321529.JPEG,0.0603526197373867,0.007293976843357,6.775521278381348,0.053058642894029694
146,ILSVRC2012_val_00038864_n02058221.JPEG,ILSVRC2012_val_00001164_n02086646.JPEG,0.0711535513401031,0.0066397995688021,7.056605339050293,0.06451375177130099
146,ILSVRC2012_val_00038864_n02058221.JPEG,ILSVRC2012_val_00010866_n02927161.JPEG,0.0711535513401031,0.0031363605521619,9.957723617553713,0.06801719078794119
146,ILSVRC2012_val_00038864_n02058221.JPEG,ILSVRC2012_val_00015625_n02114367.JPEG,0.0711535513401031,0.0013922293437644,5.170098304748535,0.0697613219963387
147,ILSVRC2012_val_00004105_n02066245.JPEG,ILSVRC2012_val_00030557_n03841143.JPEG,0.0040464675985276,0.0040077613666653,5.2280707359313965,3.8706231862299656e-05
147,ILSVRC2012_val_00028770_n02066245.JPEG,ILSVRC2012_val_00017522_n02397096.JPEG,0.0996903106570243,0.0015850611962378,3.356142044067383,0.0981052494607865
147,ILSVRC2012_val_00045222_n02066245.JPEG,ILSVRC2012_val_00015933_n02056570.JPEG,0.2224930226802826,0.0030806248541921,4.592360973358154,0.21941239782609048
147,ILSVRC2012_val_00016771_n02066245.JPEG,ILSVRC2012_val_00024163_n02483708.JPEG,0.3578836321830749,0.0205657240003347,6.855227947235107,0.3373179081827402
147,ILSVRC2012_val_00016771_n02066245.JPEG,ILSVRC2012_val_00042632_n04325704.JPEG,0.3578836321830749,0.0128342108801007,5.629888534545898,0.3450494213029742
148,ILSVRC2012_val_00038995_n02071294.JPEG,ILSVRC2012_val_00017815_n02869837.JPEG,0.0247891154140234,0.0221578385680913,6.473402976989746,0.0026312768459321005
148,ILSVRC2012_val_00003275_n02071294.JPEG,ILSVRC2012_val_00008788_n01749939.JPEG,0.0116717079654335,0.0057249390520155,7.900504112243652,0.005946768913418001
148,ILSVRC2012_val_00038995_n02071294.JPEG,ILSVRC2012_val_00027610_n03967562.JPEG,0.0247891154140234,0.0028603852260857,4.765771865844727,0.0219287301879377
148,ILSVRC2012_val_00015725_n02071294.JPEG,ILSVRC2012_val_00034753_n03124043.JPEG,0.1680198013782501,0.0009301149984821,5.292756080627441,0.16708968637976798
148,ILSVRC2012_val_00006253_n02071294.JPEG,ILSVRC2012_val_00030590_n02033041.JPEG,1.251718044281006,0.0091503551229834,6.760138511657715,1.2425676891580226
149,ILSVRC2012_val_00043097_n02074367.JPEG,ILSVRC2012_val_00013238_n13133613.JPEG,0.053014475852251,0.0499029122292995,7.556180953979492,0.0031115636229515006
149,ILSVRC2012_val_00049726_n02074367.JPEG,ILSVRC2012_val_00035874_n04562935.JPEG,0.0381283983588218,0.0330870412290096,6.142914772033691,0.005041357129812199
149,ILSVRC2012_val_00035207_n02074367.JPEG,ILSVRC2012_val_00041516_n01871265.JPEG,0.0133626125752925,0.0024543658364564,1.5768024921417236,0.0109082467388361
149,ILSVRC2012_val_00035207_n02074367.JPEG,ILSVRC2012_val_00002760_n04590129.JPEG,0.0133626125752925,0.0018799504032358,4.574506759643555,0.0114826621720567
149,ILSVRC2012_val_00043097_n02074367.JPEG,ILSVRC2012_val_00025927_n07754684.JPEG,0.053014475852251,0.0223558004945516,7.365693092346191,0.030658675357699398
150,ILSVRC2012_val_00038217_n02077923.JPEG,ILSVRC2012_val_00039401_n04033901.JPEG,0.0351206548511981,0.0040319827385246,4.030847549438477,0.0310886721126735
150,ILSVRC2012_val_00022358_n02077923.JPEG,ILSVRC2012_val_00020912_n02804414.JPEG,0.0378107205033302,0.0021635713055729,8.351537704467773,0.0356471491977573
150,ILSVRC2012_val_00001472_n02077923.JPEG,ILSVRC2012_val_00046524_n01514668.JPEG,0.2662677764892578,0.0034209322184324,3.7299399375915527,0.2628468442708254
150,ILSVRC2012_val_00001472_n02077923.JPEG,ILSVRC2012_val_00021589_n03133878.JPEG,0.2662677764892578,0.0029111409094184,4.431805610656738,0.2633566355798394
150,ILSVRC2012_val_00029409_n02077923.JPEG,ILSVRC2012_val_00013400_n01729322.JPEG,0.4960156679153442,0.0230185370892286,8.282489776611328,0.4729971308261156
151,ILSVRC2012_val_00021266_n02085620.JPEG,ILSVRC2012_val_00002480_n01498041.JPEG,0.5553690791130066,0.5219278931617737,10.531048774719238,0.03344118595123291
151,ILSVRC2012_val_00030519_n02085620.JPEG,ILSVRC2012_val_00026517_n04461696.JPEG,0.1575509011745453,0.0428087338805198,8.27244758605957,0.11474216729402549
151,ILSVRC2012_val_00024126_n02085620.JPEG,ILSVRC2012_val_00036537_n02137549.JPEG,0.3939871788024902,0.0041364594362676,4.0085039138793945,0.38985071936622256
151,ILSVRC2012_val_00031597_n02085620.JPEG,ILSVRC2012_val_00047248_n03627232.JPEG,0.7850775122642517,0.0217445343732833,6.879761695861816,0.7633329778909684
151,ILSVRC2012_val_00040731_n02085620.JPEG,ILSVRC2012_val_00008153_n03935335.JPEG,1.0791361331939695,0.0018525833729654,1.0791361331939695,1.077283549821004
152,ILSVRC2012_val_00014911_n02085782.JPEG,ILSVRC2012_val_00036685_n04418357.JPEG,0.0822557136416435,0.0362274870276451,1.8003880977630615,0.0460282266139984
152,ILSVRC2012_val_00007088_n02085782.JPEG,ILSVRC2012_val_00002914_n03376595.JPEG,0.5766689777374268,0.1316051036119461,6.597036361694336,0.44506387412548065
152,ILSVRC2012_val_00047276_n02085782.JPEG,ILSVRC2012_val_00006009_n03649909.JPEG,0.5278323888778687,0.0239700954407453,9.277875900268556,0.5038622934371233
152,ILSVRC2012_val_00007088_n02085782.JPEG,ILSVRC2012_val_00033549_n04041544.JPEG,0.5766689777374268,0.0689531192183494,7.504693984985352,0.5077158585190773
152,ILSVRC2012_val_00028706_n02085782.JPEG,ILSVRC2012_val_00049116_n01682714.JPEG,0.6478984951972961,0.0169619806110858,6.01142168045044,0.6309365145862104
153,ILSVRC2012_val_00029546_n02085936.JPEG,ILSVRC2012_val_00019354_n04483307.JPEG,0.1901219487190246,0.0174146387726068,6.88922643661499,0.1727073099464178
153,ILSVRC2012_val_00011768_n02085936.JPEG,ILSVRC2012_val_00032094_n03496892.JPEG,0.7301657795906067,0.2393929362297058,7.641537666320801,0.4907728433609009
153,ILSVRC2012_val_00041918_n02085936.JPEG,ILSVRC2012_val_00000869_n12144580.JPEG,3.053736686706543,1.141020894050598,8.51249885559082,1.912715792655945
153,ILSVRC2012_val_00039146_n02085936.JPEG,ILSVRC2012_val_00004140_n01773157.JPEG,2.1916708946228027,0.1293313205242157,5.750600814819336,2.062339574098587
153,ILSVRC2012_val_00041918_n02085936.JPEG,ILSVRC2012_val_00026559_n04542943.JPEG,3.053736686706543,0.2869594395160675,7.740937232971191,2.7667772471904755
154,ILSVRC2012_val_00049027_n02086079.JPEG,ILSVRC2012_val_00046171_n01484850.JPEG,0.0166981201618909,0.0154059389606118,5.123842716217041,0.001292181201279101
154,ILSVRC2012_val_00049027_n02086079.JPEG,ILSVRC2012_val_00003959_n03476991.JPEG,0.0166981201618909,0.0123596936464309,6.620287418365479,0.0043384265154600005
154,ILSVRC2012_val_00022630_n02086079.JPEG,ILSVRC2012_val_00006330_n02106030.JPEG,0.0206753779202699,0.0042840139940381,5.81683349609375,0.0163913639262318
154,ILSVRC2012_val_00043851_n02086079.JPEG,ILSVRC2012_val_00033048_n04487394.JPEG,0.1102499514818191,0.0918663889169693,7.699181079864502,0.018383562564849798
154,ILSVRC2012_val_00045155_n02086079.JPEG,ILSVRC2012_val_00033071_n02815834.JPEG,0.0370745547115802,0.0057594301179051,4.539116859436035,0.0313151245936751
155,ILSVRC2012_val_00022799_n02086240.JPEG,ILSVRC2012_val_00004685_n03100240.JPEG,0.1905595064163208,0.0511198192834854,7.7568817138671875,0.1394396871328354
155,ILSVRC2012_val_00011754_n02086240.JPEG,ILSVRC2012_val_00005038_n04192698.JPEG,0.5316675305366516,0.1317048966884613,8.423226356506348,0.3999626338481903
155,ILSVRC2012_val_00011754_n02086240.JPEG,ILSVRC2012_val_00042063_n03388043.JPEG,0.5316675305366516,0.0173383709043264,8.093600273132324,0.5143291596323252
155,ILSVRC2012_val_00014174_n02086240.JPEG,ILSVRC2012_val_00017467_n13044778.JPEG,0.7682288289070129,0.0225384552031755,8.323070526123047,0.7456903737038374
155,ILSVRC2012_val_00042556_n02086240.JPEG,ILSVRC2012_val_00009123_n03903868.JPEG,0.845200777053833,0.0098757240921258,0.845200777053833,0.8353250529617072
156,ILSVRC2012_val_00002988_n02086646.JPEG,ILSVRC2012_val_00019246_n04612504.JPEG,0.0274931639432907,0.0211990699172019,6.209998607635498,0.006294094026088801
156,ILSVRC2012_val_00018584_n02086646.JPEG,ILSVRC2012_val_00005852_n02346627.JPEG,0.0391314961016178,0.0111042149364948,7.077537059783936,0.028027281165123
156,ILSVRC2012_val_00022868_n02086646.JPEG,ILSVRC2012_val_00018991_n02002556.JPEG,0.1151736676692962,0.0864773467183113,10.393134117126465,0.0286963209509849
156,ILSVRC2012_val_00001164_n02086646.JPEG,ILSVRC2012_val_00045568_n01592084.JPEG,0.0636499226093292,0.0030584009364247,5.4986114501953125,0.0605915216729045
156,ILSVRC2012_val_00008975_n02086646.JPEG,ILSVRC2012_val_00020668_n02447366.JPEG,0.1469511836767196,0.0053013460710644,4.981222152709961,0.14164983760565522
157,ILSVRC2012_val_00036440_n02086910.JPEG,ILSVRC2012_val_00013780_n03929660.JPEG,0.0204127263277769,0.020043920725584,6.015356063842773,0.00036880560219289954
157,ILSVRC2012_val_00019603_n02086910.JPEG,ILSVRC2012_val_00023618_n04404412.JPEG,0.041058249771595,0.0193189922720193,5.509520530700684,0.0217392574995757
157,ILSVRC2012_val_00026522_n02086910.JPEG,ILSVRC2012_val_00022546_n04584207.JPEG,0.1500853598117828,0.0025896844454109,5.723654747009277,0.1474956753663719
157,ILSVRC2012_val_00017980_n02086910.JPEG,ILSVRC2012_val_00024699_n03026506.JPEG,0.1585619002580642,0.0075088641606271,6.068266868591309,0.1510530360974371
157,ILSVRC2012_val_00030141_n02086910.JPEG,ILSVRC2012_val_00032876_n03992509.JPEG,0.2031850963830948,0.0056980326771736,7.091669082641602,0.1974870637059212
158,ILSVRC2012_val_00017869_n02087046.JPEG,ILSVRC2012_val_00027180_n04311004.JPEG,1.0860881805419922,0.8553471565246582,8.928776741027832,0.23074102401733398
158,ILSVRC2012_val_00020484_n02087046.JPEG,ILSVRC2012_val_00002370_n02018207.JPEG,0.5982713103294373,0.0163784846663475,8.257585525512695,0.5818928256630898
158,ILSVRC2012_val_00025550_n02087046.JPEG,ILSVRC2012_val_00028798_n02127052.JPEG,1.3698880672454834,0.0198513437062501,8.144414901733398,1.3500367235392332
158,ILSVRC2012_val_00039622_n02087046.JPEG,ILSVRC2012_val_00041660_n03041632.JPEG,1.81127405166626,0.0958987027406692,6.999599456787109,1.7153753489255907
158,ILSVRC2012_val_00039622_n02087046.JPEG,ILSVRC2012_val_00021180_n04344873.JPEG,1.81127405166626,0.0119095705449581,8.182901382446289,1.7993644811213019
159,ILSVRC2012_val_00005364_n02087394.JPEG,ILSVRC2012_val_00018842_n03026506.JPEG,0.0860660597681999,0.0516476221382617,6.937534332275391,0.03441843762993821
159,ILSVRC2012_val_00005364_n02087394.JPEG,ILSVRC2012_val_00014032_n02101006.JPEG,0.0860660597681999,0.0154336411505937,7.6511311531066895,0.0706324186176062
159,ILSVRC2012_val_00021666_n02087394.JPEG,ILSVRC2012_val_00021661_n03452741.JPEG,0.4180703163146972,0.0222385209053754,7.393827438354492,0.3958317954093218
159,ILSVRC2012_val_00038227_n02087394.JPEG,ILSVRC2012_val_00037925_n02095314.JPEG,0.962968409061432,0.0185062438249588,6.473274230957031,0.9444621652364732
159,ILSVRC2012_val_00027290_n02087394.JPEG,ILSVRC2012_val_00001500_n03047690.JPEG,1.1311674118041992,0.0466611608862876,8.905221939086914,1.0845062509179115
160,ILSVRC2012_val_00048915_n02088094.JPEG,ILSVRC2012_val_00046028_n07753113.JPEG,0.0227456651628017,0.0211837813258171,5.9503493309021,0.0015618838369845997
160,ILSVRC2012_val_00048915_n02088094.JPEG,ILSVRC2012_val_00040686_n02730930.JPEG,0.0227456651628017,0.0027526842895895,6.855440139770508,0.0199929808732122
160,ILSVRC2012_val_00031345_n02088094.JPEG,ILSVRC2012_val_00029203_n03425413.JPEG,0.0316344499588012,0.0043844287283718,7.710841178894043,0.0272500212304294
160,ILSVRC2012_val_00031345_n02088094.JPEG,ILSVRC2012_val_00034220_n03028079.JPEG,0.0316344499588012,0.0012254356406629,6.684528827667236,0.0304090143181383
160,ILSVRC2012_val_00049878_n02088094.JPEG,ILSVRC2012_val_00019424_n01491361.JPEG,0.0367525219917297,0.0045642247423529,5.628541469573975,0.0321882972493768
161,ILSVRC2012_val_00047981_n02088238.JPEG,ILSVRC2012_val_00035544_n09288635.JPEG,0.6400609016418457,0.0054559609852731,1.541290044784546,0.6346049406565726
161,ILSVRC2012_val_00000992_n02088238.JPEG,ILSVRC2012_val_00002781_n02807133.JPEG,0.6552988290786743,0.0073905396275222,3.563469886779785,0.6479082894511521
161,ILSVRC2012_val_00026622_n02088238.JPEG,ILSVRC2012_val_00023208_n02071294.JPEG,0.8545522689819336,0.0049765054136514,5.158920764923096,0.8495757635682822
161,ILSVRC2012_val_00020930_n02088238.JPEG,ILSVRC2012_val_00040234_n04005630.JPEG,1.0235908031463623,0.0540300905704498,6.981134414672852,0.9695607125759125
161,ILSVRC2012_val_00033003_n02088238.JPEG,ILSVRC2012_val_00041576_n03841143.JPEG,1.5435423851013184,0.0293403547257184,4.246795654296875,1.5142020303755999
162,ILSVRC2012_val_00037353_n02088364.JPEG,ILSVRC2012_val_00032339_n04149813.JPEG,0.0739021077752113,0.0191065110266208,6.295356750488281,0.05479559674859051
162,ILSVRC2012_val_00037353_n02088364.JPEG,ILSVRC2012_val_00001353_n04330267.JPEG,0.0739021077752113,0.0037327392492443,5.223248958587647,0.070169368525967
162,ILSVRC2012_val_00035414_n02088364.JPEG,ILSVRC2012_val_00012481_n07892512.JPEG,0.6772050261497498,0.0138076143339276,3.8868141174316406,0.6633974118158221
162,ILSVRC2012_val_00027347_n02088364.JPEG,ILSVRC2012_val_00002957_n01776313.JPEG,0.8077859878540039,0.0054179024882614,2.971628189086914,0.8023680853657426
162,ILSVRC2012_val_00025613_n02088364.JPEG,ILSVRC2012_val_00012269_n02280649.JPEG,1.6223580837249756,0.3261406421661377,8.211515426635742,1.296217441558838
163,ILSVRC2012_val_00003954_n02088466.JPEG,ILSVRC2012_val_00014083_n02017213.JPEG,0.2520525455474853,0.0129164718091487,8.998543739318848,0.2391360737383366
163,ILSVRC2012_val_00049762_n02088466.JPEG,ILSVRC2012_val_00029884_n03792972.JPEG,1.2735192775726318,0.0036990093067288,5.2718610763549805,1.269820268265903
163,ILSVRC2012_val_00049762_n02088466.JPEG,ILSVRC2012_val_00001286_n02096177.JPEG,1.2735192775726318,0.0023110604379326,3.7443106174468994,1.2712082171346992
163,ILSVRC2012_val_00025718_n02088466.JPEG,ILSVRC2012_val_00000770_n04040759.JPEG,2.909362554550171,0.0264467410743236,7.96545934677124,2.8829158134758472
163,ILSVRC2012_val_00017226_n02088466.JPEG,ILSVRC2012_val_00002286_n04239074.JPEG,3.3817100524902344,0.0619723200798034,7.856223106384277,3.319737732410431
164,ILSVRC2012_val_00036002_n02088632.JPEG,ILSVRC2012_val_00016991_n02090622.JPEG,0.0066194310784339,0.0026968084275722,2.822319984436035,0.0039226226508617
164,ILSVRC2012_val_00012702_n02088632.JPEG,ILSVRC2012_val_00040016_n04501370.JPEG,0.0629356727004051,0.0546181052923202,13.016287803649902,0.00831756740808489
164,ILSVRC2012_val_00012702_n02088632.JPEG,ILSVRC2012_val_00007142_n04487081.JPEG,0.0629356727004051,0.010254199616611,9.289468765258787,0.05268147308379409
164,ILSVRC2012_val_00046158_n02088632.JPEG,ILSVRC2012_val_00000193_n02859443.JPEG,1.26398503780365,0.0054776575416326,6.790084362030029,1.2585073802620173
164,ILSVRC2012_val_00032451_n02088632.JPEG,ILSVRC2012_val_00014537_n03400231.JPEG,1.6552042961120603,0.0209481138736009,8.57963752746582,1.6342561822384594
165,ILSVRC2012_val_00003905_n02089078.JPEG,ILSVRC2012_val_00024447_n02489166.JPEG,0.4527816772460937,0.10186318308115,5.242433547973633,0.3509184941649437
165,ILSVRC2012_val_00043206_n02089078.JPEG,ILSVRC2012_val_00010363_n01443537.JPEG,0.5975854396820068,0.0310283657163381,9.667986869812012,0.5665570739656688
165,ILSVRC2012_val_00025165_n02089078.JPEG,ILSVRC2012_val_00036379_n02111889.JPEG,1.3236494064331057,0.3416344225406647,8.601001739501953,0.982014983892441
165,ILSVRC2012_val_00012293_n02089078.JPEG,ILSVRC2012_val_00007955_n04235860.JPEG,1.491359829902649,0.2981701493263244,8.904808044433594,1.1931896805763245
165,ILSVRC2012_val_00025165_n02089078.JPEG,ILSVRC2012_val_00038897_n03109150.JPEG,1.3236494064331057,0.0696635246276855,7.689682483673096,1.2539858818054201
166,ILSVRC2012_val_00016255_n02089867.JPEG,ILSVRC2012_val_00002002_n02012849.JPEG,0.407390296459198,0.0747085809707641,4.473672866821289,0.3326817154884339
166,ILSVRC2012_val_00008536_n02089867.JPEG,ILSVRC2012_val_00011827_n03733281.JPEG,0.8245887160301208,0.3056897819042206,8.694816589355469,0.5188989341259003
166,ILSVRC2012_val_00038779_n02089867.JPEG,ILSVRC2012_val_00022790_n04517823.JPEG,0.8783094882965088,0.0794001296162605,10.221816062927246,0.7989093586802483
166,ILSVRC2012_val_00008536_n02089867.JPEG,ILSVRC2012_val_00010657_n02092339.JPEG,0.8245887160301208,0.0109924459829926,1.9542291164398196,0.8135962700471282
166,ILSVRC2012_val_00013818_n02089867.JPEG,ILSVRC2012_val_00016762_n03249569.JPEG,0.9010379314422609,0.0049942978657782,3.7191898822784415,0.8960436335764826
167,ILSVRC2012_val_00011586_n02089973.JPEG,ILSVRC2012_val_00036193_n02791270.JPEG,1.1631132364273071,0.0719453766942024,6.605239868164063,1.0911678597331047
167,ILSVRC2012_val_00036728_n02089973.JPEG,ILSVRC2012_val_00035787_n02988304.JPEG,1.238064527511597,0.0232731662690639,8.838895797729492,1.214791361242533
167,ILSVRC2012_val_00029164_n02089973.JPEG,ILSVRC2012_val_00038006_n04009552.JPEG,2.394181966781616,0.2924654483795166,6.416755676269531,2.1017165184020996
167,ILSVRC2012_val_00000048_n02089973.JPEG,ILSVRC2012_val_00019897_n06794110.JPEG,3.179736614227295,0.1411708146333694,9.485729217529297,3.0385657995939255
167,ILSVRC2012_val_00004774_n02089973.JPEG,ILSVRC2012_val_00033173_n04579145.JPEG,3.179232120513916,0.1048584356904029,6.87392520904541,3.074373684823513
168,ILSVRC2012_val_00021575_n02090379.JPEG,ILSVRC2012_val_00017864_n03180011.JPEG,0.5171108245849609,0.444699078798294,7.986822128295898,0.07241174578666693
168,ILSVRC2012_val_00001363_n02090379.JPEG,ILSVRC2012_val_00047691_n02666196.JPEG,2.3748767375946045,2.2947537899017334,9.901299476623535,0.0801229476928711
168,ILSVRC2012_val_00043388_n02090379.JPEG,ILSVRC2012_val_00012123_n01795545.JPEG,0.353606104850769,0.0062329429201781,4.01656436920166,0.34737316193059087
168,ILSVRC2012_val_00021575_n02090379.JPEG,ILSVRC2012_val_00009213_n01990800.JPEG,0.5171108245849609,0.0110766282305121,1.0020197629928589,0.5060341963544488
168,ILSVRC2012_val_00018327_n02090379.JPEG,ILSVRC2012_val_00036276_n03146219.JPEG,1.6908035278320312,0.0051040109246969,7.072214603424072,1.6856995169073343
169,ILSVRC2012_val_00013804_n02090622.JPEG,ILSVRC2012_val_00015524_n03447447.JPEG,0.0293434802442789,0.0028013056144118,3.050820827484131,0.0265421746298671
169,ILSVRC2012_val_00016991_n02090622.JPEG,ILSVRC2012_val_00035294_n02782093.JPEG,0.1838536560535431,0.0085287140682339,7.8613972663879395,0.17532494198530918
169,ILSVRC2012_val_00031051_n02090622.JPEG,ILSVRC2012_val_00000464_n04398044.JPEG,0.4039482474327087,0.0062368521466851,7.083600044250488,0.39771139528602356
169,ILSVRC2012_val_00031051_n02090622.JPEG,ILSVRC2012_val_00027849_n02494079.JPEG,0.4039482474327087,0.0015913691604509,4.671384811401367,0.4023568782722578
169,ILSVRC2012_val_00020810_n02090622.JPEG,ILSVRC2012_val_00025707_n07716906.JPEG,0.7047982811927795,0.0034132099244743,8.748220443725586,0.7013850712683053
170,ILSVRC2012_val_00016773_n02090721.JPEG,ILSVRC2012_val_00001636_n01667114.JPEG,0.1019318699836731,0.0049770986661314,5.65969705581665,0.0969547713175417
170,ILSVRC2012_val_00042317_n02090721.JPEG,ILSVRC2012_val_00027338_n02906734.JPEG,0.5126606225967407,0.0190145820379257,2.598095178604126,0.493646040558815
170,ILSVRC2012_val_00031545_n02090721.JPEG,ILSVRC2012_val_00027517_n02094433.JPEG,0.8294909000396729,0.003115682862699,1.6392334699630735,0.8263752171769738
170,ILSVRC2012_val_00035108_n02090721.JPEG,ILSVRC2012_val_00035109_n01693334.JPEG,1.7229652404785156,0.0129604833200573,10.050592422485352,1.7100047571584582
170,ILSVRC2012_val_00011494_n02090721.JPEG,ILSVRC2012_val_00035897_n03930630.JPEG,1.989623785018921,0.2087615430355072,9.04227066040039,1.7808622419834137
171,ILSVRC2012_val_00032493_n02091032.JPEG,ILSVRC2012_val_00049735_n02124075.JPEG,0.1279677301645279,0.0116492034867405,8.733931541442871,0.11631852667778739
171,ILSVRC2012_val_00046897_n02091032.JPEG,ILSVRC2012_val_00036208_n02977058.JPEG,0.1231660023331642,0.0067070601508021,5.786477088928223,0.11645894218236211
171,ILSVRC2012_val_00026310_n02091032.JPEG,ILSVRC2012_val_00019080_n02107574.JPEG,0.1443308740854263,0.0089543694630265,4.316964626312256,0.1353765046223998
171,ILSVRC2012_val_00026310_n02091032.JPEG,ILSVRC2012_val_00014142_n03188531.JPEG,0.1443308740854263,0.0035375892184674,2.1006860733032227,0.1407932848669589
171,ILSVRC2012_val_00011356_n02091032.JPEG,ILSVRC2012_val_00040084_n03623198.JPEG,0.310862272977829,0.00574651081115,4.189333438873291,0.30511576216667896
172,ILSVRC2012_val_00036700_n02091134.JPEG,ILSVRC2012_val_00016582_n02102040.JPEG,0.0385565534234046,0.0038524472620338,7.40168285369873,0.034704106161370804
172,ILSVRC2012_val_00035997_n02091134.JPEG,ILSVRC2012_val_00037781_n02493509.JPEG,0.2929838895797729,0.0015141224721446,3.9772989749908447,0.2914697671076283
172,ILSVRC2012_val_00007445_n02091134.JPEG,ILSVRC2012_val_00038113_n03633091.JPEG,0.5869066119194031,0.0646068528294563,7.744608402252197,0.5222997590899467
172,ILSVRC2012_val_00028379_n02091134.JPEG,ILSVRC2012_val_00015048_n04146614.JPEG,0.584709644317627,0.020777428522706,7.639655113220215,0.5639322157949209
172,ILSVRC2012_val_00007445_n02091134.JPEG,ILSVRC2012_val_00030859_n02231487.JPEG,0.5869066119194031,0.0120944967493414,4.484181880950928,0.5748121151700617
173,ILSVRC2012_val_00047507_n02091244.JPEG,ILSVRC2012_val_00012315_n02280649.JPEG,0.0492181591689586,0.0111888581886887,5.6822123527526855,0.0380293009802699
173,ILSVRC2012_val_00047507_n02091244.JPEG,ILSVRC2012_val_00003866_n09399592.JPEG,0.0492181591689586,0.0018285474507138,3.88948392868042,0.0473896117182448
173,ILSVRC2012_val_00020147_n02091244.JPEG,ILSVRC2012_val_00038073_n04429376.JPEG,0.1863454431295395,0.0013604442356154,7.009697437286377,0.18498499889392409
173,ILSVRC2012_val_00012149_n02091244.JPEG,ILSVRC2012_val_00020453_n01675722.JPEG,0.3126788735389709,0.0157250631600618,6.166974067687988,0.2969538103789091
173,ILSVRC2012_val_00012149_n02091244.JPEG,ILSVRC2012_val_00049367_n02747177.JPEG,0.3126788735389709,0.0015636371681466,3.119834423065185,0.3111152363708243
174,ILSVRC2012_val_00040052_n02091467.JPEG,ILSVRC2012_val_00041538_n02326432.JPEG,0.0213267412036657,0.0025361774023622,2.0119447708129883,0.0187905638013035
174,ILSVRC2012_val_00040052_n02091467.JPEG,ILSVRC2012_val_00044872_n04467665.JPEG,0.0213267412036657,0.0016384999034926,5.187099933624268,0.019688241300173097
174,ILSVRC2012_val_00012351_n02091467.JPEG,ILSVRC2012_val_00029217_n02108000.JPEG,0.0368737429380416,0.0069031319580972,2.5437886714935303,0.029970610979944398
174,ILSVRC2012_val_00015804_n02091467.JPEG,ILSVRC2012_val_00009287_n02422699.JPEG,0.1201039180159568,0.0075718071311712,5.161355972290039,0.1125321108847856
174,ILSVRC2012_val_00032725_n02091467.JPEG,ILSVRC2012_val_00049543_n02981792.JPEG,0.1434454321861267,0.0110641308128833,6.96874475479126,0.13238130137324342
175,ILSVRC2012_val_00031508_n02091635.JPEG,ILSVRC2012_val_00039183_n03814906.JPEG,0.0776679217815399,0.0151209998875856,6.763305187225342,0.0625469218939543
175,ILSVRC2012_val_00000079_n02091635.JPEG,ILSVRC2012_val_00014123_n03998194.JPEG,0.6129410862922668,0.0343003794550895,8.84384822845459,0.5786407068371774
175,ILSVRC2012_val_00044766_n02091635.JPEG,ILSVRC2012_val_00047837_n02787622.JPEG,0.7348896265029907,0.0424236468970775,4.82254695892334,0.6924659796059133
175,ILSVRC2012_val_00044766_n02091635.JPEG,ILSVRC2012_val_00031483_n04548362.JPEG,0.7348896265029907,0.0153426649048924,6.902996063232422,0.7195469615980983
175,ILSVRC2012_val_00036247_n02091635.JPEG,ILSVRC2012_val_00002171_n03110669.JPEG,0.8130242228507996,0.0139304716140031,7.885560989379883,0.7990937512367965
176,ILSVRC2012_val_00047324_n02091831.JPEG,ILSVRC2012_val_00037968_n07875152.JPEG,0.2558327317237854,0.0371023565530777,8.189929962158203,0.2187303751707077
176,ILSVRC2012_val_00009326_n02091831.JPEG,ILSVRC2012_val_00038724_n07697313.JPEG,0.5810441970825195,0.050848614424467,7.743906021118164,0.5301955826580526
176,ILSVRC2012_val_00009326_n02091831.JPEG,ILSVRC2012_val_00026240_n03188531.JPEG,0.5810441970825195,0.0015747062861919,10.599076271057127,0.5794694907963276
176,ILSVRC2012_val_00005217_n02091831.JPEG,ILSVRC2012_val_00033995_n03866082.JPEG,1.1131770610809326,0.026459977030754,7.802122592926025,1.0867170840501785
176,ILSVRC2012_val_00005217_n02091831.JPEG,ILSVRC2012_val_00027065_n02808440.JPEG,1.1131770610809326,0.0032055205665528,4.6620917320251465,1.1099715405143797
177,ILSVRC2012_val_00026985_n02092002.JPEG,ILSVRC2012_val_00000936_n04254777.JPEG,0.0666520446538925,0.0614499375224113,5.75899600982666,0.005202107131481205
177,ILSVRC2012_val_00025644_n02092002.JPEG,ILSVRC2012_val_00020086_n03742115.JPEG,0.0351302064955234,0.0187615565955638,7.731128692626953,0.0163686498999596
177,ILSVRC2012_val_00024831_n02092002.JPEG,ILSVRC2012_val_00025389_n04037443.JPEG,0.0668314695358276,0.0315947160124778,6.164797782897949,0.0352367535233498
177,ILSVRC2012_val_00024335_n02092002.JPEG,ILSVRC2012_val_00031691_n02487347.JPEG,0.0873031318187713,0.0039689354598522,3.87705659866333,0.0833341963589191
177,ILSVRC2012_val_00031814_n02092002.JPEG,ILSVRC2012_val_00014179_n02730930.JPEG,0.1725420802831649,0.0330924615263938,8.383981704711914,0.1394496187567711
178,ILSVRC2012_val_00044897_n02092339.JPEG,ILSVRC2012_val_00007388_n02097298.JPEG,0.0023918135557323,0.0021265766117721,4.777301788330078,0.00026523694396020023
178,ILSVRC2012_val_00044897_n02092339.JPEG,ILSVRC2012_val_00003228_n07760859.JPEG,0.0023918135557323,0.0012786554871127,12.27660083770752,0.0011131580686196
178,ILSVRC2012_val_00006676_n02092339.JPEG,ILSVRC2012_val_00032926_n03733805.JPEG,0.0035042089875787,0.0019277813844382,1.217305302619934,0.0015764276031404998
178,ILSVRC2012_val_00030591_n02092339.JPEG,ILSVRC2012_val_00009490_n04239074.JPEG,0.0369016602635383,0.0165353827178478,8.285750389099121,0.0203662775456905
178,ILSVRC2012_val_00010657_n02092339.JPEG,ILSVRC2012_val_00032699_n03935335.JPEG,0.1728374809026718,0.0134202484041452,5.983588695526123,0.15941723249852657
179,ILSVRC2012_val_00033683_n02093256.JPEG,ILSVRC2012_val_00028906_n03347037.JPEG,0.1318256855010986,0.0425518341362476,8.246864318847656,0.089273851364851
179,ILSVRC2012_val_00036989_n02093256.JPEG,ILSVRC2012_val_00018939_n02009229.JPEG,0.607501745223999,0.0217710118740797,8.380169868469238,0.5857307333499193
179,ILSVRC2012_val_00009642_n02093256.JPEG,ILSVRC2012_val_00008742_n03042490.JPEG,1.0767381191253662,0.0180742163211107,9.185162544250488,1.0586639028042555
179,ILSVRC2012_val_00009642_n02093256.JPEG,ILSVRC2012_val_00030857_n09246464.JPEG,1.0767381191253662,0.0130828572437167,7.995968341827393,1.0636552618816495
179,ILSVRC2012_val_00043171_n02093256.JPEG,ILSVRC2012_val_00020937_n03379051.JPEG,4.2279462814331055,0.0095118656754493,6.681737422943115,4.218434415757656
180,ILSVRC2012_val_00040673_n02093428.JPEG,ILSVRC2012_val_00001633_n04204238.JPEG,0.227461040019989,0.1912073940038681,9.67632293701172,0.03625364601612091
180,ILSVRC2012_val_00030407_n02093428.JPEG,ILSVRC2012_val_00045889_n02794156.JPEG,0.5304807424545288,0.4668898284435272,8.330924034118652,0.06359091401100159
180,ILSVRC2012_val_00030407_n02093428.JPEG,ILSVRC2012_val_00019788_n01592084.JPEG,0.5304807424545288,0.018782615661621,4.2173027992248535,0.5116981267929078
180,ILSVRC2012_val_00021938_n02093428.JPEG,ILSVRC2012_val_00048541_n04532106.JPEG,0.6765421628952026,0.0106332404538989,7.144257545471191,0.6659089224413037
180,ILSVRC2012_val_00007386_n02093428.JPEG,ILSVRC2012_val_00034652_n01817953.JPEG,1.2664812803268433,0.0176502019166946,4.551117420196533,1.2488310784101486
181,ILSVRC2012_val_00024072_n02093647.JPEG,ILSVRC2012_val_00015478_n03599486.JPEG,0.1117970645427703,0.0672646686434745,10.049306869506836,0.04453239589929581
181,ILSVRC2012_val_00037111_n02093647.JPEG,ILSVRC2012_val_00042220_n02105505.JPEG,0.0591278038918972,0.0023312792181968,8.009899139404297,0.0567965246737004
181,ILSVRC2012_val_00024072_n02093647.JPEG,ILSVRC2012_val_00008279_n02056570.JPEG,0.1117970645427703,0.0023809913545846,4.719481945037842,0.1094160731881857
181,ILSVRC2012_val_00009636_n02093647.JPEG,ILSVRC2012_val_00003555_n03992509.JPEG,0.5018668174743652,0.001893276697956,8.339356422424316,0.4999735407764092
181,ILSVRC2012_val_00009636_n02093647.JPEG,ILSVRC2012_val_00024987_n01883070.JPEG,0.5018668174743652,0.0014017528155818,4.62188720703125,0.5004650646587835
182,ILSVRC2012_val_00012605_n02093754.JPEG,ILSVRC2012_val_00029680_n04347754.JPEG,0.0425641722977161,0.0160318836569786,7.792880058288574,0.0265322886407375
182,ILSVRC2012_val_00014730_n02093754.JPEG,ILSVRC2012_val_00046982_n04550184.JPEG,0.216711938381195,0.0447357185184955,5.593613624572754,0.1719762198626995
182,ILSVRC2012_val_00030770_n02093754.JPEG,ILSVRC2012_val_00031835_n03063689.JPEG,0.5582347512245178,0.0531777143478393,6.586846351623535,0.5050570368766785
182,ILSVRC2012_val_00035173_n02093754.JPEG,ILSVRC2012_val_00023570_n02226429.JPEG,0.6963100433349609,0.0566979944705963,6.174451351165772,0.6396120488643646
182,ILSVRC2012_val_00038167_n02093754.JPEG,ILSVRC2012_val_00004738_n07248320.JPEG,0.7980508208274841,0.0451788306236267,6.267895698547363,0.7528719902038574
183,ILSVRC2012_val_00025206_n02093859.JPEG,ILSVRC2012_val_00047917_n03388183.JPEG,0.4240074455738067,0.3642502725124359,7.066221714019775,0.059757173061370794
183,ILSVRC2012_val_00014809_n02093859.JPEG,ILSVRC2012_val_00039374_n02017213.JPEG,0.2595897912979126,0.0285058226436376,8.434914588928223,0.231083968654275
183,ILSVRC2012_val_00014809_n02093859.JPEG,ILSVRC2012_val_00038812_n02128385.JPEG,0.2595897912979126,0.0182293280959129,5.250580787658691,0.2413604632019997
183,ILSVRC2012_val_00000429_n02093859.JPEG,ILSVRC2012_val_00000334_n03976657.JPEG,0.2600433826446533,0.011508859694004,6.935781478881836,0.24853452295064932
183,ILSVRC2012_val_00025206_n02093859.JPEG,ILSVRC2012_val_00030379_n03937543.JPEG,0.4240074455738067,0.0275731850415468,9.426176071166992,0.3964342605322599
184,ILSVRC2012_val_00039668_n02093991.JPEG,ILSVRC2012_val_00048519_n02971356.JPEG,0.2108104228973388,0.0160119403153657,8.639087677001953,0.1947984825819731
184,ILSVRC2012_val_00039668_n02093991.JPEG,ILSVRC2012_val_00038706_n03891251.JPEG,0.2108104228973388,0.0050372355617582,6.236903667449951,0.20577318733558062
184,ILSVRC2012_val_00039668_n02093991.JPEG,ILSVRC2012_val_00049868_n02101388.JPEG,0.2108104228973388,0.0048085288144648,1.082128643989563,0.206001894082874
184,ILSVRC2012_val_00012516_n02093991.JPEG,ILSVRC2012_val_00022303_n03709823.JPEG,0.8212125301361084,0.0432432256639003,8.9140625,0.7779693044722081
184,ILSVRC2012_val_00012516_n02093991.JPEG,ILSVRC2012_val_00011664_n01641577.JPEG,0.8212125301361084,0.027707003057003,11.745927810668944,0.7935055270791054
185,ILSVRC2012_val_00020556_n02094114.JPEG,ILSVRC2012_val_00007791_n04417672.JPEG,0.5815608501434326,0.5192846059799194,8.045838356018066,0.062276244163513184
185,ILSVRC2012_val_00047331_n02094114.JPEG,ILSVRC2012_val_00008102_n04229816.JPEG,1.0129719972610474,0.82962566614151,9.218099594116213,0.18334633111953735
185,ILSVRC2012_val_00043364_n02094114.JPEG,ILSVRC2012_val_00029891_n01943899.JPEG,0.434622973203659,0.0076024490408599,6.19419527053833,0.4270205241627991
185,ILSVRC2012_val_00020556_n02094114.JPEG,ILSVRC2012_val_00012534_n03095699.JPEG,0.5815608501434326,0.0971576496958732,8.78982925415039,0.4844032004475594
185,ILSVRC2012_val_00026313_n02094114.JPEG,ILSVRC2012_val_00000483_n02814860.JPEG,1.8186732530593872,0.0062616118229925,4.437958240509033,1.8124116412363946
186,ILSVRC2012_val_00030822_n02094258.JPEG,ILSVRC2012_val_00022792_n03445777.JPEG,1.2288522720336914,0.1928829997777938,7.307812213897705,1.0359692722558975
186,ILSVRC2012_val_00017817_n02094258.JPEG,ILSVRC2012_val_00038050_n03873416.JPEG,1.1295278072357178,0.0055821016430854,6.818126201629639,1.1239457055926323
186,ILSVRC2012_val_00043261_n02094258.JPEG,ILSVRC2012_val_00024557_n01978455.JPEG,1.2000434398651123,0.0102113671600818,3.46777606010437,1.1898320727050304
186,ILSVRC2012_val_00043261_n02094258.JPEG,ILSVRC2012_val_00010941_n02120505.JPEG,1.2000434398651123,0.0083115631714463,4.680590152740479,1.191731876693666
186,ILSVRC2012_val_00040058_n02094258.JPEG,ILSVRC2012_val_00025214_n01601694.JPEG,1.5098000764846802,0.0171171482652425,5.252373218536377,1.4926829282194376
187,ILSVRC2012_val_00000949_n02094433.JPEG,ILSVRC2012_val_00016723_n03110669.JPEG,0.3349144756793976,0.0115291289985179,5.142273902893066,0.3233853466808797
187,ILSVRC2012_val_00045818_n02094433.JPEG,ILSVRC2012_val_00008168_n04532670.JPEG,0.3920598924160003,0.0055349194444715,2.771862030029297,0.3865249729715288
187,ILSVRC2012_val_00012791_n02094433.JPEG,ILSVRC2012_val_00028959_n07831146.JPEG,0.545450747013092,0.0451545603573322,6.176799297332764,0.5002961866557598
187,ILSVRC2012_val_00012791_n02094433.JPEG,ILSVRC2012_val_00006899_n03832673.JPEG,0.545450747013092,0.010392596013844,4.153735160827637,0.535058150999248
187,ILSVRC2012_val_00017964_n02094433.JPEG,ILSVRC2012_val_00000361_n02165105.JPEG,0.7676042914390564,0.1487031579017639,5.417650699615479,0.6189011335372925
188,ILSVRC2012_val_00043157_n02095314.JPEG,ILSVRC2012_val_00048391_n04554684.JPEG,0.047301959246397,0.0058546010404825,5.814603805541992,0.0414473582059145
188,ILSVRC2012_val_00037925_n02095314.JPEG,ILSVRC2012_val_00024981_n02104029.JPEG,0.4567462801933288,0.0014515112852677,3.530727863311768,0.4552947689080611
188,ILSVRC2012_val_00029636_n02095314.JPEG,ILSVRC2012_val_00034955_n03532672.JPEG,0.6363688707351685,0.0120562184602022,8.11849594116211,0.6243126522749662
188,ILSVRC2012_val_00025983_n02095314.JPEG,ILSVRC2012_val_00039163_n02910353.JPEG,0.6989620923995972,0.0165516808629035,6.4646711349487305,0.6824104115366937
188,ILSVRC2012_val_00038926_n02095314.JPEG,ILSVRC2012_val_00001143_n03977966.JPEG,0.8674188256263733,0.1025027185678482,7.338647842407227,0.7649161070585251
189,ILSVRC2012_val_00010433_n02095570.JPEG,ILSVRC2012_val_00049025_n04350905.JPEG,0.2895675301551819,0.2518314719200134,6.438921928405762,0.03773605823516846
189,ILSVRC2012_val_00028322_n02095570.JPEG,ILSVRC2012_val_00000607_n03598930.JPEG,0.1362489312887191,0.0821149498224258,7.779815196990967,0.05413398146629329
189,ILSVRC2012_val_00024085_n02095570.JPEG,ILSVRC2012_val_00012943_n02776631.JPEG,0.1949606239795684,0.0189594905823469,4.299872398376465,0.1760011333972215
189,ILSVRC2012_val_00038668_n02095570.JPEG,ILSVRC2012_val_00036347_n04125021.JPEG,0.3128776848316192,0.0391940847039222,3.564389705657959,0.273683600127697
189,ILSVRC2012_val_00020156_n02095570.JPEG,ILSVRC2012_val_00036633_n04423845.JPEG,0.3635370433330536,0.0319333113729953,6.393439769744873,0.33160373196005827
190,ILSVRC2012_val_00006840_n02095889.JPEG,ILSVRC2012_val_00002032_n03447721.JPEG,0.0286412518471479,0.0273853000253438,7.58746337890625,0.0012559518218040987
190,ILSVRC2012_val_00004611_n02095889.JPEG,ILSVRC2012_val_00046562_n02364673.JPEG,0.0293660536408424,0.0108691090717911,4.827528953552246,0.0184969445690513
190,ILSVRC2012_val_00004611_n02095889.JPEG,ILSVRC2012_val_00007327_n02093991.JPEG,0.0293660536408424,0.0024826677981764,5.413776397705078,0.026883385842666
190,ILSVRC2012_val_00014148_n02095889.JPEG,ILSVRC2012_val_00038078_n01753488.JPEG,0.2423843592405319,0.2067315280437469,7.302742958068848,0.035652831196785
190,ILSVRC2012_val_00020637_n02095889.JPEG,ILSVRC2012_val_00010774_n02233338.JPEG,0.053384318947792,0.0045391856692731,1.0083048343658447,0.0488451332785189
191,ILSVRC2012_val_00019265_n02096051.JPEG,ILSVRC2012_val_00041730_n01689811.JPEG,0.0179190821945667,0.0143675822764635,9.991433143615724,0.003551499918103199
191,ILSVRC2012_val_00019265_n02096051.JPEG,ILSVRC2012_val_00010363_n01443537.JPEG,0.0179190821945667,0.0030454467050731,6.973808288574219,0.014873635489493598
191,ILSVRC2012_val_00031914_n02096051.JPEG,ILSVRC2012_val_00003479_n02841315.JPEG,0.062184065580368,0.0286029074341058,6.523116111755371,0.0335811581462622
191,ILSVRC2012_val_00020257_n02096051.JPEG,ILSVRC2012_val_00002526_n02927161.JPEG,0.0615436546504497,0.0040166662074625,3.002314329147339,0.0575269884429872
191,ILSVRC2012_val_00015571_n02096051.JPEG,ILSVRC2012_val_00028850_n03461385.JPEG,0.3192997276782989,0.0013328249333426,9.30220890045166,0.3179669027449563
192,ILSVRC2012_val_00032767_n02096177.JPEG,ILSVRC2012_val_00004254_n01978455.JPEG,0.0734550431370735,0.0041114096529781,4.509236812591553,0.0693436334840954
192,ILSVRC2012_val_00004397_n02096177.JPEG,ILSVRC2012_val_00038283_n01774384.JPEG,0.8015262484550476,0.6424357891082764,9.360587120056152,0.15909045934677124
192,ILSVRC2012_val_00004397_n02096177.JPEG,ILSVRC2012_val_00008713_n02102480.JPEG,0.8015262484550476,0.0020345004741102,5.629105567932129,0.7994917479809374
192,ILSVRC2012_val_00033231_n02096177.JPEG,ILSVRC2012_val_00019648_n02815834.JPEG,1.472277283668518,0.0109178088605403,4.892014980316162,1.4613594748079777
192,ILSVRC2012_val_00024431_n02096177.JPEG,ILSVRC2012_val_00032629_n07930864.JPEG,4.899519443511963,0.0186238456517457,11.406792640686035,4.880895597860217
193,ILSVRC2012_val_00009052_n02096294.JPEG,ILSVRC2012_val_00010433_n02095570.JPEG,0.1202960908412933,0.0124293956905603,2.945684671401977,0.107866695150733
193,ILSVRC2012_val_00019327_n02096294.JPEG,ILSVRC2012_val_00012414_n02346627.JPEG,1.467248797416687,0.0087753608822822,5.740330696105957,1.4584734365344048
193,ILSVRC2012_val_00026427_n02096294.JPEG,ILSVRC2012_val_00045312_n03777568.JPEG,1.5303319692611694,0.070465974509716,2.2029030323028564,1.4598659947514534
193,ILSVRC2012_val_00018045_n02096294.JPEG,ILSVRC2012_val_00030371_n01692333.JPEG,1.522023320198059,0.0209423936903476,7.912484169006348,1.5010809265077114
193,ILSVRC2012_val_00028540_n02096294.JPEG,ILSVRC2012_val_00039618_n01685808.JPEG,5.78908634185791,0.1262974292039871,7.389347553253174,5.662788912653923
194,ILSVRC2012_val_00003380_n02096437.JPEG,ILSVRC2012_val_00028670_n02056570.JPEG,0.0634863674640655,0.0124244512990117,4.38277530670166,0.051061916165053796
194,ILSVRC2012_val_00020901_n02096437.JPEG,ILSVRC2012_val_00046630_n04389033.JPEG,0.1488433927297592,0.0034268721938133,3.9547085762023926,0.1454165205359459
194,ILSVRC2012_val_00024766_n02096437.JPEG,ILSVRC2012_val_00005521_n02109961.JPEG,0.4145468473434448,0.0027174947317689,4.616574287414551,0.4118293526116759
194,ILSVRC2012_val_00048101_n02096437.JPEG,ILSVRC2012_val_00007115_n02444819.JPEG,0.4501509368419647,0.0037453284021466,4.184986591339111,0.44640560843981814
194,ILSVRC2012_val_00048101_n02096437.JPEG,ILSVRC2012_val_00012271_n01882714.JPEG,0.4501509368419647,0.0029404994565993,3.616464138031006,0.4472104373853654
195,ILSVRC2012_val_00021914_n02096585.JPEG,ILSVRC2012_val_00048804_n02666196.JPEG,0.0360225923359394,0.0209239497780799,2.8374814987182617,0.0150986425578595
195,ILSVRC2012_val_00045047_n02096585.JPEG,ILSVRC2012_val_00009438_n06794110.JPEG,0.0758766829967498,0.0502606481313705,9.302760124206545,0.025616034865379292
195,ILSVRC2012_val_00021914_n02096585.JPEG,ILSVRC2012_val_00019073_n01829413.JPEG,0.0360225923359394,0.0052416990511119,2.016529321670532,0.0307808932848275
195,ILSVRC2012_val_00033268_n02096585.JPEG,ILSVRC2012_val_00007828_n02098413.JPEG,0.1547373980283737,0.0024270145222544,5.582474708557129,0.15231038350611928
195,ILSVRC2012_val_00035182_n02096585.JPEG,ILSVRC2012_val_00028076_n01737021.JPEG,0.560468316078186,0.1729570180177688,8.086989402770996,0.38751129806041723
196,ILSVRC2012_val_00030402_n02097047.JPEG,ILSVRC2012_val_00022265_n07590611.JPEG,0.1497861444950103,0.047372680157423,7.421052932739258,0.1024134643375873
196,ILSVRC2012_val_00028016_n02097047.JPEG,ILSVRC2012_val_00034230_n02488702.JPEG,0.1480336040258407,0.0084479823708534,0.6560743451118469,0.1395856216549873
196,ILSVRC2012_val_00008658_n02097047.JPEG,ILSVRC2012_val_00017194_n01484850.JPEG,0.3238207995891571,0.0442305989563465,7.35535192489624,0.2795902006328106
196,ILSVRC2012_val_00008658_n02097047.JPEG,ILSVRC2012_val_00009329_n01740131.JPEG,0.3238207995891571,0.0293853860348463,5.717511177062988,0.2944354135543108
196,ILSVRC2012_val_00008658_n02097047.JPEG,ILSVRC2012_val_00027050_n03868863.JPEG,0.3238207995891571,0.0098927216604352,2.764401912689209,0.3139280779287219
197,ILSVRC2012_val_00009030_n02097130.JPEG,ILSVRC2012_val_00032309_n04086273.JPEG,0.1859512776136398,0.020762600004673,8.287269592285156,0.1651886776089668
197,ILSVRC2012_val_00047585_n02097130.JPEG,ILSVRC2012_val_00006743_n04589890.JPEG,0.5153186917304993,0.0315502472221851,10.346254348754885,0.4837684445083142
197,ILSVRC2012_val_00040836_n02097130.JPEG,ILSVRC2012_val_00018917_n03017168.JPEG,0.5192033052444458,0.0242775380611419,10.942862510681152,0.4949257671833039
197,ILSVRC2012_val_00004248_n02097130.JPEG,ILSVRC2012_val_00031978_n02877765.JPEG,0.5335649251937866,0.0151509419083595,5.837364196777344,0.5184139832854271
197,ILSVRC2012_val_00045760_n02097130.JPEG,ILSVRC2012_val_00029517_n04141327.JPEG,0.5730767846107483,0.017853507772088,8.8286771774292,0.5552232768386602
198,ILSVRC2012_val_00031127_n02097209.JPEG,ILSVRC2012_val_00024138_n04592741.JPEG,0.1530158072710037,0.0349600836634635,7.393044948577881,0.11805572360754019
198,ILSVRC2012_val_00010046_n02097209.JPEG,ILSVRC2012_val_00003990_n04009552.JPEG,0.160075306892395,0.0243042986840009,6.097679138183594,0.1357710082083941
198,ILSVRC2012_val_00022042_n02097209.JPEG,ILSVRC2012_val_00026968_n04380533.JPEG,0.2092195451259613,0.0167385637760162,2.9478721618652344,0.1924809813499451
198,ILSVRC2012_val_00006178_n02097209.JPEG,ILSVRC2012_val_00014882_n01924916.JPEG,0.8830230236053467,0.1275465190410614,8.493541717529297,0.7554765045642853
198,ILSVRC2012_val_00006178_n02097209.JPEG,ILSVRC2012_val_00027600_n02817516.JPEG,0.8830230236053467,0.0142753338441252,8.784950256347656,0.8687476897612215
199,ILSVRC2012_val_00011138_n02097298.JPEG,ILSVRC2012_val_00015802_n02169497.JPEG,0.0143782757222652,0.0129730738699436,3.974064350128174,0.0014052018523216005
199,ILSVRC2012_val_00011138_n02097298.JPEG,ILSVRC2012_val_00002220_n02669723.JPEG,0.0143782757222652,0.0053584994748234,5.1289472579956055,0.0090197762474418
199,ILSVRC2012_val_00004549_n02097298.JPEG,ILSVRC2012_val_00039805_n04120489.JPEG,0.0808789134025573,0.0703840926289558,10.905036926269531,0.010494820773601504
199,ILSVRC2012_val_00004549_n02097298.JPEG,ILSVRC2012_val_00024883_n13040303.JPEG,0.0808789134025573,0.0030957176350057,4.593316555023193,0.0777831957675516
199,ILSVRC2012_val_00014441_n02097298.JPEG,ILSVRC2012_val_00027392_n12144580.JPEG,1.7299644947052002,1.4969156980514526,9.727293014526367,0.23304879665374756
200,ILSVRC2012_val_00011895_n02097474.JPEG,ILSVRC2012_val_00020792_n02219486.JPEG,0.0886086076498031,0.0054934252984821,2.012829065322876,0.08311518235132101
200,ILSVRC2012_val_00044819_n02097474.JPEG,ILSVRC2012_val_00036075_n02111500.JPEG,0.2371148616075515,0.0033293315209448,2.0772087574005127,0.23378553008660669
200,ILSVRC2012_val_00043598_n02097474.JPEG,ILSVRC2012_val_00006930_n04296562.JPEG,0.7346222400665283,0.0842250511050224,6.247376441955566,0.6503971889615059
200,ILSVRC2012_val_00008488_n02097474.JPEG,ILSVRC2012_val_00002493_n03902125.JPEG,2.00539231300354,0.2828904986381531,8.75779914855957,1.722501814365387
200,ILSVRC2012_val_00001284_n02097474.JPEG,ILSVRC2012_val_00017846_n03623198.JPEG,2.181133270263672,0.0165203753858804,7.499714851379394,2.1646128948777914
201,ILSVRC2012_val_00049653_n02097658.JPEG,ILSVRC2012_val_00004631_n02105855.JPEG,0.1845722198486328,0.0049438849091529,3.185652732849121,0.1796283349394799
201,ILSVRC2012_val_00009848_n02097658.JPEG,ILSVRC2012_val_00024129_n07742313.JPEG,0.2223264873027801,0.0422401316463947,6.100253105163574,0.1800863556563854
201,ILSVRC2012_val_00045634_n02097658.JPEG,ILSVRC2012_val_00021237_n02504013.JPEG,1.3879635334014893,0.0069529726170003,11.27955722808838,1.381010560784489
201,ILSVRC2012_val_00000799_n02097658.JPEG,ILSVRC2012_val_00045326_n03642806.JPEG,1.9840941429138184,0.3135868310928345,6.668588638305664,1.6705073118209839
201,ILSVRC2012_val_00020815_n02097658.JPEG,ILSVRC2012_val_00041137_n02099849.JPEG,2.046884775161743,0.0106363063678145,6.042683124542236,2.0362484687939286
202,ILSVRC2012_val_00008201_n02098105.JPEG,ILSVRC2012_val_00006156_n02992529.JPEG,0.0209122747182846,0.019733652472496,6.54844856262207,0.0011786222457885985
202,ILSVRC2012_val_00008201_n02098105.JPEG,ILSVRC2012_val_00024561_n02793495.JPEG,0.0209122747182846,0.0055660977959632,7.12376880645752,0.0153461769223214
202,ILSVRC2012_val_00028052_n02098105.JPEG,ILSVRC2012_val_00028495_n04033901.JPEG,2.0821750164031982,0.0230324007570743,8.221059799194336,2.059142615646124
202,ILSVRC2012_val_00027820_n02098105.JPEG,ILSVRC2012_val_00019255_n03710721.JPEG,2.077315330505371,0.017060661688447,4.963944435119629,2.060254668816924
202,ILSVRC2012_val_00028052_n02098105.JPEG,ILSVRC2012_val_00003945_n03594945.JPEG,2.0821750164031982,0.003143253037706,7.590712547302246,2.0790317633654922
203,ILSVRC2012_val_00038999_n02098286.JPEG,ILSVRC2012_val_00040795_n03376595.JPEG,0.6826022863388062,0.6432821154594421,6.60591983795166,0.039320170879364014
203,ILSVRC2012_val_00038253_n02098286.JPEG,ILSVRC2012_val_00010792_n01667778.JPEG,0.4300281703472137,0.0066027333959937,3.9523417949676514,0.42342543695122
203,ILSVRC2012_val_00020651_n02098286.JPEG,ILSVRC2012_val_00026725_n02490219.JPEG,0.4985324144363403,0.0140300402417778,6.733431816101074,0.4845023741945625
203,ILSVRC2012_val_00045584_n02098286.JPEG,ILSVRC2012_val_00033704_n03649909.JPEG,0.8501445055007935,0.0044971755705773,1.1641864776611328,0.8456473299302162
203,ILSVRC2012_val_00015415_n02098286.JPEG,ILSVRC2012_val_00014517_n03661043.JPEG,1.2939794063568115,0.0060442043468356,3.324293375015259,1.287935202009976
204,ILSVRC2012_val_00031626_n02098413.JPEG,ILSVRC2012_val_00000770_n04040759.JPEG,0.3820763230323791,0.3276489675045013,7.715905666351318,0.05442735552787781
204,ILSVRC2012_val_00007828_n02098413.JPEG,ILSVRC2012_val_00037200_n01687978.JPEG,0.2849615812301636,0.0172346774488687,9.512115478515623,0.2677269037812949
204,ILSVRC2012_val_00007828_n02098413.JPEG,ILSVRC2012_val_00000398_n02497673.JPEG,0.2849615812301636,0.016196696087718,5.8817009925842285,0.26876488514244556
204,ILSVRC2012_val_00031626_n02098413.JPEG,ILSVRC2012_val_00003290_n03930313.JPEG,0.3820763230323791,0.0316071920096874,7.994801521301269,0.35046913102269167
204,ILSVRC2012_val_00037853_n02098413.JPEG,ILSVRC2012_val_00002515_n01983481.JPEG,0.7486103773117065,0.0186904221773147,3.951135635375977,0.7299199551343919
205,ILSVRC2012_val_00033072_n02099267.JPEG,ILSVRC2012_val_00049487_n04429376.JPEG,0.0660159364342689,0.0559357032179832,8.166996955871582,0.010080233216285699
205,ILSVRC2012_val_00043050_n02099267.JPEG,ILSVRC2012_val_00026352_n03777568.JPEG,0.2755442559719085,0.0134029584005475,8.306530952453613,0.262141297571361
205,ILSVRC2012_val_00045739_n02099267.JPEG,ILSVRC2012_val_00024057_n03721384.JPEG,1.3673385381698608,0.016608078032732,10.846755981445312,1.3507304601371288
205,ILSVRC2012_val_00045739_n02099267.JPEG,ILSVRC2012_val_00036327_n03457902.JPEG,1.3673385381698608,0.0124113820493221,10.3294038772583,1.3549271561205387
205,ILSVRC2012_val_00040660_n02099267.JPEG,ILSVRC2012_val_00024964_n03026506.JPEG,1.504157304763794,0.0141499331220984,8.807618141174316,1.4900073716416955
206,ILSVRC2012_val_00031534_n02099429.JPEG,ILSVRC2012_val_00002855_n01774750.JPEG,0.0534693002700805,0.0120701165869832,9.35227870941162,0.04139918368309729
206,ILSVRC2012_val_00031534_n02099429.JPEG,ILSVRC2012_val_00016668_n02093991.JPEG,0.0534693002700805,0.007657578215003,4.094610691070557,0.0458117220550775
206,ILSVRC2012_val_00031534_n02099429.JPEG,ILSVRC2012_val_00006588_n07932039.JPEG,0.0534693002700805,0.0022116266191005,6.43781328201294,0.051257673650979996
206,ILSVRC2012_val_00005699_n02099429.JPEG,ILSVRC2012_val_00044953_n02788148.JPEG,0.3518304526805877,0.0090742809697985,6.810296058654785,0.3427561717107892
206,ILSVRC2012_val_00020347_n02099429.JPEG,ILSVRC2012_val_00001275_n03255030.JPEG,0.5125739574432373,0.0109115596860647,8.808036804199219,0.5016623977571726
207,ILSVRC2012_val_00033790_n02099601.JPEG,ILSVRC2012_val_00022902_n03535780.JPEG,0.0580107197165489,0.015865284949541,8.306658744812012,0.0421454347670079
207,ILSVRC2012_val_00033790_n02099601.JPEG,ILSVRC2012_val_00016290_n04263257.JPEG,0.0580107197165489,0.0070696915499866,4.155407428741455,0.0509410281665623
207,ILSVRC2012_val_00005697_n02099601.JPEG,ILSVRC2012_val_00042922_n02110958.JPEG,0.0639929324388504,0.0049731843173503,2.387035608291626,0.059019748121500105
207,ILSVRC2012_val_00020367_n02099601.JPEG,ILSVRC2012_val_00044427_n03947888.JPEG,0.1611053645610809,0.0598807036876678,7.156929016113281,0.10122466087341311
207,ILSVRC2012_val_00020367_n02099601.JPEG,ILSVRC2012_val_00001854_n04069434.JPEG,0.1611053645610809,0.0227053444832563,5.605731964111328,0.1384000200778246
208,ILSVRC2012_val_00009895_n02099712.JPEG,ILSVRC2012_val_00046246_n02860847.JPEG,0.162196084856987,0.0162202715873718,6.373528480529785,0.1459758132696152
208,ILSVRC2012_val_00049959_n02099712.JPEG,ILSVRC2012_val_00017615_n04090263.JPEG,0.2264414429664611,0.0268939658999443,7.091945648193359,0.1995474770665168
208,ILSVRC2012_val_00025991_n02099712.JPEG,ILSVRC2012_val_00042480_n01860187.JPEG,0.292290598154068,0.0088642193004488,3.8213045597076416,0.2834263788536192
208,ILSVRC2012_val_00016148_n02099712.JPEG,ILSVRC2012_val_00026106_n02442845.JPEG,0.4342102408409118,0.0025392691604793,3.86630916595459,0.4316709716804325
208,ILSVRC2012_val_00016148_n02099712.JPEG,ILSVRC2012_val_00004600_n02074367.JPEG,0.4342102408409118,0.001712285913527,6.285346984863281,0.4324979549273848
209,ILSVRC2012_val_00044036_n02099849.JPEG,ILSVRC2012_val_00047181_n04067472.JPEG,0.1060278862714767,0.0936441123485565,8.209542274475098,0.0123837739229202
209,ILSVRC2012_val_00041137_n02099849.JPEG,ILSVRC2012_val_00022416_n06794110.JPEG,0.0617443919181823,0.0309453848749399,8.085609436035156,0.030799007043242396
209,ILSVRC2012_val_00045884_n02099849.JPEG,ILSVRC2012_val_00019517_n02106030.JPEG,0.0591581426560878,0.0039779590442776,3.897977352142334,0.0551801836118102
209,ILSVRC2012_val_00010702_n02099849.JPEG,ILSVRC2012_val_00013239_n02129604.JPEG,0.139180526137352,0.0047795809805393,10.554600715637209,0.1344009451568127
209,ILSVRC2012_val_00021344_n02099849.JPEG,ILSVRC2012_val_00025757_n04328186.JPEG,0.5354852676391602,0.0023054706398397,4.057975769042969,0.5331797969993205
210,ILSVRC2012_val_00033432_n02100236.JPEG,ILSVRC2012_val_00041067_n03584829.JPEG,0.098216526210308,0.0864786580204963,8.310453414916992,0.011737868189811707
210,ILSVRC2012_val_00039487_n02100236.JPEG,ILSVRC2012_val_00031667_n04311174.JPEG,0.0367742404341697,0.0003636414185166,7.753969192504883,0.0364105990156531
210,ILSVRC2012_val_00023168_n02100236.JPEG,ILSVRC2012_val_00048978_n01756291.JPEG,0.3128436803817749,0.0035937745124101,4.703705310821533,0.3092499058693648
210,ILSVRC2012_val_00020965_n02100236.JPEG,ILSVRC2012_val_00005554_n03394916.JPEG,0.3486256301403045,0.0099464263767004,6.6342315673828125,0.3386792037636041
210,ILSVRC2012_val_00011682_n02100236.JPEG,ILSVRC2012_val_00012800_n02114548.JPEG,0.5414272546768188,0.0080145439133048,5.095766067504883,0.533412710763514
211,ILSVRC2012_val_00041393_n02100583.JPEG,ILSVRC2012_val_00012904_n02113624.JPEG,0.1315317302942276,0.0104278707876801,3.067591428756714,0.1211038595065475
211,ILSVRC2012_val_00010808_n02100583.JPEG,ILSVRC2012_val_00014613_n03443371.JPEG,0.563156008720398,0.0201737247407436,9.01735019683838,0.5429822839796543
211,ILSVRC2012_val_00013398_n02100583.JPEG,ILSVRC2012_val_00015893_n02002724.JPEG,1.2150367498397827,0.009646232239902,7.3805718421936035,1.2053905175998807
211,ILSVRC2012_val_00041745_n02100583.JPEG,ILSVRC2012_val_00028629_n01644900.JPEG,2.061111688613892,0.0141563974320888,7.232082843780518,2.046955291181803
211,ILSVRC2012_val_00027038_n02100583.JPEG,ILSVRC2012_val_00003992_n04067472.JPEG,2.7087574005126958,0.0066299708560109,7.268852233886719,2.702127429656685
212,ILSVRC2012_val_00002878_n02100735.JPEG,ILSVRC2012_val_00010949_n04026417.JPEG,0.0270235817879438,0.0202352907508611,10.008853912353516,0.0067882910370827
212,ILSVRC2012_val_00011024_n02100735.JPEG,ILSVRC2012_val_00013358_n02114548.JPEG,0.095723770558834,0.0013180625392124,1.2490133047103882,0.0944057080196216
212,ILSVRC2012_val_00014446_n02100735.JPEG,ILSVRC2012_val_00025955_n01740131.JPEG,0.1374308913946151,0.0040933638811111,2.812466859817505,0.133337527513504
212,ILSVRC2012_val_00012739_n02100735.JPEG,ILSVRC2012_val_00022647_n03775546.JPEG,0.4685781598091125,0.0333749763667583,7.98249340057373,0.4352031834423542
212,ILSVRC2012_val_00023675_n02100735.JPEG,ILSVRC2012_val_00021484_n03127747.JPEG,0.4494681358337402,0.0044094715267419,5.610757827758789,0.44505866430699825
213,ILSVRC2012_val_00008282_n02100877.JPEG,ILSVRC2012_val_00034577_n04548362.JPEG,0.1226928755640983,0.0128005510196089,8.07179069519043,0.1098923245444894
213,ILSVRC2012_val_00008282_n02100877.JPEG,ILSVRC2012_val_00039692_n02096294.JPEG,0.1226928755640983,0.0018095085397362,0.3993656039237976,0.1208833670243621
213,ILSVRC2012_val_00025288_n02100877.JPEG,ILSVRC2012_val_00032377_n09468604.JPEG,0.6356247663497925,0.007151954807341,8.092606544494629,0.6284728115424515
213,ILSVRC2012_val_00025288_n02100877.JPEG,ILSVRC2012_val_00012427_n03160309.JPEG,0.6356247663497925,0.006613983772695,9.95655918121338,0.6290107825770975
213,ILSVRC2012_val_00005607_n02100877.JPEG,ILSVRC2012_val_00025831_n01773157.JPEG,0.7501815557479858,0.0038841534405946,6.513345718383789,0.7462974023073913
214,ILSVRC2012_val_00014032_n02101006.JPEG,ILSVRC2012_val_00042681_n03956157.JPEG,0.027172090485692,0.0241623446345329,8.01474380493164,0.0030097458511590992
214,ILSVRC2012_val_00019013_n02101006.JPEG,ILSVRC2012_val_00020617_n04335435.JPEG,0.0939507260918617,0.044648740440607,8.488527297973633,0.049301985651254696
214,ILSVRC2012_val_00016085_n02101006.JPEG,ILSVRC2012_val_00026935_n01775062.JPEG,0.2346331477165222,0.0029410938732326,6.638755798339844,0.23169205384328959
214,ILSVRC2012_val_00047325_n02101006.JPEG,ILSVRC2012_val_00005024_n03763968.JPEG,0.6387462615966797,0.0067952736280858,7.468235492706299,0.6319509879685938
214,ILSVRC2012_val_00030512_n02101006.JPEG,ILSVRC2012_val_00005675_n01797886.JPEG,0.7611595392227173,0.0042300038039684,4.700568675994873,0.7569295354187489
215,ILSVRC2012_val_00017676_n02101388.JPEG,ILSVRC2012_val_00030492_n03018349.JPEG,0.0159004852175712,0.008717811666429,6.608260631561279,0.0071826735511422
215,ILSVRC2012_val_00031368_n02101388.JPEG,ILSVRC2012_val_00002739_n04009552.JPEG,0.0908253639936447,0.0762557312846183,8.557158470153809,0.014569632709026406
215,ILSVRC2012_val_00016998_n02101388.JPEG,ILSVRC2012_val_00021569_n03444034.JPEG,0.1853827685117721,0.0716049745678901,5.956837177276611,0.113777793943882
215,ILSVRC2012_val_00024686_n02101388.JPEG,ILSVRC2012_val_00007652_n02085936.JPEG,0.1940358579158783,0.0035998323000967,3.576409339904785,0.1904360256157816
215,ILSVRC2012_val_00048536_n02101388.JPEG,ILSVRC2012_val_00042371_n04208210.JPEG,0.6827486753463745,0.0051654451526701,3.582191228866577,0.6775832301937044
216,ILSVRC2012_val_00040308_n02101556.JPEG,ILSVRC2012_val_00013465_n02398521.JPEG,0.0222584567964077,0.0010513499146327,2.6251707077026367,0.021207106881775
216,ILSVRC2012_val_00032975_n02101556.JPEG,ILSVRC2012_val_00036394_n02690373.JPEG,0.1049659848213195,0.0033369355369359,1.7629587650299072,0.1016290492843836
216,ILSVRC2012_val_00036977_n02101556.JPEG,ILSVRC2012_val_00047622_n01877812.JPEG,0.209129124879837,0.0058495048433542,4.636094093322754,0.2032796200364828
216,ILSVRC2012_val_00030540_n02101556.JPEG,ILSVRC2012_val_00006485_n04023962.JPEG,1.1784197092056274,0.0023663633037358,3.440777063369751,1.1760533459018916
216,ILSVRC2012_val_00030540_n02101556.JPEG,ILSVRC2012_val_00024875_n02093991.JPEG,1.1784197092056274,0.0009600082994438,8.111109733581543,1.1774597009061836
217,ILSVRC2012_val_00017370_n02102040.JPEG,ILSVRC2012_val_00014846_n04554684.JPEG,0.4470917582511902,0.371517151594162,10.150038719177246,0.0755746066570282
217,ILSVRC2012_val_00025442_n02102040.JPEG,ILSVRC2012_val_00004448_n01755581.JPEG,0.0811899080872535,0.0021895025856792,5.316699028015137,0.0790004055015743
217,ILSVRC2012_val_00040679_n02102040.JPEG,ILSVRC2012_val_00020741_n03347037.JPEG,0.1595598757266998,0.0350740365684032,5.600322246551514,0.1244858391582966
217,ILSVRC2012_val_00046295_n02102040.JPEG,ILSVRC2012_val_00028669_n03393912.JPEG,0.3330195844173431,0.2077857404947281,9.89893913269043,0.125233843922615
217,ILSVRC2012_val_00012689_n02102040.JPEG,ILSVRC2012_val_00021801_n02113799.JPEG,0.332318514585495,0.0031049873214215,1.568810224533081,0.3292135272640735
218,ILSVRC2012_val_00010758_n02102177.JPEG,ILSVRC2012_val_00036036_n02692877.JPEG,0.0475181974470615,0.0103816241025924,5.454370498657227,0.0371365733444691
218,ILSVRC2012_val_00008348_n02102177.JPEG,ILSVRC2012_val_00044305_n02486410.JPEG,0.0862305462360382,0.0022653888445347,6.799418449401856,0.0839651573915035
218,ILSVRC2012_val_00018942_n02102177.JPEG,ILSVRC2012_val_00028993_n02094433.JPEG,0.1349487155675888,0.0035093170590698,2.3246188163757324,0.13143939850851902
218,ILSVRC2012_val_00006947_n02102177.JPEG,ILSVRC2012_val_00035308_n02256656.JPEG,0.2263791859149933,0.041557427495718,6.391903400421143,0.18482175841927528
218,ILSVRC2012_val_00028782_n02102177.JPEG,ILSVRC2012_val_00031332_n02002556.JPEG,0.2671343982219696,0.0123270777985453,10.234807014465332,0.2548073204234243
219,ILSVRC2012_val_00034219_n02102318.JPEG,ILSVRC2012_val_00020025_n02037110.JPEG,0.0484161861240863,0.0060151740908622,4.777230262756348,0.0424010120332241
219,ILSVRC2012_val_00040400_n02102318.JPEG,ILSVRC2012_val_00039807_n02098413.JPEG,0.3084583282470703,0.0039778403006494,1.804082274436951,0.3044804879464209
219,ILSVRC2012_val_00032410_n02102318.JPEG,ILSVRC2012_val_00012364_n02097298.JPEG,0.3660011291503906,0.0024718465283513,4.662459373474121,0.3635292826220393
219,ILSVRC2012_val_00019914_n02102318.JPEG,ILSVRC2012_val_00042909_n02111277.JPEG,2.662966728210449,0.0019192148465663,2.662966728210449,2.661047513363883
219,ILSVRC2012_val_00040898_n02102318.JPEG,ILSVRC2012_val_00045868_n04462240.JPEG,2.698136806488037,0.01112543605268,9.422948837280272,2.687011370435357
220,ILSVRC2012_val_00007430_n02102480.JPEG,ILSVRC2012_val_00010465_n01756291.JPEG,0.0243684034794569,0.0088672908022999,2.273797512054444,0.015501112677157002
220,ILSVRC2012_val_00007430_n02102480.JPEG,ILSVRC2012_val_00045284_n13133613.JPEG,0.0243684034794569,0.0053097652271389,5.157347679138184,0.019058638252318003
220,ILSVRC2012_val_00014117_n02102480.JPEG,ILSVRC2012_val_00044975_n01518878.JPEG,0.0261522736400365,0.004604214336723,6.174367427825928,0.0215480593033135
220,ILSVRC2012_val_00001550_n02102480.JPEG,ILSVRC2012_val_00018611_n04417672.JPEG,0.0449474975466728,0.0027933409437537,5.207889556884766,0.0421541566029191
220,ILSVRC2012_val_00017499_n02102480.JPEG,ILSVRC2012_val_00024409_n02363005.JPEG,0.0720687285065651,0.002824486233294,7.4184370040893555,0.0692442422732711
221,ILSVRC2012_val_00001693_n02102973.JPEG,ILSVRC2012_val_00005872_n03866082.JPEG,0.0074533717706799,0.0069804368540644,7.957963466644287,0.0004729349166155
221,ILSVRC2012_val_00001693_n02102973.JPEG,ILSVRC2012_val_00019191_n03873416.JPEG,0.0074533717706799,0.0068763755261898,7.00065279006958,0.0005769962444901007
221,ILSVRC2012_val_00004713_n02102973.JPEG,ILSVRC2012_val_00030867_n03742115.JPEG,0.0501973889768123,0.0056092482991516,5.060139656066895,0.044588140677660704
221,ILSVRC2012_val_00004713_n02102973.JPEG,ILSVRC2012_val_00009003_n04606251.JPEG,0.0501973889768123,0.0034029928501695,3.0715172290802,0.0467943961266428
221,ILSVRC2012_val_00010049_n02102973.JPEG,ILSVRC2012_val_00048931_n04229816.JPEG,0.0944470763206482,0.0132482731714844,6.867489814758301,0.08119880314916379
222,ILSVRC2012_val_00005583_n02104029.JPEG,ILSVRC2012_val_00000726_n02447366.JPEG,0.3674009442329407,0.0063669215887784,6.389914512634277,0.3610340226441623
222,ILSVRC2012_val_00028346_n02104029.JPEG,ILSVRC2012_val_00037398_n03045698.JPEG,0.9064096808433532,0.0059834169223904,1.4265315532684326,0.9004262639209628
222,ILSVRC2012_val_00028346_n02104029.JPEG,ILSVRC2012_val_00049528_n04259630.JPEG,0.9064096808433532,0.005854126997292,5.141533851623535,0.9005555538460611
222,ILSVRC2012_val_00028346_n02104029.JPEG,ILSVRC2012_val_00024723_n02099429.JPEG,0.9064096808433532,0.0045323027297854,4.293179988861084,0.9018773781135677
222,ILSVRC2012_val_00006336_n02104029.JPEG,ILSVRC2012_val_00024993_n01704323.JPEG,0.9232651591300964,0.0022385080810636,1.8439979553222656,0.9210266510490328
223,ILSVRC2012_val_00031373_n02104365.JPEG,ILSVRC2012_val_00001288_n01819313.JPEG,0.0110218049958348,0.0106072910130023,4.712008476257324,0.00041451398283249945
223,ILSVRC2012_val_00031373_n02104365.JPEG,ILSVRC2012_val_00031439_n02088094.JPEG,0.0110218049958348,0.0037486536893993,3.238500595092773,0.0072731513064355
223,ILSVRC2012_val_00014101_n02104365.JPEG,ILSVRC2012_val_00022593_n02091635.JPEG,0.0902539119124412,0.0697654783725738,10.066608428955078,0.0204884335398674
223,ILSVRC2012_val_00007033_n02104365.JPEG,ILSVRC2012_val_00014819_n02071294.JPEG,0.1412919163703918,0.0087200570851564,3.958485126495361,0.13257185928523538
223,ILSVRC2012_val_00001038_n02104365.JPEG,ILSVRC2012_val_00042415_n02883205.JPEG,0.3760502338409424,0.0067134541459381,8.20234489440918,0.3693367796950043
224,ILSVRC2012_val_00017117_n02105056.JPEG,ILSVRC2012_val_00025300_n04201297.JPEG,0.2389817833900451,0.0247385278344154,5.793725967407227,0.2142432555556297
224,ILSVRC2012_val_00033341_n02105056.JPEG,ILSVRC2012_val_00017738_n02999410.JPEG,0.3748926222324371,0.0178154502063989,5.240822792053223,0.35707717202603817
224,ILSVRC2012_val_00046199_n02105056.JPEG,ILSVRC2012_val_00000042_n04049303.JPEG,0.5174602270126343,0.0214844979345798,7.495749473571777,0.4959757290780545
224,ILSVRC2012_val_00012817_n02105056.JPEG,ILSVRC2012_val_00006876_n03803284.JPEG,0.6410614848136902,0.0063095889054238,5.501490592956543,0.6347518959082664
224,ILSVRC2012_val_00035891_n02105056.JPEG,ILSVRC2012_val_00018255_n07716358.JPEG,1.269830584526062,0.1027401536703109,7.40116024017334,1.167090430855751
225,ILSVRC2012_val_00034305_n02105162.JPEG,ILSVRC2012_val_00025635_n04254777.JPEG,0.0259516928344964,0.0193590987473726,5.536437511444092,0.0065925940871238015
225,ILSVRC2012_val_00027807_n02105162.JPEG,ILSVRC2012_val_00045148_n03770679.JPEG,0.0538218095898628,0.0452613234519958,8.034561157226562,0.008560486137867002
225,ILSVRC2012_val_00027807_n02105162.JPEG,ILSVRC2012_val_00001837_n03297495.JPEG,0.0538218095898628,0.0424758605659008,7.83709716796875,0.011345949023962
225,ILSVRC2012_val_00034305_n02105162.JPEG,ILSVRC2012_val_00028073_n01985128.JPEG,0.0259516928344964,0.0058083799667656,9.610919952392578,0.0201433128677308
225,ILSVRC2012_val_00027780_n02105162.JPEG,ILSVRC2012_val_00046125_n03773504.JPEG,0.0548094063997268,0.0233267396688461,4.292847633361816,0.031482666730880696
226,ILSVRC2012_val_00004938_n02105251.JPEG,ILSVRC2012_val_00015129_n02727426.JPEG,0.0674040913581848,0.0030342750251293,8.803903579711914,0.0643698163330555
226,ILSVRC2012_val_00048364_n02105251.JPEG,ILSVRC2012_val_00011603_n02500267.JPEG,0.1828182786703109,0.005408298689872,7.397418022155762,0.1774099799804389
226,ILSVRC2012_val_00041178_n02105251.JPEG,ILSVRC2012_val_00032641_n02966687.JPEG,2.950263023376465,0.0547948479652404,7.005399703979492,2.8954681754112244
226,ILSVRC2012_val_00041178_n02105251.JPEG,ILSVRC2012_val_00035334_n04591157.JPEG,2.950263023376465,0.0162033811211586,8.483596801757812,2.9340596422553062
226,ILSVRC2012_val_00041178_n02105251.JPEG,ILSVRC2012_val_00012293_n02089078.JPEG,2.950263023376465,0.0027631458360701,6.320642471313477,2.9474998775403947
227,ILSVRC2012_val_00032826_n02105412.JPEG,ILSVRC2012_val_00023430_n03388549.JPEG,0.0159002505242824,0.010864864103496,8.127043724060059,0.0050353864207864
227,ILSVRC2012_val_00049826_n02105412.JPEG,ILSVRC2012_val_00038298_n03721384.JPEG,1.5855461359024048,0.0027325931005179,1.7333530187606812,1.5828135428018868
227,ILSVRC2012_val_00034997_n02105412.JPEG,ILSVRC2012_val_00001493_n01773797.JPEG,2.739738702774048,0.687305748462677,8.940051078796387,2.052432954311371
227,ILSVRC2012_val_00027094_n02105412.JPEG,ILSVRC2012_val_00019704_n04486054.JPEG,2.360495090484619,0.155478298664093,7.026422023773193,2.205016791820526
227,ILSVRC2012_val_00034997_n02105412.JPEG,ILSVRC2012_val_00016415_n02403003.JPEG,2.739738702774048,0.0032744384370744,6.968367576599121,2.7364642643369734
228,ILSVRC2012_val_00034880_n02105505.JPEG,ILSVRC2012_val_00017780_n07831146.JPEG,0.0033395492937415,0.0031004713382571,5.551701068878174,0.00023907795548440023
228,ILSVRC2012_val_00014973_n02105505.JPEG,ILSVRC2012_val_00042371_n04208210.JPEG,0.0378636345267295,0.035480722784996,7.870169639587402,0.0023829117417335025
228,ILSVRC2012_val_00023582_n02105505.JPEG,ILSVRC2012_val_00031597_n02085620.JPEG,0.0232668761163949,0.0109106162562966,9.239483833312988,0.0123562598600983
228,ILSVRC2012_val_00042220_n02105505.JPEG,ILSVRC2012_val_00007416_n02415577.JPEG,0.0160163976252079,0.0027563695330172,6.765023708343506,0.013260028092190701
228,ILSVRC2012_val_00014973_n02105505.JPEG,ILSVRC2012_val_00020960_n03967562.JPEG,0.0378636345267295,0.003240336664021,3.4856672286987305,0.0346232978627085
229,ILSVRC2012_val_00004361_n02105641.JPEG,ILSVRC2012_val_00015478_n03599486.JPEG,0.0268301386386156,0.0212100408971309,5.839420318603516,0.005620097741484701
229,ILSVRC2012_val_00049064_n02105641.JPEG,ILSVRC2012_val_00000498_n01630670.JPEG,0.0194747298955917,0.0052624512463808,3.6835803985595694,0.014212278649210902
229,ILSVRC2012_val_00043393_n02105641.JPEG,ILSVRC2012_val_00018693_n07932039.JPEG,0.1486330926418304,0.029155695810914,6.137556552886963,0.11947739683091639
229,ILSVRC2012_val_00043393_n02105641.JPEG,ILSVRC2012_val_00000569_n02814860.JPEG,0.1486330926418304,0.0234745182096958,6.519704818725586,0.1251585744321346
229,ILSVRC2012_val_00025395_n02105641.JPEG,ILSVRC2012_val_00032220_n01749939.JPEG,0.3423111140727997,0.0069214818067848,9.50376033782959,0.33538963226601487
230,ILSVRC2012_val_00048315_n02105855.JPEG,ILSVRC2012_val_00032941_n07760859.JPEG,0.1851266324520111,0.1625547409057617,8.558940887451172,0.022571891546249417
230,ILSVRC2012_val_00041339_n02105855.JPEG,ILSVRC2012_val_00038074_n03967562.JPEG,0.173091173171997,0.0213665328919887,7.147027015686035,0.1517246402800083
230,ILSVRC2012_val_00041339_n02105855.JPEG,ILSVRC2012_val_00039253_n02486410.JPEG,0.173091173171997,0.0133037976920604,4.074069023132324,0.1597873754799366
230,ILSVRC2012_val_00014923_n02105855.JPEG,ILSVRC2012_val_00023783_n02096177.JPEG,0.3773927688598633,0.0043689990416169,1.5041470527648926,0.37302376981824636
230,ILSVRC2012_val_00004631_n02105855.JPEG,ILSVRC2012_val_00003645_n03125729.JPEG,0.4547620415687561,0.0105312094092369,6.541265964508057,0.4442308321595192
231,ILSVRC2012_val_00038789_n02106030.JPEG,ILSVRC2012_val_00017805_n03887697.JPEG,0.2097892612218856,0.0551882907748222,9.985832214355469,0.1546009704470634
231,ILSVRC2012_val_00019517_n02106030.JPEG,ILSVRC2012_val_00049866_n02408429.JPEG,0.2745404839515686,0.0301049053668975,6.476248741149902,0.2444355785846711
231,ILSVRC2012_val_00009055_n02106030.JPEG,ILSVRC2012_val_00001749_n01820546.JPEG,0.3446031212806701,0.0639818608760833,7.8223748207092285,0.2806212604045868
231,ILSVRC2012_val_00009055_n02106030.JPEG,ILSVRC2012_val_00045390_n03929660.JPEG,0.3446031212806701,0.0119728259742259,7.871681213378906,0.3326302953064442
231,ILSVRC2012_val_00039142_n02106030.JPEG,ILSVRC2012_val_00003618_n03527444.JPEG,0.6334086656570435,0.0097391456365585,4.773087501525879,0.6236695200204849
232,ILSVRC2012_val_00016263_n02106166.JPEG,ILSVRC2012_val_00034511_n03977966.JPEG,0.1878930926322937,0.1476748436689376,9.636011123657228,0.0402182489633561
232,ILSVRC2012_val_00031093_n02106166.JPEG,ILSVRC2012_val_00015488_n01728920.JPEG,0.695835530757904,0.5033040642738342,7.811765193939209,0.19253146648406982
232,ILSVRC2012_val_00021489_n02106166.JPEG,ILSVRC2012_val_00003490_n02111889.JPEG,0.5649689435958862,0.0230318177491426,4.380021095275879,0.5419371258467436
232,ILSVRC2012_val_00003734_n02106166.JPEG,ILSVRC2012_val_00031475_n04392985.JPEG,0.7062660455703735,0.0333078727126121,6.391653060913086,0.6729581728577614
232,ILSVRC2012_val_00003734_n02106166.JPEG,ILSVRC2012_val_00008973_n02113186.JPEG,0.7062660455703735,0.0142627591267228,0.817038357257843,0.6920032864436507
233,ILSVRC2012_val_00035562_n02106382.JPEG,ILSVRC2012_val_00022466_n13133613.JPEG,0.1761418133974075,0.0316290184855461,8.432129859924316,0.14451279491186142
233,ILSVRC2012_val_00035562_n02106382.JPEG,ILSVRC2012_val_00032445_n02097047.JPEG,0.1761418133974075,0.0086654592305421,3.4135518074035645,0.1674763541668654
233,ILSVRC2012_val_00007165_n02106382.JPEG,ILSVRC2012_val_00014795_n04328186.JPEG,0.1903630197048187,0.0218921955674886,8.070382118225098,0.1684708241373301
233,ILSVRC2012_val_00006970_n02106382.JPEG,ILSVRC2012_val_00038014_n03223299.JPEG,0.9101783037185668,0.00142865604721,3.2742903232574463,0.9087496476713568
233,ILSVRC2012_val_00022843_n02106382.JPEG,ILSVRC2012_val_00045439_n03259280.JPEG,1.260414481163025,0.0301259569823741,8.524493217468262,1.2302885241806507
234,ILSVRC2012_val_00036110_n02106550.JPEG,ILSVRC2012_val_00010903_n02950826.JPEG,0.0340443924069404,0.0308565031737089,5.85606575012207,0.0031878892332314994
234,ILSVRC2012_val_00033334_n02106550.JPEG,ILSVRC2012_val_00004771_n02093256.JPEG,0.0111062191426754,0.0016700382111594,0.1629547923803329,0.009436180931516
234,ILSVRC2012_val_00032554_n02106550.JPEG,ILSVRC2012_val_00012973_n02871525.JPEG,0.1342111974954605,0.0453431233763694,6.286826133728027,0.08886807411909112
234,ILSVRC2012_val_00012856_n02106550.JPEG,ILSVRC2012_val_00011019_n03544143.JPEG,0.230279266834259,0.0570500381290912,6.096867561340332,0.1732292287051678
234,ILSVRC2012_val_00010059_n02106550.JPEG,ILSVRC2012_val_00041150_n04033995.JPEG,0.503468930721283,0.1354580223560333,8.282803535461426,0.36801090836524963
235,ILSVRC2012_val_00011757_n02106662.JPEG,ILSVRC2012_val_00027423_n03530642.JPEG,0.0977155491709709,0.0894475653767585,7.204412460327148,0.008267983794212397
235,ILSVRC2012_val_00043054_n02106662.JPEG,ILSVRC2012_val_00046083_n02219486.JPEG,0.0263251792639493,0.0031341025605797,0.7057742476463318,0.0231910767033696
235,ILSVRC2012_val_00014360_n02106662.JPEG,ILSVRC2012_val_00022245_n01824575.JPEG,0.0301967449486255,0.0047543100081384,3.7784268856048575,0.025442434940487098
235,ILSVRC2012_val_00031718_n02106662.JPEG,ILSVRC2012_val_00001067_n02009912.JPEG,0.1894751340150833,0.1415045857429504,5.448121070861816,0.0479705482721329
235,ILSVRC2012_val_00048403_n02106662.JPEG,ILSVRC2012_val_00044010_n02206856.JPEG,0.1182486414909362,0.0039998064748942,8.661701202392578,0.114248835016042
236,ILSVRC2012_val_00021036_n02107142.JPEG,ILSVRC2012_val_00009511_n02492660.JPEG,0.0878824964165687,0.0097206104546785,7.152356147766113,0.07816188596189019
236,ILSVRC2012_val_00021350_n02107142.JPEG,ILSVRC2012_val_00049460_n02279972.JPEG,0.1179698333144187,0.0084184305742383,8.598319053649902,0.1095514027401804
236,ILSVRC2012_val_00016581_n02107142.JPEG,ILSVRC2012_val_00022890_n04443257.JPEG,0.3613812625408172,0.0062652840279042,7.884966850280762,0.355115978512913
236,ILSVRC2012_val_00016451_n02107142.JPEG,ILSVRC2012_val_00011895_n02097474.JPEG,2.049185514450073,1.354680061340332,9.233988761901855,0.6945054531097408
236,ILSVRC2012_val_00030698_n02107142.JPEG,ILSVRC2012_val_00030627_n04149813.JPEG,1.101146578788757,0.3241896331310272,7.634975433349609,0.7769569456577299
237,ILSVRC2012_val_00041031_n02107312.JPEG,ILSVRC2012_val_00013488_n03075370.JPEG,0.2587090134620666,0.0225913692265748,7.129561424255371,0.2361176442354918
237,ILSVRC2012_val_00041031_n02107312.JPEG,ILSVRC2012_val_00027224_n01770393.JPEG,0.2587090134620666,0.0197265222668647,3.500850200653076,0.2389824911952019
237,ILSVRC2012_val_00041031_n02107312.JPEG,ILSVRC2012_val_00006213_n01616318.JPEG,0.2587090134620666,0.0031827054917812,0.4897927939891815,0.2555263079702854
237,ILSVRC2012_val_00032419_n02107312.JPEG,ILSVRC2012_val_00023664_n02971356.JPEG,0.3392598628997803,0.0589191205799579,6.779624938964844,0.28034074231982237
237,ILSVRC2012_val_00026713_n02107312.JPEG,ILSVRC2012_val_00042964_n03063689.JPEG,3.511873245239258,0.0179957747459411,7.428751945495605,3.4938774704933167
238,ILSVRC2012_val_00011198_n02107574.JPEG,ILSVRC2012_val_00000278_n01828970.JPEG,1.10541033744812,0.0187209583818912,6.830435752868652,1.0866893790662286
238,ILSVRC2012_val_00040869_n02107574.JPEG,ILSVRC2012_val_00036379_n02111889.JPEG,1.4000942707061768,0.0347745008766651,7.018215179443359,1.3653197698295116
238,ILSVRC2012_val_00019080_n02107574.JPEG,ILSVRC2012_val_00042046_n02480855.JPEG,1.989885091781616,0.0091655924916267,7.587125778198242,1.9807194992899892
238,ILSVRC2012_val_00033915_n02107574.JPEG,ILSVRC2012_val_00037986_n04505470.JPEG,2.8074636459350586,0.4983163177967071,8.151945114135742,2.3091473281383514
238,ILSVRC2012_val_00033915_n02107574.JPEG,ILSVRC2012_val_00028122_n02172182.JPEG,2.8074636459350586,0.0586645267903804,6.700725555419922,2.748799119144678
239,ILSVRC2012_val_00002708_n02107683.JPEG,ILSVRC2012_val_00002853_n02708093.JPEG,0.0799254328012466,0.0772294849157333,8.166664123535156,0.0026959478855133057
239,ILSVRC2012_val_00007535_n02107683.JPEG,ILSVRC2012_val_00019130_n02085782.JPEG,0.0277846865355968,0.0036385541316121,3.9895405769348153,0.0241461324039847
239,ILSVRC2012_val_00048515_n02107683.JPEG,ILSVRC2012_val_00038578_n02504458.JPEG,0.3551740646362304,0.0519507490098476,8.230928421020508,0.30322331562638283
239,ILSVRC2012_val_00035665_n02107683.JPEG,ILSVRC2012_val_00017160_n04149813.JPEG,0.9943479895591736,0.1223843991756439,7.966549873352051,0.8719635903835297
239,ILSVRC2012_val_00025474_n02107683.JPEG,ILSVRC2012_val_00048436_n02112706.JPEG,1.6195399761199951,0.0030358200892806,4.28553581237793,1.6165041560307145
240,ILSVRC2012_val_00025496_n02107908.JPEG,ILSVRC2012_val_00013360_n02643566.JPEG,1.1961201429367063,0.0318221151828765,11.63062858581543,1.1642980277538297
240,ILSVRC2012_val_00025496_n02107908.JPEG,ILSVRC2012_val_00004956_n02091134.JPEG,1.1961201429367063,0.0129746040329337,8.131745338439941,1.1831455389037726
240,ILSVRC2012_val_00013876_n02107908.JPEG,ILSVRC2012_val_00016249_n03187595.JPEG,1.4628093242645264,0.2499661296606063,8.084468841552734,1.21284319460392
240,ILSVRC2012_val_00013876_n02107908.JPEG,ILSVRC2012_val_00010579_n03476684.JPEG,1.4628093242645264,0.0326439626514911,5.327319145202637,1.4301653616130352
240,ILSVRC2012_val_00044462_n02107908.JPEG,ILSVRC2012_val_00032929_n04067472.JPEG,2.005347490310669,0.0650693997740745,7.840146064758301,1.9402780905365944
241,ILSVRC2012_val_00041306_n02108000.JPEG,ILSVRC2012_val_00035585_n02111889.JPEG,0.1883213520050048,0.0336102694272995,4.4398393630981445,0.1547110825777053
241,ILSVRC2012_val_00016951_n02108000.JPEG,ILSVRC2012_val_00036225_n01795545.JPEG,0.3283326923847198,0.0158868748694658,5.932581901550293,0.312445817515254
241,ILSVRC2012_val_00037081_n02108000.JPEG,ILSVRC2012_val_00015898_n02123394.JPEG,0.3671460747718811,0.0183239057660102,4.996219635009766,0.34882216900587093
241,ILSVRC2012_val_00001872_n02108000.JPEG,ILSVRC2012_val_00042428_n02445715.JPEG,0.4438586831092834,0.064295694231987,10.015503883361816,0.3795629888772964
241,ILSVRC2012_val_00028922_n02108000.JPEG,ILSVRC2012_val_00019040_n02096437.JPEG,0.5138238072395325,0.0697737038135528,9.282475471496582,0.44405010342597967
242,ILSVRC2012_val_00031314_n02108089.JPEG,ILSVRC2012_val_00042249_n02112706.JPEG,0.1106186509132385,0.0013618728844448,0.3924179375171661,0.1092567780287937
242,ILSVRC2012_val_00013419_n02108089.JPEG,ILSVRC2012_val_00000254_n03776460.JPEG,0.1180585026741027,0.006647141650319,5.615653991699219,0.1114113610237837
242,ILSVRC2012_val_00037916_n02108089.JPEG,ILSVRC2012_val_00016118_n02127052.JPEG,0.1502582132816314,0.0105916038155555,3.971444606781006,0.1396666094660759
242,ILSVRC2012_val_00049570_n02108089.JPEG,ILSVRC2012_val_00019481_n02088632.JPEG,0.2414132207632064,0.0040977564640343,3.7609596252441406,0.2373154642991721
242,ILSVRC2012_val_00005495_n02108089.JPEG,ILSVRC2012_val_00028505_n04201297.JPEG,3.094759941101074,0.0055932449176907,5.303560256958008,3.0891666961833835
243,ILSVRC2012_val_00008003_n02108422.JPEG,ILSVRC2012_val_00022647_n03775546.JPEG,0.0873411446809768,0.075109414756298,7.785473823547363,0.012231729924678802
243,ILSVRC2012_val_00008003_n02108422.JPEG,ILSVRC2012_val_00016255_n02089867.JPEG,0.0873411446809768,0.0123784141615033,7.706260681152344,0.0749627305194735
243,ILSVRC2012_val_00037811_n02108422.JPEG,ILSVRC2012_val_00034497_n02165456.JPEG,0.24411241710186,0.0036125418264418,6.149886131286621,0.2404998752754182
243,ILSVRC2012_val_00049901_n02108422.JPEG,ILSVRC2012_val_00038897_n03109150.JPEG,0.3117167055606842,0.0439044721424579,8.974449157714844,0.2678122334182263
243,ILSVRC2012_val_00009039_n02108422.JPEG,ILSVRC2012_val_00036097_n02106030.JPEG,0.779733419418335,0.1634344607591629,10.401446342468262,0.6162989586591721
244,ILSVRC2012_val_00008214_n02108551.JPEG,ILSVRC2012_val_00013084_n07711569.JPEG,0.0066051017493009,0.0059511847794055,7.422263145446777,0.0006539169698954002
244,ILSVRC2012_val_00037388_n02108551.JPEG,ILSVRC2012_val_00020264_n04371774.JPEG,0.0139471655711531,0.0036772743333131,3.861753463745117,0.01026989123784
244,ILSVRC2012_val_00039200_n02108551.JPEG,ILSVRC2012_val_00035934_n13052670.JPEG,0.0563050359487533,0.0109114414080977,7.614596366882324,0.0453935945406556
244,ILSVRC2012_val_00039200_n02108551.JPEG,ILSVRC2012_val_00036288_n04118538.JPEG,0.0563050359487533,0.0038621849380433,6.782365322113037,0.05244285101071
244,ILSVRC2012_val_00013263_n02108551.JPEG,ILSVRC2012_val_00024425_n02708093.JPEG,0.5012099742889404,0.3890968561172485,9.636130332946776,0.11211311817169195
245,ILSVRC2012_val_00047896_n02108915.JPEG,ILSVRC2012_val_00033201_n03786901.JPEG,0.067991979420185,0.0085518807172775,4.758153915405273,0.05944009870290751
245,ILSVRC2012_val_00026558_n02108915.JPEG,ILSVRC2012_val_00015108_n02708093.JPEG,0.1750157624483108,0.0652754604816436,8.049186706542969,0.1097403019666672
245,ILSVRC2012_val_00039471_n02108915.JPEG,ILSVRC2012_val_00007177_n09428293.JPEG,0.1139615774154663,0.0032671904191374,5.459379196166992,0.1106943869963289
245,ILSVRC2012_val_00005677_n02108915.JPEG,ILSVRC2012_val_00041833_n03980874.JPEG,0.540285587310791,0.0153926741331815,8.482474327087402,0.5248929131776096
245,ILSVRC2012_val_00027220_n02108915.JPEG,ILSVRC2012_val_00033360_n02226429.JPEG,0.8319312334060669,0.0479783713817596,6.2664408683776855,0.7839528620243073
246,ILSVRC2012_val_00006257_n02109047.JPEG,ILSVRC2012_val_00009766_n07734744.JPEG,0.0330218784511089,0.0068774409592151,9.260724067687988,0.026144437491893796
246,ILSVRC2012_val_00032160_n02109047.JPEG,ILSVRC2012_val_00002375_n04116512.JPEG,0.1056950315833091,0.0033797069918364,7.356785774230957,0.1023153245914727
246,ILSVRC2012_val_00032160_n02109047.JPEG,ILSVRC2012_val_00019669_n01740131.JPEG,0.1056950315833091,0.0021573859266936,6.993398666381836,0.10353764565661551
246,ILSVRC2012_val_00028932_n02109047.JPEG,ILSVRC2012_val_00039977_n04208210.JPEG,0.6346173882484436,0.0026870595756918,7.30674409866333,0.6319303286727518
246,ILSVRC2012_val_00017636_n02109047.JPEG,ILSVRC2012_val_00012998_n02133161.JPEG,0.7980138063430786,0.0048946561291813,4.658072471618652,0.7931191502138973
247,ILSVRC2012_val_00048980_n02109525.JPEG,ILSVRC2012_val_00030690_n02492035.JPEG,0.0079245455563068,0.002626305213198,6.393918991088867,0.005298240343108801
247,ILSVRC2012_val_00022633_n02109525.JPEG,ILSVRC2012_val_00009483_n02883205.JPEG,0.0292090717703104,0.00926114898175,4.737907409667969,0.019947922788560397
247,ILSVRC2012_val_00022633_n02109525.JPEG,ILSVRC2012_val_00047446_n02879718.JPEG,0.0292090717703104,0.0042671584524214,7.106882095336914,0.024941913317889
247,ILSVRC2012_val_00047275_n02109525.JPEG,ILSVRC2012_val_00007545_n09421951.JPEG,0.0888521969318389,0.0017844005487859,7.604572296142578,0.08706779638305301
247,ILSVRC2012_val_00037970_n02109525.JPEG,ILSVRC2012_val_00033217_n03982430.JPEG,0.2312011122703552,0.0437582023441791,8.680497169494629,0.1874429099261761
248,ILSVRC2012_val_00032991_n02109961.JPEG,ILSVRC2012_val_00010523_n01695060.JPEG,0.5805961489677429,0.1279273480176925,6.995744705200195,0.4526688009500504
248,ILSVRC2012_val_00046423_n02109961.JPEG,ILSVRC2012_val_00038987_n02447366.JPEG,0.8354541063308716,0.1033692434430122,4.390000820159912,0.7320848628878593
248,ILSVRC2012_val_00005446_n02109961.JPEG,ILSVRC2012_val_00040616_n01682714.JPEG,0.8125148415565491,0.0389799363911151,2.8215274810791016,0.773534905165434
248,ILSVRC2012_val_00005446_n02109961.JPEG,ILSVRC2012_val_00020902_n02916936.JPEG,0.8125148415565491,0.0286302473396062,2.570669651031494,0.7838845942169429
248,ILSVRC2012_val_00014246_n02109961.JPEG,ILSVRC2012_val_00026935_n01775062.JPEG,1.6136430501937866,0.2933887243270874,7.738433837890625,1.3202543258666992
249,ILSVRC2012_val_00034036_n02110063.JPEG,ILSVRC2012_val_00013296_n03938244.JPEG,0.4031974971294403,0.3483253419399261,9.63584804534912,0.054872155189514216
249,ILSVRC2012_val_00047148_n02110063.JPEG,ILSVRC2012_val_00030792_n02167151.JPEG,0.3084767162799835,0.0168337505310773,2.773026466369629,0.29164296574890625
249,ILSVRC2012_val_00047148_n02110063.JPEG,ILSVRC2012_val_00005908_n01829413.JPEG,0.3084767162799835,0.0081875398755073,5.395256996154785,0.3002891764044762
249,ILSVRC2012_val_00034036_n02110063.JPEG,ILSVRC2012_val_00011971_n01744401.JPEG,0.4031974971294403,0.0797528550028801,7.835868835449219,0.3234446421265602
249,ILSVRC2012_val_00038751_n02110063.JPEG,ILSVRC2012_val_00048542_n01698640.JPEG,0.4820024371147156,0.0116801913827657,6.599058151245117,0.47032224573194986
250,ILSVRC2012_val_00016669_n02110185.JPEG,ILSVRC2012_val_00006285_n04285008.JPEG,0.8571380376815796,0.3234854638576507,6.426796436309815,0.5336525738239288
250,ILSVRC2012_val_00047342_n02110185.JPEG,ILSVRC2012_val_00008423_n04330267.JPEG,0.5786709785461426,0.0355013161897659,7.089737892150879,0.5431696623563766
250,ILSVRC2012_val_00006539_n02110185.JPEG,ILSVRC2012_val_00024332_n04153751.JPEG,0.6573969721794128,0.04487831518054,7.6507744789123535,0.6125186569988729
250,ILSVRC2012_val_00041840_n02110185.JPEG,ILSVRC2012_val_00002133_n04264628.JPEG,0.9440655708312988,0.3121957778930664,6.3029327392578125,0.6318697929382324
250,ILSVRC2012_val_00013828_n02110185.JPEG,ILSVRC2012_val_00041232_n02492035.JPEG,0.945579707622528,0.0544973239302635,1.139011263847351,0.8910823836922644
251,ILSVRC2012_val_00004634_n02110341.JPEG,ILSVRC2012_val_00005646_n07730033.JPEG,0.0035765508655458,0.0031238826923072,8.090277671813965,0.00045266817323859994
251,ILSVRC2012_val_00013848_n02110341.JPEG,ILSVRC2012_val_00001734_n04579432.JPEG,0.0067306240089237,0.0054212221875786,7.942936420440674,0.0013094018213450995
251,ILSVRC2012_val_00049511_n02110341.JPEG,ILSVRC2012_val_00028756_n03216828.JPEG,0.0107860891148447,0.009381023235619,6.323945045471191,0.0014050658792256997
251,ILSVRC2012_val_00049511_n02110341.JPEG,ILSVRC2012_val_00020773_n02093859.JPEG,0.0107860891148447,0.0042530326172709,3.539027452468872,0.0065330564975738005
251,ILSVRC2012_val_00030476_n02110341.JPEG,ILSVRC2012_val_00023138_n01751748.JPEG,0.0137357730418443,0.0041909487918019,5.356847763061523,0.0095448242500424
252,ILSVRC2012_val_00045250_n02110627.JPEG,ILSVRC2012_val_00016760_n03804744.JPEG,0.0520660690963268,0.0024659007322043,6.334127426147461,0.0496001683641225
252,ILSVRC2012_val_00030018_n02110627.JPEG,ILSVRC2012_val_00012315_n02280649.JPEG,0.1099669858813285,0.0287324171513319,5.909590721130371,0.0812345687299966
252,ILSVRC2012_val_00005489_n02110627.JPEG,ILSVRC2012_val_00023996_n07615774.JPEG,0.1245484575629234,0.0385597646236419,7.677729606628418,0.0859886929392815
252,ILSVRC2012_val_00012437_n02110627.JPEG,ILSVRC2012_val_00049107_n01872401.JPEG,0.1049390435218811,0.0170082747936248,7.325397968292236,0.08793076872825631
252,ILSVRC2012_val_00005489_n02110627.JPEG,ILSVRC2012_val_00009353_n02396427.JPEG,0.1245484575629234,0.0061047514900565,4.479809284210205,0.1184437060728669
253,ILSVRC2012_val_00027839_n02110806.JPEG,ILSVRC2012_val_00038899_n02802426.JPEG,0.0574759095907211,0.002098383847624,8.128830909729004,0.0553775257430971
253,ILSVRC2012_val_00010970_n02110806.JPEG,ILSVRC2012_val_00018935_n02281787.JPEG,0.2043615132570266,0.0029010374564677,7.031125068664551,0.2014604758005589
253,ILSVRC2012_val_00039498_n02110806.JPEG,ILSVRC2012_val_00018257_n02236044.JPEG,0.2976690828800201,0.0070943119935691,5.703510284423828,0.290574770886451
253,ILSVRC2012_val_00035890_n02110806.JPEG,ILSVRC2012_val_00035631_n02978881.JPEG,0.4644190073013305,0.0148843703791499,7.067198276519775,0.4495346369221806
253,ILSVRC2012_val_00043319_n02110806.JPEG,ILSVRC2012_val_00036431_n01537544.JPEG,0.6977508068084717,0.0138277187943458,6.244815826416016,0.6839230880141258
254,ILSVRC2012_val_00015395_n02110958.JPEG,ILSVRC2012_val_00042292_n13037406.JPEG,0.0142839131876826,0.0061798673123121,9.21975803375244,0.008104045875370499
254,ILSVRC2012_val_00045204_n02110958.JPEG,ILSVRC2012_val_00032451_n02088632.JPEG,0.0223983507603406,0.0008219677838496,0.1192705109715461,0.021576382976491
254,ILSVRC2012_val_00013622_n02110958.JPEG,ILSVRC2012_val_00029736_n02006656.JPEG,0.0394331663846969,0.0069392397999763,0.6623169183731079,0.0324939265847206
254,ILSVRC2012_val_00031219_n02110958.JPEG,ILSVRC2012_val_00006260_n04507155.JPEG,0.0988794490694999,0.0076384134590625,7.117640972137451,0.0912410356104374
254,ILSVRC2012_val_00019464_n02110958.JPEG,ILSVRC2012_val_00034732_n02100877.JPEG,0.2129861563444137,0.0047085126861929,10.822836875915527,0.2082776436582208
255,ILSVRC2012_val_00033449_n02111129.JPEG,ILSVRC2012_val_00044341_n01667114.JPEG,0.0074901701882481,0.0073103080503642,8.509119033813477,0.00017986213788389986
255,ILSVRC2012_val_00033449_n02111129.JPEG,ILSVRC2012_val_00034558_n04133789.JPEG,0.0074901701882481,0.0068677328526973,8.153606414794922,0.0006224373355508007
255,ILSVRC2012_val_00038704_n02111129.JPEG,ILSVRC2012_val_00037542_n02807133.JPEG,0.0066785220988094,0.0060524987056851,4.859427452087402,0.0006260233931243003
255,ILSVRC2012_val_00038704_n02111129.JPEG,ILSVRC2012_val_00013174_n01631663.JPEG,0.0066785220988094,0.0058370609767735,7.163334846496582,0.0008414611220359004
255,ILSVRC2012_val_00038704_n02111129.JPEG,ILSVRC2012_val_00008844_n04239074.JPEG,0.0066785220988094,0.0030486555770039,2.893784284591675,0.0036298665218055
256,ILSVRC2012_val_00038018_n02111277.JPEG,ILSVRC2012_val_00026517_n04461696.JPEG,0.0409484058618545,0.0259300880134105,5.877166271209717,0.015018317848443999
256,ILSVRC2012_val_00038018_n02111277.JPEG,ILSVRC2012_val_00015898_n02123394.JPEG,0.0409484058618545,0.0221794098615646,5.163266658782959,0.018768996000289896
256,ILSVRC2012_val_00024148_n02111277.JPEG,ILSVRC2012_val_00043628_n03384352.JPEG,0.1084920167922973,0.0246242024004459,8.306474685668945,0.0838678143918514
256,ILSVRC2012_val_00027399_n02111277.JPEG,ILSVRC2012_val_00008235_n02791270.JPEG,0.143660232424736,0.0390099734067916,7.197880744934082,0.10465025901794439
256,ILSVRC2012_val_00047062_n02111277.JPEG,ILSVRC2012_val_00022716_n03961711.JPEG,1.056236743927002,0.0139872515574097,8.738649368286133,1.0422494923695922
257,ILSVRC2012_val_00034567_n02111500.JPEG,ILSVRC2012_val_00006222_n03160309.JPEG,0.1194760724902153,0.0059010572731494,4.397728443145752,0.1135750152170659
257,ILSVRC2012_val_00015226_n02111500.JPEG,ILSVRC2012_val_00040256_n07697313.JPEG,0.2841405868530273,0.0300191864371299,5.617249488830566,0.25412140041589737
257,ILSVRC2012_val_00015226_n02111500.JPEG,ILSVRC2012_val_00029203_n03425413.JPEG,0.2841405868530273,0.0194797571748495,7.068739414215088,0.2646608296781778
257,ILSVRC2012_val_00046044_n02111500.JPEG,ILSVRC2012_val_00008401_n02834397.JPEG,0.4993960559368133,0.0119784800335764,8.454826354980469,0.4874175759032369
257,ILSVRC2012_val_00028742_n02111500.JPEG,ILSVRC2012_val_00049693_n03935335.JPEG,0.8590202331542969,0.0742241367697715,7.32361888885498,0.7847960963845254
258,ILSVRC2012_val_00015430_n02111889.JPEG,ILSVRC2012_val_00015793_n03854065.JPEG,0.0233336109668016,0.0231650788336992,9.103200912475586,0.00016853213310239964
258,ILSVRC2012_val_00036379_n02111889.JPEG,ILSVRC2012_val_00039557_n01775062.JPEG,0.0345681570470333,0.0291220024228096,8.222733497619629,0.005446154624223702
258,ILSVRC2012_val_00003808_n02111889.JPEG,ILSVRC2012_val_00045690_n01608432.JPEG,0.0244472790509462,0.0156747177243232,8.244670867919922,0.008772561326623001
258,ILSVRC2012_val_00035585_n02111889.JPEG,ILSVRC2012_val_00013821_n01883070.JPEG,0.147924318909645,0.0019593106117099,5.726499080657959,0.1459650082979351
258,ILSVRC2012_val_00026186_n02111889.JPEG,ILSVRC2012_val_00001033_n01629819.JPEG,0.1801985204219818,0.010863802395761,7.031888008117676,0.1693347180262208
259,ILSVRC2012_val_00025388_n02112018.JPEG,ILSVRC2012_val_00019982_n01735189.JPEG,0.0079824952408671,0.006136504933238,7.613131046295166,0.0018459903076290998
259,ILSVRC2012_val_00025388_n02112018.JPEG,ILSVRC2012_val_00034275_n02088364.JPEG,0.0079824952408671,0.0058470163494348,4.005560874938965,0.0021354788914323
259,ILSVRC2012_val_00034828_n02112018.JPEG,ILSVRC2012_val_00019335_n02481823.JPEG,0.039222739636898,0.00467529008165,8.365059852600098,0.034547449555248
259,ILSVRC2012_val_00044585_n02112018.JPEG,ILSVRC2012_val_00034335_n04266014.JPEG,0.1808438003063202,0.0110595328733325,4.434784889221191,0.1697842674329877
259,ILSVRC2012_val_00044585_n02112018.JPEG,ILSVRC2012_val_00014893_n04523525.JPEG,0.1808438003063202,0.0065175821073353,4.894509315490723,0.1743262181989849
260,ILSVRC2012_val_00022725_n02112137.JPEG,ILSVRC2012_val_00019873_n02396427.JPEG,0.0070354822091758,0.0041342037729918,3.2589502334594727,0.0029012784361839997
260,ILSVRC2012_val_00028936_n02112137.JPEG,ILSVRC2012_val_00027441_n03127925.JPEG,0.0252430103719234,0.0182770863175392,7.624483108520508,0.0069659240543842
260,ILSVRC2012_val_00010943_n02112137.JPEG,ILSVRC2012_val_00012049_n13040303.JPEG,0.0292059443891048,0.0164998546242713,6.876974582672119,0.012706089764833502
260,ILSVRC2012_val_00010943_n02112137.JPEG,ILSVRC2012_val_00005485_n04522168.JPEG,0.0292059443891048,0.0024562685284763,8.66799259185791,0.0267496758606285
260,ILSVRC2012_val_00034735_n02112137.JPEG,ILSVRC2012_val_00025486_n02879718.JPEG,0.0667340084910392,0.0072894794866442,4.136105537414551,0.05944452900439501
261,ILSVRC2012_val_00023816_n02112350.JPEG,ILSVRC2012_val_00040214_n01775062.JPEG,0.0081108007580041,0.0079819038510322,6.025893211364746,0.00012889690697190023
261,ILSVRC2012_val_00034419_n02112350.JPEG,ILSVRC2012_val_00015668_n06785654.JPEG,0.0271126888692379,0.006023705471307,0.6559367179870605,0.0210889833979309
261,ILSVRC2012_val_00047515_n02112350.JPEG,ILSVRC2012_val_00024570_n02786058.JPEG,0.0368305407464504,0.0130416750907897,8.438095092773438,0.023788865655660706
261,ILSVRC2012_val_00002749_n02112350.JPEG,ILSVRC2012_val_00006836_n02099429.JPEG,0.0503504276275634,0.0102701289579272,4.098537445068359,0.0400802986696362
261,ILSVRC2012_val_00027121_n02112350.JPEG,ILSVRC2012_val_00020553_n02088364.JPEG,0.0507013164460659,0.0036235882434993,5.846749305725098,0.0470777282025666
262,ILSVRC2012_val_00001925_n02112706.JPEG,ILSVRC2012_val_00033048_n04487394.JPEG,0.0123754711821675,0.0121953077614307,8.728677749633789,0.0001801634207368001
262,ILSVRC2012_val_00029646_n02112706.JPEG,ILSVRC2012_val_00005787_n04266014.JPEG,0.0147027792409062,0.0131600387394428,7.080297470092773,0.001542740501463401
262,ILSVRC2012_val_00044772_n02112706.JPEG,ILSVRC2012_val_00023374_n04423845.JPEG,0.0515961125493049,0.0444721318781375,5.475052833557129,0.007123980671167401
262,ILSVRC2012_val_00029646_n02112706.JPEG,ILSVRC2012_val_00021083_n01630670.JPEG,0.0147027792409062,0.0029143502470105,5.102989196777344,0.0117884289938957
262,ILSVRC2012_val_00048436_n02112706.JPEG,ILSVRC2012_val_00010121_n03018349.JPEG,0.1910184323787689,0.0696858763694763,10.807171821594238,0.12133255600929259
263,ILSVRC2012_val_00045593_n02113023.JPEG,ILSVRC2012_val_00025475_n03657121.JPEG,0.1651147603988647,0.1138610541820526,6.269486427307129,0.05125370621681209
263,ILSVRC2012_val_00027856_n02113023.JPEG,ILSVRC2012_val_00026092_n03868863.JPEG,0.2516647279262543,0.1786840707063675,10.115416526794434,0.07298065721988678
263,ILSVRC2012_val_00045593_n02113023.JPEG,ILSVRC2012_val_00040652_n02280649.JPEG,0.1651147603988647,0.0845599845051765,6.294111251831055,0.08055477589368819
263,ILSVRC2012_val_00038075_n02113023.JPEG,ILSVRC2012_val_00035745_n03692522.JPEG,0.1568295657634735,0.0720802620053291,7.739867687225342,0.0847493037581444
263,ILSVRC2012_val_00027856_n02113023.JPEG,ILSVRC2012_val_00030408_n01980166.JPEG,0.2516647279262543,0.0157031174749135,7.44362735748291,0.2359616104513408
264,ILSVRC2012_val_00042210_n02113186.JPEG,ILSVRC2012_val_00031710_n03498962.JPEG,0.0141227822750806,0.0094648683443665,7.937374591827393,0.004657913930714099
264,ILSVRC2012_val_00028146_n02113186.JPEG,ILSVRC2012_val_00033258_n02667093.JPEG,0.9559687972068788,0.0061907670460641,1.2559752464294434,0.9497780301608146
264,ILSVRC2012_val_00028146_n02113186.JPEG,ILSVRC2012_val_00005374_n03961711.JPEG,0.9559687972068788,0.0060604377649724,4.165734767913818,0.9499083594419063
264,ILSVRC2012_val_00016302_n02113186.JPEG,ILSVRC2012_val_00031870_n04146614.JPEG,1.208354949951172,0.0172228440642356,3.4972355365753174,1.1911321058869364
264,ILSVRC2012_val_00016302_n02113186.JPEG,ILSVRC2012_val_00044774_n02497673.JPEG,1.208354949951172,0.0014538919785991,5.505010604858398,1.206901057972573
265,ILSVRC2012_val_00021690_n02113624.JPEG,ILSVRC2012_val_00023210_n02391049.JPEG,1.0290257930755615,0.0432605780661106,4.993443012237549,0.9857652150094509
265,ILSVRC2012_val_00021690_n02113624.JPEG,ILSVRC2012_val_00000026_n04380533.JPEG,1.0290257930755615,0.0251471102237701,7.641334533691406,1.0038786828517914
265,ILSVRC2012_val_00012904_n02113624.JPEG,ILSVRC2012_val_00021389_n02112350.JPEG,1.0745692253112793,0.0503853410482406,3.472386360168457,1.0241838842630386
265,ILSVRC2012_val_00044727_n02113624.JPEG,ILSVRC2012_val_00008326_n03272010.JPEG,1.2327576875686646,0.0942092910408973,8.470708847045898,1.1385483965277672
265,ILSVRC2012_val_00023516_n02113624.JPEG,ILSVRC2012_val_00020139_n02437616.JPEG,2.88807225227356,0.0220759846270084,7.806862831115723,2.8659962676465516
266,ILSVRC2012_val_00043139_n02113712.JPEG,ILSVRC2012_val_00003483_n03649909.JPEG,0.5837152004241943,0.0350383557379245,8.552343368530273,0.5486768446862699
266,ILSVRC2012_val_00021671_n02113712.JPEG,ILSVRC2012_val_00038301_n02319095.JPEG,0.6762558221817017,0.0860054567456245,8.215792655944824,0.5902503654360771
266,ILSVRC2012_val_00029675_n02113712.JPEG,ILSVRC2012_val_00040679_n02102040.JPEG,1.1845505237579346,0.066247247159481,7.260345458984375,1.1183032765984535
266,ILSVRC2012_val_00016673_n02113712.JPEG,ILSVRC2012_val_00029912_n06596364.JPEG,1.262698769569397,0.1076226457953453,9.46380615234375,1.1550761237740517
266,ILSVRC2012_val_00026547_n02113712.JPEG,ILSVRC2012_val_00020295_n12144580.JPEG,1.542330026626587,0.3181604743003845,8.6270112991333,1.2241695523262024
267,ILSVRC2012_val_00005936_n02113799.JPEG,ILSVRC2012_val_00043467_n02493509.JPEG,0.1579826921224594,0.0032471094746142,6.112903594970703,0.1547355826478452
267,ILSVRC2012_val_00026858_n02113799.JPEG,ILSVRC2012_val_00022044_n02790996.JPEG,0.2047181725502014,0.0036310711875557,5.39599609375,0.20108710136264568
267,ILSVRC2012_val_00018971_n02113799.JPEG,ILSVRC2012_val_00005203_n02013706.JPEG,0.3800258934497833,0.0042597986757755,7.619335174560547,0.3757660947740078
267,ILSVRC2012_val_00033897_n02113799.JPEG,ILSVRC2012_val_00026510_n02027492.JPEG,0.4040436148643493,0.0097404439002275,9.164341926574709,0.3943031709641218
267,ILSVRC2012_val_00048625_n02113799.JPEG,ILSVRC2012_val_00003977_n03777568.JPEG,0.4483338594436645,0.0086502134799957,5.969965934753418,0.4396836459636688
268,ILSVRC2012_val_00014928_n02113978.JPEG,ILSVRC2012_val_00046303_n07873807.JPEG,0.0010599239030852,0.0010453957365825,7.175050735473633,1.4528166502700062e-05
268,ILSVRC2012_val_00037767_n02113978.JPEG,ILSVRC2012_val_00021324_n03769881.JPEG,0.1293786615133285,0.0779424160718917,7.980258941650391,0.051436245441436795
268,ILSVRC2012_val_00037767_n02113978.JPEG,ILSVRC2012_val_00004363_n03125729.JPEG,0.1293786615133285,0.0016016048612073,7.791763782501221,0.1277770566521212
268,ILSVRC2012_val_00037767_n02113978.JPEG,ILSVRC2012_val_00029164_n02089973.JPEG,0.1293786615133285,0.0013573489850386,2.395465850830078,0.1280213125282899
268,ILSVRC2012_val_00009888_n02113978.JPEG,ILSVRC2012_val_00039753_n01629819.JPEG,0.2956496179103851,0.0098008858039975,7.883512020111084,0.28584873210638756
269,ILSVRC2012_val_00015625_n02114367.JPEG,ILSVRC2012_val_00018623_n02965783.JPEG,0.6793750524520874,0.5844258069992065,7.703301906585693,0.09494924545288086
269,ILSVRC2012_val_00017773_n02114367.JPEG,ILSVRC2012_val_00018259_n03814639.JPEG,0.1924833506345749,0.005330516025424,1.5698843002319336,0.1871528346091509
269,ILSVRC2012_val_00002259_n02114367.JPEG,ILSVRC2012_val_00013167_n02364673.JPEG,0.6642939448356628,0.0146655403077602,1.1853599548339844,0.6496284045279026
269,ILSVRC2012_val_00000912_n02114367.JPEG,ILSVRC2012_val_00042611_n02110341.JPEG,1.872607469558716,0.0103976689279079,8.229033470153809,1.862209800630808
269,ILSVRC2012_val_00047767_n02114367.JPEG,ILSVRC2012_val_00043274_n04238763.JPEG,2.989717483520508,0.292562335729599,5.332237243652344,2.697155147790909
270,ILSVRC2012_val_00012800_n02114548.JPEG,ILSVRC2012_val_00019599_n02951585.JPEG,0.1139153018593788,0.0163835268467664,8.193747520446777,0.0975317750126124
270,ILSVRC2012_val_00025665_n02114548.JPEG,ILSVRC2012_val_00016623_n01833805.JPEG,0.2413709759712219,0.0083213755860924,3.2021355628967285,0.2330496003851295
270,ILSVRC2012_val_00046088_n02114548.JPEG,ILSVRC2012_val_00007857_n03325584.JPEG,0.3339259922504425,0.0139684434980154,5.709412574768066,0.3199575487524271
270,ILSVRC2012_val_00045961_n02114548.JPEG,ILSVRC2012_val_00044109_n03929855.JPEG,0.6800040006637573,0.0072400108911097,6.144641876220703,0.6727639897726476
270,ILSVRC2012_val_00022202_n02114548.JPEG,ILSVRC2012_val_00004696_n04435653.JPEG,1.3305354118347168,0.2524789273738861,6.586017608642578,1.0780564844608307
271,ILSVRC2012_val_00030561_n02114712.JPEG,ILSVRC2012_val_00008407_n01685808.JPEG,0.0026798071339726,0.0024486577603965,6.922110557556152,0.00023114937357610011
271,ILSVRC2012_val_00046849_n02114712.JPEG,ILSVRC2012_val_00019512_n01986214.JPEG,0.010856962762773,0.0089553138241171,5.608499526977539,0.0019016489386559001
271,ILSVRC2012_val_00010369_n02114712.JPEG,ILSVRC2012_val_00033595_n02108000.JPEG,0.0112182106822729,0.0092272507026791,9.191683769226074,0.0019909599795938007
271,ILSVRC2012_val_00045702_n02114712.JPEG,ILSVRC2012_val_00007651_n02028035.JPEG,0.5557506680488586,0.0077170813456177,2.150774955749512,0.548033586703241
271,ILSVRC2012_val_00017363_n02114712.JPEG,ILSVRC2012_val_00045095_n03877472.JPEG,0.954143762588501,0.1010466516017913,8.06704330444336,0.8530971109867097
272,ILSVRC2012_val_00041643_n02114855.JPEG,ILSVRC2012_val_00006680_n03272010.JPEG,0.311511218547821,0.0157754048705101,3.4267795085906982,0.2957358136773109
272,ILSVRC2012_val_00019680_n02114855.JPEG,ILSVRC2012_val_00021422_n04081281.JPEG,0.3195160925388336,0.0076542659662663,8.610899925231934,0.31186182657256734
272,ILSVRC2012_val_00040727_n02114855.JPEG,ILSVRC2012_val_00025788_n04579432.JPEG,1.950006127357483,0.0844461619853973,7.533236503601074,1.8655599653720856
272,ILSVRC2012_val_00036897_n02114855.JPEG,ILSVRC2012_val_00000372_n03461385.JPEG,4.107780933380127,0.0207760278135538,7.401988506317139,4.087004905566573
272,ILSVRC2012_val_00036897_n02114855.JPEG,ILSVRC2012_val_00021877_n04532670.JPEG,4.107780933380127,0.014910795725882,9.017583847045898,4.092870137654245
273,ILSVRC2012_val_00038986_n02115641.JPEG,ILSVRC2012_val_00040430_n02786058.JPEG,0.4795383810997009,0.0109428064897656,5.803382396697998,0.46859557460993534
273,ILSVRC2012_val_00038986_n02115641.JPEG,ILSVRC2012_val_00041901_n03355925.JPEG,0.4795383810997009,0.0092015014961361,6.263974189758301,0.47033687960356485
273,ILSVRC2012_val_00046318_n02115641.JPEG,ILSVRC2012_val_00023323_n03977966.JPEG,1.381032943725586,0.0629788786172866,5.62710428237915,1.3180540651082993
273,ILSVRC2012_val_00046318_n02115641.JPEG,ILSVRC2012_val_00027843_n04162706.JPEG,1.381032943725586,0.0046463385224342,3.19914174079895,1.3763866052031517
273,ILSVRC2012_val_00000785_n02115641.JPEG,ILSVRC2012_val_00026536_n02105505.JPEG,7.818316459655762,0.5475494861602783,8.42619514465332,7.270766973495483
274,ILSVRC2012_val_00035212_n02115913.JPEG,ILSVRC2012_val_00024067_n04125021.JPEG,0.0045885508880019,0.0045358627103269,7.219439506530762,5.26881776750001e-05
274,ILSVRC2012_val_00015888_n02115913.JPEG,ILSVRC2012_val_00049691_n03127747.JPEG,0.1064991056919097,0.0953133404254913,8.05237865447998,0.011185765266418402
274,ILSVRC2012_val_00025537_n02115913.JPEG,ILSVRC2012_val_00034496_n02988304.JPEG,0.0508449897170066,0.0395058207213878,7.079449653625488,0.0113391689956188
274,ILSVRC2012_val_00001148_n02115913.JPEG,ILSVRC2012_val_00000866_n04548362.JPEG,0.0534285083413124,0.0364421084523201,6.572874069213867,0.016986399888992303
274,ILSVRC2012_val_00010834_n02115913.JPEG,ILSVRC2012_val_00037914_n07892512.JPEG,0.151698812842369,0.0312573947012424,6.858687400817871,0.1204414181411266
275,ILSVRC2012_val_00049534_n02116738.JPEG,ILSVRC2012_val_00025485_n02988304.JPEG,0.0079528111964464,0.0076242173090577,8.125288009643555,0.00032859388738869927
275,ILSVRC2012_val_00022062_n02116738.JPEG,ILSVRC2012_val_00035013_n04370456.JPEG,0.1239649951457977,0.0987379774451255,9.455382347106934,0.025227017700672205
275,ILSVRC2012_val_00013368_n02116738.JPEG,ILSVRC2012_val_00016656_n02088364.JPEG,0.0521494634449481,0.0052792900241911,4.269179344177246,0.046870173420757
275,ILSVRC2012_val_00013368_n02116738.JPEG,ILSVRC2012_val_00020147_n02091244.JPEG,0.0521494634449481,0.003820740384981,4.022573947906494,0.0483287230599671
275,ILSVRC2012_val_00034551_n02116738.JPEG,ILSVRC2012_val_00048985_n03690938.JPEG,0.1514280587434768,0.0359877496957778,7.194889545440674,0.115440309047699
276,ILSVRC2012_val_00013034_n02117135.JPEG,ILSVRC2012_val_00027633_n01496331.JPEG,0.0361329801380634,0.007940393872559,5.414764881134033,0.028192586265504402
276,ILSVRC2012_val_00009354_n02117135.JPEG,ILSVRC2012_val_00034550_n04542943.JPEG,0.094485692679882,0.0134483594447374,7.019059658050537,0.08103733323514459
276,ILSVRC2012_val_00009354_n02117135.JPEG,ILSVRC2012_val_00045013_n03933933.JPEG,0.094485692679882,0.0016062465729191,1.8009823560714722,0.09287944610696289
276,ILSVRC2012_val_00020325_n02117135.JPEG,ILSVRC2012_val_00032512_n03014705.JPEG,0.1395903527736663,0.0369435958564281,7.517518997192383,0.10264675691723821
276,ILSVRC2012_val_00029816_n02117135.JPEG,ILSVRC2012_val_00018795_n04493381.JPEG,0.957542598247528,0.0441116355359554,7.334997177124023,0.9134309627115725
277,ILSVRC2012_val_00049298_n02119022.JPEG,ILSVRC2012_val_00010366_n07565083.JPEG,0.3190593123435974,0.1570794135332107,7.858873844146728,0.1619798988103867
277,ILSVRC2012_val_00016471_n02119022.JPEG,ILSVRC2012_val_00026316_n13040303.JPEG,0.2993251979351043,0.0184080563485622,5.640042304992676,0.28091714158654213
277,ILSVRC2012_val_00037080_n02119022.JPEG,ILSVRC2012_val_00044979_n02749479.JPEG,0.7234194278717041,0.0223960187286138,9.59902572631836,0.7010234091430902
277,ILSVRC2012_val_00037080_n02119022.JPEG,ILSVRC2012_val_00042016_n04090263.JPEG,0.7234194278717041,0.0200955625623464,7.311853408813477,0.7033238653093578
277,ILSVRC2012_val_00045601_n02119022.JPEG,ILSVRC2012_val_00038260_n03891332.JPEG,1.6827315092086792,0.4011625945568084,10.640524864196776,1.2815689146518707
278,ILSVRC2012_val_00039454_n02119789.JPEG,ILSVRC2012_val_00041141_n01873310.JPEG,0.366433322429657,0.0151610393077135,1.4304529428482056,0.3512722831219435
278,ILSVRC2012_val_00044954_n02119789.JPEG,ILSVRC2012_val_00035059_n04540053.JPEG,0.5055446028709412,0.029873413965106,8.032247543334961,0.47567118890583515
278,ILSVRC2012_val_00009336_n02119789.JPEG,ILSVRC2012_val_00011484_n09256479.JPEG,0.8570149540901184,0.0660788714885711,8.109177589416504,0.7909360826015474
278,ILSVRC2012_val_00009336_n02119789.JPEG,ILSVRC2012_val_00013558_n02281406.JPEG,0.8570149540901184,0.0480531342327594,6.206424236297607,0.808961819857359
278,ILSVRC2012_val_00002881_n02119789.JPEG,ILSVRC2012_val_00026348_n04118538.JPEG,3.1683900356292725,0.0926079824566841,8.199661254882812,3.0757820531725883
279,ILSVRC2012_val_00043127_n02120079.JPEG,ILSVRC2012_val_00034366_n07718747.JPEG,0.0110439704731106,0.0103198019787669,9.433094024658203,0.0007241684943436986
279,ILSVRC2012_val_00012857_n02120079.JPEG,ILSVRC2012_val_00026708_n04479046.JPEG,0.010496056638658,0.0062272562645375,2.9917516708374023,0.0042688003741205
279,ILSVRC2012_val_00012857_n02120079.JPEG,ILSVRC2012_val_00043225_n07836838.JPEG,0.010496056638658,0.001460438943468,4.5786895751953125,0.00903561769519
279,ILSVRC2012_val_00012251_n02120079.JPEG,ILSVRC2012_val_00048478_n02979186.JPEG,0.0465001575648784,0.0032323752529919,5.690695762634277,0.0432677823118865
279,ILSVRC2012_val_00034065_n02120079.JPEG,ILSVRC2012_val_00019707_n04435653.JPEG,0.1022000089287757,0.0028658532537519,6.062933921813965,0.09933415567502381
280,ILSVRC2012_val_00045171_n02120505.JPEG,ILSVRC2012_val_00020808_n03763968.JPEG,0.0393622256815433,0.0331706516444683,6.684055328369141,0.006191574037075001
280,ILSVRC2012_val_00002987_n02120505.JPEG,ILSVRC2012_val_00000569_n02814860.JPEG,0.0338751226663589,0.0253459922969341,7.19415807723999,0.008529130369424799
280,ILSVRC2012_val_00045171_n02120505.JPEG,ILSVRC2012_val_00040814_n02279972.JPEG,0.0393622256815433,0.0139963030815124,6.163716793060303,0.0253659226000309
280,ILSVRC2012_val_00002987_n02120505.JPEG,ILSVRC2012_val_00013069_n01632458.JPEG,0.0338751226663589,0.0058865994215011,5.048539161682129,0.0279885232448578
280,ILSVRC2012_val_00006964_n02120505.JPEG,ILSVRC2012_val_00017314_n04517823.JPEG,0.1178347468376159,0.0885635465383529,7.583695411682129,0.029271200299263
281,ILSVRC2012_val_00040238_n02123045.JPEG,ILSVRC2012_val_00039661_n01774384.JPEG,0.3252125978469848,0.2744919061660766,4.871960639953613,0.0507206916809082
281,ILSVRC2012_val_00016483_n02123045.JPEG,ILSVRC2012_val_00001554_n04532670.JPEG,0.785198450088501,0.635719358921051,8.900365829467773,0.14947909116744995
281,ILSVRC2012_val_00040745_n02123045.JPEG,ILSVRC2012_val_00003732_n03127747.JPEG,0.6736019253730774,0.0721666663885116,6.586972236633301,0.6014352589845657
281,ILSVRC2012_val_00035163_n02123045.JPEG,ILSVRC2012_val_00032736_n03075370.JPEG,1.210400104522705,0.5053607225418091,10.234986305236816,0.705039381980896
281,ILSVRC2012_val_00033837_n02123045.JPEG,ILSVRC2012_val_00012023_n02786058.JPEG,1.064302921295166,0.0403161123394966,4.1380615234375,1.0239868089556694
282,ILSVRC2012_val_00012339_n02123159.JPEG,ILSVRC2012_val_00042446_n09472597.JPEG,0.5968526005744934,0.0075242454186081,1.7412598133087158,0.5893283551558853
282,ILSVRC2012_val_00016399_n02123159.JPEG,ILSVRC2012_val_00001679_n04286575.JPEG,0.6704685688018799,0.0435853153467178,4.27739143371582,0.626883253455162
282,ILSVRC2012_val_00016399_n02123159.JPEG,ILSVRC2012_val_00000648_n02012849.JPEG,0.6704685688018799,0.0141191380098462,1.4847768545150757,0.6563494307920337
282,ILSVRC2012_val_00016399_n02123159.JPEG,ILSVRC2012_val_00045507_n02364673.JPEG,0.6704685688018799,0.010867222212255,1.0078178644180298,0.6596013465896249
282,ILSVRC2012_val_00019262_n02123159.JPEG,ILSVRC2012_val_00012777_n01910747.JPEG,1.9938256740570068,0.0337939895689487,4.439454078674316,1.960031684488058
283,ILSVRC2012_val_00015898_n02123394.JPEG,ILSVRC2012_val_00010312_n01944390.JPEG,0.0584429278969764,0.0550643056631088,8.465896606445312,0.0033786222338676036
283,ILSVRC2012_val_00016598_n02123394.JPEG,ILSVRC2012_val_00028950_n03482405.JPEG,0.0397070236504077,0.0178156848996877,6.742539405822754,0.02189133875072
283,ILSVRC2012_val_00024500_n02123394.JPEG,ILSVRC2012_val_00024030_n01819313.JPEG,0.0421040169894695,0.0034911418333649,6.542649269104004,0.0386128751561046
283,ILSVRC2012_val_00024500_n02123394.JPEG,ILSVRC2012_val_00037127_n01616318.JPEG,0.0421040169894695,0.001918263034895,0.2987516820430755,0.0401857539545745
283,ILSVRC2012_val_00043898_n02123394.JPEG,ILSVRC2012_val_00015511_n02107312.JPEG,1.5326844453811646,0.0039876955561339,6.146773338317871,1.5286967498250306
284,ILSVRC2012_val_00043546_n02123597.JPEG,ILSVRC2012_val_00002331_n04456115.JPEG,0.0122024910524487,0.0019351581577211,3.64435601234436,0.0102673328947276
284,ILSVRC2012_val_00043051_n02123597.JPEG,ILSVRC2012_val_00004131_n04525038.JPEG,0.0271027106791734,0.0083885230123996,5.537237167358398,0.0187141876667738
284,ILSVRC2012_val_00017186_n02123597.JPEG,ILSVRC2012_val_00023191_n03721384.JPEG,0.0328874997794628,0.0056125675328075,7.2841105461120605,0.027274932246655302
284,ILSVRC2012_val_00002659_n02123597.JPEG,ILSVRC2012_val_00016581_n02107142.JPEG,0.0430399924516677,0.0015994624700397,4.778127193450928,0.041440529981628005
284,ILSVRC2012_val_00045829_n02123597.JPEG,ILSVRC2012_val_00000683_n01693334.JPEG,0.1433423608541488,0.0026106107980012,4.337102890014648,0.1407317500561476
285,ILSVRC2012_val_00049735_n02124075.JPEG,ILSVRC2012_val_00025969_n01491361.JPEG,0.8916189670562744,0.0183221492916345,8.256016731262207,0.87329681776464
285,ILSVRC2012_val_00038976_n02124075.JPEG,ILSVRC2012_val_00047389_n03937543.JPEG,1.214142680168152,0.0721194148063659,7.46090841293335,1.142023265361786
285,ILSVRC2012_val_00023871_n02124075.JPEG,ILSVRC2012_val_00018759_n02749479.JPEG,1.7326889038085938,0.0052719381637871,6.322882175445557,1.7274169656448066
285,ILSVRC2012_val_00038683_n02124075.JPEG,ILSVRC2012_val_00048765_n04065272.JPEG,1.9559733867645264,0.223541721701622,8.700424194335938,1.7324316650629044
285,ILSVRC2012_val_00038683_n02124075.JPEG,ILSVRC2012_val_00034569_n03197337.JPEG,1.9559733867645264,0.0041327788494527,3.1563479900360107,1.9518406079150736
286,ILSVRC2012_val_00006400_n02125311.JPEG,ILSVRC2012_val_00034437_n01582220.JPEG,0.1531150341033935,0.0015773248160257,2.1060869693756104,0.1515377092873678
286,ILSVRC2012_val_00006400_n02125311.JPEG,ILSVRC2012_val_00019262_n02123159.JPEG,0.1531150341033935,0.0011728082317858,2.763573169708252,0.1519422258716077
286,ILSVRC2012_val_00022007_n02125311.JPEG,ILSVRC2012_val_00000951_n04532670.JPEG,0.3820084631443023,0.0057697417214512,6.734695911407471,0.3762387214228511
286,ILSVRC2012_val_00012457_n02125311.JPEG,ILSVRC2012_val_00037978_n02268853.JPEG,1.1684470176696775,0.0062369708903133,9.664239883422852,1.1622100467793641
286,ILSVRC2012_val_00012457_n02125311.JPEG,ILSVRC2012_val_00039497_n04550184.JPEG,1.1684470176696775,0.0052852192893624,4.651892185211182,1.163161798380315
287,ILSVRC2012_val_00006792_n02127052.JPEG,ILSVRC2012_val_00029548_n04296562.JPEG,0.2032201141119003,0.0048760315403342,6.808650970458984,0.1983440825715661
287,ILSVRC2012_val_00030860_n02127052.JPEG,ILSVRC2012_val_00002516_n02108422.JPEG,0.3295270502567291,0.0038482910022139,1.9133416414260864,0.3256787592545152
287,ILSVRC2012_val_00027736_n02127052.JPEG,ILSVRC2012_val_00023665_n03980874.JPEG,0.4648146629333496,0.0361557453870773,5.486591339111328,0.42865891754627233
287,ILSVRC2012_val_00027736_n02127052.JPEG,ILSVRC2012_val_00000259_n03729826.JPEG,0.4648146629333496,0.0057303914800286,7.960036754608154,0.45908427145332104
287,ILSVRC2012_val_00014321_n02127052.JPEG,ILSVRC2012_val_00014756_n03249569.JPEG,0.9722632765769958,0.140494018793106,8.378677368164062,0.8317692577838899
288,ILSVRC2012_val_00043117_n02128385.JPEG,ILSVRC2012_val_00030463_n02342885.JPEG,0.1298572272062301,0.0091321635991334,6.587438106536865,0.12072506360709671
288,ILSVRC2012_val_00043117_n02128385.JPEG,ILSVRC2012_val_00017813_n03450230.JPEG,0.1298572272062301,0.0053481836803257,2.924389362335205,0.1245090435259044
288,ILSVRC2012_val_00019753_n02128385.JPEG,ILSVRC2012_val_00029915_n12267677.JPEG,0.2443057149648666,0.0041746855713427,1.060383439064026,0.2401310293935239
288,ILSVRC2012_val_00035368_n02128385.JPEG,ILSVRC2012_val_00044229_n03478589.JPEG,0.4688301682472229,0.029903033748269,5.781854629516602,0.4389271344989539
288,ILSVRC2012_val_00035368_n02128385.JPEG,ILSVRC2012_val_00022756_n02066245.JPEG,0.4688301682472229,0.007082475349307,1.0638283491134644,0.4617476928979159
289,ILSVRC2012_val_00012079_n02128757.JPEG,ILSVRC2012_val_00011313_n04252077.JPEG,0.1136203929781913,0.0976526290178299,4.451704502105713,0.01596776396036141
289,ILSVRC2012_val_00042484_n02128757.JPEG,ILSVRC2012_val_00014953_n03095699.JPEG,0.0354791097342968,0.004905569832772,2.1019515991210938,0.0305735399015248
289,ILSVRC2012_val_00035332_n02128757.JPEG,ILSVRC2012_val_00009296_n03759954.JPEG,0.0983461812138557,0.0256357006728649,4.824000358581543,0.0727104805409908
289,ILSVRC2012_val_00035332_n02128757.JPEG,ILSVRC2012_val_00027524_n03599486.JPEG,0.0983461812138557,0.0054805027320981,5.943304538726807,0.0928656784817576
289,ILSVRC2012_val_00012079_n02128757.JPEG,ILSVRC2012_val_00039163_n02910353.JPEG,0.1136203929781913,0.0205617528408765,9.406990051269531,0.09305864013731481
290,ILSVRC2012_val_00031686_n02128925.JPEG,ILSVRC2012_val_00011870_n04146614.JPEG,0.22160704433918,0.1912361532449722,8.718828201293945,0.03037089109420779
290,ILSVRC2012_val_00007232_n02128925.JPEG,ILSVRC2012_val_00005324_n03761084.JPEG,0.0529321692883968,0.0066158785484731,5.198786735534668,0.0463162907399237
290,ILSVRC2012_val_00040784_n02128925.JPEG,ILSVRC2012_val_00033770_n01601694.JPEG,0.1707341372966766,0.0101006794720888,1.0859192609786987,0.16063345782458782
290,ILSVRC2012_val_00011543_n02128925.JPEG,ILSVRC2012_val_00022719_n02708093.JPEG,0.5883657932281494,0.4265331029891968,9.474329948425291,0.16183269023895264
290,ILSVRC2012_val_00021585_n02128925.JPEG,ILSVRC2012_val_00014101_n02104365.JPEG,0.3127528429031372,0.0032607740722596,2.5505177974700928,0.3094920688308776
291,ILSVRC2012_val_00047193_n02129165.JPEG,ILSVRC2012_val_00016049_n03271574.JPEG,0.0780474990606308,0.0716250613331794,9.773056983947754,0.006422437727451394
291,ILSVRC2012_val_00012353_n02129165.JPEG,ILSVRC2012_val_00036492_n02089867.JPEG,0.1969016790390014,0.0029514345806092,5.701620578765869,0.1939502444583922
291,ILSVRC2012_val_00024902_n02129165.JPEG,ILSVRC2012_val_00028921_n03290653.JPEG,1.0208122730255127,0.361133337020874,10.118807792663574,0.6596789360046387
291,ILSVRC2012_val_00024902_n02129165.JPEG,ILSVRC2012_val_00022973_n03388183.JPEG,1.0208122730255127,0.011016852222383,7.6995439529418945,1.0097954208031297
291,ILSVRC2012_val_00024902_n02129165.JPEG,ILSVRC2012_val_00036570_n04366367.JPEG,1.0208122730255127,0.0076779257506132,9.961094856262209,1.0131343472748995
292,ILSVRC2012_val_00013239_n02129604.JPEG,ILSVRC2012_val_00029726_n01667114.JPEG,0.0979744419455528,0.0102221053093671,6.007871627807617,0.0877523366361857
292,ILSVRC2012_val_00018241_n02129604.JPEG,ILSVRC2012_val_00024992_n01873310.JPEG,0.1882877796888351,0.0052682617679238,7.774009227752685,0.18301951792091128
292,ILSVRC2012_val_00031017_n02129604.JPEG,ILSVRC2012_val_00002375_n04116512.JPEG,0.4438519477844238,0.0135714961215853,6.744901180267334,0.43028045166283846
292,ILSVRC2012_val_00040630_n02129604.JPEG,ILSVRC2012_val_00035117_n02088238.JPEG,0.5601412653923035,0.0071978773921728,5.683404445648193,0.5529433880001307
292,ILSVRC2012_val_00024050_n02129604.JPEG,ILSVRC2012_val_00024119_n04005630.JPEG,0.7103905081748962,0.0040813731029629,4.338485240936279,0.7063091350719334
293,ILSVRC2012_val_00038707_n02130308.JPEG,ILSVRC2012_val_00048095_n03065424.JPEG,0.2115438431501388,0.1963028162717819,7.972442150115967,0.015241026878356906
293,ILSVRC2012_val_00000348_n02130308.JPEG,ILSVRC2012_val_00021471_n04275548.JPEG,0.0335972420871257,0.0055631343275308,4.54246997833252,0.028034107759594903
293,ILSVRC2012_val_00047021_n02130308.JPEG,ILSVRC2012_val_00000358_n02894605.JPEG,0.0364587754011154,0.0026239273138344,5.879778861999512,0.033834848087280996
293,ILSVRC2012_val_00039516_n02130308.JPEG,ILSVRC2012_val_00035046_n04562935.JPEG,0.2331819236278534,0.1976391077041626,8.463675498962402,0.035542815923690796
293,ILSVRC2012_val_00033042_n02130308.JPEG,ILSVRC2012_val_00022059_n03717622.JPEG,0.1619719564914703,0.1031905561685562,8.249913215637207,0.05878140032291411
294,ILSVRC2012_val_00045952_n02132136.JPEG,ILSVRC2012_val_00021051_n02110063.JPEG,0.0225984789431095,0.0044499421492218,1.99732518196106,0.0181485367938877
294,ILSVRC2012_val_00045952_n02132136.JPEG,ILSVRC2012_val_00032796_n01698640.JPEG,0.0225984789431095,0.0020622194278985,1.1767202615737915,0.020536259515211
294,ILSVRC2012_val_00032453_n02132136.JPEG,ILSVRC2012_val_00048542_n01698640.JPEG,0.0439229570329189,0.0067129805684089,6.373612403869629,0.037209976464510006
294,ILSVRC2012_val_00032453_n02132136.JPEG,ILSVRC2012_val_00002106_n01742172.JPEG,0.0439229570329189,0.0060951542109251,0.0710577294230461,0.0378278028219938
294,ILSVRC2012_val_00018369_n02132136.JPEG,ILSVRC2012_val_00048056_n03995372.JPEG,0.1509471982717514,0.0284778997302055,8.805328369140625,0.1224692985415459
295,ILSVRC2012_val_00012998_n02133161.JPEG,ILSVRC2012_val_00023571_n04366367.JPEG,0.155460238456726,0.0134668247774243,6.776978015899658,0.14199341367930168
295,ILSVRC2012_val_00030951_n02133161.JPEG,ILSVRC2012_val_00020635_n02190166.JPEG,0.1638245433568954,0.0185149032622575,6.676772117614746,0.1453096400946379
295,ILSVRC2012_val_00030951_n02133161.JPEG,ILSVRC2012_val_00034061_n02410509.JPEG,0.1638245433568954,0.0096774008125066,5.397825717926025,0.1541471425443888
295,ILSVRC2012_val_00007093_n02133161.JPEG,ILSVRC2012_val_00014701_n02109961.JPEG,0.1686422824859619,0.004716224502772,4.243671417236328,0.16392605798318988
295,ILSVRC2012_val_00046668_n02133161.JPEG,ILSVRC2012_val_00008394_n03796401.JPEG,1.619274616241455,0.1431517750024795,5.793779373168945,1.4761228412389755
296,ILSVRC2012_val_00021883_n02134084.JPEG,ILSVRC2012_val_00000463_n07718472.JPEG,0.0053850593976676,0.0046800361014902,6.734469413757324,0.0007050232961773994
296,ILSVRC2012_val_00010745_n02134084.JPEG,ILSVRC2012_val_00020122_n03854065.JPEG,0.0449446476995945,0.0417621023952961,8.04825210571289,0.003182545304298401
296,ILSVRC2012_val_00016459_n02134084.JPEG,ILSVRC2012_val_00006642_n03492542.JPEG,0.1086740344762802,0.0878158956766128,4.964174270629883,0.0208581387996674
296,ILSVRC2012_val_00016459_n02134084.JPEG,ILSVRC2012_val_00035547_n03482405.JPEG,0.1086740344762802,0.0204643514007329,6.5196967124938965,0.0882096830755473
296,ILSVRC2012_val_00010742_n02134084.JPEG,ILSVRC2012_val_00029276_n03947888.JPEG,0.1446550339460373,0.0016805110499262,7.320496559143066,0.1429745228961111
297,ILSVRC2012_val_00028703_n02134418.JPEG,ILSVRC2012_val_00004946_n04070727.JPEG,0.0102234035730361,0.0023060652893036,2.5827858448028564,0.0079173382837325
297,ILSVRC2012_val_00028217_n02134418.JPEG,ILSVRC2012_val_00021567_n04467665.JPEG,0.0380800887942314,0.0105342762544751,2.9429171085357666,0.0275458125397563
297,ILSVRC2012_val_00028217_n02134418.JPEG,ILSVRC2012_val_00046955_n03045698.JPEG,0.0380800887942314,0.0015466167824342,5.277514457702637,0.0365334720117972
297,ILSVRC2012_val_00039564_n02134418.JPEG,ILSVRC2012_val_00042264_n03028079.JPEG,0.0421755611896514,0.0028461208567023,5.3165435791015625,0.0393294403329491
297,ILSVRC2012_val_00039399_n02134418.JPEG,ILSVRC2012_val_00031710_n03498962.JPEG,0.1027451008558273,0.0136839179322123,8.76240062713623,0.089061182923615
298,ILSVRC2012_val_00022659_n02137549.JPEG,ILSVRC2012_val_00032697_n02790996.JPEG,0.019800504669547,0.0039001840632408,7.816534996032715,0.015900320606306202
298,ILSVRC2012_val_00017694_n02137549.JPEG,ILSVRC2012_val_00042389_n03376595.JPEG,0.3526246249675751,0.0200217198580503,7.350237846374512,0.3326029051095248
298,ILSVRC2012_val_00017694_n02137549.JPEG,ILSVRC2012_val_00010458_n04067472.JPEG,0.3526246249675751,0.0188205204904079,7.777346611022949,0.3338041044771672
298,ILSVRC2012_val_00049781_n02137549.JPEG,ILSVRC2012_val_00012389_n09399592.JPEG,0.3416904211044311,0.0016636116197332,7.321070671081543,0.3400268094846979
298,ILSVRC2012_val_00030188_n02137549.JPEG,ILSVRC2012_val_00010623_n03787032.JPEG,0.4200666546821594,0.0067296768538653,6.327056407928467,0.41333697782829415
299,ILSVRC2012_val_00026239_n02138441.JPEG,ILSVRC2012_val_00045397_n02777292.JPEG,0.0477182492613792,0.026029746979475,5.411931991577148,0.0216885022819042
299,ILSVRC2012_val_00037627_n02138441.JPEG,ILSVRC2012_val_00001454_n01774384.JPEG,0.0511775836348533,0.0158942658454179,8.24243450164795,0.0352833177894354
299,ILSVRC2012_val_00034460_n02138441.JPEG,ILSVRC2012_val_00038388_n03785016.JPEG,0.3790649771690368,0.1654644906520843,8.786706924438477,0.21360048651695251
299,ILSVRC2012_val_00039182_n02138441.JPEG,ILSVRC2012_val_00008097_n02906734.JPEG,0.2409316003322601,0.002959041390568,1.9783875942230225,0.2379725589416921
299,ILSVRC2012_val_00035330_n02138441.JPEG,ILSVRC2012_val_00009969_n07614500.JPEG,0.4193692207336426,0.0112963616847991,6.532970428466797,0.4080728590488435
300,ILSVRC2012_val_00033781_n02165105.JPEG,ILSVRC2012_val_00003730_n03895866.JPEG,0.0241343006491661,0.0212138909846544,8.490182876586914,0.0029204096645117014
300,ILSVRC2012_val_00036310_n02165105.JPEG,ILSVRC2012_val_00022590_n02106382.JPEG,0.0111015038564801,0.0080598350614309,5.354530811309815,0.003041668795049201
300,ILSVRC2012_val_00036310_n02165105.JPEG,ILSVRC2012_val_00011908_n04522168.JPEG,0.0111015038564801,0.0021801055409014,4.009274959564209,0.0089213983155787
300,ILSVRC2012_val_00036631_n02165105.JPEG,ILSVRC2012_val_00046168_n07860988.JPEG,0.0195905808359384,0.005095234606415,2.367866039276123,0.014495346229523401
300,ILSVRC2012_val_00001566_n02165105.JPEG,ILSVRC2012_val_00035792_n03447721.JPEG,0.0419347323477268,0.0056228805333375,6.1307783126831055,0.0363118518143893
301,ILSVRC2012_val_00006966_n02165456.JPEG,ILSVRC2012_val_00048838_n01833805.JPEG,0.068573847413063,0.0033793505281209,8.790712356567383,0.0651944968849421
301,ILSVRC2012_val_00005343_n02165456.JPEG,ILSVRC2012_val_00026440_n07579787.JPEG,0.0941482111811637,0.0032049263827502,5.587331771850586,0.0909432847984135
301,ILSVRC2012_val_00021152_n02165456.JPEG,ILSVRC2012_val_00036114_n03393912.JPEG,0.2521058320999145,0.0555644333362579,6.966476440429688,0.1965413987636566
301,ILSVRC2012_val_00021152_n02165456.JPEG,ILSVRC2012_val_00011466_n04591157.JPEG,0.2521058320999145,0.0027153547853231,5.694541931152344,0.2493904773145914
301,ILSVRC2012_val_00036005_n02165456.JPEG,ILSVRC2012_val_00032001_n04507155.JPEG,0.3098622858524322,0.0051985327154397,5.927953720092773,0.3046637531369925
302,ILSVRC2012_val_00030792_n02167151.JPEG,ILSVRC2012_val_00028369_n03776460.JPEG,0.2945447266101837,0.0155531307682394,7.159696102142334,0.27899159584194433
302,ILSVRC2012_val_00016594_n02167151.JPEG,ILSVRC2012_val_00020210_n03991062.JPEG,0.7238596677780151,0.0747468546032905,8.155891418457031,0.6491128131747246
302,ILSVRC2012_val_00046689_n02167151.JPEG,ILSVRC2012_val_00043650_n09332890.JPEG,1.745305418968201,0.0182419698685407,6.670791149139404,1.7270634490996601
302,ILSVRC2012_val_00043655_n02167151.JPEG,ILSVRC2012_val_00046443_n02093991.JPEG,3.745307922363281,0.0242632273584604,8.81155776977539,3.7210446950048204
302,ILSVRC2012_val_00043655_n02167151.JPEG,ILSVRC2012_val_00034998_n02643566.JPEG,3.745307922363281,0.0144846141338348,7.582690238952637,3.730823308229446
303,ILSVRC2012_val_00015603_n02168699.JPEG,ILSVRC2012_val_00022197_n03877472.JPEG,0.4993467032909393,0.0022115076426416,4.907347679138184,0.49713519564829767
303,ILSVRC2012_val_00015056_n02168699.JPEG,ILSVRC2012_val_00029359_n02105505.JPEG,0.7036929130554199,0.0144392605870962,5.328025341033936,0.6892536524683237
303,ILSVRC2012_val_00007520_n02168699.JPEG,ILSVRC2012_val_00017964_n02094433.JPEG,1.3019497394561768,0.0254947487264871,9.682908058166504,1.2764549907296896
303,ILSVRC2012_val_00007520_n02168699.JPEG,ILSVRC2012_val_00046578_n03908714.JPEG,1.3019497394561768,0.0073222601786255,6.09354305267334,1.2946274792775512
303,ILSVRC2012_val_00008858_n02168699.JPEG,ILSVRC2012_val_00015097_n03691459.JPEG,1.95413875579834,0.0513943433761596,6.355430603027344,1.9027444124221804
304,ILSVRC2012_val_00047901_n02169497.JPEG,ILSVRC2012_val_00035784_n01729322.JPEG,0.4757048487663269,0.0025544890668243,3.43412709236145,0.4731503596995026
304,ILSVRC2012_val_00020652_n02169497.JPEG,ILSVRC2012_val_00002853_n02708093.JPEG,0.9089704155921936,0.0385721512138843,8.788054466247559,0.8703982643783092
304,ILSVRC2012_val_00000510_n02169497.JPEG,ILSVRC2012_val_00019715_n02111129.JPEG,2.2642765045166016,0.0271312519907951,5.55412483215332,2.2371452525258064
304,ILSVRC2012_val_00004851_n02169497.JPEG,ILSVRC2012_val_00041261_n02229544.JPEG,2.8291351795196533,0.0037285825237631,3.5057849884033203,2.82540659699589
304,ILSVRC2012_val_00042299_n02169497.JPEG,ILSVRC2012_val_00020235_n03085013.JPEG,3.278798341751098,0.1896166652441024,6.521220207214356,3.0891816765069957
305,ILSVRC2012_val_00048079_n02172182.JPEG,ILSVRC2012_val_00045607_n03998194.JPEG,0.0228083543479442,0.0211359281092882,7.766406059265137,0.0016724262386560024
305,ILSVRC2012_val_00000924_n02172182.JPEG,ILSVRC2012_val_00018795_n04493381.JPEG,0.0254170037806034,0.0222309436649084,7.558168411254883,0.0031860601156949997
305,ILSVRC2012_val_00048079_n02172182.JPEG,ILSVRC2012_val_00025253_n02111129.JPEG,0.0228083543479442,0.007302023936063,7.143693923950195,0.015506330411881201
305,ILSVRC2012_val_00048079_n02172182.JPEG,ILSVRC2012_val_00003248_n02363005.JPEG,0.0228083543479442,0.0070754918269813,7.773870468139648,0.0157328625209629
305,ILSVRC2012_val_00024737_n02172182.JPEG,ILSVRC2012_val_00005259_n02325366.JPEG,0.0981468260288238,0.0034440984018146,7.761303901672363,0.0947027276270092
306,ILSVRC2012_val_00021478_n02174001.JPEG,ILSVRC2012_val_00043490_n04286575.JPEG,0.0276580695062875,0.0010915994644165,7.698447227478027,0.026566470041870998
306,ILSVRC2012_val_00023719_n02174001.JPEG,ILSVRC2012_val_00032276_n07745940.JPEG,0.0411321558058261,0.0095124561339616,5.586566925048828,0.031619699671864496
306,ILSVRC2012_val_00035175_n02174001.JPEG,ILSVRC2012_val_00004024_n03218198.JPEG,0.0385256968438625,0.0024648304097354,3.197460174560547,0.0360608664341271
306,ILSVRC2012_val_00023719_n02174001.JPEG,ILSVRC2012_val_00017239_n02643566.JPEG,0.0411321558058261,0.0010802869219332,6.937484264373779,0.040051868883892894
306,ILSVRC2012_val_00027857_n02174001.JPEG,ILSVRC2012_val_00032351_n01917289.JPEG,0.4105392694473266,0.3071116805076599,9.62391471862793,0.10342758893966669
307,ILSVRC2012_val_00006901_n02177972.JPEG,ILSVRC2012_val_00021453_n03920288.JPEG,0.0415711477398872,0.0113219395279884,5.116208076477051,0.030249208211898804
307,ILSVRC2012_val_00030795_n02177972.JPEG,ILSVRC2012_val_00002596_n02948072.JPEG,0.3513204157352447,0.00560106895864,5.856415748596191,0.3457193467766047
307,ILSVRC2012_val_00015600_n02177972.JPEG,ILSVRC2012_val_00006124_n03961711.JPEG,0.4667330086231231,0.003392775543034,3.250189304351806,0.4633402330800891
307,ILSVRC2012_val_00015600_n02177972.JPEG,ILSVRC2012_val_00008110_n03873416.JPEG,0.4667330086231231,0.0028257938101887,3.828763961791992,0.4639072148129344
307,ILSVRC2012_val_00015600_n02177972.JPEG,ILSVRC2012_val_00048735_n02025239.JPEG,0.4667330086231231,0.0017492959741503,2.888561964035034,0.4649837126489728
308,ILSVRC2012_val_00036434_n02190166.JPEG,ILSVRC2012_val_00020155_n03777754.JPEG,0.0012274596374481,0.0012173393042758,6.305468559265137,1.0120333172299826e-05
308,ILSVRC2012_val_00002127_n02190166.JPEG,ILSVRC2012_val_00036102_n01641577.JPEG,0.0010868363315239,0.0010657589882612,0.8370823860168457,2.1077343262699937e-05
308,ILSVRC2012_val_00022772_n02190166.JPEG,ILSVRC2012_val_00041395_n03788195.JPEG,0.0068149277940392,0.0063592223450541,3.1327905654907227,0.0004557054489850998
308,ILSVRC2012_val_00045438_n02190166.JPEG,ILSVRC2012_val_00025834_n03594945.JPEG,0.011425657197833,0.0052406317554414,3.2518014907836914,0.0061850254423916
308,ILSVRC2012_val_00045438_n02190166.JPEG,ILSVRC2012_val_00023710_n03459775.JPEG,0.011425657197833,0.00388925941661,3.917085886001587,0.007536397781223001
309,ILSVRC2012_val_00018271_n02206856.JPEG,ILSVRC2012_val_00014635_n04548280.JPEG,0.0030235787853598,0.0021483453456312,6.697750568389893,0.0008752334397285999
309,ILSVRC2012_val_00047075_n02206856.JPEG,ILSVRC2012_val_00033600_n03891251.JPEG,0.0068657202646136,0.0035251162480562,7.990650653839111,0.0033406040165573996
309,ILSVRC2012_val_00045227_n02206856.JPEG,ILSVRC2012_val_00041660_n03041632.JPEG,0.0657361298799514,0.0029717590659856,10.509929656982422,0.0627643708139658
309,ILSVRC2012_val_00016467_n02206856.JPEG,ILSVRC2012_val_00041433_n02869837.JPEG,0.1791477799415588,0.0157125052064657,3.6619720458984375,0.16343527473509312
309,ILSVRC2012_val_00016467_n02206856.JPEG,ILSVRC2012_val_00012085_n02106550.JPEG,0.1791477799415588,0.0033747169654816,3.7124156951904297,0.1757730629760772
310,ILSVRC2012_val_00029660_n02219486.JPEG,ILSVRC2012_val_00048475_n02486261.JPEG,0.0192086063325405,0.0085661821067333,9.393706321716309,0.010642424225807202
310,ILSVRC2012_val_00001502_n02219486.JPEG,ILSVRC2012_val_00047794_n03877472.JPEG,0.0388923399150371,0.014401189982891,8.605807304382324,0.0244911499321461
310,ILSVRC2012_val_00001502_n02219486.JPEG,ILSVRC2012_val_00030188_n02137549.JPEG,0.0388923399150371,0.0007753941463306,5.576357841491699,0.0381169457687065
310,ILSVRC2012_val_00044296_n02219486.JPEG,ILSVRC2012_val_00035394_n07715103.JPEG,0.2249515205621719,0.0019046990200877,6.540356636047363,0.22304682154208422
310,ILSVRC2012_val_00018877_n02219486.JPEG,ILSVRC2012_val_00038349_n02403003.JPEG,0.4121712148189544,0.0018246206454932,5.925971031188965,0.4103465941734612
311,ILSVRC2012_val_00046054_n02226429.JPEG,ILSVRC2012_val_00046810_n02802426.JPEG,0.2970795333385467,0.0125625468790531,8.446806907653809,0.2845169864594936
311,ILSVRC2012_val_00000972_n02226429.JPEG,ILSVRC2012_val_00012699_n07747607.JPEG,0.5064353942871094,0.0386659689247608,1.482811689376831,0.46776942536234856
311,ILSVRC2012_val_00000972_n02226429.JPEG,ILSVRC2012_val_00022281_n04325704.JPEG,0.5064353942871094,0.0148824909701943,6.431834220886231,0.4915529033169151
311,ILSVRC2012_val_00000125_n02226429.JPEG,ILSVRC2012_val_00018048_n02174001.JPEG,0.837942898273468,0.0108807832002639,4.865287780761719,0.8270621150732042
311,ILSVRC2012_val_00037042_n02226429.JPEG,ILSVRC2012_val_00011325_n02128925.JPEG,1.806036353111267,0.0040468238294124,4.343293190002441,1.8019895292818546
312,ILSVRC2012_val_00015021_n02229544.JPEG,ILSVRC2012_val_00042563_n03527444.JPEG,0.1785473674535751,0.0320272929966449,10.966384887695312,0.14652007445693022
312,ILSVRC2012_val_00035409_n02229544.JPEG,ILSVRC2012_val_00015944_n02865351.JPEG,0.2105200588703155,0.0437190607190132,5.216808795928955,0.16680099815130228
312,ILSVRC2012_val_00041261_n02229544.JPEG,ILSVRC2012_val_00037247_n07747607.JPEG,0.6039321422576904,0.0199108254164457,2.134533643722534,0.5840213168412447
312,ILSVRC2012_val_00042010_n02229544.JPEG,ILSVRC2012_val_00030325_n03920288.JPEG,0.6941877007484436,0.0211431644856929,9.697362899780272,0.6730445362627507
312,ILSVRC2012_val_00017677_n02229544.JPEG,ILSVRC2012_val_00023870_n02447366.JPEG,0.72681725025177,0.0243837609887123,5.884469985961914,0.7024334892630577
313,ILSVRC2012_val_00014572_n02231487.JPEG,ILSVRC2012_val_00018673_n01978287.JPEG,0.7865312695503235,0.0030887061730027,5.426998138427734,0.7834425633773208
313,ILSVRC2012_val_00037571_n02231487.JPEG,ILSVRC2012_val_00045390_n03929660.JPEG,1.3699067831039429,0.010063269175589,8.118083953857422,1.3598435139283538
313,ILSVRC2012_val_00037571_n02231487.JPEG,ILSVRC2012_val_00037198_n02219486.JPEG,1.3699067831039429,0.0013142528478056,4.8520941734313965,1.3685925302561373
313,ILSVRC2012_val_00005237_n02231487.JPEG,ILSVRC2012_val_00002232_n01669191.JPEG,1.6495089530944824,0.0497732833027839,9.220819473266602,1.5997356697916985
313,ILSVRC2012_val_00005237_n02231487.JPEG,ILSVRC2012_val_00000250_n03016953.JPEG,1.6495089530944824,0.0056891427375376,6.648481845855713,1.6438198103569448
314,ILSVRC2012_val_00042897_n02233338.JPEG,ILSVRC2012_val_00034720_n01560419.JPEG,0.1236585974693298,0.0014817459741607,6.987793922424316,0.1221768514951691
314,ILSVRC2012_val_00024082_n02233338.JPEG,ILSVRC2012_val_00040508_n03908618.JPEG,0.3169383108615875,0.0068324510939419,7.49003791809082,0.3101058597676456
314,ILSVRC2012_val_00038142_n02233338.JPEG,ILSVRC2012_val_00034869_n04040759.JPEG,0.7077106237411499,0.0009402383584529,4.8968353271484375,0.706770385382697
314,ILSVRC2012_val_00038142_n02233338.JPEG,ILSVRC2012_val_00010865_n02104365.JPEG,0.7077106237411499,0.0008474572678096,5.51134729385376,0.7068631664733404
314,ILSVRC2012_val_00036832_n02233338.JPEG,ILSVRC2012_val_00042571_n03944341.JPEG,5.780254364013672,0.0037948514800518,6.876815319061279,5.77645951253362
315,ILSVRC2012_val_00017115_n02236044.JPEG,ILSVRC2012_val_00011999_n03384352.JPEG,0.0398186072707176,0.0281563308089971,7.046880722045898,0.011662276461720501
315,ILSVRC2012_val_00011079_n02236044.JPEG,ILSVRC2012_val_00041864_n01824575.JPEG,0.0530057698488235,0.0090821953490376,3.2422118186950684,0.0439235744997859
315,ILSVRC2012_val_00007130_n02236044.JPEG,ILSVRC2012_val_00003225_n02422106.JPEG,0.1028795540332794,0.0078340666368603,4.7661213874816895,0.0950454873964191
315,ILSVRC2012_val_00031050_n02236044.JPEG,ILSVRC2012_val_00021824_n04398044.JPEG,0.733343780040741,0.0144436080008745,7.930240154266357,0.7189001720398664
315,ILSVRC2012_val_00018257_n02236044.JPEG,ILSVRC2012_val_00044766_n02091635.JPEG,3.7056901454925537,0.0115294819697737,7.187865257263184,3.69416066352278
316,ILSVRC2012_val_00030829_n02256656.JPEG,ILSVRC2012_val_00049064_n02105641.JPEG,0.0021947361528873,0.0020298608578741,7.213460922241211,0.00016487529501320016
316,ILSVRC2012_val_00035308_n02256656.JPEG,ILSVRC2012_val_00013097_n03777754.JPEG,0.0111297974362969,0.0094889579340815,6.870828628540039,0.0016408395022153993
316,ILSVRC2012_val_00034900_n02256656.JPEG,ILSVRC2012_val_00031629_n03935335.JPEG,0.0432224459946155,0.0045220972970128,7.273070335388184,0.0387003486976027
316,ILSVRC2012_val_00024250_n02256656.JPEG,ILSVRC2012_val_00003977_n03777568.JPEG,0.7308116555213928,0.0020223658066242,7.172397613525391,0.7287892897147686
316,ILSVRC2012_val_00024250_n02256656.JPEG,ILSVRC2012_val_00030649_n01770081.JPEG,0.7308116555213928,0.0002959528646897,7.432092189788818,0.7305157026567031
317,ILSVRC2012_val_00011820_n02259212.JPEG,ILSVRC2012_val_00047490_n02782093.JPEG,0.0109568377956748,0.0020552005153149,0.516514778137207,0.008901637280359899
317,ILSVRC2012_val_00015606_n02259212.JPEG,ILSVRC2012_val_00014825_n02120079.JPEG,0.0360056906938552,0.0096468226984143,3.7694478034973145,0.026358867995440904
317,ILSVRC2012_val_00045724_n02259212.JPEG,ILSVRC2012_val_00032294_n03770439.JPEG,0.502717137336731,0.0036448491737246,3.801368713378906,0.49907228816300636
317,ILSVRC2012_val_00039092_n02259212.JPEG,ILSVRC2012_val_00049393_n04591713.JPEG,1.0708833932876587,0.0546016246080398,8.839468955993652,1.0162817686796188
317,ILSVRC2012_val_00046417_n02259212.JPEG,ILSVRC2012_val_00031318_n04074963.JPEG,2.324287176132202,0.0050863390788435,6.079715728759766,2.3192008370533586
318,ILSVRC2012_val_00031524_n02264363.JPEG,ILSVRC2012_val_00021591_n03787032.JPEG,0.0227858666330575,0.018809288740158,6.901611328125,0.003976577892899499
318,ILSVRC2012_val_00008069_n02264363.JPEG,ILSVRC2012_val_00011638_n01773549.JPEG,0.0049779289402067,0.0007839705212973,0.2731481492519378,0.0041939584189094005
318,ILSVRC2012_val_00045525_n02264363.JPEG,ILSVRC2012_val_00048748_n02105251.JPEG,0.0070077823475003,0.0021741581149399,4.192862510681152,0.0048336242325604
318,ILSVRC2012_val_00031524_n02264363.JPEG,ILSVRC2012_val_00046392_n03633091.JPEG,0.0227858666330575,0.0071220095269382,9.156426429748535,0.0156638571061193
318,ILSVRC2012_val_00022155_n02264363.JPEG,ILSVRC2012_val_00036193_n02791270.JPEG,0.0500786788761615,0.0106596602126955,7.424282550811768,0.039419018663466
319,ILSVRC2012_val_00016926_n02268443.JPEG,ILSVRC2012_val_00039237_n03662601.JPEG,0.1722599565982818,0.0029796035960316,6.424466133117676,0.1692803530022502
319,ILSVRC2012_val_00001752_n02268443.JPEG,ILSVRC2012_val_00033900_n02687172.JPEG,0.4018493294715881,0.0056176646612584,2.735085248947144,0.3962316648103297
319,ILSVRC2012_val_00026557_n02268443.JPEG,ILSVRC2012_val_00008951_n02018207.JPEG,0.4681515693664551,0.0070482664741575,2.0210988521575928,0.46110330289229756
319,ILSVRC2012_val_00043424_n02268443.JPEG,ILSVRC2012_val_00032004_n02797295.JPEG,2.1457505226135254,0.0415502227842807,6.598875999450684,2.1042002998292446
319,ILSVRC2012_val_00043424_n02268443.JPEG,ILSVRC2012_val_00003900_n04118776.JPEG,2.1457505226135254,0.0091924061998724,3.4126718044281006,2.136558116413653
320,ILSVRC2012_val_00049442_n02268853.JPEG,ILSVRC2012_val_00016401_n02107142.JPEG,0.1983066648244857,0.0562918521463871,7.440526962280273,0.1420148126780986
320,ILSVRC2012_val_00033064_n02268853.JPEG,ILSVRC2012_val_00018973_n02097298.JPEG,0.1908455789089203,0.013244155794382,2.598853349685669,0.17760142311453828
320,ILSVRC2012_val_00049442_n02268853.JPEG,ILSVRC2012_val_00037938_n04118538.JPEG,0.1983066648244857,0.0138953207060694,6.108309268951416,0.1844113441184163
320,ILSVRC2012_val_00035819_n02268853.JPEG,ILSVRC2012_val_00045644_n04557648.JPEG,0.5550229549407959,0.009713526815176,6.456752300262451,0.5453094281256199
320,ILSVRC2012_val_00000639_n02268853.JPEG,ILSVRC2012_val_00004738_n07248320.JPEG,1.0735259056091309,0.0310844145715236,7.581510066986084,1.0424414910376072
321,ILSVRC2012_val_00003481_n02276258.JPEG,ILSVRC2012_val_00039668_n02093991.JPEG,0.0213915035128593,0.0165618825703859,9.975990295410156,0.004829620942473398
321,ILSVRC2012_val_00003481_n02276258.JPEG,ILSVRC2012_val_00028626_n01689811.JPEG,0.0213915035128593,0.0045212665572762,5.612937450408936,0.0168702369555831
321,ILSVRC2012_val_00038719_n02276258.JPEG,ILSVRC2012_val_00045906_n03476991.JPEG,0.089904211461544,0.0581590868532657,8.955094337463379,0.031745124608278295
321,ILSVRC2012_val_00012764_n02276258.JPEG,ILSVRC2012_val_00037624_n02281406.JPEG,0.070143736898899,0.0014609150821343,4.81454610824585,0.06868282181676469
321,ILSVRC2012_val_00025210_n02276258.JPEG,ILSVRC2012_val_00000818_n01980166.JPEG,0.1366993635892868,0.0008341170614585,5.203395366668701,0.1358652465278283
322,ILSVRC2012_val_00024295_n02277742.JPEG,ILSVRC2012_val_00014311_n07747607.JPEG,0.0032960632815957,0.0029822182841598,3.3251254558563232,0.0003138449974359001
322,ILSVRC2012_val_00029018_n02277742.JPEG,ILSVRC2012_val_00010914_n04486054.JPEG,0.0090738078579306,0.0082892188802361,7.413011074066162,0.0007845889776944993
322,ILSVRC2012_val_00008142_n02277742.JPEG,ILSVRC2012_val_00043136_n02268443.JPEG,0.0060196765698492,0.0014291321858763,4.88670539855957,0.0045905443839729
322,ILSVRC2012_val_00008142_n02277742.JPEG,ILSVRC2012_val_00041156_n02134084.JPEG,0.0060196765698492,0.0012181727215647,2.620354652404785,0.0048015038482845
322,ILSVRC2012_val_00029018_n02277742.JPEG,ILSVRC2012_val_00029916_n02321529.JPEG,0.0090738078579306,0.0013137767091393,3.2945332527160645,0.007760031148791299
323,ILSVRC2012_val_00015737_n02279972.JPEG,ILSVRC2012_val_00008516_n06359193.JPEG,0.0282003711909055,0.0273850690573453,9.156172752380373,0.0008153021335602015
323,ILSVRC2012_val_00015737_n02279972.JPEG,ILSVRC2012_val_00045495_n02107574.JPEG,0.0282003711909055,0.0244450680911541,6.683487415313721,0.003755303099751403
323,ILSVRC2012_val_00046412_n02279972.JPEG,ILSVRC2012_val_00038288_n01828970.JPEG,0.1513866633176803,0.1087303832173347,11.595503807067873,0.0426562801003456
323,ILSVRC2012_val_00049460_n02279972.JPEG,ILSVRC2012_val_00038042_n02676566.JPEG,0.0942754745483398,0.0063040214590728,4.767501354217529,0.087971453089267
323,ILSVRC2012_val_00046412_n02279972.JPEG,ILSVRC2012_val_00031042_n02457408.JPEG,0.1513866633176803,0.04786167293787,8.252176284790039,0.1035249903798103
324,ILSVRC2012_val_00034175_n02280649.JPEG,ILSVRC2012_val_00011321_n02655020.JPEG,0.0057098856195807,0.0050387778319418,6.294465065002441,0.0006711077876389001
324,ILSVRC2012_val_00034175_n02280649.JPEG,ILSVRC2012_val_00043100_n02457408.JPEG,0.0057098856195807,0.0049415128305554,3.125831127166748,0.0007683727890252998
324,ILSVRC2012_val_00045102_n02280649.JPEG,ILSVRC2012_val_00030611_n04153751.JPEG,0.0456043183803558,0.040170919150114,7.641623020172119,0.005433399230241803
324,ILSVRC2012_val_00011589_n02280649.JPEG,ILSVRC2012_val_00038941_n03125729.JPEG,0.0110541097819805,0.0029214818496257,5.755396366119385,0.008132627932354801
324,ILSVRC2012_val_00012315_n02280649.JPEG,ILSVRC2012_val_00035825_n03832673.JPEG,0.0166226178407669,0.0060415975749492,5.765343189239502,0.0105810202658177
325,ILSVRC2012_val_00038721_n02281406.JPEG,ILSVRC2012_val_00005150_n01833805.JPEG,0.0082667553797364,0.0069407788105309,3.730113983154297,0.0013259765692054991
325,ILSVRC2012_val_00014128_n02281406.JPEG,ILSVRC2012_val_00041037_n04548280.JPEG,0.0160527657717466,0.0139392893761396,9.02957248687744,0.0021134763956070016
325,ILSVRC2012_val_00037624_n02281406.JPEG,ILSVRC2012_val_00002184_n07802026.JPEG,0.1260409355163574,0.0037688431330025,5.919608116149902,0.12227209238335489
325,ILSVRC2012_val_00027311_n02281406.JPEG,ILSVRC2012_val_00042908_n04542943.JPEG,0.2342685163021087,0.0062195556238293,7.010461807250977,0.2280489606782794
325,ILSVRC2012_val_00034808_n02281406.JPEG,ILSVRC2012_val_00004082_n03544143.JPEG,0.6365543007850647,0.0819188058376312,13.007146835327148,0.5546354949474335
326,ILSVRC2012_val_00039804_n02281787.JPEG,ILSVRC2012_val_00013830_n03924679.JPEG,0.0650809034705162,0.0332736261188983,7.320975303649902,0.0318072773516179
326,ILSVRC2012_val_00039804_n02281787.JPEG,ILSVRC2012_val_00038660_n07871810.JPEG,0.0650809034705162,0.0022043709177523,4.703135013580322,0.0628765325527639
326,ILSVRC2012_val_00001536_n02281787.JPEG,ILSVRC2012_val_00028448_n04355933.JPEG,0.1112778931856155,0.0273326393216848,10.354439735412598,0.0839452538639307
326,ILSVRC2012_val_00032299_n02281787.JPEG,ILSVRC2012_val_00016585_n03529860.JPEG,0.1489927321672439,0.0034981505014002,8.416095733642578,0.1454945816658437
326,ILSVRC2012_val_00017100_n02281787.JPEG,ILSVRC2012_val_00036835_n01819313.JPEG,0.2741080820560455,0.0264728628098964,8.782464981079102,0.24763521924614906
327,ILSVRC2012_val_00001740_n02317335.JPEG,ILSVRC2012_val_00023608_n02795169.JPEG,0.0207661036401987,0.002513465937227,4.774340629577637,0.0182526377029717
327,ILSVRC2012_val_00001740_n02317335.JPEG,ILSVRC2012_val_00029051_n04479046.JPEG,0.0207661036401987,0.0019904817454516,3.640881299972534,0.018775621894747102
327,ILSVRC2012_val_00030782_n02317335.JPEG,ILSVRC2012_val_00007853_n01534433.JPEG,0.0546114444732666,0.0035461417865008,4.6296892166137695,0.051065302686765804
327,ILSVRC2012_val_00017888_n02317335.JPEG,ILSVRC2012_val_00036874_n01806567.JPEG,0.2097771763801574,0.0016537335468456,6.179743766784668,0.2081234428333118
327,ILSVRC2012_val_00027930_n02317335.JPEG,ILSVRC2012_val_00005337_n03888605.JPEG,0.2697761654853821,0.006140059325844,5.822425842285156,0.2636361061595381
328,ILSVRC2012_val_00000142_n02319095.JPEG,ILSVRC2012_val_00018170_n03868242.JPEG,0.0064827618189156,0.0036710982676595,5.084694862365723,0.0028116635512561005
328,ILSVRC2012_val_00045696_n02319095.JPEG,ILSVRC2012_val_00039763_n03623198.JPEG,0.1381756961345672,0.0034829450305551,5.291791915893555,0.1346927511040121
328,ILSVRC2012_val_00045604_n02319095.JPEG,ILSVRC2012_val_00014682_n03388043.JPEG,0.3702724874019623,0.0055116829462349,10.441383361816406,0.3647608044557274
328,ILSVRC2012_val_00036863_n02319095.JPEG,ILSVRC2012_val_00029645_n03637318.JPEG,0.70017009973526,0.0153564000502228,6.126148223876953,0.6848136996850372
328,ILSVRC2012_val_00044777_n02319095.JPEG,ILSVRC2012_val_00002319_n02109525.JPEG,0.75003981590271,0.0054691210389137,9.448320388793944,0.7445706948637962
329,ILSVRC2012_val_00029916_n02321529.JPEG,ILSVRC2012_val_00035013_n04370456.JPEG,0.0795129835605621,0.0729568004608154,11.134106636047363,0.006556183099746704
329,ILSVRC2012_val_00040385_n02321529.JPEG,ILSVRC2012_val_00019086_n04118538.JPEG,0.0235413536429405,0.0034037057776004,8.226064682006836,0.0201376478653401
329,ILSVRC2012_val_00029916_n02321529.JPEG,ILSVRC2012_val_00002673_n04399382.JPEG,0.0795129835605621,0.0013261580606922,7.441904067993164,0.07818682549986991
329,ILSVRC2012_val_00045864_n02321529.JPEG,ILSVRC2012_val_00009379_n01440764.JPEG,0.1389733850955963,0.0011599486460909,3.4983065128326416,0.13781343644950542
329,ILSVRC2012_val_00021501_n02321529.JPEG,ILSVRC2012_val_00029425_n03216828.JPEG,0.1693640053272247,0.0136103043332695,9.710947036743164,0.1557537009939552
330,ILSVRC2012_val_00044412_n02325366.JPEG,ILSVRC2012_val_00029578_n04525038.JPEG,0.018406419083476,0.0130654433742165,5.9837565422058105,0.005340975709259501
330,ILSVRC2012_val_00005259_n02325366.JPEG,ILSVRC2012_val_00010690_n03345487.JPEG,0.2108997255563736,0.1793532520532608,6.980704307556152,0.03154647350311279
330,ILSVRC2012_val_00005259_n02325366.JPEG,ILSVRC2012_val_00028682_n03841143.JPEG,0.2108997255563736,0.0376249812543392,8.218619346618652,0.1732747443020344
330,ILSVRC2012_val_00005259_n02325366.JPEG,ILSVRC2012_val_00005360_n02077923.JPEG,0.2108997255563736,0.0058583933860063,7.7099385261535645,0.2050413321703673
330,ILSVRC2012_val_00033989_n02325366.JPEG,ILSVRC2012_val_00047118_n02138441.JPEG,0.3235776722431183,0.0029012751765549,3.1684341430664062,0.32067639706656337
331,ILSVRC2012_val_00023449_n02326432.JPEG,ILSVRC2012_val_00025550_n02087046.JPEG,0.0761599615216255,0.0171373039484024,4.407188892364502,0.0590226575732231
331,ILSVRC2012_val_00023449_n02326432.JPEG,ILSVRC2012_val_00031866_n02018795.JPEG,0.0761599615216255,0.0079090520739555,2.3527982234954834,0.06825090944767001
331,ILSVRC2012_val_00023041_n02326432.JPEG,ILSVRC2012_val_00012453_n02948072.JPEG,0.1116461008787155,0.0202447529882192,6.936734676361084,0.09140134789049631
331,ILSVRC2012_val_00043365_n02326432.JPEG,ILSVRC2012_val_00047084_n02097047.JPEG,0.1507220715284347,0.0085595631971955,3.623406410217285,0.1421625083312392
331,ILSVRC2012_val_00040452_n02326432.JPEG,ILSVRC2012_val_00011624_n02119789.JPEG,0.2615253627300262,0.0084389988332986,4.321697235107422,0.25308636389672756
332,ILSVRC2012_val_00032730_n02328150.JPEG,ILSVRC2012_val_00027327_n04330267.JPEG,0.0111399358138442,0.0081798546016216,3.762317180633545,0.0029600812122226004
332,ILSVRC2012_val_00040623_n02328150.JPEG,ILSVRC2012_val_00038724_n07697313.JPEG,0.0282605178654193,0.0143621768802404,4.403588771820068,0.0138983409851789
332,ILSVRC2012_val_00048594_n02328150.JPEG,ILSVRC2012_val_00017727_n02168699.JPEG,0.0904927477240562,0.0477050654590129,6.128593444824219,0.0427876822650433
332,ILSVRC2012_val_00007878_n02328150.JPEG,ILSVRC2012_val_00029164_n02089973.JPEG,0.0536702014505863,0.0008939084364101,3.5604262351989746,0.0527762930141762
332,ILSVRC2012_val_00002723_n02328150.JPEG,ILSVRC2012_val_00032943_n02013706.JPEG,1.6345313787460327,0.0844838470220565,8.243616104125977,1.5500475317239761
333,ILSVRC2012_val_00028831_n02342885.JPEG,ILSVRC2012_val_00048270_n02965783.JPEG,0.0665825605392456,0.0014797224430367,1.4041180610656738,0.06510283809620891
333,ILSVRC2012_val_00007980_n02342885.JPEG,ILSVRC2012_val_00030074_n02840245.JPEG,0.1753453314304351,0.0853657871484756,4.514394283294678,0.08997954428195949
333,ILSVRC2012_val_00007980_n02342885.JPEG,ILSVRC2012_val_00019607_n02099429.JPEG,0.1753453314304351,0.0131458025425672,2.5536916255950928,0.1621995288878679
333,ILSVRC2012_val_00007980_n02342885.JPEG,ILSVRC2012_val_00004773_n04560804.JPEG,0.1753453314304351,0.0043593854643404,0.8313755393028259,0.1709859459660947
333,ILSVRC2012_val_00004693_n02342885.JPEG,ILSVRC2012_val_00003217_n03146219.JPEG,0.4621978402137756,0.0038259655702859,6.526183128356934,0.45837187464348966
334,ILSVRC2012_val_00016015_n02346627.JPEG,ILSVRC2012_val_00027843_n04162706.JPEG,0.0024405713193118,0.0022908414248377,4.810520172119141,0.00014972989447410018
334,ILSVRC2012_val_00004861_n02346627.JPEG,ILSVRC2012_val_00048671_n07753275.JPEG,0.0057380958460271,0.0052023278549313,3.739063262939453,0.0005357679910958004
334,ILSVRC2012_val_00004861_n02346627.JPEG,ILSVRC2012_val_00023319_n02066245.JPEG,0.0057380958460271,0.0020234365947544,2.58332633972168,0.0037146592512727005
334,ILSVRC2012_val_00047267_n02346627.JPEG,ILSVRC2012_val_00036618_n02091467.JPEG,0.0194023586809635,0.0013283010339364,3.217566967010498,0.0180740576470271
334,ILSVRC2012_val_00012414_n02346627.JPEG,ILSVRC2012_val_00002650_n03814639.JPEG,0.0711663141846656,0.0024747005663812,4.792088508605957,0.0686916136182844
335,ILSVRC2012_val_00007315_n02356798.JPEG,ILSVRC2012_val_00027794_n03197337.JPEG,0.00678047304973,0.0059867347590625,6.713975429534912,0.0007937382906675
335,ILSVRC2012_val_00033103_n02356798.JPEG,ILSVRC2012_val_00026881_n03445924.JPEG,0.022516194730997,0.0154857588931918,6.567656517028809,0.007030435837805198
335,ILSVRC2012_val_00033103_n02356798.JPEG,ILSVRC2012_val_00010943_n02112137.JPEG,0.022516194730997,0.0022241158876568,3.98104739189148,0.020292078843340198
335,ILSVRC2012_val_00038622_n02356798.JPEG,ILSVRC2012_val_00003861_n01580077.JPEG,0.0578599721193313,0.0060824765823781,4.672731876373291,0.0517774955369532
335,ILSVRC2012_val_00042981_n02356798.JPEG,ILSVRC2012_val_00045648_n04275548.JPEG,0.459701657295227,0.0036617151927202,6.397575378417969,0.4560399421025068
336,ILSVRC2012_val_00008936_n02361337.JPEG,ILSVRC2012_val_00040799_n04350905.JPEG,0.0097071519121527,0.0093011874705553,7.387723445892334,0.00040596444159739925
336,ILSVRC2012_val_00008936_n02361337.JPEG,ILSVRC2012_val_00025396_n02123159.JPEG,0.0097071519121527,0.0082342429086565,7.858540058135986,0.0014729090034961995
336,ILSVRC2012_val_00018582_n02361337.JPEG,ILSVRC2012_val_00043021_n02105162.JPEG,0.1041568145155906,0.0049217026680707,5.91497802734375,0.0992351118475199
336,ILSVRC2012_val_00018582_n02361337.JPEG,ILSVRC2012_val_00002304_n04008634.JPEG,0.1041568145155906,0.0019382515456527,9.687949180603027,0.10221856296993789
336,ILSVRC2012_val_00018582_n02361337.JPEG,ILSVRC2012_val_00012947_n03697007.JPEG,0.1041568145155906,0.0019261157140135,2.4601528644561768,0.1022306988015771
337,ILSVRC2012_val_00028341_n02363005.JPEG,ILSVRC2012_val_00049310_n07715103.JPEG,0.0345561802387237,0.0329075716435909,8.388840675354004,0.0016486085951328
337,ILSVRC2012_val_00017953_n02363005.JPEG,ILSVRC2012_val_00011874_n01855032.JPEG,0.0338367484509944,0.0086794039234519,6.678023338317871,0.0251573445275425
337,ILSVRC2012_val_00017953_n02363005.JPEG,ILSVRC2012_val_00039862_n02095889.JPEG,0.0338367484509944,0.0012977044098079,0.1975222826004028,0.0325390440411865
337,ILSVRC2012_val_00009075_n02363005.JPEG,ILSVRC2012_val_00037484_n04562935.JPEG,0.1507212519645691,0.0109667424112558,6.578366279602051,0.13975450955331328
337,ILSVRC2012_val_00032416_n02363005.JPEG,ILSVRC2012_val_00045136_n04355933.JPEG,0.2951275706291199,0.0032270282972604,1.9655882120132449,0.29190054233185947
338,ILSVRC2012_val_00006291_n02364673.JPEG,ILSVRC2012_val_00002685_n04597913.JPEG,0.002220190828666,0.0019330164650455,4.599469184875488,0.0002871743636204999
338,ILSVRC2012_val_00024745_n02364673.JPEG,ILSVRC2012_val_00014930_n03786901.JPEG,0.0049729468300938,0.0040520476177334,5.071667194366455,0.0009208992123604003
338,ILSVRC2012_val_00003675_n02364673.JPEG,ILSVRC2012_val_00028301_n01734418.JPEG,0.0115561140701174,0.0093353195115923,6.897893905639648,0.002220794558525101
338,ILSVRC2012_val_00013167_n02364673.JPEG,ILSVRC2012_val_00047585_n02097130.JPEG,0.0111892120912671,0.0021319296211004,4.808213710784912,0.0090572824701667
338,ILSVRC2012_val_00027956_n02364673.JPEG,ILSVRC2012_val_00027201_n03874293.JPEG,0.1610367596149444,0.0013296105898916,5.344999313354492,0.1597071490250528
339,ILSVRC2012_val_00004734_n02389026.JPEG,ILSVRC2012_val_00020652_n02169497.JPEG,0.0183256603777408,0.0013934198068454,8.55458927154541,0.0169322405708954
339,ILSVRC2012_val_00035846_n02389026.JPEG,ILSVRC2012_val_00041737_n02815834.JPEG,0.0211593881249427,0.0010175295174121,4.003035068511963,0.0201418586075306
339,ILSVRC2012_val_00009344_n02389026.JPEG,ILSVRC2012_val_00014135_n03991062.JPEG,0.0331945233047008,0.004507737699896,8.464648246765137,0.028686785604804803
339,ILSVRC2012_val_00044391_n02389026.JPEG,ILSVRC2012_val_00038183_n01774384.JPEG,0.0717322453856468,0.0090397857129573,9.4368257522583,0.06269245967268951
339,ILSVRC2012_val_00017358_n02389026.JPEG,ILSVRC2012_val_00022542_n02883205.JPEG,0.2580613493919372,0.002317126141861,5.003213405609131,0.2557442232500762
340,ILSVRC2012_val_00012498_n02391049.JPEG,ILSVRC2012_val_00004828_n03160309.JPEG,0.0043444302864372,0.0039962446317076,6.1501970291137695,0.0003481856547296004
340,ILSVRC2012_val_00023129_n02391049.JPEG,ILSVRC2012_val_00036124_n04347754.JPEG,0.0035519623197615,0.0031400443986058,6.39859676361084,0.0004119179211556998
340,ILSVRC2012_val_00012340_n02391049.JPEG,ILSVRC2012_val_00038530_n06794110.JPEG,0.0163166802376508,0.0138100832700729,5.663903713226318,0.002506596967577898
340,ILSVRC2012_val_00035101_n02391049.JPEG,ILSVRC2012_val_00020668_n02447366.JPEG,0.0170021820813417,0.0023137959651649,0.0396784953773021,0.014688386116176799
340,ILSVRC2012_val_00009948_n02391049.JPEG,ILSVRC2012_val_00011706_n02100877.JPEG,0.0291680842638015,0.0023386529646813,2.8842406272888184,0.026829431299120198
341,ILSVRC2012_val_00003973_n02395406.JPEG,ILSVRC2012_val_00020703_n03814906.JPEG,0.0046297260560095,0.0045681404881179,7.624663829803467,6.158556789159948e-05
341,ILSVRC2012_val_00027056_n02395406.JPEG,ILSVRC2012_val_00003954_n02088466.JPEG,0.2009469717741012,0.0030273818410933,9.076311111450195,0.1979195899330079
341,ILSVRC2012_val_00027056_n02395406.JPEG,ILSVRC2012_val_00029314_n04235860.JPEG,0.2009469717741012,0.0012024560710415,5.823723793029785,0.1997445157030597
341,ILSVRC2012_val_00018776_n02395406.JPEG,ILSVRC2012_val_00011075_n03388043.JPEG,0.3709226846694946,0.0105189410969614,9.863519668579102,0.3604037435725332
341,ILSVRC2012_val_00008257_n02395406.JPEG,ILSVRC2012_val_00017683_n02607072.JPEG,0.6003750562667847,0.002498721005395,5.321579456329346,0.5978763352613896
342,ILSVRC2012_val_00009551_n02396427.JPEG,ILSVRC2012_val_00045525_n02264363.JPEG,0.2016366869211197,0.1699595898389816,9.134532928466797,0.03167709708213809
342,ILSVRC2012_val_00002757_n02396427.JPEG,ILSVRC2012_val_00042960_n07720875.JPEG,0.197617769241333,0.0108915138989686,7.841522216796875,0.18672625534236442
342,ILSVRC2012_val_00009353_n02396427.JPEG,ILSVRC2012_val_00026025_n04179913.JPEG,0.2869309782981872,0.0096092773601412,3.367119073867798,0.277321700938046
342,ILSVRC2012_val_00011042_n02396427.JPEG,ILSVRC2012_val_00007984_n02807133.JPEG,0.8269138336181641,0.0788243040442466,7.148754119873047,0.7480895295739175
342,ILSVRC2012_val_00019873_n02396427.JPEG,ILSVRC2012_val_00029240_n04328186.JPEG,0.8189077973365784,0.0454510040581226,8.115453720092773,0.7734567932784557
343,ILSVRC2012_val_00024548_n02397096.JPEG,ILSVRC2012_val_00004696_n04435653.JPEG,0.0568819157779216,0.0558832883834838,6.691174030303955,0.0009986273944377969
343,ILSVRC2012_val_00043406_n02397096.JPEG,ILSVRC2012_val_00017320_n03481172.JPEG,0.3157659769058227,0.0122043751180171,8.889272689819336,0.3035616017878056
343,ILSVRC2012_val_00006975_n02397096.JPEG,ILSVRC2012_val_00028289_n02916936.JPEG,0.3182263970375061,0.0077310400083661,6.730807781219482,0.31049535702914
343,ILSVRC2012_val_00006975_n02397096.JPEG,ILSVRC2012_val_00039163_n02910353.JPEG,0.3182263970375061,0.0065434006974101,9.088034629821776,0.311682996340096
343,ILSVRC2012_val_00006975_n02397096.JPEG,ILSVRC2012_val_00030748_n04467665.JPEG,0.3182263970375061,0.0055631343275308,7.915952682495117,0.3126632627099753
344,ILSVRC2012_val_00023744_n02398521.JPEG,ILSVRC2012_val_00049329_n04604644.JPEG,0.0225828606635332,0.0029109031893312,7.476245880126953,0.019671957474202
344,ILSVRC2012_val_00036081_n02398521.JPEG,ILSVRC2012_val_00039935_n03954731.JPEG,0.0292462352663278,0.0013373488327488,4.270733833312988,0.027908886433579
344,ILSVRC2012_val_00015452_n02398521.JPEG,ILSVRC2012_val_00047376_n03843555.JPEG,0.0333051048219203,0.0033978843130171,4.209163665771484,0.0299072205089032
344,ILSVRC2012_val_00015452_n02398521.JPEG,ILSVRC2012_val_00007673_n03188531.JPEG,0.0333051048219203,0.0003425488248467,2.5060243606567383,0.032962555997073595
344,ILSVRC2012_val_00001066_n02398521.JPEG,ILSVRC2012_val_00036262_n03131574.JPEG,0.0657524317502975,0.0026569799520075,4.911893367767334,0.06309545179829
345,ILSVRC2012_val_00028017_n02403003.JPEG,ILSVRC2012_val_00001184_n03125729.JPEG,0.3631062507629394,0.0083508118987083,8.133918762207031,0.3547554388642311
345,ILSVRC2012_val_00004838_n02403003.JPEG,ILSVRC2012_val_00027011_n02091467.JPEG,0.3958894312381744,0.0176500845700502,8.269681930541992,0.3782393466681242
345,ILSVRC2012_val_00005366_n02403003.JPEG,ILSVRC2012_val_00003172_n02114712.JPEG,0.974157214164734,0.0041778907179832,4.2484130859375,0.9699793234467508
345,ILSVRC2012_val_00016415_n02403003.JPEG,ILSVRC2012_val_00039358_n03791053.JPEG,1.4358354806900024,0.0463959164917469,8.150151252746582,1.3894395641982555
345,ILSVRC2012_val_00021400_n02403003.JPEG,ILSVRC2012_val_00031942_n02483708.JPEG,3.798945903778076,0.0044999052770435,7.66878080368042,3.7944459985010326
346,ILSVRC2012_val_00005454_n02408429.JPEG,ILSVRC2012_val_00048863_n03461385.JPEG,0.0541994832456111,0.0027536354027688,8.685535430908203,0.0514458478428423
346,ILSVRC2012_val_00013252_n02408429.JPEG,ILSVRC2012_val_00045305_n02107683.JPEG,0.0683143585920333,0.0077706668525934,7.546249389648437,0.0605436917394399
346,ILSVRC2012_val_00000552_n02408429.JPEG,ILSVRC2012_val_00028927_n04235860.JPEG,0.1365146785974502,0.0116180963814258,7.203127861022949,0.1248965822160244
346,ILSVRC2012_val_00047859_n02408429.JPEG,ILSVRC2012_val_00015188_n03126707.JPEG,0.1795688420534134,0.0211703591048717,6.865486145019531,0.1583984829485417
346,ILSVRC2012_val_00045554_n02408429.JPEG,ILSVRC2012_val_00006477_n04532106.JPEG,0.8609286546707153,0.0054558427073061,7.731337547302246,0.8554728119634092
347,ILSVRC2012_val_00014395_n02410509.JPEG,ILSVRC2012_val_00033610_n03692522.JPEG,0.0255735348910093,0.0105168186128139,4.4234113693237305,0.0150567162781954
347,ILSVRC2012_val_00049958_n02410509.JPEG,ILSVRC2012_val_00027385_n03028079.JPEG,0.0268534645438194,0.0055403728038072,7.762368679046631,0.0213130917400122
347,ILSVRC2012_val_00046658_n02410509.JPEG,ILSVRC2012_val_00009461_n02492660.JPEG,0.0586727336049079,0.0010047869291156,4.618078231811523,0.0576679466757923
347,ILSVRC2012_val_00034061_n02410509.JPEG,ILSVRC2012_val_00033577_n02098413.JPEG,0.2046007364988327,0.0154778938740491,8.584513664245605,0.1891228426247836
347,ILSVRC2012_val_00002669_n02410509.JPEG,ILSVRC2012_val_00005038_n04192698.JPEG,0.3828258812427521,0.0155309475958347,7.864193916320801,0.3672949336469174
348,ILSVRC2012_val_00011902_n02412080.JPEG,ILSVRC2012_val_00001511_n04033995.JPEG,0.0158311408013105,0.0040129856206476,3.5775787830352783,0.011818155180662902
348,ILSVRC2012_val_00011902_n02412080.JPEG,ILSVRC2012_val_00031730_n04429376.JPEG,0.0158311408013105,0.003906121244654,5.75655460357666,0.0119250195566565
348,ILSVRC2012_val_00040411_n02412080.JPEG,ILSVRC2012_val_00003166_n02397096.JPEG,0.1189072132110595,0.0019245689036324,0.555488646030426,0.1169826443074271
348,ILSVRC2012_val_00023655_n02412080.JPEG,ILSVRC2012_val_00027555_n01824575.JPEG,0.4055007100105285,0.003850309876725,1.0014241933822632,0.4016504001338035
348,ILSVRC2012_val_00044042_n02412080.JPEG,ILSVRC2012_val_00029929_n02100877.JPEG,0.9200233221054076,0.0044252565130591,1.7730305194854736,0.9155980655923485
349,ILSVRC2012_val_00021766_n02415577.JPEG,ILSVRC2012_val_00021159_n03777568.JPEG,0.2167341113090515,0.1735015660524368,9.526031494140623,0.04323254525661471
349,ILSVRC2012_val_00016046_n02415577.JPEG,ILSVRC2012_val_00024964_n03026506.JPEG,0.3386462032794952,0.0174117106944322,11.372801780700684,0.321234492585063
349,ILSVRC2012_val_00003504_n02415577.JPEG,ILSVRC2012_val_00025487_n03032252.JPEG,0.3941413760185241,0.0281033627688884,7.928083419799805,0.3660380132496357
349,ILSVRC2012_val_00049562_n02415577.JPEG,ILSVRC2012_val_00011782_n01496331.JPEG,0.6084643602371216,0.0206807479262352,6.754715442657471,0.5877836123108864
349,ILSVRC2012_val_00049562_n02415577.JPEG,ILSVRC2012_val_00036075_n02111500.JPEG,0.6084643602371216,0.0197034962475299,4.131614685058594,0.5887608639895917
350,ILSVRC2012_val_00030559_n02417914.JPEG,ILSVRC2012_val_00039580_n02123597.JPEG,0.0103922421112656,0.0024548415094614,5.031560897827148,0.007937400601804201
350,ILSVRC2012_val_00011977_n02417914.JPEG,ILSVRC2012_val_00039611_n09472597.JPEG,0.1326442211866378,0.0140390917658805,6.3495283126831055,0.1186051294207573
350,ILSVRC2012_val_00024279_n02417914.JPEG,ILSVRC2012_val_00015157_n01484850.JPEG,0.1850510388612747,0.0012737740762531,4.0570478439331055,0.1837772647850216
350,ILSVRC2012_val_00002583_n02417914.JPEG,ILSVRC2012_val_00009754_n01739381.JPEG,0.2093263119459152,0.0003047717036679,2.231269836425781,0.20902154024224728
350,ILSVRC2012_val_00044074_n02417914.JPEG,ILSVRC2012_val_00021362_n02097658.JPEG,0.3354164958000183,0.0028557493351399,0.5336582064628601,0.33256074646487843
351,ILSVRC2012_val_00014980_n02422106.JPEG,ILSVRC2012_val_00027868_n02342885.JPEG,0.0132994446903467,0.0123309632763266,4.417152404785156,0.0009684814140200997
351,ILSVRC2012_val_00045174_n02422106.JPEG,ILSVRC2012_val_00019536_n03459775.JPEG,0.0999236702919006,0.0778301581740379,7.836477279663086,0.022093512117862688
351,ILSVRC2012_val_00001232_n02422106.JPEG,ILSVRC2012_val_00006964_n02120505.JPEG,0.0357251800596714,0.0063914409838616,8.192599296569824,0.0293337390758098
351,ILSVRC2012_val_00002073_n02422106.JPEG,ILSVRC2012_val_00048980_n02109525.JPEG,0.069835290312767,0.0174934789538383,12.156856536865234,0.0523418113589287
351,ILSVRC2012_val_00041272_n02422106.JPEG,ILSVRC2012_val_00012428_n01644373.JPEG,0.1150340586900711,0.0033952705562114,1.4159892797470093,0.1116387881338597
352,ILSVRC2012_val_00001640_n02422699.JPEG,ILSVRC2012_val_00001210_n04118776.JPEG,0.44032022356987,0.0135520920157432,7.899791717529297,0.4267681315541268
352,ILSVRC2012_val_00012297_n02422699.JPEG,ILSVRC2012_val_00029692_n02002724.JPEG,0.5233480334281921,0.0030853785574436,2.789880752563477,0.5202626548707485
352,ILSVRC2012_val_00011737_n02422699.JPEG,ILSVRC2012_val_00034513_n02500267.JPEG,0.6547772884368896,0.0092173283919692,3.974686622619629,0.6455599600449204
352,ILSVRC2012_val_00027625_n02422699.JPEG,ILSVRC2012_val_00009337_n04039381.JPEG,0.9945164322853088,0.0172834210097789,7.822742462158203,0.97723301127553
352,ILSVRC2012_val_00026299_n02422699.JPEG,ILSVRC2012_val_00003050_n03345487.JPEG,4.252279758453369,0.4242998659610748,7.777844429016113,3.8279798924922943
353,ILSVRC2012_val_00025678_n02423022.JPEG,ILSVRC2012_val_00010489_n03131574.JPEG,0.0257303919643163,0.0133053269237279,5.238819122314453,0.012425065040588398
353,ILSVRC2012_val_00028513_n02423022.JPEG,ILSVRC2012_val_00037321_n03976467.JPEG,0.64275062084198,0.5833181142807007,8.299453735351562,0.0594325065612793
353,ILSVRC2012_val_00009267_n02423022.JPEG,ILSVRC2012_val_00013322_n02281787.JPEG,0.198399156332016,0.0153799960389733,6.804587364196777,0.1830191602930427
353,ILSVRC2012_val_00030609_n02423022.JPEG,ILSVRC2012_val_00023725_n03443371.JPEG,0.3481448292732239,0.0077810757793486,9.148521423339844,0.34036375349387527
353,ILSVRC2012_val_00028130_n02423022.JPEG,ILSVRC2012_val_00019015_n04259630.JPEG,1.197185516357422,0.0283484738320112,9.43838882446289,1.1688370425254109
354,ILSVRC2012_val_00019635_n02437312.JPEG,ILSVRC2012_val_00039959_n03950228.JPEG,0.0266025327146053,0.0019486026139929,6.707183837890625,0.0246539301006124
354,ILSVRC2012_val_00038495_n02437312.JPEG,ILSVRC2012_val_00000316_n02526121.JPEG,0.0677797943353653,0.022945025935769,10.879294395446776,0.0448347683995963
354,ILSVRC2012_val_00038495_n02437312.JPEG,ILSVRC2012_val_00031322_n02747177.JPEG,0.0677797943353653,0.0059797433204948,4.642759323120117,0.061800051014870495
354,ILSVRC2012_val_00038495_n02437312.JPEG,ILSVRC2012_val_00036699_n03796401.JPEG,0.0677797943353653,0.0030177552253007,4.231454849243164,0.06476203911006459
354,ILSVRC2012_val_00038495_n02437312.JPEG,ILSVRC2012_val_00023256_n02095570.JPEG,0.0677797943353653,0.0015532821416854,2.7255077362060547,0.06622651219367989
355,ILSVRC2012_val_00020139_n02437616.JPEG,ILSVRC2012_val_00021961_n02086910.JPEG,0.0237283315509557,0.0009308296139352,2.006014823913574,0.0227975019370205
355,ILSVRC2012_val_00030863_n02437616.JPEG,ILSVRC2012_val_00013024_n04346328.JPEG,0.0413670055568218,0.0034853208344429,7.663407802581787,0.037881684722378905
355,ILSVRC2012_val_00010862_n02437616.JPEG,ILSVRC2012_val_00001057_n01917289.JPEG,0.0853611901402473,0.0201761778444051,7.348381519317627,0.0651850122958422
355,ILSVRC2012_val_00038684_n02437616.JPEG,ILSVRC2012_val_00006819_n02276258.JPEG,0.0734005495905876,0.0024799327366054,10.179329872131348,0.0709206168539822
355,ILSVRC2012_val_00010441_n02437616.JPEG,ILSVRC2012_val_00015933_n02056570.JPEG,0.1787026226520538,0.0018293804023414,7.957528114318848,0.1768732422497124
356,ILSVRC2012_val_00022744_n02441942.JPEG,ILSVRC2012_val_00018149_n02190166.JPEG,0.0530223883688449,0.0355416983366012,5.030610084533691,0.0174806900322437
356,ILSVRC2012_val_00038150_n02441942.JPEG,ILSVRC2012_val_00040871_n02134084.JPEG,0.1016967222094535,0.0034391088411211,2.92297887802124,0.0982576133683324
356,ILSVRC2012_val_00031908_n02441942.JPEG,ILSVRC2012_val_00023699_n03657121.JPEG,0.1365037560462951,0.0129735451191663,4.449968338012695,0.1235302109271288
356,ILSVRC2012_val_00031908_n02441942.JPEG,ILSVRC2012_val_00005442_n02493793.JPEG,0.1365037560462951,0.005085271783173,1.5882182121276855,0.1314184842631221
356,ILSVRC2012_val_00026588_n02441942.JPEG,ILSVRC2012_val_00000800_n02113799.JPEG,0.3777428567409515,0.0084632309153676,7.6676859855651855,0.3692796258255839
357,ILSVRC2012_val_00005149_n02442845.JPEG,ILSVRC2012_val_00000361_n02165105.JPEG,0.6094228029251099,0.3352812826633453,9.656795501708984,0.2741415202617646
357,ILSVRC2012_val_00005149_n02442845.JPEG,ILSVRC2012_val_00025204_n04525038.JPEG,0.6094228029251099,0.0108148641884326,7.993991374969482,0.5986079387366773
357,ILSVRC2012_val_00049545_n02442845.JPEG,ILSVRC2012_val_00005079_n02871525.JPEG,1.27459979057312,0.0285848341882228,7.33994197845459,1.246014956384897
357,ILSVRC2012_val_00040698_n02442845.JPEG,ILSVRC2012_val_00011427_n07802026.JPEG,1.4207282066345217,0.0241987667977809,8.159405708312988,1.3965294398367407
357,ILSVRC2012_val_00040698_n02442845.JPEG,ILSVRC2012_val_00030003_n03874293.JPEG,1.4207282066345217,0.0041432259604334,8.709942817687988,1.4165849806740882
358,ILSVRC2012_val_00031370_n02443114.JPEG,ILSVRC2012_val_00025349_n03259280.JPEG,0.2257336229085922,0.0141576901078224,2.5880467891693115,0.2115759328007698
358,ILSVRC2012_val_00016220_n02443114.JPEG,ILSVRC2012_val_00003917_n04239074.JPEG,0.6050780415534973,0.2080370187759399,8.111067771911621,0.3970410227775574
358,ILSVRC2012_val_00029184_n02443114.JPEG,ILSVRC2012_val_00029495_n01558993.JPEG,0.6439220309257507,0.160097137093544,4.763108253479004,0.4838248938322067
358,ILSVRC2012_val_00024734_n02443114.JPEG,ILSVRC2012_val_00035618_n02410509.JPEG,0.5459504127502441,0.007697207853198,3.3897838592529297,0.5382532048970461
358,ILSVRC2012_val_00011710_n02443114.JPEG,ILSVRC2012_val_00046349_n01685808.JPEG,0.7070234417915344,0.1010756343603134,8.63705062866211,0.605947807431221
359,ILSVRC2012_val_00000401_n02443484.JPEG,ILSVRC2012_val_00017148_n04074963.JPEG,0.3789862990379333,0.0113202892243862,3.67847752571106,0.3676660098135471
359,ILSVRC2012_val_00036439_n02443484.JPEG,ILSVRC2012_val_00048215_n03062245.JPEG,0.4721876382827759,0.0248727239668369,7.53751802444458,0.44731491431593895
359,ILSVRC2012_val_00036439_n02443484.JPEG,ILSVRC2012_val_00048645_n04456115.JPEG,0.4721876382827759,0.0130819156765937,8.011344909667969,0.45910572260618215
359,ILSVRC2012_val_00032951_n02443484.JPEG,ILSVRC2012_val_00020593_n02102318.JPEG,0.5614386796951294,0.0041547417640686,5.610996246337891,0.5572839379310608
359,ILSVRC2012_val_00034590_n02443484.JPEG,ILSVRC2012_val_00020223_n03903868.JPEG,0.8450754284858704,0.2261104136705398,9.733182907104492,0.6189650148153305
360,ILSVRC2012_val_00032035_n02444819.JPEG,ILSVRC2012_val_00010488_n04501370.JPEG,0.0387604683637619,0.0299187675118446,6.616891860961914,0.008841700851917302
360,ILSVRC2012_val_00001407_n02444819.JPEG,ILSVRC2012_val_00038534_n01980166.JPEG,0.043669082224369,0.0091401962563395,8.658251762390137,0.0345288859680295
360,ILSVRC2012_val_00001407_n02444819.JPEG,ILSVRC2012_val_00010123_n02398521.JPEG,0.043669082224369,0.0011511372867971,1.3265750408172607,0.0425179449375719
360,ILSVRC2012_val_00009656_n02444819.JPEG,ILSVRC2012_val_00035932_n02268443.JPEG,0.0629813447594642,0.0201753601431846,6.405852317810059,0.042805984616279595
360,ILSVRC2012_val_00029038_n02444819.JPEG,ILSVRC2012_val_00020367_n02099601.JPEG,0.1119920164346695,0.0071855685673654,5.6211347579956055,0.1048064478673041
361,ILSVRC2012_val_00000273_n02445715.JPEG,ILSVRC2012_val_00011563_n02951358.JPEG,0.0462302044034004,0.035902764648199,8.15655517578125,0.010327439755201402
361,ILSVRC2012_val_00022864_n02445715.JPEG,ILSVRC2012_val_00042275_n03602883.JPEG,0.0438670516014099,0.0014048478333279,2.887108087539673,0.042462203768082
361,ILSVRC2012_val_00037139_n02445715.JPEG,ILSVRC2012_val_00002002_n02012849.JPEG,0.0806385427713394,0.0007879013428464,4.946652889251709,0.079850641428493
361,ILSVRC2012_val_00014343_n02445715.JPEG,ILSVRC2012_val_00041155_n02480855.JPEG,0.3005561828613281,0.0007196458755061,6.555254936218262,0.299836536985822
361,ILSVRC2012_val_00036461_n02445715.JPEG,ILSVRC2012_val_00010702_n02099849.JPEG,0.7124527096748352,0.0019415830029174,9.23632526397705,0.7105111266719178
362,ILSVRC2012_val_00000726_n02447366.JPEG,ILSVRC2012_val_00002730_n01530575.JPEG,0.0053801978938281,0.0023179587442427,3.6548237800598153,0.0030622391495853996
362,ILSVRC2012_val_00038987_n02447366.JPEG,ILSVRC2012_val_00022857_n02092002.JPEG,0.0272110700607299,0.0015015052631497,3.822275161743164,0.0257095647975802
362,ILSVRC2012_val_00023566_n02447366.JPEG,ILSVRC2012_val_00030802_n03874293.JPEG,0.0630898028612136,0.0157819744199514,8.136249542236328,0.047307828441262204
362,ILSVRC2012_val_00031436_n02447366.JPEG,ILSVRC2012_val_00017799_n13037406.JPEG,0.2592412233352661,0.0022757365368306,1.5222822427749634,0.2569654867984355
362,ILSVRC2012_val_00023870_n02447366.JPEG,ILSVRC2012_val_00030802_n03874293.JPEG,1.0161149501800537,0.0139517504721879,11.150602340698242,1.0021631997078657
363,ILSVRC2012_val_00040825_n02454379.JPEG,ILSVRC2012_val_00032308_n04133789.JPEG,0.0058818589895963,0.0011848341673612,7.229026794433594,0.0046970248222351005
363,ILSVRC2012_val_00011512_n02454379.JPEG,ILSVRC2012_val_00048714_n01773797.JPEG,0.0071446164511144,0.0013363964390009,5.38510799407959,0.0058082200121135
363,ILSVRC2012_val_00047889_n02454379.JPEG,ILSVRC2012_val_00011635_n04311004.JPEG,0.0129508338868618,0.0020688814111053,8.147797584533691,0.0108819524757565
363,ILSVRC2012_val_00031417_n02454379.JPEG,ILSVRC2012_val_00017500_n04447861.JPEG,0.1606947183609008,0.0013604442356154,4.91487979888916,0.1593342741252854
363,ILSVRC2012_val_00031417_n02454379.JPEG,ILSVRC2012_val_00004795_n02089973.JPEG,0.1606947183609008,0.000754191132728,7.517942905426025,0.15994052722817279
364,ILSVRC2012_val_00043100_n02457408.JPEG,ILSVRC2012_val_00046897_n02091032.JPEG,5.686121585313231e-05,5.638440416078083e-05,6.846209526062012,4.7681169235147536e-07
364,ILSVRC2012_val_00043100_n02457408.JPEG,ILSVRC2012_val_00041459_n03937543.JPEG,5.686121585313231e-05,0.0005004345439374,8.357892990112305,0.0004435733280842677
364,ILSVRC2012_val_00007554_n02457408.JPEG,ILSVRC2012_val_00035615_n03478589.JPEG,0.0566147491335868,0.0218272320926189,6.593526840209961,0.0347875170409679
364,ILSVRC2012_val_00020654_n02457408.JPEG,ILSVRC2012_val_00033658_n01770393.JPEG,0.0796012803912162,0.002887962386012,5.540668487548828,0.0767133180052042
364,ILSVRC2012_val_00038710_n02457408.JPEG,ILSVRC2012_val_00048961_n03496892.JPEG,0.2419141680002212,0.0303158722817897,8.821820259094238,0.2115982957184315
365,ILSVRC2012_val_00037212_n02480495.JPEG,ILSVRC2012_val_00033168_n04447861.JPEG,0.0022358912974596,0.0020135620143264,5.176938533782959,0.00022232928313320032
365,ILSVRC2012_val_00045304_n02480495.JPEG,ILSVRC2012_val_00036948_n03485794.JPEG,0.0036376039497554,0.0033433514181524,7.281832695007324,0.00029425253160299996
365,ILSVRC2012_val_00045304_n02480495.JPEG,ILSVRC2012_val_00049587_n04153751.JPEG,0.0036376039497554,0.0032959445379674,4.044912338256836,0.00034165941178799977
365,ILSVRC2012_val_00008615_n02480495.JPEG,ILSVRC2012_val_00018805_n03447447.JPEG,0.025261839851737,0.009730527177453,2.8675460815429688,0.015531312674284002
365,ILSVRC2012_val_00008615_n02480495.JPEG,ILSVRC2012_val_00040444_n01687978.JPEG,0.025261839851737,0.0043530948460102,6.681994438171387,0.0209087450057268
366,ILSVRC2012_val_00027670_n02480855.JPEG,ILSVRC2012_val_00039203_n01693334.JPEG,0.0294946543872356,0.008634022437036,1.375616431236267,0.0208606319501996
366,ILSVRC2012_val_00027670_n02480855.JPEG,ILSVRC2012_val_00026459_n04254120.JPEG,0.0294946543872356,0.0028779776766896,0.5351869463920593,0.026616676710546
366,ILSVRC2012_val_00028049_n02480855.JPEG,ILSVRC2012_val_00004360_n02708093.JPEG,0.0874219760298729,0.0218653716146945,5.850698471069336,0.0655566044151784
366,ILSVRC2012_val_00028049_n02480855.JPEG,ILSVRC2012_val_00048034_n03495258.JPEG,0.0874219760298729,0.0061194435693323,4.2488884925842285,0.08130253246054059
366,ILSVRC2012_val_00038024_n02480855.JPEG,ILSVRC2012_val_00031203_n02108089.JPEG,0.2194901257753372,0.0081252269446849,5.401808738708496,0.2113648988306523
367,ILSVRC2012_val_00046703_n02481823.JPEG,ILSVRC2012_val_00014135_n03991062.JPEG,0.1438261568546295,0.0172284673899412,8.18648624420166,0.1265976894646883
367,ILSVRC2012_val_00007619_n02481823.JPEG,ILSVRC2012_val_00009709_n04258138.JPEG,0.4647437334060669,0.0042548133060336,7.468907356262207,0.4604889201000333
367,ILSVRC2012_val_00045826_n02481823.JPEG,ILSVRC2012_val_00048278_n04041544.JPEG,2.085568428039551,0.0301382187753915,8.544079780578613,2.055430209264159
367,ILSVRC2012_val_00049902_n02481823.JPEG,ILSVRC2012_val_00008399_n01728572.JPEG,2.708862781524658,0.0036448491737246,6.779569149017334,2.7052179323509336
367,ILSVRC2012_val_00019335_n02481823.JPEG,ILSVRC2012_val_00042269_n03843555.JPEG,3.296947717666626,0.0362373739480972,8.92541790008545,3.2607103437185287
368,ILSVRC2012_val_00046137_n02483362.JPEG,ILSVRC2012_val_00006202_n01924916.JPEG,0.0508550740778446,0.04800621047616,10.733430862426758,0.002848863601684598
368,ILSVRC2012_val_00046137_n02483362.JPEG,ILSVRC2012_val_00041520_n02356798.JPEG,0.0508550740778446,0.0033440641127526,3.746479988098145,0.047511009965092
368,ILSVRC2012_val_00033513_n02483362.JPEG,ILSVRC2012_val_00008319_n04505470.JPEG,0.3506758213043213,0.2987655699253082,8.102232933044434,0.05191025137901306
368,ILSVRC2012_val_00035799_n02483362.JPEG,ILSVRC2012_val_00007162_n04325704.JPEG,0.1878014057874679,0.0018264055252075,9.297300338745115,0.1859750002622604
368,ILSVRC2012_val_00010482_n02483362.JPEG,ILSVRC2012_val_00004622_n01677366.JPEG,0.3812289237976074,0.0808361396193504,11.186824798583984,0.300392784178257
369,ILSVRC2012_val_00018333_n02483708.JPEG,ILSVRC2012_val_00016684_n02009229.JPEG,0.0552593544125556,0.0249270256608724,8.563730239868164,0.030332328751683197
369,ILSVRC2012_val_00018333_n02483708.JPEG,ILSVRC2012_val_00023500_n01817953.JPEG,0.0552593544125556,0.0054930699989199,7.640583992004394,0.049766284413635696
369,ILSVRC2012_val_00018333_n02483708.JPEG,ILSVRC2012_val_00033854_n02504013.JPEG,0.0552593544125556,0.0039261891506612,6.3243937492370605,0.051333165261894395
369,ILSVRC2012_val_00028746_n02483708.JPEG,ILSVRC2012_val_00031503_n03773504.JPEG,1.941666603088379,0.0173646137118339,8.31019115447998,1.924301989376545
369,ILSVRC2012_val_00021406_n02483708.JPEG,ILSVRC2012_val_00013339_n03126707.JPEG,3.2636451721191406,0.0108015378937125,6.686593055725098,3.252843634225428
370,ILSVRC2012_val_00045387_n02484975.JPEG,ILSVRC2012_val_00045690_n01608432.JPEG,0.0704554244875907,0.0064608505927026,3.8313260078430176,0.06399457389488811
370,ILSVRC2012_val_00041786_n02484975.JPEG,ILSVRC2012_val_00015225_n04153751.JPEG,1.347437024116516,0.0371772460639476,6.621711254119873,1.3102597780525682
370,ILSVRC2012_val_00036219_n02484975.JPEG,ILSVRC2012_val_00041261_n02229544.JPEG,1.3245551586151123,0.0114687914028763,6.612522125244141,1.313086367212236
370,ILSVRC2012_val_00041786_n02484975.JPEG,ILSVRC2012_val_00048023_n07745940.JPEG,1.347437024116516,0.0046447957865893,7.453611373901367,1.3427922283299265
370,ILSVRC2012_val_00041786_n02484975.JPEG,ILSVRC2012_val_00044779_n03976657.JPEG,1.347437024116516,0.0042783161625266,6.1651811599731445,1.3431587079539893
371,ILSVRC2012_val_00033385_n02486261.JPEG,ILSVRC2012_val_00018734_n03793489.JPEG,0.0495153293013572,0.0205905996263027,6.010290145874023,0.0289247296750545
371,ILSVRC2012_val_00033385_n02486261.JPEG,ILSVRC2012_val_00034880_n02105505.JPEG,0.0495153293013572,0.0040569156408309,3.880176782608032,0.0454584136605263
371,ILSVRC2012_val_00009830_n02486261.JPEG,ILSVRC2012_val_00038787_n04485082.JPEG,0.0835316106677055,0.0040858844295144,4.948932647705078,0.0794457262381911
371,ILSVRC2012_val_00027323_n02486261.JPEG,ILSVRC2012_val_00009855_n03207941.JPEG,0.1348198503255844,0.0051827598363161,7.415317058563232,0.1296370904892683
371,ILSVRC2012_val_00007845_n02486261.JPEG,ILSVRC2012_val_00017481_n04347754.JPEG,0.3737513720989227,0.0147021915763616,9.163495063781738,0.3590491805225611
372,ILSVRC2012_val_00041749_n02486410.JPEG,ILSVRC2012_val_00002025_n03042490.JPEG,0.0338750071823596,0.0030856162775307,0.7128165364265442,0.0307893909048289
372,ILSVRC2012_val_00041245_n02486410.JPEG,ILSVRC2012_val_00043702_n01498041.JPEG,0.2209258079528808,0.0746650993824005,11.370268821716309,0.1462607085704803
372,ILSVRC2012_val_00016257_n02486410.JPEG,ILSVRC2012_val_00040853_n04254680.JPEG,0.6438146233558655,0.0496229864656925,6.005657196044922,0.594191636890173
372,ILSVRC2012_val_00008877_n02486410.JPEG,ILSVRC2012_val_00018142_n02165456.JPEG,1.4037237167358398,0.1965441703796386,6.468843460083008,1.2071795463562012
372,ILSVRC2012_val_00008877_n02486410.JPEG,ILSVRC2012_val_00004551_n04332243.JPEG,1.4037237167358398,0.0272266156971454,8.738701820373535,1.3764971010386944
373,ILSVRC2012_val_00041704_n02487347.JPEG,ILSVRC2012_val_00024537_n03494278.JPEG,0.0409306697547435,0.0059388605877757,1.0272300243377686,0.0349918091669678
373,ILSVRC2012_val_00041704_n02487347.JPEG,ILSVRC2012_val_00010321_n03337140.JPEG,0.0409306697547435,0.0034530081320554,2.4943742752075195,0.0374776616226881
373,ILSVRC2012_val_00031691_n02487347.JPEG,ILSVRC2012_val_00021529_n03016953.JPEG,0.120917297899723,0.0480916500091552,10.458796501159668,0.07282564789056781
373,ILSVRC2012_val_00031691_n02487347.JPEG,ILSVRC2012_val_00032941_n07760859.JPEG,0.120917297899723,0.0324988029897213,7.140860557556152,0.0884184949100017
373,ILSVRC2012_val_00031691_n02487347.JPEG,ILSVRC2012_val_00032199_n03110669.JPEG,0.120917297899723,0.0022373187821358,2.0819826126098637,0.1186799791175872
374,ILSVRC2012_val_00005090_n02488291.JPEG,ILSVRC2012_val_00008850_n04376876.JPEG,0.0143292741850018,0.0073613114655017,7.235558032989502,0.0069679627195000995
374,ILSVRC2012_val_00005090_n02488291.JPEG,ILSVRC2012_val_00048337_n02102480.JPEG,0.0143292741850018,0.006132950540632,7.01465368270874,0.008196323644369799
374,ILSVRC2012_val_00035849_n02488291.JPEG,ILSVRC2012_val_00037225_n04086273.JPEG,0.0570024102926254,0.014574846252799,7.084597587585449,0.0424275640398264
374,ILSVRC2012_val_00001928_n02488291.JPEG,ILSVRC2012_val_00001779_n02085782.JPEG,1.495241403579712,0.0033378859516233,4.955453872680664,1.4919035176280886
374,ILSVRC2012_val_00003187_n02488291.JPEG,ILSVRC2012_val_00003490_n02111889.JPEG,2.206876754760742,0.0029482254758477,7.145604133605957,2.2039285292848945
375,ILSVRC2012_val_00012204_n02488702.JPEG,ILSVRC2012_val_00032944_n04285008.JPEG,0.0478948540985584,0.0369990840554237,7.509465217590332,0.010895770043134696
375,ILSVRC2012_val_00012204_n02488702.JPEG,ILSVRC2012_val_00032991_n02109961.JPEG,0.0478948540985584,0.0041511799208819,8.889665603637695,0.043743674177676495
375,ILSVRC2012_val_00012204_n02488702.JPEG,ILSVRC2012_val_00016322_n03494278.JPEG,0.0478948540985584,0.0015457835979759,2.000795841217041,0.0463490705005825
375,ILSVRC2012_val_00043067_n02488702.JPEG,ILSVRC2012_val_00039852_n02096585.JPEG,0.0630323812365531,0.0008455515489913,5.448601245880127,0.0621868296875618
375,ILSVRC2012_val_00010182_n02488702.JPEG,ILSVRC2012_val_00030405_n01774750.JPEG,0.1818493157625198,0.0352481715381145,7.427518844604492,0.14660114422440532
376,ILSVRC2012_val_00044076_n02489166.JPEG,ILSVRC2012_val_00029525_n01749939.JPEG,0.0053215040825307,0.0025546080432832,11.34229850769043,0.0027668960392475
376,ILSVRC2012_val_00026904_n02489166.JPEG,ILSVRC2012_val_00015651_n02814533.JPEG,0.023570230230689,0.0177198890596628,9.861773490905762,0.005850341171026199
376,ILSVRC2012_val_00048099_n02489166.JPEG,ILSVRC2012_val_00002279_n02165105.JPEG,0.0634312108159065,0.004552714060992,8.939432144165039,0.058878496754914494
376,ILSVRC2012_val_00048099_n02489166.JPEG,ILSVRC2012_val_00005831_n02089867.JPEG,0.0634312108159065,0.0028654965572059,8.44207763671875,0.060565714258700595
376,ILSVRC2012_val_00020217_n02489166.JPEG,ILSVRC2012_val_00048912_n03868242.JPEG,0.1022568345069885,0.00240358710289,2.787201166152954,0.0998532474040985
377,ILSVRC2012_val_00000520_n02490219.JPEG,ILSVRC2012_val_00020218_n03670208.JPEG,0.0176186952739954,0.0169262327253818,6.392020225524902,0.0006924625486136003
377,ILSVRC2012_val_00000520_n02490219.JPEG,ILSVRC2012_val_00003208_n02013706.JPEG,0.0176186952739954,0.0160601567476987,7.605928897857666,0.0015585385262966989
377,ILSVRC2012_val_00000520_n02490219.JPEG,ILSVRC2012_val_00000374_n03272010.JPEG,0.0176186952739954,0.0043671000748872,7.318268299102783,0.0132515951991082
377,ILSVRC2012_val_00005153_n02490219.JPEG,ILSVRC2012_val_00023710_n03459775.JPEG,0.0994373708963394,0.0146329998970031,6.748706817626953,0.0848043709993363
377,ILSVRC2012_val_00029926_n02490219.JPEG,ILSVRC2012_val_00028489_n01629819.JPEG,0.1328733563423156,0.0148787330836057,5.049543380737305,0.1179946232587099
378,ILSVRC2012_val_00044586_n02492035.JPEG,ILSVRC2012_val_00041999_n07768694.JPEG,0.016594361513853,0.0093698045238852,4.507086753845215,0.0072245569899678005
378,ILSVRC2012_val_00023531_n02492035.JPEG,ILSVRC2012_val_00008166_n02090379.JPEG,0.0260116271674633,0.0012161486083641,7.142251968383789,0.0247954785590992
378,ILSVRC2012_val_00038839_n02492035.JPEG,ILSVRC2012_val_00009013_n04367480.JPEG,1.7191951274871826,0.2245448529720306,7.6791486740112305,1.494650274515152
378,ILSVRC2012_val_00038839_n02492035.JPEG,ILSVRC2012_val_00006381_n04326547.JPEG,1.7191951274871826,0.0104985339567065,6.340964317321777,1.708696593530476
378,ILSVRC2012_val_00038839_n02492035.JPEG,ILSVRC2012_val_00048060_n04355338.JPEG,1.7191951274871826,0.0030248861294239,5.698437690734863,1.7161702413577586
379,ILSVRC2012_val_00017479_n02492660.JPEG,ILSVRC2012_val_00042571_n03944341.JPEG,0.0467097423970699,0.0307825244963169,8.330987930297852,0.015927217900753004
379,ILSVRC2012_val_00009511_n02492660.JPEG,ILSVRC2012_val_00037328_n01592084.JPEG,0.1230318248271942,0.0063669215887784,8.95544147491455,0.1166649032384158
379,ILSVRC2012_val_00030233_n02492660.JPEG,ILSVRC2012_val_00032461_n03721384.JPEG,0.1476769000291824,0.0058562601916491,7.208463191986084,0.14182063983753332
379,ILSVRC2012_val_00009461_n02492660.JPEG,ILSVRC2012_val_00033187_n09421951.JPEG,0.1784709841012954,0.0035573078785091,7.492274284362793,0.17491367622278628
379,ILSVRC2012_val_00040865_n02492660.JPEG,ILSVRC2012_val_00001067_n02009912.JPEG,0.7137815952301025,0.0256851967424154,5.290135383605957,0.6880963984876871
380,ILSVRC2012_val_00009832_n02493509.JPEG,ILSVRC2012_val_00019412_n03877845.JPEG,0.3900472223758697,0.1324221342802047,5.591312885284424,0.257625088095665
380,ILSVRC2012_val_00040638_n02493509.JPEG,ILSVRC2012_val_00021825_n04540053.JPEG,0.2733811736106872,0.0094625065103173,2.023525714874268,0.2639186671003699
380,ILSVRC2012_val_00043695_n02493509.JPEG,ILSVRC2012_val_00049132_n04458633.JPEG,0.3528602123260498,0.072499006986618,7.035844802856445,0.2803612053394318
380,ILSVRC2012_val_00009832_n02493509.JPEG,ILSVRC2012_val_00030657_n01534433.JPEG,0.3900472223758697,0.0152748087421059,2.70405912399292,0.3747724136337638
380,ILSVRC2012_val_00029284_n02493509.JPEG,ILSVRC2012_val_00019681_n02396427.JPEG,0.6903143525123596,0.0177320688962936,8.926140785217285,0.672582283616066
381,ILSVRC2012_val_00037171_n02493793.JPEG,ILSVRC2012_val_00003547_n04154565.JPEG,0.1221528500318527,0.0071454453282058,7.530165672302246,0.1150074047036469
381,ILSVRC2012_val_00039786_n02493793.JPEG,ILSVRC2012_val_00002017_n02699494.JPEG,0.2698291540145874,0.0283592492341995,10.165183067321776,0.2414699047803879
381,ILSVRC2012_val_00005442_n02493793.JPEG,ILSVRC2012_val_00013226_n02909870.JPEG,0.8975473642349243,0.0951621532440185,10.270764350891112,0.8023852109909058
381,ILSVRC2012_val_00036994_n02493793.JPEG,ILSVRC2012_val_00043364_n02094114.JPEG,1.1457092761993408,0.0099412333220243,8.348628997802734,1.1357680428773165
381,ILSVRC2012_val_00033780_n02493793.JPEG,ILSVRC2012_val_00015005_n03871628.JPEG,1.7054038047790527,0.0275299288332462,6.20625638961792,1.6778738759458065
382,ILSVRC2012_val_00046584_n02494079.JPEG,ILSVRC2012_val_00036331_n04458633.JPEG,0.2674734890460968,0.0416659452021122,3.298966884613037,0.2258075438439846
382,ILSVRC2012_val_00012793_n02494079.JPEG,ILSVRC2012_val_00036068_n01753488.JPEG,0.3010205030441284,0.0034284167923033,6.488368988037109,0.2975920862518251
382,ILSVRC2012_val_00012793_n02494079.JPEG,ILSVRC2012_val_00007315_n02356798.JPEG,0.3010205030441284,0.0020981458947062,4.2245073318481445,0.2989223571494222
382,ILSVRC2012_val_00027849_n02494079.JPEG,ILSVRC2012_val_00034061_n02410509.JPEG,0.503513753414154,0.0067387940362095,4.785862922668457,0.4967749593779446
382,ILSVRC2012_val_00029241_n02494079.JPEG,ILSVRC2012_val_00018693_n07932039.JPEG,0.6412746906280518,0.0404695309698581,6.842896461486816,0.6008051596581937
383,ILSVRC2012_val_00034768_n02497673.JPEG,ILSVRC2012_val_00013741_n04243546.JPEG,0.2317835092544555,0.0029275438282638,5.528074264526367,0.22885596542619172
383,ILSVRC2012_val_00045662_n02497673.JPEG,ILSVRC2012_val_00011158_n01687978.JPEG,0.2506888210773468,0.0023061842657625,5.537927627563477,0.2483826368115843
383,ILSVRC2012_val_00021780_n02497673.JPEG,ILSVRC2012_val_00037551_n04487394.JPEG,0.2845420241355896,0.0034829450305551,7.51105260848999,0.2810590791050345
383,ILSVRC2012_val_00021138_n02497673.JPEG,ILSVRC2012_val_00036494_n01944390.JPEG,0.4194101095199585,0.0029024637769907,6.379897594451904,0.4165076457429678
383,ILSVRC2012_val_00032585_n02497673.JPEG,ILSVRC2012_val_00005532_n01644900.JPEG,0.7694103717803955,0.0039738034829497,5.631386280059815,0.7654365682974458
384,ILSVRC2012_val_00011603_n02500267.JPEG,ILSVRC2012_val_00040473_n04355933.JPEG,0.018901003524661,0.0053060892969369,8.153762817382812,0.013594914227724101
384,ILSVRC2012_val_00034513_n02500267.JPEG,ILSVRC2012_val_00005482_n02165105.JPEG,0.0194394215941429,0.0037171808071434,6.112100601196289,0.0157222407869995
384,ILSVRC2012_val_00026230_n02500267.JPEG,ILSVRC2012_val_00014974_n02130308.JPEG,0.0484951175749301,0.010885146446526,7.623723983764648,0.0376099711284041
384,ILSVRC2012_val_00010932_n02500267.JPEG,ILSVRC2012_val_00025906_n03000134.JPEG,0.0659495368599891,0.0072136186063289,4.267147064208984,0.058735918253660195
384,ILSVRC2012_val_00034541_n02500267.JPEG,ILSVRC2012_val_00026008_n02091244.JPEG,0.1338448375463485,0.0035116928629577,5.384222030639648,0.1303331446833908
385,ILSVRC2012_val_00040258_n02504013.JPEG,ILSVRC2012_val_00018331_n02106382.JPEG,0.6378952860832214,0.0044367685914039,5.426998615264893,0.6334585174918176
385,ILSVRC2012_val_00021237_n02504013.JPEG,ILSVRC2012_val_00023959_n04371774.JPEG,0.7313035726547241,0.0243831779807806,5.757210731506348,0.7069203946739435
385,ILSVRC2012_val_00027259_n02504013.JPEG,ILSVRC2012_val_00001900_n02106166.JPEG,0.8413302898406982,0.0075398632325232,2.5812830924987797,0.833790426608175
385,ILSVRC2012_val_00033715_n02504013.JPEG,ILSVRC2012_val_00033577_n02098413.JPEG,1.8719425201416016,0.0052292472682893,4.788437843322754,1.8667132728733122
385,ILSVRC2012_val_00042441_n02504013.JPEG,ILSVRC2012_val_00023703_n01667114.JPEG,2.112232446670532,0.0207313075661659,8.595396995544434,2.091501139104366
386,ILSVRC2012_val_00021712_n02504458.JPEG,ILSVRC2012_val_00046959_n03535780.JPEG,0.2109227031469345,0.0069122477434575,6.222257614135742,0.204010455403477
386,ILSVRC2012_val_00033861_n02504458.JPEG,ILSVRC2012_val_00014236_n03532672.JPEG,0.213840901851654,0.0069277565926313,4.640897750854492,0.20691314525902268
386,ILSVRC2012_val_00013193_n02504458.JPEG,ILSVRC2012_val_00023779_n02123045.JPEG,0.6920844316482544,0.0048346286639571,6.133385181427002,0.6872498029842973
386,ILSVRC2012_val_00038578_n02504458.JPEG,ILSVRC2012_val_00041576_n03841143.JPEG,0.7064255475997925,0.0086847217753529,5.919415473937988,0.6977408258244395
386,ILSVRC2012_val_00004013_n02504458.JPEG,ILSVRC2012_val_00035310_n01984695.JPEG,0.8170053958892822,0.013152508996427,5.860040664672852,0.8038528868928553
387,ILSVRC2012_val_00010418_n02509815.JPEG,ILSVRC2012_val_00007837_n02106166.JPEG,0.0218632724136114,0.0088527575135231,4.0560622215271,0.013010514900088302
387,ILSVRC2012_val_00009843_n02509815.JPEG,ILSVRC2012_val_00003787_n03384352.JPEG,0.0218420457094907,0.0068324510939419,6.499348640441895,0.0150095946155488
387,ILSVRC2012_val_00010418_n02509815.JPEG,ILSVRC2012_val_00041955_n02086079.JPEG,0.0218632724136114,0.0023210509680211,3.315313577651977,0.019542221445590303
387,ILSVRC2012_val_00016734_n02509815.JPEG,ILSVRC2012_val_00038361_n02099712.JPEG,0.0319669097661972,0.0009546490036882,6.106062412261963,0.031012260762508997
387,ILSVRC2012_val_00045029_n02509815.JPEG,ILSVRC2012_val_00011541_n01687978.JPEG,0.0507553666830062,0.0074398829601705,2.766650676727295,0.0433154837228357
388,ILSVRC2012_val_00012726_n02510455.JPEG,ILSVRC2012_val_00021302_n03814639.JPEG,0.0203158948570489,0.0034833012614399,3.4315643310546875,0.016832593595609003
388,ILSVRC2012_val_00043447_n02510455.JPEG,ILSVRC2012_val_00001208_n04599235.JPEG,0.043736632913351,0.0079075144603848,5.609923362731934,0.0358291184529662
388,ILSVRC2012_val_00012542_n02510455.JPEG,ILSVRC2012_val_00043667_n02804414.JPEG,0.0539761036634445,0.0036164615303277,6.166537284851074,0.0503596421331168
388,ILSVRC2012_val_00025586_n02510455.JPEG,ILSVRC2012_val_00049463_n02808304.JPEG,0.0934875681996345,0.0022099614143371,7.379645347595215,0.0912776067852974
388,ILSVRC2012_val_00032095_n02510455.JPEG,ILSVRC2012_val_00026680_n12620546.JPEG,0.28879514336586,0.0107518890872597,8.72747802734375,0.27804325427860027
389,ILSVRC2012_val_00000775_n02514041.JPEG,ILSVRC2012_val_00038605_n03658185.JPEG,0.0311495885252952,0.0030229846015572,7.827523708343506,0.028126603923738
389,ILSVRC2012_val_00045652_n02514041.JPEG,ILSVRC2012_val_00006150_n02788148.JPEG,0.0857194885611534,0.0428419709205627,8.605913162231445,0.042877517640590695
389,ILSVRC2012_val_00045652_n02514041.JPEG,ILSVRC2012_val_00020864_n02727426.JPEG,0.0857194885611534,0.0052515417337417,6.3196563720703125,0.0804679468274117
389,ILSVRC2012_val_00019306_n02514041.JPEG,ILSVRC2012_val_00022907_n02504458.JPEG,0.2149958312511444,0.0023030918091535,7.057042598724365,0.2126927394419909
389,ILSVRC2012_val_00046233_n02514041.JPEG,ILSVRC2012_val_00045157_n01682714.JPEG,1.0407863855361938,0.0021628576796501,1.5317398309707642,1.0386235278565437
390,ILSVRC2012_val_00005210_n02526121.JPEG,ILSVRC2012_val_00027467_n03388043.JPEG,0.0689761489629745,0.0092371720820665,5.844694137573242,0.059738976880908005
390,ILSVRC2012_val_00010825_n02526121.JPEG,ILSVRC2012_val_00041341_n02115641.JPEG,0.1002258881926536,0.0019393223337829,3.298995018005371,0.0982865658588707
390,ILSVRC2012_val_00034488_n02526121.JPEG,ILSVRC2012_val_00027882_n02412080.JPEG,0.312937319278717,0.0020497280638664,6.590612411499023,0.3108875912148506
390,ILSVRC2012_val_00034488_n02526121.JPEG,ILSVRC2012_val_00043866_n07880968.JPEG,0.312937319278717,0.0013687774771824,1.502974510192871,0.3115685418015346
390,ILSVRC2012_val_00019070_n02526121.JPEG,ILSVRC2012_val_00040891_n02676566.JPEG,1.0910463333129885,0.0191401932388544,10.80348777770996,1.071906140074134
391,ILSVRC2012_val_00024768_n02536864.JPEG,ILSVRC2012_val_00043628_n03384352.JPEG,0.0108807832002639,0.0066122072748839,3.699196577072144,0.004268575925380001
391,ILSVRC2012_val_00025391_n02536864.JPEG,ILSVRC2012_val_00004430_n09288635.JPEG,0.2978662550449371,0.0019480077316984,4.275806427001953,0.2959182473132387
391,ILSVRC2012_val_00047174_n02536864.JPEG,ILSVRC2012_val_00033369_n02128757.JPEG,0.6290265321731567,0.0047506322152912,9.25898551940918,0.6242758999578656
391,ILSVRC2012_val_00002721_n02536864.JPEG,ILSVRC2012_val_00033581_n02113978.JPEG,1.0824577808380127,0.0025423606857657,4.595461845397949,1.079915420152247
391,ILSVRC2012_val_00040765_n02536864.JPEG,ILSVRC2012_val_00000421_n04099969.JPEG,5.414183616638184,0.5881925225257874,9.652627944946287,4.825991094112396
392,ILSVRC2012_val_00011532_n02606052.JPEG,ILSVRC2012_val_00005623_n03733281.JPEG,0.0414048619568347,0.0363733693957328,5.239382743835449,0.0050314925611019
392,ILSVRC2012_val_00001051_n02606052.JPEG,ILSVRC2012_val_00012274_n03692522.JPEG,0.0179039780050516,0.0056082997471094,7.67008638381958,0.0122956782579422
392,ILSVRC2012_val_00011532_n02606052.JPEG,ILSVRC2012_val_00027006_n02783161.JPEG,0.0414048619568347,0.014665188267827,7.169587135314941,0.026739673689007704
392,ILSVRC2012_val_00011532_n02606052.JPEG,ILSVRC2012_val_00026128_n04465501.JPEG,0.0414048619568347,0.0059289061464369,5.231627941131592,0.0354759558103978
392,ILSVRC2012_val_00035276_n02606052.JPEG,ILSVRC2012_val_00044771_n02423022.JPEG,0.9204302430152892,0.0067398599348962,9.469558715820312,0.913690383080393
393,ILSVRC2012_val_00049216_n02607072.JPEG,ILSVRC2012_val_00043681_n12998815.JPEG,0.0677294433116912,0.0252721849828958,6.186572074890137,0.042457258328795405
393,ILSVRC2012_val_00049216_n02607072.JPEG,ILSVRC2012_val_00004751_n02403003.JPEG,0.0677294433116912,0.014047672972083,6.368290901184082,0.0536817703396082
393,ILSVRC2012_val_00031305_n02607072.JPEG,ILSVRC2012_val_00009123_n03903868.JPEG,0.1647502481937408,0.0152293732389807,3.989306926727295,0.14952087495476007
393,ILSVRC2012_val_00025141_n02607072.JPEG,ILSVRC2012_val_00035131_n01558993.JPEG,0.2206809073686599,0.0063517596572637,6.592933654785156,0.2143291477113962
393,ILSVRC2012_val_00001176_n02607072.JPEG,ILSVRC2012_val_00049845_n02169497.JPEG,0.2407396137714386,0.0092040998861193,8.0736665725708,0.2315355138853193
394,ILSVRC2012_val_00031255_n02640242.JPEG,ILSVRC2012_val_00002178_n02708093.JPEG,0.0441623926162719,0.0384623780846595,8.542081832885742,0.005700014531612403
394,ILSVRC2012_val_00007636_n02640242.JPEG,ILSVRC2012_val_00023547_n03958227.JPEG,0.0156919695436954,0.0039993315003812,4.595788478851318,0.011692638043314201
394,ILSVRC2012_val_00043582_n02640242.JPEG,ILSVRC2012_val_00025573_n03345487.JPEG,0.0607800036668777,0.0033705588430166,6.768073081970215,0.057409444823861094
394,ILSVRC2012_val_00009240_n02640242.JPEG,ILSVRC2012_val_00012022_n03930313.JPEG,0.4720540344715118,0.0022057984024286,3.8043582439422607,0.46984823606908316
394,ILSVRC2012_val_00039793_n02640242.JPEG,ILSVRC2012_val_00026373_n03544143.JPEG,1.6648578643798828,0.0009459549910388,4.265568733215332,1.663911909388844
395,ILSVRC2012_val_00024220_n02641379.JPEG,ILSVRC2012_val_00034933_n02102318.JPEG,0.1032139956951141,0.0035792829003185,8.781058311462402,0.09963471279479559
395,ILSVRC2012_val_00015414_n02641379.JPEG,ILSVRC2012_val_00002392_n02963159.JPEG,0.1079106628894805,0.0028332828078418,4.564279079437256,0.1050773800816387
395,ILSVRC2012_val_00040190_n02641379.JPEG,ILSVRC2012_val_00042148_n02112137.JPEG,0.403161883354187,0.2236337214708328,6.478631973266602,0.17952816188335421
395,ILSVRC2012_val_00007979_n02641379.JPEG,ILSVRC2012_val_00029284_n02493509.JPEG,0.2708979547023773,0.0059975180774927,6.019064426422119,0.2649004366248846
395,ILSVRC2012_val_00045585_n02641379.JPEG,ILSVRC2012_val_00024301_n01728572.JPEG,0.5914797782897949,0.0016277885297313,4.814013957977295,0.5898519897600636
396,ILSVRC2012_val_00009748_n02643566.JPEG,ILSVRC2012_val_00029366_n04487394.JPEG,0.0097037283703684,0.0086097940802574,5.959734916687012,0.001093934290110999
396,ILSVRC2012_val_00000196_n02643566.JPEG,ILSVRC2012_val_00047846_n09288635.JPEG,0.0186949856579303,0.0039641857147216,3.092633008956909,0.014730799943208701
396,ILSVRC2012_val_00000196_n02643566.JPEG,ILSVRC2012_val_00032340_n04599235.JPEG,0.0186949856579303,0.0028363734018057,2.8594765663146973,0.015858612256124602
396,ILSVRC2012_val_00000196_n02643566.JPEG,ILSVRC2012_val_00034238_n03680355.JPEG,0.0186949856579303,0.0014019908849149,0.7094013690948486,0.0172929947730154
396,ILSVRC2012_val_00042126_n02643566.JPEG,ILSVRC2012_val_00019768_n04023962.JPEG,0.0783514380455017,0.0084395902231335,5.923598289489746,0.0699118478223682
397,ILSVRC2012_val_00044313_n02655020.JPEG,ILSVRC2012_val_00045889_n02794156.JPEG,0.0403761081397533,0.0199093073606491,10.77036190032959,0.0204668007791042
397,ILSVRC2012_val_00025174_n02655020.JPEG,ILSVRC2012_val_00047784_n02028035.JPEG,0.023995466530323,0.0014500827528536,2.099004983901977,0.0225453837774694
397,ILSVRC2012_val_00025174_n02655020.JPEG,ILSVRC2012_val_00015007_n07873807.JPEG,0.023995466530323,0.0004291805380489,6.923830986022949,0.023566285992274102
397,ILSVRC2012_val_00044313_n02655020.JPEG,ILSVRC2012_val_00043501_n04204238.JPEG,0.0403761081397533,0.0116517953574657,13.282795906066896,0.028724312782287598
397,ILSVRC2012_val_00044313_n02655020.JPEG,ILSVRC2012_val_00027577_n03131574.JPEG,0.0403761081397533,0.0019820346496999,6.258499622344971,0.0383940734900534
398,ILSVRC2012_val_00013041_n02666196.JPEG,ILSVRC2012_val_00014461_n03443371.JPEG,0.0093663791194558,0.0022659834939986,3.6414780616760254,0.007100395625457201
398,ILSVRC2012_val_00013041_n02666196.JPEG,ILSVRC2012_val_00007845_n02486261.JPEG,0.0093663791194558,0.0019932182040065,3.3376336097717285,0.007373160915449301
398,ILSVRC2012_val_00030552_n02666196.JPEG,ILSVRC2012_val_00014171_n02395406.JPEG,0.0552656725049018,0.0017233534017577,6.057870864868164,0.0535423191031441
398,ILSVRC2012_val_00030552_n02666196.JPEG,ILSVRC2012_val_00039383_n02966193.JPEG,0.0552656725049018,0.0014146092580631,2.959538221359253,0.0538510632468387
398,ILSVRC2012_val_00045583_n02666196.JPEG,ILSVRC2012_val_00018927_n03160309.JPEG,0.1344935297966003,0.0037016223650425,4.1988677978515625,0.13079190743155777
399,ILSVRC2012_val_00031515_n02667093.JPEG,ILSVRC2012_val_00029593_n03272010.JPEG,0.2068812102079391,0.0043614031746983,8.22064208984375,0.2025198070332408
399,ILSVRC2012_val_00025346_n02667093.JPEG,ILSVRC2012_val_00041199_n03825788.JPEG,0.2369107604026794,0.0031936378218233,8.115702629089355,0.23371712258085608
399,ILSVRC2012_val_00021826_n02667093.JPEG,ILSVRC2012_val_00038514_n03062245.JPEG,0.6483036279678345,0.0240860078483819,8.661371231079102,0.6242176201194526
399,ILSVRC2012_val_00021826_n02667093.JPEG,ILSVRC2012_val_00010932_n02500267.JPEG,0.6483036279678345,0.0105131613090634,4.385692119598389,0.637790466658771
399,ILSVRC2012_val_00029163_n02667093.JPEG,ILSVRC2012_val_00030514_n04482393.JPEG,0.8059427738189697,0.0015419748378917,7.043669700622559,0.8044007989810781
400,ILSVRC2012_val_00003289_n02669723.JPEG,ILSVRC2012_val_00028488_n02965783.JPEG,0.1550554484128952,0.0166783072054386,8.260435104370117,0.1383771412074566
400,ILSVRC2012_val_00034987_n02669723.JPEG,ILSVRC2012_val_00044238_n01855032.JPEG,1.0308815240859983,0.1553145051002502,11.038655281066896,0.8755670189857481
400,ILSVRC2012_val_00034987_n02669723.JPEG,ILSVRC2012_val_00024232_n07717410.JPEG,1.0308815240859983,0.0315045043826103,7.461490154266357,0.999377019703388
400,ILSVRC2012_val_00046320_n02669723.JPEG,ILSVRC2012_val_00006601_n04209133.JPEG,1.7433010339736938,0.0519128367304801,6.13527774810791,1.6913881972432137
400,ILSVRC2012_val_00039353_n02669723.JPEG,ILSVRC2012_val_00047391_n04372370.JPEG,3.9136147499084473,0.0478715598583221,9.822572708129885,3.865743190050125
401,ILSVRC2012_val_00001431_n02672831.JPEG,ILSVRC2012_val_00005874_n03527444.JPEG,0.0005511910421773,0.000519617460668,5.368376731872559,3.157358150929993e-05
401,ILSVRC2012_val_00007271_n02672831.JPEG,ILSVRC2012_val_00035239_n02422699.JPEG,0.00672541372478,0.0059822318144142,9.53508186340332,0.0007431819103658
401,ILSVRC2012_val_00007271_n02672831.JPEG,ILSVRC2012_val_00042437_n03991062.JPEG,0.00672541372478,0.0011743560899049,1.109586238861084,0.0055510576348751
401,ILSVRC2012_val_00005924_n02672831.JPEG,ILSVRC2012_val_00035874_n04562935.JPEG,0.0070125176571309,0.0012615111190825,8.34040355682373,0.0057510065380484005
401,ILSVRC2012_val_00028819_n02672831.JPEG,ILSVRC2012_val_00040749_n02966687.JPEG,0.0544821955263614,0.0004685019666794,7.4900712966918945,0.054013693559682004
402,ILSVRC2012_val_00040891_n02676566.JPEG,ILSVRC2012_val_00039422_n02988304.JPEG,0.1157249063253402,0.0104734068736433,7.707837104797363,0.1052514994516969
402,ILSVRC2012_val_00044733_n02676566.JPEG,ILSVRC2012_val_00045854_n02441942.JPEG,0.2383562326431274,0.0198100879788398,6.704018592834473,0.21854614466428762
402,ILSVRC2012_val_00041930_n02676566.JPEG,ILSVRC2012_val_00018677_n03793489.JPEG,0.3270351588726043,0.0125451246276497,4.963954925537109,0.3144900342449546
402,ILSVRC2012_val_00028101_n02676566.JPEG,ILSVRC2012_val_00021461_n01496331.JPEG,0.4888478517532348,0.0077493749558925,6.066967010498047,0.4810984767973423
402,ILSVRC2012_val_00028101_n02676566.JPEG,ILSVRC2012_val_00021825_n04540053.JPEG,0.4888478517532348,0.0037169433198869,3.2727761268615723,0.4851309084333479
403,ILSVRC2012_val_00033900_n02687172.JPEG,ILSVRC2012_val_00014877_n02113978.JPEG,0.0050878808833658,0.0046436092816293,4.229841232299805,0.00044427160173650046
403,ILSVRC2012_val_00041927_n02687172.JPEG,ILSVRC2012_val_00022835_n03100240.JPEG,0.089991919696331,0.0092603219673037,5.610328674316406,0.0807315977290273
403,ILSVRC2012_val_00048573_n02687172.JPEG,ILSVRC2012_val_00031304_n02013706.JPEG,0.6969718337059021,0.5202633142471313,6.551187515258789,0.17670851945877075
403,ILSVRC2012_val_00018014_n02687172.JPEG,ILSVRC2012_val_00039606_n03992509.JPEG,0.7855783700942993,0.023318937048316,8.768444061279297,0.7622594330459833
403,ILSVRC2012_val_00023116_n02687172.JPEG,ILSVRC2012_val_00000161_n02100877.JPEG,0.8103793859481812,0.0135905481874942,5.348174095153809,0.796788837760687
404,ILSVRC2012_val_00014425_n02690373.JPEG,ILSVRC2012_val_00015365_n02777292.JPEG,0.0524027794599533,0.0057609709911048,1.1086444854736328,0.0466418084688485
404,ILSVRC2012_val_00012263_n02690373.JPEG,ILSVRC2012_val_00018668_n03706229.JPEG,0.093241736292839,0.0129494220018386,7.595080852508545,0.0802923142910004
404,ILSVRC2012_val_00000631_n02690373.JPEG,ILSVRC2012_val_00000368_n03998194.JPEG,0.1999696493148803,0.0223228111863136,11.271965980529783,0.1776468381285667
404,ILSVRC2012_val_00041518_n02690373.JPEG,ILSVRC2012_val_00024266_n02423022.JPEG,0.4097081422805786,0.0024986020289361,4.644430160522461,0.4072095402516425
404,ILSVRC2012_val_00036394_n02690373.JPEG,ILSVRC2012_val_00009364_n03837869.JPEG,0.5778785943984985,0.0304368343204259,3.5062575340271,0.5474417600780727
405,ILSVRC2012_val_00036036_n02692877.JPEG,ILSVRC2012_val_00024182_n03595614.JPEG,0.0003427871561143,0.0003365903685335,4.676108360290527,6.196787580799981e-06
405,ILSVRC2012_val_00008132_n02692877.JPEG,ILSVRC2012_val_00022451_n02971356.JPEG,0.0027612438425421,0.0025947971735149,6.732973098754883,0.00016644666902719974
405,ILSVRC2012_val_00033655_n02692877.JPEG,ILSVRC2012_val_00039142_n02106030.JPEG,0.0793449580669403,0.0657829046249389,7.747964859008789,0.013562053442001398
405,ILSVRC2012_val_00012944_n02692877.JPEG,ILSVRC2012_val_00047691_n02666196.JPEG,0.0275030229240655,0.0088485041633248,10.172689437866213,0.0186545187607407
405,ILSVRC2012_val_00018758_n02692877.JPEG,ILSVRC2012_val_00034746_n03874293.JPEG,0.0207157786935567,0.0013924674130976,2.9596166610717773,0.0193233112804591
406,ILSVRC2012_val_00002803_n02699494.JPEG,ILSVRC2012_val_00014430_n02110341.JPEG,0.5064218044281006,0.0282609816640615,5.401879787445068,0.4781608227640391
406,ILSVRC2012_val_00002803_n02699494.JPEG,ILSVRC2012_val_00045472_n09193705.JPEG,0.5064218044281006,0.0036607650108635,1.486160159111023,0.502761039417237
406,ILSVRC2012_val_00013048_n02699494.JPEG,ILSVRC2012_val_00013340_n04259630.JPEG,0.5573027729988098,0.0012947280192747,2.9265730381011963,0.5560080449795352
406,ILSVRC2012_val_00043674_n02699494.JPEG,ILSVRC2012_val_00013966_n02483708.JPEG,0.7831271290779114,0.0036705043166875,3.1605005264282227,0.7794566247612239
406,ILSVRC2012_val_00002017_n02699494.JPEG,ILSVRC2012_val_00035728_n01910747.JPEG,0.9203450679779052,0.0020237935241311,3.537207126617432,0.9183212744537741
407,ILSVRC2012_val_00029222_n02701002.JPEG,ILSVRC2012_val_00037101_n02091134.JPEG,0.0057796980254352,0.0055340896360576,9.969778060913086,0.00024560838937760007
407,ILSVRC2012_val_00007083_n02701002.JPEG,ILSVRC2012_val_00023729_n02086910.JPEG,0.0551494807004928,0.0475974269211292,6.159581184387207,0.0075520537793636044
407,ILSVRC2012_val_00007083_n02701002.JPEG,ILSVRC2012_val_00013462_n03877472.JPEG,0.0551494807004928,0.0061071212403476,4.97579288482666,0.0490423594601452
407,ILSVRC2012_val_00007083_n02701002.JPEG,ILSVRC2012_val_00022669_n02074367.JPEG,0.0551494807004928,0.0038463911041617,3.5084991455078125,0.051303089596331106
407,ILSVRC2012_val_00014646_n02701002.JPEG,ILSVRC2012_val_00044211_n03271574.JPEG,0.2671360373497009,0.0040127481333911,3.477229118347168,0.26312328921630984
408,ILSVRC2012_val_00049628_n02704792.JPEG,ILSVRC2012_val_00021193_n07747607.JPEG,0.5263073444366455,0.3797429800033569,9.162087440490724,0.14656436443328863
408,ILSVRC2012_val_00030917_n02704792.JPEG,ILSVRC2012_val_00032119_n07693725.JPEG,0.1746832728385925,0.0140412077307701,4.8814778327941895,0.1606420651078224
408,ILSVRC2012_val_00015346_n02704792.JPEG,ILSVRC2012_val_00024314_n01729322.JPEG,0.1873077899217605,0.0043932115659117,8.79848861694336,0.18291457835584882
408,ILSVRC2012_val_00015346_n02704792.JPEG,ILSVRC2012_val_00036640_n04392985.JPEG,0.1873077899217605,0.0042281048372387,5.496528625488281,0.1830796850845218
408,ILSVRC2012_val_00049628_n02704792.JPEG,ILSVRC2012_val_00018268_n02869837.JPEG,0.5263073444366455,0.0027167813386768,5.664315223693848,0.5235905630979687
409,ILSVRC2012_val_00004360_n02708093.JPEG,ILSVRC2012_val_00044897_n02092339.JPEG,0.1192788705229759,0.0187629610300064,8.50261402130127,0.1005159094929695
409,ILSVRC2012_val_00022719_n02708093.JPEG,ILSVRC2012_val_00031035_n03888257.JPEG,0.9572292566299438,0.0191371534019708,2.222208023071289,0.9380921032279731
409,ILSVRC2012_val_00044752_n02708093.JPEG,ILSVRC2012_val_00019130_n02085782.JPEG,1.0663188695907593,0.0632401034235954,7.0665669441223145,1.0030787661671638
409,ILSVRC2012_val_00044752_n02708093.JPEG,ILSVRC2012_val_00045227_n02206856.JPEG,1.0663188695907593,0.0627405494451522,7.55202579498291,1.003578320145607
409,ILSVRC2012_val_00002178_n02708093.JPEG,ILSVRC2012_val_00014773_n02124075.JPEG,1.783458232879639,0.0215312838554382,9.08047103881836,1.7619269490242007
410,ILSVRC2012_val_00029004_n02727426.JPEG,ILSVRC2012_val_00010066_n03207743.JPEG,0.0011350624263286,0.0011295850854367,6.813444137573242,5.477340891900037e-06
410,ILSVRC2012_val_00029004_n02727426.JPEG,ILSVRC2012_val_00006932_n03133878.JPEG,0.0011350624263286,0.0010496827308088,4.616833209991455,8.537969551980018e-05
410,ILSVRC2012_val_00019052_n02727426.JPEG,ILSVRC2012_val_00031638_n02233338.JPEG,0.0033696084283292,0.0005682284245267,5.872586727142334,0.0028013800038025
410,ILSVRC2012_val_00020864_n02727426.JPEG,ILSVRC2012_val_00011947_n02107574.JPEG,0.0782388970255851,0.0070479111745953,8.741317749023438,0.0711909858509898
410,ILSVRC2012_val_00013164_n02727426.JPEG,ILSVRC2012_val_00014303_n03788365.JPEG,1.5554381608963013,0.0036019703838974,7.837409019470215,1.5518361905124038
411,ILSVRC2012_val_00010979_n02730930.JPEG,ILSVRC2012_val_00048526_n12144580.JPEG,0.1282777488231659,0.0042994446121156,7.039714813232422,0.1239783042110503
411,ILSVRC2012_val_00016020_n02730930.JPEG,ILSVRC2012_val_00012435_n02018207.JPEG,0.159611701965332,0.0164250414818525,4.979671001434326,0.1431866604834795
411,ILSVRC2012_val_00016020_n02730930.JPEG,ILSVRC2012_val_00045397_n02777292.JPEG,0.159611701965332,0.0020021409727633,1.5970457792282104,0.1576095609925687
411,ILSVRC2012_val_00028783_n02730930.JPEG,ILSVRC2012_val_00025447_n01775062.JPEG,0.2350857704877853,0.0028024944476783,5.766449451446533,0.232283276040107
411,ILSVRC2012_val_00001135_n02730930.JPEG,ILSVRC2012_val_00036863_n02319095.JPEG,1.1838549375534058,0.0022041329648345,5.275495052337647,1.1816508045885712
412,ILSVRC2012_val_00049737_n02747177.JPEG,ILSVRC2012_val_00035182_n02096585.JPEG,0.1027211174368858,0.003016447648406,3.501138687133789,0.0997046697884798
412,ILSVRC2012_val_00049737_n02747177.JPEG,ILSVRC2012_val_00024003_n03958227.JPEG,0.1027211174368858,0.0016088649863377,3.5151236057281494,0.10111225245054811
412,ILSVRC2012_val_00028498_n02747177.JPEG,ILSVRC2012_val_00007312_n01795545.JPEG,0.9798991084098816,0.0187011864036321,8.980698585510254,0.9611979220062495
412,ILSVRC2012_val_00048583_n02747177.JPEG,ILSVRC2012_val_00037563_n04258138.JPEG,1.413735270500183,0.0014592485968023,6.065362930297852,1.4122760219033808
412,ILSVRC2012_val_00039919_n02747177.JPEG,ILSVRC2012_val_00031866_n02018795.JPEG,4.819983005523682,0.0173769146203994,9.904488563537598,4.802606090903282
413,ILSVRC2012_val_00000268_n02749479.JPEG,ILSVRC2012_val_00040916_n03482405.JPEG,0.3157876133918762,0.0181266646832227,6.209049224853516,0.2976609487086535
413,ILSVRC2012_val_00031196_n02749479.JPEG,ILSVRC2012_val_00024399_n02099849.JPEG,0.4046709537506103,0.0169526040554046,5.067148208618164,0.3877183496952057
413,ILSVRC2012_val_00002719_n02749479.JPEG,ILSVRC2012_val_00021567_n04467665.JPEG,0.4401001036167145,0.0125508932396769,7.211635589599609,0.4275492103770376
413,ILSVRC2012_val_00041685_n02749479.JPEG,ILSVRC2012_val_00027524_n03599486.JPEG,0.6121363639831543,0.0222864374518394,5.446623802185059,0.5898499265313148
413,ILSVRC2012_val_00016457_n02749479.JPEG,ILSVRC2012_val_00034054_n01735189.JPEG,1.0354217290878296,0.0215132012963295,6.891707420349121,1.0139085277915
414,ILSVRC2012_val_00018021_n02769748.JPEG,ILSVRC2012_val_00024970_n03733131.JPEG,0.0334941856563091,0.01864361949265,5.173680782318115,0.0148505661636591
414,ILSVRC2012_val_00035248_n02769748.JPEG,ILSVRC2012_val_00023471_n02099712.JPEG,0.2520905435085296,0.006652470678091,6.148063659667969,0.24543807283043861
414,ILSVRC2012_val_00041552_n02769748.JPEG,ILSVRC2012_val_00046233_n02514041.JPEG,0.3669100403785705,0.004814697895199,2.628615379333496,0.3620953424833715
414,ILSVRC2012_val_00016010_n02769748.JPEG,ILSVRC2012_val_00041212_n03998194.JPEG,3.5296406745910645,0.0140474373474717,3.933015823364258,3.5155932372435927
414,ILSVRC2012_val_00016010_n02769748.JPEG,ILSVRC2012_val_00008953_n03977966.JPEG,3.5296406745910645,0.0063092336058616,5.186551570892334,3.523331440985203
415,ILSVRC2012_val_00047838_n02776631.JPEG,ILSVRC2012_val_00047106_n01819313.JPEG,0.1608145982027053,0.0025308267213404,1.981265425682068,0.1582837714813649
415,ILSVRC2012_val_00047838_n02776631.JPEG,ILSVRC2012_val_00009814_n04366367.JPEG,0.1608145982027053,0.0022621774114668,6.229022979736328,0.1585524207912385
415,ILSVRC2012_val_00008915_n02776631.JPEG,ILSVRC2012_val_00038326_n02105855.JPEG,0.8503710627555847,0.0024580522440373,4.460855007171631,0.8479130105115474
415,ILSVRC2012_val_00015231_n02776631.JPEG,ILSVRC2012_val_00002823_n02123045.JPEG,1.9777593612670896,0.0592174679040908,8.212472915649414,1.9185418933629987
415,ILSVRC2012_val_00014946_n02776631.JPEG,ILSVRC2012_val_00012494_n03777568.JPEG,5.416492462158203,0.0020929116290062,5.488221168518066,5.414399550529197
416,ILSVRC2012_val_00049909_n02777292.JPEG,ILSVRC2012_val_00008096_n03089624.JPEG,0.0917306691408157,0.009330122731626,9.38297176361084,0.08240054640918969
416,ILSVRC2012_val_00018746_n02777292.JPEG,ILSVRC2012_val_00014715_n01981276.JPEG,0.3724270164966583,0.0031538291368633,9.081873893737791,0.36927318735979503
416,ILSVRC2012_val_00018746_n02777292.JPEG,ILSVRC2012_val_00037030_n04179913.JPEG,0.3724270164966583,0.0011797142215073,5.521828651428223,0.371247302275151
416,ILSVRC2012_val_00015365_n02777292.JPEG,ILSVRC2012_val_00031740_n03840681.JPEG,0.6918032765388489,0.0079894727095961,4.213829040527344,0.6838138038292528
416,ILSVRC2012_val_00015365_n02777292.JPEG,ILSVRC2012_val_00031268_n03888257.JPEG,0.6918032765388489,0.0037277510855346,0.7109625339508057,0.6880755254533143
417,ILSVRC2012_val_00010127_n02782093.JPEG,ILSVRC2012_val_00030112_n03792782.JPEG,0.0031367170158773,0.0030636300798505,4.728789806365967,7.308693602680032e-05
417,ILSVRC2012_val_00038687_n02782093.JPEG,ILSVRC2012_val_00033336_n07831146.JPEG,0.0065368870273232,0.0060318815521895,5.436691761016846,0.0005050054751337
417,ILSVRC2012_val_00038687_n02782093.JPEG,ILSVRC2012_val_00017773_n02114367.JPEG,0.0065368870273232,0.005882570054382,4.006148338317871,0.0006543169729412001
417,ILSVRC2012_val_00035294_n02782093.JPEG,ILSVRC2012_val_00036640_n04392985.JPEG,0.026461137458682,0.006687166634947,5.536556243896484,0.019773970823735002
417,ILSVRC2012_val_00021053_n02782093.JPEG,ILSVRC2012_val_00017372_n01632777.JPEG,0.0394606702029705,0.0048568132333457,4.727303504943848,0.0346038569696248
418,ILSVRC2012_val_00042171_n02783161.JPEG,ILSVRC2012_val_00032507_n04350905.JPEG,0.354216456413269,0.0440619029104709,5.381383895874023,0.3101545535027981
418,ILSVRC2012_val_00042171_n02783161.JPEG,ILSVRC2012_val_00044198_n03903868.JPEG,0.354216456413269,0.0162226166576147,4.026978015899658,0.3379938397556543
418,ILSVRC2012_val_00011574_n02783161.JPEG,ILSVRC2012_val_00042688_n03769881.JPEG,0.5517916679382324,0.1130583062767982,8.300126075744629,0.43873336166143423
418,ILSVRC2012_val_00011574_n02783161.JPEG,ILSVRC2012_val_00038139_n03891332.JPEG,0.5517916679382324,0.0833881720900535,7.664264678955078,0.4684034958481789
418,ILSVRC2012_val_00033062_n02783161.JPEG,ILSVRC2012_val_00047526_n04200800.JPEG,0.6813652515411377,0.0435319058597087,8.493599891662598,0.637833345681429
419,ILSVRC2012_val_00040430_n02786058.JPEG,ILSVRC2012_val_00007315_n02356798.JPEG,0.0574333667755126,0.0037308391183614,4.135403633117676,0.0537025276571512
419,ILSVRC2012_val_00004676_n02786058.JPEG,ILSVRC2012_val_00030381_n03272562.JPEG,0.3455342948436737,0.0094247180968523,6.0953474044799805,0.3361095767468214
419,ILSVRC2012_val_00004676_n02786058.JPEG,ILSVRC2012_val_00042913_n03590841.JPEG,0.3455342948436737,0.002534631639719,8.47145938873291,0.3429996632039547
419,ILSVRC2012_val_00036814_n02786058.JPEG,ILSVRC2012_val_00031216_n02917067.JPEG,0.4369112253189087,0.0021762992255389,8.311647415161133,0.4347349260933698
419,ILSVRC2012_val_00012023_n02786058.JPEG,ILSVRC2012_val_00045777_n03916031.JPEG,3.736631155014038,0.0004269165219739,5.241738796234131,3.736204238492064
420,ILSVRC2012_val_00016060_n02787622.JPEG,ILSVRC2012_val_00042269_n03843555.JPEG,0.0062784338369965,0.0054522855207324,7.833439350128174,0.0008261483162640996
420,ILSVRC2012_val_00047837_n02787622.JPEG,ILSVRC2012_val_00031078_n04372370.JPEG,0.0120279509574174,0.0022631289903074,2.4207444190979004,0.00976482196711
420,ILSVRC2012_val_00022234_n02787622.JPEG,ILSVRC2012_val_00030402_n02097047.JPEG,0.0166474729776382,0.0038326156791299,4.694756984710693,0.0128148572985083
420,ILSVRC2012_val_00049911_n02787622.JPEG,ILSVRC2012_val_00033989_n02325366.JPEG,0.0263790544122457,0.0039575365372002,6.6031999588012695,0.022421517875045496
420,ILSVRC2012_val_00049911_n02787622.JPEG,ILSVRC2012_val_00009987_n02791124.JPEG,0.0263790544122457,0.0009832315845414,7.3880133628845215,0.0253958228277043
421,ILSVRC2012_val_00006150_n02788148.JPEG,ILSVRC2012_val_00042630_n01770081.JPEG,0.0108643919229507,0.0016395710408687,1.1424949169158936,0.009224820882082
421,ILSVRC2012_val_00037594_n02788148.JPEG,ILSVRC2012_val_00027835_n04336792.JPEG,0.0382182411849498,0.01518499199301,9.72263240814209,0.023033249191939796
421,ILSVRC2012_val_00007566_n02788148.JPEG,ILSVRC2012_val_00001418_n03534580.JPEG,0.2387524396181106,0.0036731173750013,6.648977756500244,0.2350793222431093
421,ILSVRC2012_val_00023325_n02788148.JPEG,ILSVRC2012_val_00006276_n02977058.JPEG,1.1335891485214231,0.0024801704566925,3.808465242385864,1.1311089780647305
421,ILSVRC2012_val_00020434_n02788148.JPEG,ILSVRC2012_val_00043840_n03929855.JPEG,1.1587618589401243,0.0026430694852024,5.882471084594727,1.1561187894549219
422,ILSVRC2012_val_00040525_n02790996.JPEG,ILSVRC2012_val_00014517_n03661043.JPEG,0.0131034469231963,0.0075742918998003,9.9756498336792,0.005529155023396
422,ILSVRC2012_val_00038034_n02790996.JPEG,ILSVRC2012_val_00024962_n01774384.JPEG,0.0429841540753841,0.0067582130432128,7.008950710296631,0.0362259410321713
422,ILSVRC2012_val_00032697_n02790996.JPEG,ILSVRC2012_val_00040745_n02123045.JPEG,0.2297942489385604,0.1271236389875412,6.852951526641846,0.1026706099510192
422,ILSVRC2012_val_00012422_n02790996.JPEG,ILSVRC2012_val_00007298_n04399382.JPEG,0.2064931094646453,0.0041368152014911,2.875622510910034,0.2023562942631542
422,ILSVRC2012_val_00016682_n02790996.JPEG,ILSVRC2012_val_00009290_n04229816.JPEG,1.2951877117156982,0.0040178536437451,6.673619270324707,1.291169858071953
423,ILSVRC2012_val_00039348_n02791124.JPEG,ILSVRC2012_val_00014203_n02110627.JPEG,0.0204190351068973,0.0184778068214654,4.446434497833252,0.0019412282854319
423,ILSVRC2012_val_00006275_n02791124.JPEG,ILSVRC2012_val_00019504_n04153751.JPEG,0.0457779914140701,0.0375396758317947,5.791305541992188,0.008238315582275405
423,ILSVRC2012_val_00039348_n02791124.JPEG,ILSVRC2012_val_00004991_n03930313.JPEG,0.0204190351068973,0.0100419074296951,6.4346771240234375,0.010377127677202199
423,ILSVRC2012_val_00009987_n02791124.JPEG,ILSVRC2012_val_00031576_n03598930.JPEG,0.0389695018529892,0.0044741528108716,6.830473899841309,0.034495349042117596
423,ILSVRC2012_val_00006275_n02791124.JPEG,ILSVRC2012_val_00044312_n07871810.JPEG,0.0457779914140701,0.0112579353153705,5.239537715911865,0.0345200560986996
424,ILSVRC2012_val_00017969_n02791270.JPEG,ILSVRC2012_val_00047637_n01608432.JPEG,0.0819283574819564,0.0078959241509437,4.99063777923584,0.0740324333310127
424,ILSVRC2012_val_00022409_n02791270.JPEG,ILSVRC2012_val_00035417_n02112350.JPEG,0.1403988152742386,0.0151389651000499,3.777777194976807,0.1252598501741887
424,ILSVRC2012_val_00044503_n02791270.JPEG,ILSVRC2012_val_00018604_n02108089.JPEG,0.4252100586891174,0.0090790055692195,6.828976631164551,0.4161310531198979
424,ILSVRC2012_val_00032179_n02791270.JPEG,ILSVRC2012_val_00029704_n09428293.JPEG,2.6356916427612305,0.007039270363748,7.26878547668457,2.6286523723974824
424,ILSVRC2012_val_00036193_n02791270.JPEG,ILSVRC2012_val_00012105_n07715103.JPEG,3.188226222991944,0.0733365193009376,8.629681587219238,3.114889703691006
425,ILSVRC2012_val_00049694_n02793495.JPEG,ILSVRC2012_val_00024537_n03494278.JPEG,0.0037948514800518,0.0018237876938655,5.032162666320801,0.0019710637861863
425,ILSVRC2012_val_00049694_n02793495.JPEG,ILSVRC2012_val_00006246_n02978881.JPEG,0.0037948514800518,0.0011179156135767,0.8650692105293274,0.0026769358664751
425,ILSVRC2012_val_00032510_n02793495.JPEG,ILSVRC2012_val_00039399_n02134418.JPEG,0.0316597409546375,0.0168781764805316,4.827834606170654,0.014781564474105901
425,ILSVRC2012_val_00032510_n02793495.JPEG,ILSVRC2012_val_00004392_n02870880.JPEG,0.0316597409546375,0.0118381828069686,3.4031708240509038,0.0198215581476689
425,ILSVRC2012_val_00024346_n02793495.JPEG,ILSVRC2012_val_00015590_n04509417.JPEG,0.0246211774647235,0.003396458690986,5.572091102600098,0.0212247187737375
426,ILSVRC2012_val_00014152_n02794156.JPEG,ILSVRC2012_val_00009375_n03388549.JPEG,0.0120482090860605,0.007825668901205,4.680082321166992,0.004222540184855499
426,ILSVRC2012_val_00003406_n02794156.JPEG,ILSVRC2012_val_00006607_n03908618.JPEG,0.0178121719509363,0.0102580934762954,5.98631763458252,0.0075540784746409
426,ILSVRC2012_val_00003406_n02794156.JPEG,ILSVRC2012_val_00044401_n03250847.JPEG,0.0178121719509363,0.0031556116882711,4.399735927581787,0.014656560262665201
426,ILSVRC2012_val_00039070_n02794156.JPEG,ILSVRC2012_val_00046308_n01608432.JPEG,0.0242087729275226,0.0041715987026691,5.571417808532715,0.020037174224853502
426,ILSVRC2012_val_00035756_n02794156.JPEG,ILSVRC2012_val_00007678_n02229544.JPEG,0.3093464970588684,0.0060573569498956,4.014603614807129,0.3032891401089728
427,ILSVRC2012_val_00008425_n02795169.JPEG,ILSVRC2012_val_00020913_n04200800.JPEG,0.0020556764211505,0.0019952405709773,8.344452857971191,6.0435850173200245e-05
427,ILSVRC2012_val_00008425_n02795169.JPEG,ILSVRC2012_val_00013292_n03379051.JPEG,0.0020556764211505,0.0019873883575201,5.459022045135498,6.828806363040011e-05
427,ILSVRC2012_val_00008425_n02795169.JPEG,ILSVRC2012_val_00025037_n01537544.JPEG,0.0020556764211505,0.001948483637534,3.339292526245117,0.00010719278361650013
427,ILSVRC2012_val_00001883_n02795169.JPEG,ILSVRC2012_val_00019234_n04335435.JPEG,0.1040482074022293,0.002431176835671,0.9217906594276428,0.1016170305665583
427,ILSVRC2012_val_00031600_n02795169.JPEG,ILSVRC2012_val_00020426_n04286575.JPEG,0.105303481221199,0.0027409149333834,1.1905121803283691,0.1025625662878156
428,ILSVRC2012_val_00010045_n02797295.JPEG,ILSVRC2012_val_00039728_n04120489.JPEG,0.0009858515113592,0.0009473841637372,3.4190587997436523,3.8467347622000016e-05
428,ILSVRC2012_val_00032004_n02797295.JPEG,ILSVRC2012_val_00031169_n01494475.JPEG,0.001455201418139,0.0013172292383387,9.277639389038086,0.00013797217980029996
428,ILSVRC2012_val_00019109_n02797295.JPEG,ILSVRC2012_val_00044585_n02112018.JPEG,0.1504728943109512,0.0256236158311367,7.445635795593262,0.1248492784798145
428,ILSVRC2012_val_00048916_n02797295.JPEG,ILSVRC2012_val_00040571_n02930766.JPEG,0.802131175994873,0.001334253582172,4.122313976287842,0.8007969224127011
428,ILSVRC2012_val_00018522_n02797295.JPEG,ILSVRC2012_val_00030354_n03733281.JPEG,1.310213923454285,0.000546782684978,6.236766815185547,1.3096671407693068
429,ILSVRC2012_val_00001468_n02799071.JPEG,ILSVRC2012_val_00019662_n03967562.JPEG,2.5748875486897305e-05,2.5629668016335927e-05,0.1681747734546661,1.192074705613777e-07
429,ILSVRC2012_val_00011795_n02799071.JPEG,ILSVRC2012_val_00000505_n03590841.JPEG,0.0002845120907295,0.0002750972053036,0.2252421081066131,9.414885425899986e-06
429,ILSVRC2012_val_00027308_n02799071.JPEG,ILSVRC2012_val_00047148_n02110063.JPEG,0.9976356029510498,0.0269873794168233,8.113789558410645,0.9706482235342265
429,ILSVRC2012_val_00043962_n02799071.JPEG,ILSVRC2012_val_00039540_n02088466.JPEG,1.4597954750061035,0.0313880629837513,7.7155961990356445,1.4284074120223522
429,ILSVRC2012_val_00043962_n02799071.JPEG,ILSVRC2012_val_00009517_n02981792.JPEG,1.4597954750061035,0.0017697638832032,3.899626016616821,1.4580257111229002
430,ILSVRC2012_val_00023152_n02802426.JPEG,ILSVRC2012_val_00029424_n02129165.JPEG,0.0220059026032686,0.0043928553350269,8.829440116882324,0.0176130472682417
430,ILSVRC2012_val_00018537_n02802426.JPEG,ILSVRC2012_val_00015658_n12998815.JPEG,0.0242382120341062,0.002785732736811,7.0457868576049805,0.0214524792972952
430,ILSVRC2012_val_00042313_n02802426.JPEG,ILSVRC2012_val_00049298_n02119022.JPEG,0.0643706992268562,0.0050355750136077,3.135917901992798,0.059335124213248505
430,ILSVRC2012_val_00031911_n02802426.JPEG,ILSVRC2012_val_00047389_n03937543.JPEG,0.0937975943088531,0.0160759929567575,7.335397243499756,0.07772160135209559
430,ILSVRC2012_val_00046810_n02802426.JPEG,ILSVRC2012_val_00029316_n04584207.JPEG,0.2964649200439453,0.0016387379728257,6.518298149108887,0.2948261820711196
431,ILSVRC2012_val_00033077_n02804414.JPEG,ILSVRC2012_val_00022733_n04523525.JPEG,0.066816858947277,0.0033624798525124,5.826186180114746,0.0634543790947646
431,ILSVRC2012_val_00005935_n02804414.JPEG,ILSVRC2012_val_00036051_n02692877.JPEG,0.1083859130740165,0.0087091848254203,4.461325645446777,0.0996767282485962
431,ILSVRC2012_val_00038520_n02804414.JPEG,ILSVRC2012_val_00002304_n04008634.JPEG,0.1731433123350143,0.00341582368128,5.451810359954834,0.1697274886537343
431,ILSVRC2012_val_00020820_n02804414.JPEG,ILSVRC2012_val_00048536_n02101388.JPEG,0.8264825344085693,0.0048441193066537,4.344142913818359,0.8216384151019156
431,ILSVRC2012_val_00020820_n02804414.JPEG,ILSVRC2012_val_00030978_n02727426.JPEG,0.8264825344085693,0.0047454116865992,4.050894737243652,0.8217371227219701
432,ILSVRC2012_val_00005838_n02804610.JPEG,ILSVRC2012_val_00029645_n03637318.JPEG,0.0814681649208068,0.0192805230617523,14.075787544250488,0.0621876418590545
432,ILSVRC2012_val_00005838_n02804610.JPEG,ILSVRC2012_val_00019073_n01829413.JPEG,0.0814681649208068,0.0072937398217618,8.99392318725586,0.074174425099045
432,ILSVRC2012_val_00037157_n02804610.JPEG,ILSVRC2012_val_00037779_n02128385.JPEG,1.042730689048767,0.0172649081796407,10.401163101196287,1.0254657808691263
432,ILSVRC2012_val_00011135_n02804610.JPEG,ILSVRC2012_val_00022981_n02412080.JPEG,1.0561132431030271,0.0065290704369544,7.337112903594971,1.0495841726660726
432,ILSVRC2012_val_00030587_n02804610.JPEG,ILSVRC2012_val_00010690_n03345487.JPEG,1.9125969409942627,0.1127154231071472,8.928510665893555,1.7998815178871155
433,ILSVRC2012_val_00019845_n02807133.JPEG,ILSVRC2012_val_00016528_n02978881.JPEG,0.0090606957674026,0.0085259955376386,5.705782890319824,0.0005347002297640003
433,ILSVRC2012_val_00019845_n02807133.JPEG,ILSVRC2012_val_00038520_n02804414.JPEG,0.0090606957674026,0.0014930540928617,4.405681610107422,0.0075676416745409005
433,ILSVRC2012_val_00019845_n02807133.JPEG,ILSVRC2012_val_00038011_n04111531.JPEG,0.0090606957674026,0.0012196014868095,3.638540506362915,0.0078410942805931
433,ILSVRC2012_val_00011615_n02807133.JPEG,ILSVRC2012_val_00042999_n07718472.JPEG,0.0206568110734224,0.0011437548091635,5.518327236175537,0.0195130562642589
433,ILSVRC2012_val_00042694_n02807133.JPEG,ILSVRC2012_val_00005697_n02099601.JPEG,0.2364913374185562,0.0108432844281196,5.286323547363281,0.2256480529904366
434,ILSVRC2012_val_00049463_n02808304.JPEG,ILSVRC2012_val_00023186_n03337140.JPEG,0.0739356577396392,0.0014548442559316,3.0380516052246094,0.07248081348370759
434,ILSVRC2012_val_00039827_n02808304.JPEG,ILSVRC2012_val_00004676_n02786058.JPEG,0.2592414915561676,0.000904151238501,3.922916173934937,0.2583373403176666
434,ILSVRC2012_val_00014396_n02808304.JPEG,ILSVRC2012_val_00021298_n04179913.JPEG,4.49335241317749,0.0059484592638909,5.355112075805664,4.487403953913599
434,ILSVRC2012_val_00014396_n02808304.JPEG,ILSVRC2012_val_00017361_n01871265.JPEG,4.49335241317749,0.0018103414913639,4.58280086517334,4.491542071686126
434,ILSVRC2012_val_00014072_n02808304.JPEG,ILSVRC2012_val_00025888_n01531178.JPEG,4.628859043121338,0.0021383534185588,4.781461715698242,4.626720689702779
435,ILSVRC2012_val_00049673_n02808440.JPEG,ILSVRC2012_val_00017425_n04376876.JPEG,1.0516070127487185,0.0168342199176549,3.861825704574585,1.0347727928310635
435,ILSVRC2012_val_00013344_n02808440.JPEG,ILSVRC2012_val_00011872_n03259280.JPEG,1.6122061014175415,0.0941120833158493,7.053104400634766,1.5180940181016922
435,ILSVRC2012_val_00013344_n02808440.JPEG,ILSVRC2012_val_00043261_n02094258.JPEG,1.6122061014175415,0.0551824234426021,7.111514091491699,1.5570236779749393
435,ILSVRC2012_val_00042102_n02808440.JPEG,ILSVRC2012_val_00027610_n03967562.JPEG,1.8679505586624143,0.0235396064817905,5.488682746887207,1.8444109521806238
435,ILSVRC2012_val_00019507_n02808440.JPEG,ILSVRC2012_val_00046189_n03729826.JPEG,2.289229393005371,0.0578160919249057,6.928470134735107,2.2314133010804653
436,ILSVRC2012_val_00015651_n02814533.JPEG,ILSVRC2012_val_00015804_n02091467.JPEG,0.0758288353681564,0.0660028830170631,6.0994873046875,0.009825952351093306
436,ILSVRC2012_val_00015651_n02814533.JPEG,ILSVRC2012_val_00004268_n04532106.JPEG,0.0758288353681564,0.0205600019544363,6.975454330444336,0.0552688334137201
436,ILSVRC2012_val_00000175_n02814533.JPEG,ILSVRC2012_val_00017619_n02325366.JPEG,0.3002066016197204,0.0170398019254207,6.561154842376709,0.2831667996942997
436,ILSVRC2012_val_00041979_n02814533.JPEG,ILSVRC2012_val_00014701_n02109961.JPEG,1.9909377098083496,1.1386306285858154,9.18020725250244,0.8523070812225342
436,ILSVRC2012_val_00018138_n02814533.JPEG,ILSVRC2012_val_00041589_n07584110.JPEG,1.2301961183547974,0.0182011183351278,4.309413433074951,1.2119950000196695
437,ILSVRC2012_val_00007628_n02814860.JPEG,ILSVRC2012_val_00020406_n02492660.JPEG,0.0083061251789331,0.0076664509251713,3.548061847686768,0.0006396742537618004
437,ILSVRC2012_val_00005382_n02814860.JPEG,ILSVRC2012_val_00008047_n04591157.JPEG,0.0444341599941253,0.0056391204707324,5.86808967590332,0.038795039523392895
437,ILSVRC2012_val_00024920_n02814860.JPEG,ILSVRC2012_val_00016908_n02106382.JPEG,0.1723088175058365,0.0629086941480636,4.2556986808776855,0.10940012335777288
437,ILSVRC2012_val_00024920_n02814860.JPEG,ILSVRC2012_val_00039361_n03197337.JPEG,0.1723088175058365,0.0576645284891128,4.909158229827881,0.11464428901672369
437,ILSVRC2012_val_00011022_n02814860.JPEG,ILSVRC2012_val_00038815_n01704323.JPEG,0.1348574608564376,0.0146729415282607,6.728553771972656,0.1201845193281769
438,ILSVRC2012_val_00044516_n02815834.JPEG,ILSVRC2012_val_00037332_n07860988.JPEG,0.0129611892625689,0.0019689474720507,3.216665267944336,0.0109922417905182
438,ILSVRC2012_val_00018493_n02815834.JPEG,ILSVRC2012_val_00005272_n03457902.JPEG,0.0315656103193759,0.0022728820331394,1.2854825258255005,0.0292927282862365
438,ILSVRC2012_val_00049489_n02815834.JPEG,ILSVRC2012_val_00013048_n02699494.JPEG,0.1448303759098053,0.0023353227879852,3.7232394218444815,0.1424950531218201
438,ILSVRC2012_val_00026649_n02815834.JPEG,ILSVRC2012_val_00047990_n02100583.JPEG,0.7355024814605713,0.0064622717909514,6.427227973937988,0.7290402096696199
438,ILSVRC2012_val_00033071_n02815834.JPEG,ILSVRC2012_val_00027351_n01514668.JPEG,1.982784986495972,0.0031900729518383,2.9403576850891118,1.9795949135441335
439,ILSVRC2012_val_00040717_n02817516.JPEG,ILSVRC2012_val_00045531_n04335435.JPEG,0.0004780341696459,0.0004741021548397,6.848023891448975,3.932014806199997e-06
439,ILSVRC2012_val_00029927_n02817516.JPEG,ILSVRC2012_val_00034539_n03337140.JPEG,0.0035973377525806,0.0031961330678313,2.860348463058472,0.0004012046847493003
439,ILSVRC2012_val_00024828_n02817516.JPEG,ILSVRC2012_val_00024824_n04523525.JPEG,0.0062400507740676,0.0005787128466181,0.9793136119842528,0.005661337927449501
439,ILSVRC2012_val_00027214_n02817516.JPEG,ILSVRC2012_val_00006037_n04392985.JPEG,0.0369317606091499,0.003422001376748,4.998141765594482,0.033509759232401896
439,ILSVRC2012_val_00027600_n02817516.JPEG,ILSVRC2012_val_00033169_n04485082.JPEG,0.7304596304893494,0.0030573313124477,5.6774187088012695,0.7274022991769017
440,ILSVRC2012_val_00009260_n02823428.JPEG,ILSVRC2012_val_00008142_n02277742.JPEG,0.0469164364039897,0.0231598373502492,0.2536303400993347,0.0237565990537405
440,ILSVRC2012_val_00011823_n02823428.JPEG,ILSVRC2012_val_00005933_n04579145.JPEG,0.090506687760353,0.0133537910878658,6.28890323638916,0.0771528966724872
440,ILSVRC2012_val_00035259_n02823428.JPEG,ILSVRC2012_val_00040974_n04612504.JPEG,0.1215521544218063,0.014231028035283,1.3697259426116943,0.10732112638652329
440,ILSVRC2012_val_00045371_n02823428.JPEG,ILSVRC2012_val_00038188_n01697457.JPEG,0.252293974161148,0.0092004379257559,2.8266243934631348,0.24309353623539212
440,ILSVRC2012_val_00040545_n02823428.JPEG,ILSVRC2012_val_00046005_n03982430.JPEG,0.4535660743713379,0.0206642840057611,5.020832538604736,0.4329017903655768
441,ILSVRC2012_val_00047477_n02823750.JPEG,ILSVRC2012_val_00040412_n01580077.JPEG,0.0061496561393141,0.0054755234159529,5.121572494506836,0.0006741327233612
441,ILSVRC2012_val_00026110_n02823750.JPEG,ILSVRC2012_val_00008932_n04493381.JPEG,0.0104101747274398,0.0029298022855073,1.1169302463531494,0.0074803724419325
441,ILSVRC2012_val_00047162_n02823750.JPEG,ILSVRC2012_val_00038922_n04120489.JPEG,0.0685007199645042,0.0075666015036404,2.7825214862823486,0.0609341184608638
441,ILSVRC2012_val_00047162_n02823750.JPEG,ILSVRC2012_val_00023877_n02091134.JPEG,0.0685007199645042,0.0062840012833476,1.3555233478546145,0.0622167186811566
441,ILSVRC2012_val_00033999_n02823750.JPEG,ILSVRC2012_val_00026733_n02058221.JPEG,0.1176044717431068,0.0060189655050635,6.904405117034912,0.1115855062380433
442,ILSVRC2012_val_00043053_n02825657.JPEG,ILSVRC2012_val_00004627_n01860187.JPEG,0.399633914232254,0.0141313625499606,5.086048126220703,0.38550255168229336
442,ILSVRC2012_val_00043053_n02825657.JPEG,ILSVRC2012_val_00048257_n01664065.JPEG,0.399633914232254,0.0020783983636647,2.689725875854492,0.3975555158685893
442,ILSVRC2012_val_00008361_n02825657.JPEG,ILSVRC2012_val_00037342_n04116512.JPEG,1.1839659214019775,0.0111762452870607,5.789599418640137,1.1727896761149168
442,ILSVRC2012_val_00007587_n02825657.JPEG,ILSVRC2012_val_00012682_n03445924.JPEG,1.5983713865280151,0.0056770523078739,2.8175082206726074,1.5926943342201412
442,ILSVRC2012_val_00036774_n02825657.JPEG,ILSVRC2012_val_00046204_n03871628.JPEG,1.7339743375778198,0.0170651152729988,6.171327590942383,1.716909222304821
443,ILSVRC2012_val_00036586_n02834397.JPEG,ILSVRC2012_val_00037800_n01737021.JPEG,0.0070112152025103,0.0015756584471091,3.40446138381958,0.005435556755401199
443,ILSVRC2012_val_00007240_n02834397.JPEG,ILSVRC2012_val_00024726_n01855032.JPEG,0.0728238075971603,0.020338088274002,5.590701103210449,0.0524857193231583
443,ILSVRC2012_val_00042425_n02834397.JPEG,ILSVRC2012_val_00030418_n01632458.JPEG,0.2470760941505432,0.002524881158024,5.036587715148926,0.24455121299251922
443,ILSVRC2012_val_00006441_n02834397.JPEG,ILSVRC2012_val_00048630_n07714990.JPEG,0.6550087928771973,0.0083762286230921,6.07304573059082,0.6466325642541052
443,ILSVRC2012_val_00006441_n02834397.JPEG,ILSVRC2012_val_00025935_n03584829.JPEG,0.6550087928771973,0.0015248350100591,4.384398460388184,0.6534839578671382
444,ILSVRC2012_val_00027159_n02835271.JPEG,ILSVRC2012_val_00037388_n02108551.JPEG,0.0059137376956641,0.0055963271297514,2.196497917175293,0.0003174105659127001
444,ILSVRC2012_val_00010544_n02835271.JPEG,ILSVRC2012_val_00048457_n04483307.JPEG,0.0102835800498723,0.0037549480330199,8.00550365447998,0.006528632016852399
444,ILSVRC2012_val_00018975_n02835271.JPEG,ILSVRC2012_val_00048804_n02666196.JPEG,0.133804589509964,0.118170365691185,4.586196899414063,0.01563422381877899
444,ILSVRC2012_val_00001243_n02835271.JPEG,ILSVRC2012_val_00003855_n02108915.JPEG,0.3299229145050049,0.0126381209120154,10.050076484680176,0.3172847935929895
444,ILSVRC2012_val_00037292_n02835271.JPEG,ILSVRC2012_val_00007769_n01978455.JPEG,0.8683992624282837,0.0150528941303491,10.169904708862305,0.8533463682979346
445,ILSVRC2012_val_00032014_n02837789.JPEG,ILSVRC2012_val_00044838_n03063689.JPEG,0.4152235090732574,0.0096634700894355,6.921663284301758,0.40556003898382187
445,ILSVRC2012_val_00013988_n02837789.JPEG,ILSVRC2012_val_00037911_n03786901.JPEG,0.4747463762760162,0.0050104293040931,2.5239737033843994,0.46973594697192306
445,ILSVRC2012_val_00020662_n02837789.JPEG,ILSVRC2012_val_00011149_n04370456.JPEG,0.718309760093689,0.006701139267534,8.489789962768555,0.711608620826155
445,ILSVRC2012_val_00020662_n02837789.JPEG,ILSVRC2012_val_00035927_n03250847.JPEG,0.718309760093689,0.0044371248222887,7.644401550292969,0.7138726352714002
445,ILSVRC2012_val_00029050_n02837789.JPEG,ILSVRC2012_val_00011414_n01622779.JPEG,1.041392803192139,0.1274332851171493,5.321683883666992,0.9139595180749895
446,ILSVRC2012_val_00045462_n02840245.JPEG,ILSVRC2012_val_00007564_n02013706.JPEG,0.3357922434806824,0.0348715558648109,5.42020320892334,0.3009206876158715
446,ILSVRC2012_val_00030074_n02840245.JPEG,ILSVRC2012_val_00017214_n04099969.JPEG,0.3532540798187256,0.0052735982462763,7.235039234161377,0.34798048157244926
446,ILSVRC2012_val_00005370_n02840245.JPEG,ILSVRC2012_val_00047344_n03127925.JPEG,2.3633453845977783,0.0043764766305685,7.495716094970703,2.35896890796721
446,ILSVRC2012_val_00049031_n02840245.JPEG,ILSVRC2012_val_00032658_n02108915.JPEG,2.608893871307373,0.0065998909994959,9.224515914916992,2.602293980307877
446,ILSVRC2012_val_00018669_n02840245.JPEG,ILSVRC2012_val_00049926_n02094114.JPEG,4.190903663635254,0.023844389244914,6.976047039031982,4.16705927439034
447,ILSVRC2012_val_00040318_n02841315.JPEG,ILSVRC2012_val_00045450_n04270147.JPEG,0.0084547204896807,0.0021780834067612,8.322912216186523,0.006276637082919499
447,ILSVRC2012_val_00014836_n02841315.JPEG,ILSVRC2012_val_00024793_n04509417.JPEG,0.0915251970291137,0.0007164295529946,3.557225465774536,0.0908087674761191
447,ILSVRC2012_val_00039162_n02841315.JPEG,ILSVRC2012_val_00035525_n04548280.JPEG,0.6652369499206543,0.059455070644617,7.745251655578613,0.6057818792760373
447,ILSVRC2012_val_00003479_n02841315.JPEG,ILSVRC2012_val_00044599_n01744401.JPEG,2.047827959060669,0.7644357085227966,9.35505199432373,1.2833922505378723
447,ILSVRC2012_val_00012679_n02841315.JPEG,ILSVRC2012_val_00036772_n02441942.JPEG,6.026045799255371,0.0033359848894178,8.281330108642578,6.022709814365953
448,ILSVRC2012_val_00032543_n02843684.JPEG,ILSVRC2012_val_00042875_n03467068.JPEG,0.0007484733941964,0.0005868143052794,3.6159164905548096,0.00016165908891699993
448,ILSVRC2012_val_00039629_n02843684.JPEG,ILSVRC2012_val_00035156_n07248320.JPEG,0.1389166265726089,0.0009309487068094,3.687778234481812,0.1379856778657995
448,ILSVRC2012_val_00027688_n02843684.JPEG,ILSVRC2012_val_00011874_n01855032.JPEG,0.7399700284004211,0.0200627315789461,9.165759086608888,0.719907296821475
448,ILSVRC2012_val_00001630_n02843684.JPEG,ILSVRC2012_val_00024766_n02096437.JPEG,0.7307962775230408,0.0009627474937587,3.787182331085205,0.7298335300292821
448,ILSVRC2012_val_00017798_n02843684.JPEG,ILSVRC2012_val_00035822_n03617480.JPEG,1.142851948738098,0.0002369599969824,6.498995780944824,1.1426149887411154
449,ILSVRC2012_val_00026096_n02859443.JPEG,ILSVRC2012_val_00016688_n02085620.JPEG,0.042793545871973,0.0113085024058818,5.467126846313477,0.031485043466091205
449,ILSVRC2012_val_00005220_n02859443.JPEG,ILSVRC2012_val_00017896_n03743016.JPEG,0.0339964628219604,0.0017927302978932,1.228057622909546,0.0322037325240672
449,ILSVRC2012_val_00026096_n02859443.JPEG,ILSVRC2012_val_00040903_n01601694.JPEG,0.042793545871973,0.0084837982431054,4.946087837219238,0.034309747628867605
449,ILSVRC2012_val_00001383_n02859443.JPEG,ILSVRC2012_val_00034916_n02417914.JPEG,1.0690183639526367,0.0196337141096591,8.900294303894043,1.0493846498429775
449,ILSVRC2012_val_00001383_n02859443.JPEG,ILSVRC2012_val_00019043_n04154565.JPEG,1.0690183639526367,0.0010952909942716,5.525143146514893,1.067923072958365
450,ILSVRC2012_val_00001443_n02860847.JPEG,ILSVRC2012_val_00029221_n02417914.JPEG,0.0065852063708007,0.0062355492264032,11.764056205749512,0.0003496571443974998
450,ILSVRC2012_val_00031459_n02860847.JPEG,ILSVRC2012_val_00021826_n02667093.JPEG,0.0028876056894659,0.0015581621555611,2.550415515899658,0.0013294435339048
450,ILSVRC2012_val_00008126_n02860847.JPEG,ILSVRC2012_val_00022035_n03445924.JPEG,0.1560773253440857,0.0026620924472808,6.168258190155029,0.1534152328968049
450,ILSVRC2012_val_00003648_n02860847.JPEG,ILSVRC2012_val_00006344_n02966193.JPEG,0.5444526672363281,0.0024032301735132,7.256982803344727,0.5420494370628149
450,ILSVRC2012_val_00003648_n02860847.JPEG,ILSVRC2012_val_00010296_n02497673.JPEG,0.5444526672363281,0.0018380667315796,5.675504207611084,0.5426146005047485
451,ILSVRC2012_val_00015944_n02865351.JPEG,ILSVRC2012_val_00042638_n02012849.JPEG,0.0058791330084204,0.0022435036953538,2.420137882232666,0.0036356293130665996
451,ILSVRC2012_val_00040068_n02865351.JPEG,ILSVRC2012_val_00039203_n01693334.JPEG,0.0097122285515069,0.0029811486601829,1.7765297889709473,0.006731079891324001
451,ILSVRC2012_val_00046688_n02865351.JPEG,ILSVRC2012_val_00002470_n03764736.JPEG,0.4686875343322754,0.0053799608722329,8.961568832397461,0.4633075734600425
451,ILSVRC2012_val_00011687_n02865351.JPEG,ILSVRC2012_val_00038766_n01843065.JPEG,1.9954758882522583,0.0083372173830866,6.188086986541748,1.9871386708691716
451,ILSVRC2012_val_00011687_n02865351.JPEG,ILSVRC2012_val_00013608_n04254777.JPEG,1.9954758882522583,0.001285679754801,6.917654037475586,1.9941902084974572
452,ILSVRC2012_val_00006236_n02869837.JPEG,ILSVRC2012_val_00001275_n03255030.JPEG,0.8499292731285095,0.0025202438700944,4.524694919586182,0.8474090292584151
452,ILSVRC2012_val_00006236_n02869837.JPEG,ILSVRC2012_val_00001328_n04596742.JPEG,0.8499292731285095,0.0014710329705849,3.6611502170562735,0.8484582401579246
452,ILSVRC2012_val_00018268_n02869837.JPEG,ILSVRC2012_val_00030379_n03937543.JPEG,1.1785905361175537,0.0078747533261775,6.9850850105285645,1.1707157827913761
452,ILSVRC2012_val_00018268_n02869837.JPEG,ILSVRC2012_val_00004661_n02264363.JPEG,1.1785905361175537,0.0016750366194173,5.82470703125,1.1769154994981363
452,ILSVRC2012_val_00046474_n02869837.JPEG,ILSVRC2012_val_00008888_n01739381.JPEG,1.8494560718536377,0.004260036163032,4.425514221191406,1.8451960356906056
453,ILSVRC2012_val_00024694_n02870880.JPEG,ILSVRC2012_val_00005951_n02408429.JPEG,0.018889071419835,0.0169834289699792,7.1673455238342285,0.001905642449855801
453,ILSVRC2012_val_00023290_n02870880.JPEG,ILSVRC2012_val_00034931_n02107908.JPEG,0.0722430795431137,0.0648755803704261,8.197900772094727,0.0073674991726876
453,ILSVRC2012_val_00023290_n02870880.JPEG,ILSVRC2012_val_00001951_n07718747.JPEG,0.0722430795431137,0.0170789435505867,7.833097457885742,0.055164135992526994
453,ILSVRC2012_val_00021309_n02870880.JPEG,ILSVRC2012_val_00027882_n02412080.JPEG,0.1530170440673828,0.0407251343131065,6.782156467437744,0.1122919097542763
453,ILSVRC2012_val_00014034_n02870880.JPEG,ILSVRC2012_val_00039518_n04141076.JPEG,0.3916288018226623,0.0053851776756346,4.267544746398926,0.3862436241470277
454,ILSVRC2012_val_00039702_n02871525.JPEG,ILSVRC2012_val_00037065_n07693725.JPEG,0.0480032563209533,0.0453956425189971,7.704647541046143,0.0026076138019561976
454,ILSVRC2012_val_00018114_n02871525.JPEG,ILSVRC2012_val_00019042_n01773549.JPEG,0.4133434593677521,0.0223917048424482,5.801291465759277,0.3909517545253039
454,ILSVRC2012_val_00021897_n02871525.JPEG,ILSVRC2012_val_00006236_n02869837.JPEG,0.6416147351264954,0.0084375804290175,3.924637317657471,0.6331771546974778
454,ILSVRC2012_val_00005712_n02871525.JPEG,ILSVRC2012_val_00011145_n02980441.JPEG,1.6840070486068726,0.0102920746430754,5.087512969970703,1.673714973963797
454,ILSVRC2012_val_00012405_n02871525.JPEG,ILSVRC2012_val_00016372_n03126707.JPEG,1.879932641983032,0.004480323754251,5.629691123962402,1.875452318228781
455,ILSVRC2012_val_00024230_n02877765.JPEG,ILSVRC2012_val_00014148_n02095889.JPEG,0.0015526870265603,0.0014653194230049,3.5791735649108887,8.736760355539997e-05
455,ILSVRC2012_val_00009849_n02877765.JPEG,ILSVRC2012_val_00000115_n02091244.JPEG,0.0025615044869482,0.002251710742712,6.344245433807373,0.00030979374423620006
455,ILSVRC2012_val_00016826_n02877765.JPEG,ILSVRC2012_val_00032469_n02009912.JPEG,2.1072380542755127,0.0037098173052072,11.111584663391112,2.1035282369703054
455,ILSVRC2012_val_00045915_n02877765.JPEG,ILSVRC2012_val_00032001_n04507155.JPEG,2.794971704483032,0.0033077073749154,4.923868656158447,2.7916639971081163
455,ILSVRC2012_val_00045915_n02877765.JPEG,ILSVRC2012_val_00034753_n03124043.JPEG,2.794971704483032,0.0032530506141483,5.2628173828125,2.7917186538688834
456,ILSVRC2012_val_00010832_n02879718.JPEG,ILSVRC2012_val_00045340_n02113023.JPEG,0.204871654510498,0.0005042473785579,0.8778047561645508,0.2043674071319401
456,ILSVRC2012_val_00025486_n02879718.JPEG,ILSVRC2012_val_00045884_n02099849.JPEG,0.2638863027095794,0.0030662447679787,1.0676939487457275,0.26082005794160074
456,ILSVRC2012_val_00025486_n02879718.JPEG,ILSVRC2012_val_00000521_n03840681.JPEG,0.2638863027095794,0.0005035324720665,0.9435608983039856,0.2633827702375129
456,ILSVRC2012_val_00019789_n02879718.JPEG,ILSVRC2012_val_00000138_n02319095.JPEG,1.318044662475586,0.0102149071171879,6.811084747314453,1.307829755358398
456,ILSVRC2012_val_00043427_n02879718.JPEG,ILSVRC2012_val_00009766_n07734744.JPEG,1.3930879831314087,0.0017135950038209,4.443185806274414,1.3913743881275877
457,ILSVRC2012_val_00031215_n02883205.JPEG,ILSVRC2012_val_00004942_n04458633.JPEG,0.0001592509361216,0.0001581782125867,6.761708736419678,1.0727235348999818e-06
457,ILSVRC2012_val_00031215_n02883205.JPEG,ILSVRC2012_val_00034568_n04525305.JPEG,0.0001592509361216,0.000158059032401,5.888460159301758,1.1919037205999775e-06
457,ILSVRC2012_val_00008612_n02883205.JPEG,ILSVRC2012_val_00049752_n03180011.JPEG,0.0041108159348368,0.0037164683453738,7.727514266967773,0.0003943475894630003
457,ILSVRC2012_val_00007305_n02883205.JPEG,ILSVRC2012_val_00010482_n02483362.JPEG,0.011114589869976,0.0099716847762465,7.372101306915283,0.0011429050937294995
457,ILSVRC2012_val_00008612_n02883205.JPEG,ILSVRC2012_val_00022042_n02097209.JPEG,0.0041108159348368,0.0029007997363805,7.134465217590332,0.0012100161984563004
458,ILSVRC2012_val_00031164_n02892201.JPEG,ILSVRC2012_val_00031622_n02447366.JPEG,0.0019508631667122,0.0018375907093286,3.7861294746398926,0.00011327245738359994
458,ILSVRC2012_val_00023043_n02892201.JPEG,ILSVRC2012_val_00020182_n02870880.JPEG,0.0031581071671098,0.0007652691565454,3.302197217941284,0.0023928380105643996
458,ILSVRC2012_val_00026696_n02892201.JPEG,ILSVRC2012_val_00046425_n02268443.JPEG,0.038741547614336,0.0272474959492683,9.900017738342283,0.0114940516650677
458,ILSVRC2012_val_00029520_n02892201.JPEG,ILSVRC2012_val_00023777_n03532672.JPEG,0.0771783962845802,0.0021582185290753,3.477072238922119,0.0750201777555049
458,ILSVRC2012_val_00033978_n02892201.JPEG,ILSVRC2012_val_00000237_n02089973.JPEG,0.1656751185655594,0.0109703978523612,3.899580001831055,0.15470472071319818
459,ILSVRC2012_val_00041241_n02892767.JPEG,ILSVRC2012_val_00047536_n03633091.JPEG,0.0038275094702839,0.0022724061273038,4.5617876052856445,0.0015551033429801
459,ILSVRC2012_val_00026321_n02892767.JPEG,ILSVRC2012_val_00033193_n07875152.JPEG,0.1377189755439758,0.0007656264933757,1.9339573383331297,0.1369533490506001
459,ILSVRC2012_val_00026321_n02892767.JPEG,ILSVRC2012_val_00013742_n04090263.JPEG,0.1377189755439758,0.0007393010891973,3.7731704711914062,0.13697967445477852
459,ILSVRC2012_val_00044930_n02892767.JPEG,ILSVRC2012_val_00035464_n02125311.JPEG,0.2959138751029968,0.0011568528134375,6.9180521965026855,0.2947570222895593
459,ILSVRC2012_val_00029994_n02892767.JPEG,ILSVRC2012_val_00016470_n01755581.JPEG,1.7504512071609497,0.0032342765480279,6.46816873550415,1.7472169306129217
460,ILSVRC2012_val_00036027_n02894605.JPEG,ILSVRC2012_val_00036454_n02095570.JPEG,0.0746599063277244,0.019076220691204,5.694144248962402,0.0555836856365204
460,ILSVRC2012_val_00036027_n02894605.JPEG,ILSVRC2012_val_00029622_n01631663.JPEG,0.0746599063277244,0.0017290655523538,4.354860782623291,0.0729308407753706
460,ILSVRC2012_val_00033810_n02894605.JPEG,ILSVRC2012_val_00014699_n04604644.JPEG,0.227909043431282,0.0047325980849564,2.487617492675781,0.22317644534632558
460,ILSVRC2012_val_00049092_n02894605.JPEG,ILSVRC2012_val_00005895_n03272562.JPEG,0.2651600837707519,0.0019427727675065,4.668210983276367,0.2632173110032454
460,ILSVRC2012_val_00040631_n02894605.JPEG,ILSVRC2012_val_00002857_n02483708.JPEG,0.5389440059661865,0.0032140761613845,3.734372615814209,0.535729929804802
461,ILSVRC2012_val_00046045_n02895154.JPEG,ILSVRC2012_val_00023041_n02326432.JPEG,0.3922983705997467,0.0203543249517679,3.460914373397827,0.3719440456479788
461,ILSVRC2012_val_00016882_n02895154.JPEG,ILSVRC2012_val_00025924_n01855672.JPEG,1.3958652019500732,0.0136409970000386,8.256683349609375,1.3822242049500346
461,ILSVRC2012_val_00045287_n02895154.JPEG,ILSVRC2012_val_00000115_n02091244.JPEG,1.7983115911483765,0.0305451788008213,8.934938430786133,1.7677664123475552
461,ILSVRC2012_val_00045287_n02895154.JPEG,ILSVRC2012_val_00004453_n02276258.JPEG,1.7983115911483765,0.0184199940413236,2.0382814407348637,1.7798915971070528
461,ILSVRC2012_val_00012474_n02895154.JPEG,ILSVRC2012_val_00041256_n03345487.JPEG,2.114187717437744,0.1261151283979416,8.198841094970703,1.9880725890398026
462,ILSVRC2012_val_00036748_n02906734.JPEG,ILSVRC2012_val_00031983_n04372370.JPEG,0.0235746540129184,0.0110999708995223,5.923287391662598,0.0124746831133961
462,ILSVRC2012_val_00036748_n02906734.JPEG,ILSVRC2012_val_00028571_n01677366.JPEG,0.0235746540129184,0.0029521477408707,3.948701858520508,0.0206225062720477
462,ILSVRC2012_val_00010496_n02906734.JPEG,ILSVRC2012_val_00012837_n03769881.JPEG,0.1027402654290199,0.0219100397080183,6.482096195220947,0.0808302257210016
462,ILSVRC2012_val_00026107_n02906734.JPEG,ILSVRC2012_val_00049833_n01514859.JPEG,2.5130867958068848,0.0025920623447746,5.762861251831055,2.51049473346211
462,ILSVRC2012_val_00042973_n02906734.JPEG,ILSVRC2012_val_00030278_n01833805.JPEG,2.69392466545105,0.0056587979197502,4.792657375335693,2.6882658675312996
463,ILSVRC2012_val_00042290_n02909870.JPEG,ILSVRC2012_val_00037399_n04404412.JPEG,0.6043371558189392,0.0026253541000187,3.230848550796509,0.6017118017189205
463,ILSVRC2012_val_00022064_n02909870.JPEG,ILSVRC2012_val_00001950_n01677366.JPEG,0.6860398054122925,0.0057795792818069,2.197859048843384,0.6802602261304855
463,ILSVRC2012_val_00042633_n02909870.JPEG,ILSVRC2012_val_00003975_n03706229.JPEG,1.176496148109436,0.0067533585242927,2.254232406616211,1.1697427895851433
463,ILSVRC2012_val_00008220_n02909870.JPEG,ILSVRC2012_val_00033903_n01751748.JPEG,2.911337614059448,0.0021382344420999,6.676034927368164,2.909199379617348
463,ILSVRC2012_val_00008220_n02909870.JPEG,ILSVRC2012_val_00001911_n04116512.JPEG,2.911337614059448,0.0008958140970207,4.765255928039551,2.910441799962427
464,ILSVRC2012_val_00049838_n02910353.JPEG,ILSVRC2012_val_00008632_n04505470.JPEG,0.2126402258872985,0.002895331941545,4.78481388092041,0.2097448939457535
464,ILSVRC2012_val_00049838_n02910353.JPEG,ILSVRC2012_val_00039194_n02823428.JPEG,0.2126402258872985,0.0015172171406447,4.75690507888794,0.2111230087466538
464,ILSVRC2012_val_00028437_n02910353.JPEG,ILSVRC2012_val_00017804_n02808440.JPEG,1.5981582403182983,0.0013484203955158,7.314731597900391,1.5968098199227825
464,ILSVRC2012_val_00026105_n02910353.JPEG,ILSVRC2012_val_00030813_n02095570.JPEG,2.2305655479431152,0.0039827087894082,6.869571685791016,2.226582839153707
464,ILSVRC2012_val_00047779_n02910353.JPEG,ILSVRC2012_val_00022268_n04259630.JPEG,2.3473663330078125,0.0037068482488393,5.030612945556641,2.343659484758973
465,ILSVRC2012_val_00024996_n02916936.JPEG,ILSVRC2012_val_00047551_n01773797.JPEG,0.1424714475870132,0.0834694355726242,6.520922183990479,0.05900201201438898
465,ILSVRC2012_val_00007944_n02916936.JPEG,ILSVRC2012_val_00009190_n02098413.JPEG,0.6185442209243774,0.0263053234666585,7.10338020324707,0.592238897457719
465,ILSVRC2012_val_00028289_n02916936.JPEG,ILSVRC2012_val_00005049_n03743016.JPEG,0.7483625411987305,0.000550118740648,2.997629404067993,0.7478124224580824
465,ILSVRC2012_val_00020902_n02916936.JPEG,ILSVRC2012_val_00034916_n02417914.JPEG,2.4941346645355225,0.0202876254916191,6.120560646057129,2.4738470390439034
465,ILSVRC2012_val_00048317_n02916936.JPEG,ILSVRC2012_val_00049900_n12267677.JPEG,2.8337643146514893,0.0146364066749811,7.912172317504883,2.819127907976508
466,ILSVRC2012_val_00018923_n02917067.JPEG,ILSVRC2012_val_00024423_n01843383.JPEG,0.0136085404083132,0.000808865414001,2.155449390411377,0.012799674994312199
466,ILSVRC2012_val_00037319_n02917067.JPEG,ILSVRC2012_val_00016598_n02123394.JPEG,0.0315273776650428,0.018685508519411,5.802127361297607,0.0128418691456318
466,ILSVRC2012_val_00037319_n02917067.JPEG,ILSVRC2012_val_00017134_n09246464.JPEG,0.0315273776650428,0.0049058068543672,5.900794506072998,0.0266215708106756
466,ILSVRC2012_val_00037319_n02917067.JPEG,ILSVRC2012_val_00016644_n09468604.JPEG,0.0315273776650428,0.0019638317171484,6.2106218338012695,0.029563545947894402
466,ILSVRC2012_val_00023503_n02917067.JPEG,ILSVRC2012_val_00037504_n03770439.JPEG,0.0365899130702018,0.0012505576014518,3.473472118377685,0.03533935546875
467,ILSVRC2012_val_00017821_n02927161.JPEG,ILSVRC2012_val_00024453_n03016953.JPEG,0.0007990981102921,0.0007892115972936,5.705000877380371,9.886512998499982e-06
467,ILSVRC2012_val_00005461_n02927161.JPEG,ILSVRC2012_val_00045331_n04009552.JPEG,0.0047887163236737,0.0044836467131972,5.862306594848633,0.0003050696104764999
467,ILSVRC2012_val_00022169_n02927161.JPEG,ILSVRC2012_val_00009379_n01440764.JPEG,0.401326835155487,0.0017979660769924,5.713376998901367,0.3995288690784946
467,ILSVRC2012_val_00014566_n02927161.JPEG,ILSVRC2012_val_00010348_n03843555.JPEG,0.6893901824951172,0.0070121623575687,4.090273857116699,0.6823780201375484
467,ILSVRC2012_val_00014566_n02927161.JPEG,ILSVRC2012_val_00030302_n03188531.JPEG,0.6893901824951172,0.0008727079257369,2.946866989135742,0.6885174745693803
468,ILSVRC2012_val_00036204_n02930766.JPEG,ILSVRC2012_val_00029894_n02978881.JPEG,0.0279122162610292,0.0048453058116137,5.843316555023193,0.023066910449415497
468,ILSVRC2012_val_00049552_n02930766.JPEG,ILSVRC2012_val_00048750_n01755581.JPEG,0.1148620098829269,0.08588457852602,9.859768867492676,0.028977431356906905
468,ILSVRC2012_val_00049552_n02930766.JPEG,ILSVRC2012_val_00005797_n03017168.JPEG,0.1148620098829269,0.0073649799451231,2.676541328430176,0.1074970299378038
468,ILSVRC2012_val_00035018_n02930766.JPEG,ILSVRC2012_val_00029493_n04328186.JPEG,0.1616670489311218,0.0319039821624755,4.3601179122924805,0.1297630667686463
468,ILSVRC2012_val_00003112_n02930766.JPEG,ILSVRC2012_val_00017753_n01748264.JPEG,1.843749761581421,0.0305119939148426,5.596973896026611,1.8132377676665783
469,ILSVRC2012_val_00006010_n02939185.JPEG,ILSVRC2012_val_00034380_n03908714.JPEG,0.0674846619367599,0.0038765536155551,6.826449871063232,0.0636081083212048
469,ILSVRC2012_val_00017286_n02939185.JPEG,ILSVRC2012_val_00012417_n02963159.JPEG,2.4605612754821777,0.0048616770654916,6.396465301513672,2.455699598416686
469,ILSVRC2012_val_00017286_n02939185.JPEG,ILSVRC2012_val_00029261_n02104029.JPEG,2.4605612754821777,0.0031711787451058,4.680692195892334,2.457390096737072
469,ILSVRC2012_val_00035031_n02939185.JPEG,ILSVRC2012_val_00019336_n02447366.JPEG,4.0432634353637695,0.0059253512881696,8.593944549560547,4.0373380840756
469,ILSVRC2012_val_00036084_n02939185.JPEG,ILSVRC2012_val_00013813_n04317175.JPEG,4.062751770019531,0.0054829926230013,4.062751770019531,4.05726877739653
470,ILSVRC2012_val_00037224_n02948072.JPEG,ILSVRC2012_val_00010458_n04067472.JPEG,5.9960475482512265e-05,5.960286944173277e-05,4.164540767669678,3.576060407794944e-07
470,ILSVRC2012_val_00037224_n02948072.JPEG,ILSVRC2012_val_00028101_n02676566.JPEG,5.9960475482512265e-05,5.936446541454643e-05,0.8014506101608276,5.960100679658353e-07
470,ILSVRC2012_val_00041374_n02948072.JPEG,ILSVRC2012_val_00010918_n02790996.JPEG,0.0002569821954239,0.0002557904226705,6.301218986511231,1.191772753400002e-06
470,ILSVRC2012_val_00019806_n02948072.JPEG,ILSVRC2012_val_00001877_n03841143.JPEG,0.0791598409414291,0.0096275778487324,5.5772809982299805,0.0695322630926967
470,ILSVRC2012_val_00019827_n02948072.JPEG,ILSVRC2012_val_00002414_n03314780.JPEG,0.0985547974705696,0.0014748420799151,1.2027910947799685,0.09707995539065449
471,ILSVRC2012_val_00037796_n02950826.JPEG,ILSVRC2012_val_00044260_n07871810.JPEG,0.0123574556782841,0.0062490543350577,5.71993350982666,0.006108401343226401
471,ILSVRC2012_val_00034326_n02950826.JPEG,ILSVRC2012_val_00021496_n01735189.JPEG,0.0390710793435573,0.0027428171597421,6.087466716766357,0.0363282621838152
471,ILSVRC2012_val_00010903_n02950826.JPEG,ILSVRC2012_val_00007651_n02028035.JPEG,0.0573617778718471,0.0036863009445369,4.845938682556152,0.0536754769273102
471,ILSVRC2012_val_00010903_n02950826.JPEG,ILSVRC2012_val_00011768_n02085936.JPEG,0.0573617778718471,0.0007942144293338,4.184660911560059,0.0565675634425133
471,ILSVRC2012_val_00015215_n02950826.JPEG,ILSVRC2012_val_00012965_n03908618.JPEG,0.1788546591997146,0.0037854695692658,6.027371883392334,0.17506918963044882
472,ILSVRC2012_val_00015044_n02951358.JPEG,ILSVRC2012_val_00023129_n02391049.JPEG,0.2430352568626403,0.1959939002990722,9.088172912597656,0.04704135656356809
472,ILSVRC2012_val_00011563_n02951358.JPEG,ILSVRC2012_val_00025253_n02111129.JPEG,0.1413349658250808,0.0112304706126451,5.655733585357666,0.1301044952124357
472,ILSVRC2012_val_00008828_n02951358.JPEG,ILSVRC2012_val_00032577_n10148035.JPEG,0.4572529196739197,0.0047067329287528,8.807851791381836,0.4525461867451669
472,ILSVRC2012_val_00032600_n02951358.JPEG,ILSVRC2012_val_00026350_n03908618.JPEG,0.465740442276001,0.0027774113696068,3.22544527053833,0.4629630309063942
472,ILSVRC2012_val_00043133_n02951358.JPEG,ILSVRC2012_val_00020491_n04133789.JPEG,0.7016274333000183,0.0033867165911942,5.628076553344727,0.6982407167088241
473,ILSVRC2012_val_00027684_n02951585.JPEG,ILSVRC2012_val_00005442_n02493793.JPEG,0.4742810130119324,0.0104735251516103,6.426627159118652,0.46380748786032205
473,ILSVRC2012_val_00000223_n02951585.JPEG,ILSVRC2012_val_00004238_n03345487.JPEG,0.7236630916595459,0.0024014464579522,6.971051216125488,0.7212616452015937
473,ILSVRC2012_val_00000223_n02951585.JPEG,ILSVRC2012_val_00049620_n03109150.JPEG,0.7236630916595459,0.0016431414987891,1.9067227840423584,0.7220199501607568
473,ILSVRC2012_val_00008336_n02951585.JPEG,ILSVRC2012_val_00018035_n02091134.JPEG,3.047571182250977,0.0043450235389173,8.877791404724121,3.0432261587120597
473,ILSVRC2012_val_00008336_n02951585.JPEG,ILSVRC2012_val_00049457_n07697313.JPEG,3.047571182250977,0.0037234756164252,5.98970365524292,3.0438477066345517
474,ILSVRC2012_val_00013921_n02963159.JPEG,ILSVRC2012_val_00008318_n09468604.JPEG,0.0326366908848285,0.0047969021834433,1.882704854011536,0.027839788701385197
474,ILSVRC2012_val_00013921_n02963159.JPEG,ILSVRC2012_val_00022694_n04004767.JPEG,0.0326366908848285,0.0029070996679365,5.589452743530273,0.029729591216891997
474,ILSVRC2012_val_00012417_n02963159.JPEG,ILSVRC2012_val_00020559_n02028035.JPEG,1.0998318195343018,0.0160905383527278,7.652544021606445,1.0837412811815739
474,ILSVRC2012_val_00012417_n02963159.JPEG,ILSVRC2012_val_00003130_n04550184.JPEG,1.0998318195343018,0.0015875605167821,5.129913330078125,1.0982442590175197
474,ILSVRC2012_val_00031701_n02963159.JPEG,ILSVRC2012_val_00028087_n03903868.JPEG,1.3367105722427368,0.0027837119996547,5.243403434753418,1.333926860243082
475,ILSVRC2012_val_00048555_n02965783.JPEG,ILSVRC2012_val_00041517_n04523525.JPEG,0.0079253735020756,0.0016313589876517,4.341669082641602,0.006294014514423899
475,ILSVRC2012_val_00004399_n02965783.JPEG,ILSVRC2012_val_00024838_n04265275.JPEG,0.015166088938713,0.0044024689123034,4.262932777404785,0.010763620026409598
475,ILSVRC2012_val_00027104_n02965783.JPEG,ILSVRC2012_val_00027739_n02909870.JPEG,0.0302469432353973,0.0027889425400644,2.480294942855835,0.027458000695332902
475,ILSVRC2012_val_00047351_n02965783.JPEG,ILSVRC2012_val_00045829_n02123597.JPEG,0.0413174778223037,0.0047597675584256,4.755516529083252,0.0365577102638781
475,ILSVRC2012_val_00021494_n02965783.JPEG,ILSVRC2012_val_00003075_n04111531.JPEG,0.2555382549762726,0.0048135118559002,4.832111358642578,0.2507247431203724
476,ILSVRC2012_val_00010837_n02966193.JPEG,ILSVRC2012_val_00013219_n03141823.JPEG,0.0014340127818286,0.0010268182959407,1.947238802909851,0.00040719448588790006
476,ILSVRC2012_val_00049670_n02966193.JPEG,ILSVRC2012_val_00025329_n02951585.JPEG,0.0081209698691964,0.0074340850114822,6.179763317108154,0.0006868848577141996
476,ILSVRC2012_val_00008293_n02966193.JPEG,ILSVRC2012_val_00000546_n01945685.JPEG,0.0026238083373755,0.0007320346776396,4.067956924438477,0.0018917736597358998
476,ILSVRC2012_val_00049670_n02966193.JPEG,ILSVRC2012_val_00000981_n02328150.JPEG,0.0081209698691964,0.0031958955805748,8.623139381408691,0.0049250742886215995
476,ILSVRC2012_val_00039383_n02966193.JPEG,ILSVRC2012_val_00017021_n07753592.JPEG,0.7108628749847412,0.0018918488640338,7.113457679748535,0.7089710261207074
477,ILSVRC2012_val_00021634_n02966687.JPEG,ILSVRC2012_val_00001259_n02865351.JPEG,0.0333124846220016,0.0028386320918798,2.64196515083313,0.0304738525301218
477,ILSVRC2012_val_00001041_n02966687.JPEG,ILSVRC2012_val_00036113_n02823750.JPEG,0.3005492985248565,0.0047431574203073,5.215635776519775,0.2958061411045492
477,ILSVRC2012_val_00015191_n02966687.JPEG,ILSVRC2012_val_00040830_n02672831.JPEG,1.0068964958190918,0.001417109160684,2.9991517066955566,1.0054793866584077
477,ILSVRC2012_val_00032641_n02966687.JPEG,ILSVRC2012_val_00012149_n02091244.JPEG,2.1831655502319336,0.0053254170343279,3.87079119682312,2.1778401331976056
477,ILSVRC2012_val_00040749_n02966687.JPEG,ILSVRC2012_val_00005391_n03770439.JPEG,4.221647262573242,0.0239455364644527,7.119846343994141,4.197701726108789
478,ILSVRC2012_val_00004007_n02971356.JPEG,ILSVRC2012_val_00034389_n03770439.JPEG,0.0650654882192611,0.0006625840906053,4.697778701782227,0.0644029041286558
478,ILSVRC2012_val_00006483_n02971356.JPEG,ILSVRC2012_val_00035423_n02091032.JPEG,0.3837924599647522,0.0012765123974531,2.375912666320801,0.3825159475672991
478,ILSVRC2012_val_00003926_n02971356.JPEG,ILSVRC2012_val_00015874_n01990800.JPEG,1.7653716802597046,0.0010345588671043,4.817398071289063,1.7643371213926002
478,ILSVRC2012_val_00013835_n02971356.JPEG,ILSVRC2012_val_00000912_n02114367.JPEG,3.120676755905152,0.0022377944551408,5.62247371673584,3.118438961450011
478,ILSVRC2012_val_00018554_n02971356.JPEG,ILSVRC2012_val_00017928_n03424325.JPEG,4.770750999450684,0.0102933729067444,8.181266784667969,4.760457626543939
479,ILSVRC2012_val_00004412_n02974003.JPEG,ILSVRC2012_val_00040845_n04458633.JPEG,0.2493526190519333,0.0278632920235395,9.147890090942385,0.2214893270283938
479,ILSVRC2012_val_00045841_n02974003.JPEG,ILSVRC2012_val_00044080_n03792782.JPEG,0.668773353099823,0.0080277882516384,5.20393180847168,0.6607455648481846
479,ILSVRC2012_val_00002053_n02974003.JPEG,ILSVRC2012_val_00026641_n03325584.JPEG,0.7527537941932678,0.0281399879604578,6.801438331604004,0.72461380623281
479,ILSVRC2012_val_00002053_n02974003.JPEG,ILSVRC2012_val_00044181_n03376595.JPEG,0.7527537941932678,0.0277653243392705,7.039125442504883,0.7249884698539973
479,ILSVRC2012_val_00035524_n02974003.JPEG,ILSVRC2012_val_00011431_n03445777.JPEG,1.5922249555587769,0.1128296926617622,6.497818470001221,1.4793952628970146
480,ILSVRC2012_val_00033182_n02977058.JPEG,ILSVRC2012_val_00027210_n03942813.JPEG,0.0277111772447824,0.0010331298690289,4.198430061340332,0.026678047375753498
480,ILSVRC2012_val_00036208_n02977058.JPEG,ILSVRC2012_val_00005606_n03769881.JPEG,0.1137484982609748,0.00342413992621,6.860915184020996,0.1103243583347648
480,ILSVRC2012_val_00036208_n02977058.JPEG,ILSVRC2012_val_00003567_n02730930.JPEG,0.1137484982609748,0.0027083405293524,5.894924640655518,0.1110401577316224
480,ILSVRC2012_val_00036208_n02977058.JPEG,ILSVRC2012_val_00010563_n02097130.JPEG,0.1137484982609748,0.0007277462864294,3.2557713985443115,0.1130207519745454
480,ILSVRC2012_val_00019355_n02977058.JPEG,ILSVRC2012_val_00002355_n01669191.JPEG,0.936994731426239,0.0020103498827666,6.962449073791504,0.9349843815434724
481,ILSVRC2012_val_00026914_n02978881.JPEG,ILSVRC2012_val_00031221_n03891251.JPEG,0.0956524908542633,0.0037289387546479,6.925991535186768,0.0919235520996154
481,ILSVRC2012_val_00026914_n02978881.JPEG,ILSVRC2012_val_00003967_n03992509.JPEG,0.0956524908542633,0.002207463607192,6.301715850830078,0.09344502724707131
481,ILSVRC2012_val_00029894_n02978881.JPEG,ILSVRC2012_val_00018120_n04428191.JPEG,0.179523229598999,0.0038592161145061,4.383054256439209,0.1756640134844929
481,ILSVRC2012_val_00006246_n02978881.JPEG,ILSVRC2012_val_00003966_n03977966.JPEG,0.3139030337333679,0.0040576281026005,7.39611005783081,0.3098454056307674
481,ILSVRC2012_val_00035631_n02978881.JPEG,ILSVRC2012_val_00043673_n03220513.JPEG,0.4429551362991333,0.0152298426255583,6.726846218109131,0.427725293673575
482,ILSVRC2012_val_00046953_n02979186.JPEG,ILSVRC2012_val_00028615_n01943899.JPEG,1.188021183013916,0.0131443906575441,3.588115692138672,1.1748767923563719
482,ILSVRC2012_val_00049106_n02979186.JPEG,ILSVRC2012_val_00040759_n07753113.JPEG,2.7281389236450195,0.9606011509895324,6.985440254211426,1.767537772655487
482,ILSVRC2012_val_00043731_n02979186.JPEG,ILSVRC2012_val_00014046_n01560419.JPEG,2.1760332584381104,0.2365795224905014,6.876642227172852,1.939453735947609
482,ILSVRC2012_val_00009833_n02979186.JPEG,ILSVRC2012_val_00010046_n02097209.JPEG,2.201897621154785,0.0235238876193761,7.383859634399414,2.178373733535409
482,ILSVRC2012_val_00003944_n02979186.JPEG,ILSVRC2012_val_00025772_n02787622.JPEG,2.400768280029297,0.0413007773458957,8.01109504699707,2.359467502683401
483,ILSVRC2012_val_00014642_n02980441.JPEG,ILSVRC2012_val_00006220_n02814533.JPEG,0.0271343849599361,0.0145137533545494,6.903660297393799,0.012620631605386701
483,ILSVRC2012_val_00014642_n02980441.JPEG,ILSVRC2012_val_00011526_n02699494.JPEG,0.0271343849599361,0.0014796034665778,2.9815053939819336,0.0256547814933583
483,ILSVRC2012_val_00041139_n02980441.JPEG,ILSVRC2012_val_00038410_n03047690.JPEG,0.0776881054043769,0.0416527949273586,6.523037433624268,0.0360353104770183
483,ILSVRC2012_val_00019214_n02980441.JPEG,ILSVRC2012_val_00030047_n07753275.JPEG,0.4344631731510162,0.3644168078899383,10.11977195739746,0.07004636526107788
483,ILSVRC2012_val_00019214_n02980441.JPEG,ILSVRC2012_val_00025141_n02607072.JPEG,0.4344631731510162,0.003995057195425,7.964953422546387,0.4304681159555912
484,ILSVRC2012_val_00042036_n02981792.JPEG,ILSVRC2012_val_00006317_n02814860.JPEG,0.1868562549352646,0.025027947500348,5.814479827880859,0.16182830743491658
484,ILSVRC2012_val_00046540_n02981792.JPEG,ILSVRC2012_val_00019281_n07720875.JPEG,0.3749689757823944,0.1052489802241325,4.105046272277832,0.2697199955582619
484,ILSVRC2012_val_00015278_n02981792.JPEG,ILSVRC2012_val_00046554_n03775546.JPEG,0.3562678396701813,0.0195177514106035,6.323742866516113,0.33675008825957775
484,ILSVRC2012_val_00043094_n02981792.JPEG,ILSVRC2012_val_00041507_n07565083.JPEG,0.5100312829017639,0.0303588919341564,4.830850124359131,0.4796723909676075
484,ILSVRC2012_val_00032462_n02981792.JPEG,ILSVRC2012_val_00031349_n03769881.JPEG,0.6797706484794617,0.0071159731596708,2.3613405227661133,0.6726546753197908
485,ILSVRC2012_val_00020817_n02988304.JPEG,ILSVRC2012_val_00025340_n07697537.JPEG,0.1607722789049148,0.0716468095779419,6.787356376647949,0.0891254693269729
485,ILSVRC2012_val_00034496_n02988304.JPEG,ILSVRC2012_val_00034695_n04596742.JPEG,0.9636659622192384,0.0067492141388356,2.5875251293182373,0.9569167480804028
485,ILSVRC2012_val_00025485_n02988304.JPEG,ILSVRC2012_val_00016921_n07730033.JPEG,1.1929703950881958,0.0501214228570461,7.686388969421387,1.1428489722311497
485,ILSVRC2012_val_00043295_n02988304.JPEG,ILSVRC2012_val_00017134_n09246464.JPEG,1.7849401235580444,0.0173314586281776,7.693511962890625,1.7676086649298668
485,ILSVRC2012_val_00043295_n02988304.JPEG,ILSVRC2012_val_00003521_n04515003.JPEG,1.7849401235580444,0.0078633986413478,2.71590518951416,1.7770767249166965
486,ILSVRC2012_val_00024444_n02992211.JPEG,ILSVRC2012_val_00005654_n04044716.JPEG,0.0280390325933694,0.0023435291368514,4.861328125,0.025695503456518002
486,ILSVRC2012_val_00027319_n02992211.JPEG,ILSVRC2012_val_00007553_n04562935.JPEG,0.1201035976409912,0.0898425430059433,7.66444206237793,0.0302610546350479
486,ILSVRC2012_val_00042863_n02992211.JPEG,ILSVRC2012_val_00039406_n02177972.JPEG,0.0989290177822113,0.0034421975724399,6.5485005378723145,0.09548682020977141
486,ILSVRC2012_val_00022467_n02992211.JPEG,ILSVRC2012_val_00025458_n03908714.JPEG,0.3151052296161651,0.0076236259192228,5.758674621582031,0.30748160369694233
486,ILSVRC2012_val_00035600_n02992211.JPEG,ILSVRC2012_val_00014944_n03379051.JPEG,0.8374406695365906,0.0260479822754859,5.474797248840332,0.8113926872611047
487,ILSVRC2012_val_00020233_n02992529.JPEG,ILSVRC2012_val_00009196_n03400231.JPEG,0.1086188554763794,0.0029766322113573,2.386288642883301,0.1056422232650221
487,ILSVRC2012_val_00020233_n02992529.JPEG,ILSVRC2012_val_00029564_n03627232.JPEG,0.1086188554763794,0.0015849421033635,3.847300529479981,0.10703391337301589
487,ILSVRC2012_val_00019685_n02992529.JPEG,ILSVRC2012_val_00003483_n03649909.JPEG,0.1220466047525405,0.0073084142059087,4.8472394943237305,0.1147381905466318
487,ILSVRC2012_val_00004117_n02992529.JPEG,ILSVRC2012_val_00023312_n02410509.JPEG,4.536812782287598,0.0222877208143472,8.121152877807617,4.51452506147325
487,ILSVRC2012_val_00005688_n02992529.JPEG,ILSVRC2012_val_00005394_n03400231.JPEG,6.532365798950195,0.005578426644206,7.518834114074707,6.526787372305989
488,ILSVRC2012_val_00014190_n02999410.JPEG,ILSVRC2012_val_00028760_n01664065.JPEG,0.0337576866149902,0.0026607846375554,5.70614767074585,0.0310969019774348
488,ILSVRC2012_val_00009078_n02999410.JPEG,ILSVRC2012_val_00029131_n02086910.JPEG,0.5948260426521301,0.0115529326722025,3.8611340522766113,0.5832731099799277
488,ILSVRC2012_val_00032707_n02999410.JPEG,ILSVRC2012_val_00005117_n02281406.JPEG,1.9806199073791504,0.008011233061552,7.890886783599853,1.9726086743175983
488,ILSVRC2012_val_00002229_n02999410.JPEG,ILSVRC2012_val_00045312_n03777568.JPEG,2.379837274551392,0.0030860914848744,5.20783281326294,2.3767511830665176
488,ILSVRC2012_val_00000376_n02999410.JPEG,ILSVRC2012_val_00004676_n02786058.JPEG,2.513256549835205,0.0046903588809072,8.248254776000977,2.508566190954298
489,ILSVRC2012_val_00009432_n03000134.JPEG,ILSVRC2012_val_00030091_n02804610.JPEG,0.1228125467896461,0.0021814140491187,5.264227390289307,0.12063113274052739
489,ILSVRC2012_val_00009432_n03000134.JPEG,ILSVRC2012_val_00017679_n04141076.JPEG,0.1228125467896461,0.0013498490443453,4.0703535079956055,0.12146269774530079
489,ILSVRC2012_val_00022377_n03000134.JPEG,ILSVRC2012_val_00013936_n11939491.JPEG,3.176388740539551,0.0095752729102969,6.893370628356934,3.166813467629254
489,ILSVRC2012_val_00022377_n03000134.JPEG,ILSVRC2012_val_00013214_n03109150.JPEG,3.176388740539551,0.0080708330497145,4.244331359863281,3.168317907489836
489,ILSVRC2012_val_00014205_n03000134.JPEG,ILSVRC2012_val_00027058_n02091831.JPEG,4.286959171295166,0.0035636033862829,8.041906356811523,4.283395567908883
490,ILSVRC2012_val_00006879_n03000247.JPEG,ILSVRC2012_val_00040047_n01768244.JPEG,0.0003162122447974,0.0003115645376965,6.490478992462158,4.6477071008999525e-06
490,ILSVRC2012_val_00016036_n03000247.JPEG,ILSVRC2012_val_00046377_n02799071.JPEG,0.0076102572493255,0.0019976201001554,4.896732807159424,0.0056126371491701
490,ILSVRC2012_val_00005656_n03000247.JPEG,ILSVRC2012_val_00027930_n02317335.JPEG,0.4375406205654144,0.0014354411978274,8.516207695007324,0.43610517936758697
490,ILSVRC2012_val_00005656_n03000247.JPEG,ILSVRC2012_val_00014677_n04596742.JPEG,0.4375406205654144,0.0010449193650856,3.7204720973968506,0.43649570120032877
490,ILSVRC2012_val_00006270_n03000247.JPEG,ILSVRC2012_val_00027423_n03530642.JPEG,1.406606912612915,0.000290470838081,2.265687227249145,1.406316441774834
491,ILSVRC2012_val_00024480_n03000684.JPEG,ILSVRC2012_val_00000897_n04258138.JPEG,0.0004296571714803,0.0004104725376237,3.5458829402923584,1.9184633856600018e-05
491,ILSVRC2012_val_00046651_n03000684.JPEG,ILSVRC2012_val_00029662_n04536866.JPEG,0.0013016331940889,0.0006167178507894,1.2768030166625977,0.0006849153432995001
491,ILSVRC2012_val_00026573_n03000684.JPEG,ILSVRC2012_val_00018554_n02971356.JPEG,0.2685304880142212,0.0062809213995933,7.686032295227051,0.2622495666146279
491,ILSVRC2012_val_00026573_n03000684.JPEG,ILSVRC2012_val_00008100_n07695742.JPEG,0.2685304880142212,0.000417622126406,10.25223445892334,0.2681128658878152
491,ILSVRC2012_val_00017801_n03000684.JPEG,ILSVRC2012_val_00018257_n02236044.JPEG,0.2851891815662384,0.0023415072355419,6.089544296264648,0.2828476743306965
492,ILSVRC2012_val_00043327_n03014705.JPEG,ILSVRC2012_val_00016060_n02787622.JPEG,0.0387852378189563,0.0030152592808008,6.971983909606934,0.0357699785381555
492,ILSVRC2012_val_00049658_n03014705.JPEG,ILSVRC2012_val_00028902_n01530575.JPEG,1.156820297241211,0.0042393817566335,6.3256683349609375,1.1525809154845774
492,ILSVRC2012_val_00001810_n03014705.JPEG,ILSVRC2012_val_00048257_n01664065.JPEG,1.5866775512695312,0.0021473937667906,7.705761432647705,1.5845301575027406
492,ILSVRC2012_val_00001810_n03014705.JPEG,ILSVRC2012_val_00032199_n03110669.JPEG,1.5866775512695312,0.0014885308919474,5.398180961608887,1.5851890203775838
492,ILSVRC2012_val_00009540_n03014705.JPEG,ILSVRC2012_val_00040561_n03249569.JPEG,1.881157636642456,0.0037566106766462,6.522716522216797,1.8774010259658098
493,ILSVRC2012_val_00024303_n03016953.JPEG,ILSVRC2012_val_00049880_n03775071.JPEG,1.6346181631088257,0.0204836223274469,10.42709732055664,1.6141345407813787
493,ILSVRC2012_val_00024453_n03016953.JPEG,ILSVRC2012_val_00023458_n02094258.JPEG,1.7951653003692627,0.0301674827933311,3.6267263889312735,1.7649978175759315
493,ILSVRC2012_val_00048726_n03016953.JPEG,ILSVRC2012_val_00022733_n04523525.JPEG,3.22790002822876,0.0038811846170574,5.860689640045166,3.2240188436117028
493,ILSVRC2012_val_00039848_n03016953.JPEG,ILSVRC2012_val_00040969_n04366367.JPEG,5.70521879196167,0.2498804181814193,8.09072494506836,5.4553383737802505
493,ILSVRC2012_val_00039301_n03016953.JPEG,ILSVRC2012_val_00046141_n01829413.JPEG,5.933570384979248,0.0736489817500114,8.723240852355957,5.859921403229237
494,ILSVRC2012_val_00028778_n03017168.JPEG,ILSVRC2012_val_00006986_n03065424.JPEG,0.035031221807003,0.0031640487723052,6.55478048324585,0.0318671730346978
494,ILSVRC2012_val_00005797_n03017168.JPEG,ILSVRC2012_val_00010675_n01632458.JPEG,0.5614736080169678,0.0055733290500938,6.842467784881592,0.555900278966874
494,ILSVRC2012_val_00026501_n03017168.JPEG,ILSVRC2012_val_00043702_n01498041.JPEG,0.8713676929473877,0.0155274262651801,7.019182205200195,0.8558402666822076
494,ILSVRC2012_val_00026501_n03017168.JPEG,ILSVRC2012_val_00001956_n01985128.JPEG,0.8713676929473877,0.0048207486979663,5.3759613037109375,0.8665469442494214
494,ILSVRC2012_val_00036909_n03017168.JPEG,ILSVRC2012_val_00045957_n04597913.JPEG,1.6275217533111572,0.0439258068799972,8.714163780212402,1.58359594643116
495,ILSVRC2012_val_00037307_n03018349.JPEG,ILSVRC2012_val_00035805_n02097658.JPEG,0.0373760461807251,0.0053723724558949,6.365520000457764,0.0320036737248302
495,ILSVRC2012_val_00036447_n03018349.JPEG,ILSVRC2012_val_00037379_n02012849.JPEG,0.086995780467987,0.0060331849381327,5.423563003540039,0.08096259552985431
495,ILSVRC2012_val_00010121_n03018349.JPEG,ILSVRC2012_val_00038404_n07717556.JPEG,0.1635914593935012,0.0378702916204929,6.633430480957031,0.1257211677730083
495,ILSVRC2012_val_00047749_n03018349.JPEG,ILSVRC2012_val_00010842_n02088466.JPEG,0.8296091556549072,0.0105530321598052,5.398280143737793,0.819056123495102
495,ILSVRC2012_val_00021844_n03018349.JPEG,ILSVRC2012_val_00028329_n04456115.JPEG,2.576869010925293,0.0024863539729267,6.187503337860107,2.5743826569523662
496,ILSVRC2012_val_00045066_n03026506.JPEG,ILSVRC2012_val_00034467_n02492035.JPEG,0.0002548369811847,0.000252095866017,3.570401430130005,2.7411151676999816e-06
496,ILSVRC2012_val_00024964_n03026506.JPEG,ILSVRC2012_val_00034403_n03884397.JPEG,0.001606008503586,0.0014863882679492,2.4225239753723145,0.00011962023563679997
496,ILSVRC2012_val_00005832_n03026506.JPEG,ILSVRC2012_val_00003873_n03792782.JPEG,0.0011117237154394,0.0009296386269852,4.803081035614014,0.00018208508845420004
496,ILSVRC2012_val_00005832_n03026506.JPEG,ILSVRC2012_val_00021778_n02999410.JPEG,0.0011117237154394,0.0008192281820811,2.36769962310791,0.00029249553335830005
496,ILSVRC2012_val_00005832_n03026506.JPEG,ILSVRC2012_val_00037247_n07747607.JPEG,0.0011117237154394,0.0003487455542199,5.935787677764893,0.0007629781612195001
497,ILSVRC2012_val_00042264_n03028079.JPEG,ILSVRC2012_val_00007489_n04579145.JPEG,0.0822875574231147,0.0596033334732055,9.468101501464844,0.022684223949909196
497,ILSVRC2012_val_00004912_n03028079.JPEG,ILSVRC2012_val_00012973_n02871525.JPEG,0.0626158192753791,0.0046657980419695,0.6765873432159424,0.0579500212334096
497,ILSVRC2012_val_00004912_n03028079.JPEG,ILSVRC2012_val_00038182_n02219486.JPEG,0.0626158192753791,0.0034941115882247,1.687827467918396,0.0591217076871544
497,ILSVRC2012_val_00042264_n03028079.JPEG,ILSVRC2012_val_00034801_n03956157.JPEG,0.0822875574231147,0.0174708701670169,5.815771579742432,0.0648166872560978
497,ILSVRC2012_val_00004939_n03028079.JPEG,ILSVRC2012_val_00022015_n03495258.JPEG,0.3667905926704407,0.00421445351094,2.4885735511779785,0.36257613915950065
498,ILSVRC2012_val_00027487_n03032252.JPEG,ILSVRC2012_val_00020743_n01616318.JPEG,0.5894299149513245,0.0047428016550838,5.418427467346191,0.5846871132962407
498,ILSVRC2012_val_00027487_n03032252.JPEG,ILSVRC2012_val_00027623_n02730930.JPEG,0.5894299149513245,0.0016615884378552,5.92464542388916,0.5877683265134692
498,ILSVRC2012_val_00019878_n03032252.JPEG,ILSVRC2012_val_00026968_n04380533.JPEG,0.599643349647522,0.0006020640721544,5.179900169372559,0.5990412855753676
498,ILSVRC2012_val_00001894_n03032252.JPEG,ILSVRC2012_val_00047515_n02112350.JPEG,1.4000263214111328,0.011942671611905,5.622555732727051,1.3880836497992277
498,ILSVRC2012_val_00031248_n03032252.JPEG,ILSVRC2012_val_00002050_n02895154.JPEG,1.824083685874939,0.0119901411235332,4.873109340667725,1.8120935447514057
499,ILSVRC2012_val_00026505_n03041632.JPEG,ILSVRC2012_val_00040783_n01592084.JPEG,2.963545560836792,0.0243207029998302,7.479335308074951,2.9392248578369617
499,ILSVRC2012_val_00040170_n03041632.JPEG,ILSVRC2012_val_00045729_n13037406.JPEG,2.96924090385437,0.0031809229403734,7.766528129577637,2.9660599809139967
499,ILSVRC2012_val_00011081_n03041632.JPEG,ILSVRC2012_val_00036968_n01855672.JPEG,3.240544080734253,0.0043095340952277,5.690770626068115,3.236234546639025
499,ILSVRC2012_val_00048029_n03041632.JPEG,ILSVRC2012_val_00025431_n01514668.JPEG,3.2848010063171387,0.0125551307573914,9.255688667297363,3.272245875559747
499,ILSVRC2012_val_00048029_n03041632.JPEG,ILSVRC2012_val_00013030_n07579787.JPEG,3.2848010063171387,0.0021677347831428,7.275365829467773,3.282633271533996
500,ILSVRC2012_val_00002025_n03042490.JPEG,ILSVRC2012_val_00001284_n02097474.JPEG,0.0092557156458497,0.0082422820851206,7.027663230895996,0.0010134335607290997
500,ILSVRC2012_val_00008742_n03042490.JPEG,ILSVRC2012_val_00037196_n02825657.JPEG,0.0193621385842561,0.0006779517862014,0.6230701804161072,0.0186841867980547
500,ILSVRC2012_val_00028324_n03042490.JPEG,ILSVRC2012_val_00025546_n02488291.JPEG,0.0588356107473373,0.0205024257302284,6.298102378845215,0.0383331850171089
500,ILSVRC2012_val_00007105_n03042490.JPEG,ILSVRC2012_val_00021968_n02692877.JPEG,0.1730612963438034,0.0068214400671422,4.9429612159729,0.1662398562766612
500,ILSVRC2012_val_00032153_n03042490.JPEG,ILSVRC2012_val_00037261_n01694178.JPEG,0.3119891583919525,0.0028943810611963,5.9539899826049805,0.3090947773307562
501,ILSVRC2012_val_00037398_n03045698.JPEG,ILSVRC2012_val_00041241_n02892767.JPEG,0.7795975208282471,0.033922828733921,4.8293538093566895,0.745674692094326
501,ILSVRC2012_val_00037398_n03045698.JPEG,ILSVRC2012_val_00029248_n03041632.JPEG,0.7795975208282471,0.0252087190747261,5.41677713394165,0.754388801753521
501,ILSVRC2012_val_00037398_n03045698.JPEG,ILSVRC2012_val_00012522_n03720891.JPEG,0.7795975208282471,0.0054558427073061,2.112419366836548,0.7741416781209409
501,ILSVRC2012_val_00038472_n03045698.JPEG,ILSVRC2012_val_00038075_n02113023.JPEG,1.675577998161316,0.0649460777640342,5.7376556396484375,1.6106319203972816
501,ILSVRC2012_val_00026357_n03045698.JPEG,ILSVRC2012_val_00032552_n02127052.JPEG,5.2592597007751465,0.4706297516822815,8.52441692352295,4.788629949092865
502,ILSVRC2012_val_00042925_n03047690.JPEG,ILSVRC2012_val_00015277_n03344393.JPEG,0.0438498221337795,0.0168187469244003,6.212976455688477,0.0270310752093792
502,ILSVRC2012_val_00042925_n03047690.JPEG,ILSVRC2012_val_00033989_n02325366.JPEG,0.0438498221337795,0.006575140170753,6.645556926727295,0.037274681963026496
502,ILSVRC2012_val_00009402_n03047690.JPEG,ILSVRC2012_val_00015564_n01776313.JPEG,4.028406143188477,0.0036668223328888,4.687528610229492,4.024739320855588
502,ILSVRC2012_val_00003249_n03047690.JPEG,ILSVRC2012_val_00028969_n07720875.JPEG,4.395280838012695,0.00434799073264,6.839195728302002,4.390932847280055
502,ILSVRC2012_val_00003249_n03047690.JPEG,ILSVRC2012_val_00030476_n02110341.JPEG,4.395280838012695,0.0025059746112674,6.137840270996094,4.392774863401428
503,ILSVRC2012_val_00038514_n03062245.JPEG,ILSVRC2012_val_00023116_n02687172.JPEG,0.0076528461650013,0.0070147668011486,2.5180439949035645,0.0006380793638527003
503,ILSVRC2012_val_00043539_n03062245.JPEG,ILSVRC2012_val_00023592_n04317175.JPEG,0.0235668532550334,0.0015340000391006,1.1845771074295044,0.0220328532159328
503,ILSVRC2012_val_00040099_n03062245.JPEG,ILSVRC2012_val_00001649_n01669191.JPEG,0.4108465015888214,0.0029087637085467,4.21511173248291,0.4079377378802747
503,ILSVRC2012_val_00031300_n03062245.JPEG,ILSVRC2012_val_00031327_n03998194.JPEG,1.8586370944976809,0.0115908766165375,5.519741535186768,1.8470462178811433
503,ILSVRC2012_val_00003439_n03062245.JPEG,ILSVRC2012_val_00002142_n03599486.JPEG,2.031388282775879,0.0164880119264125,7.35988712310791,2.0149002708494663
504,ILSVRC2012_val_00003131_n03063599.JPEG,ILSVRC2012_val_00038622_n02356798.JPEG,0.466022253036499,0.0146577870473265,4.896949291229248,0.4513644659891725
504,ILSVRC2012_val_00034882_n03063599.JPEG,ILSVRC2012_val_00047756_n03924679.JPEG,0.9605517983436584,0.0070589198730885,5.781474113464356,0.95349287847057
504,ILSVRC2012_val_00038548_n03063599.JPEG,ILSVRC2012_val_00011824_n04086273.JPEG,3.638887882232666,0.0350230485200881,5.718598365783691,3.603864833712578
504,ILSVRC2012_val_00038548_n03063599.JPEG,ILSVRC2012_val_00029864_n02124075.JPEG,3.638887882232666,0.0306364018470048,6.907981395721436,3.608251480385661
504,ILSVRC2012_val_00029448_n03063599.JPEG,ILSVRC2012_val_00028770_n02066245.JPEG,5.559059143066406,0.0216453820466995,6.57695198059082,5.537413761019707
505,ILSVRC2012_val_00034618_n03063689.JPEG,ILSVRC2012_val_00044096_n04286575.JPEG,0.0517061501741409,0.0045467806048691,2.0393052101135254,0.0471593695692718
505,ILSVRC2012_val_00028811_n03063689.JPEG,ILSVRC2012_val_00013353_n03899768.JPEG,0.0886661037802696,0.0089049823582172,3.912839412689209,0.0797611214220524
505,ILSVRC2012_val_00047299_n03063689.JPEG,ILSVRC2012_val_00037731_n02138441.JPEG,0.2206595838069915,0.0269382949918508,5.523709297180176,0.1937212888151407
505,ILSVRC2012_val_00045069_n03063689.JPEG,ILSVRC2012_val_00036748_n02906734.JPEG,0.7736157178878784,0.4800682663917541,8.428797721862793,0.2935474514961243
505,ILSVRC2012_val_00032771_n03063689.JPEG,ILSVRC2012_val_00009893_n04335435.JPEG,0.619097113609314,0.0205632727593183,7.529372215270996,0.5985338408499956
506,ILSVRC2012_val_00002778_n03065424.JPEG,ILSVRC2012_val_00029719_n02356798.JPEG,0.0296941772103309,0.001563994330354,3.227489233016968,0.0281301828799769
506,ILSVRC2012_val_00048095_n03065424.JPEG,ILSVRC2012_val_00037690_n07714990.JPEG,0.0601761825382709,0.0090423841029405,5.790440559387207,0.051133798435330405
506,ILSVRC2012_val_00048095_n03065424.JPEG,ILSVRC2012_val_00036762_n02676566.JPEG,0.0601761825382709,0.002559958724305,5.203617095947266,0.0576162238139659
506,ILSVRC2012_val_00040737_n03065424.JPEG,ILSVRC2012_val_00030188_n02137549.JPEG,0.5761074423789978,0.004530522506684,2.9275949001312256,0.5715769198723138
506,ILSVRC2012_val_00010428_n03065424.JPEG,ILSVRC2012_val_00030701_n01558993.JPEG,3.647727489471436,0.0026220248546451,5.894111633300781,3.645105464616791
507,ILSVRC2012_val_00021941_n03075370.JPEG,ILSVRC2012_val_00019707_n04435653.JPEG,0.0444275476038455,0.0054177837446331,5.637033939361572,0.0390097638592124
507,ILSVRC2012_val_00021941_n03075370.JPEG,ILSVRC2012_val_00049888_n03706229.JPEG,0.0444275476038455,0.0004078510100953,4.16474199295044,0.0440196965937502
507,ILSVRC2012_val_00037402_n03075370.JPEG,ILSVRC2012_val_00014915_n04344873.JPEG,0.3859519064426422,0.0109214643016457,7.891668796539307,0.3750304421409965
507,ILSVRC2012_val_00006109_n03075370.JPEG,ILSVRC2012_val_00037283_n03956157.JPEG,0.5340547561645508,0.1040942966938018,7.758651733398437,0.429960459470749
507,ILSVRC2012_val_00030077_n03075370.JPEG,ILSVRC2012_val_00006297_n04141076.JPEG,0.6767899990081787,0.0010490872664377,6.426288604736328,0.675740911741741
508,ILSVRC2012_val_00009502_n03085013.JPEG,ILSVRC2012_val_00001127_n04179913.JPEG,0.0688420683145523,0.0437908358871936,9.219938278198242,0.025051232427358697
508,ILSVRC2012_val_00012432_n03085013.JPEG,ILSVRC2012_val_00046028_n07753113.JPEG,0.2060058265924453,0.0271926242858171,5.432845592498779,0.1788132023066282
508,ILSVRC2012_val_00035703_n03085013.JPEG,ILSVRC2012_val_00038189_n04310018.JPEG,0.23964624106884,0.0361698865890502,7.18075704574585,0.2034763544797898
508,ILSVRC2012_val_00035703_n03085013.JPEG,ILSVRC2012_val_00010421_n01798484.JPEG,0.23964624106884,0.0165839251130819,7.981110572814941,0.2230623159557581
508,ILSVRC2012_val_00012808_n03085013.JPEG,ILSVRC2012_val_00033276_n04254680.JPEG,0.5011882781982422,0.0123802982270717,7.314428806304932,0.4888079799711705
509,ILSVRC2012_val_00007274_n03089624.JPEG,ILSVRC2012_val_00039259_n02389026.JPEG,0.0347599945962429,0.0113287754356861,6.67945671081543,0.0234312191605568
509,ILSVRC2012_val_00007274_n03089624.JPEG,ILSVRC2012_val_00012155_n02102318.JPEG,0.0347599945962429,0.0076158177107572,3.0231454372406006,0.027144176885485698
509,ILSVRC2012_val_00007274_n03089624.JPEG,ILSVRC2012_val_00023325_n02788148.JPEG,0.0347599945962429,0.0043581984937191,5.4271979331970215,0.030401796102523797
509,ILSVRC2012_val_00038623_n03089624.JPEG,ILSVRC2012_val_00028513_n02423022.JPEG,0.0738969072699546,0.0016480210470035,7.774865627288818,0.0722488862229511
509,ILSVRC2012_val_00041701_n03089624.JPEG,ILSVRC2012_val_00020231_n13052670.JPEG,0.4653754532337188,0.0036279829218983,3.881681203842163,0.4617474703118205
510,ILSVRC2012_val_00014953_n03095699.JPEG,ILSVRC2012_val_00035825_n03832673.JPEG,0.0131987454369664,0.0017901124665513,1.672271966934204,0.0114086329704151
510,ILSVRC2012_val_00010704_n03095699.JPEG,ILSVRC2012_val_00031789_n03785016.JPEG,0.0148250572383403,0.0031597709748893,4.449955940246582,0.011665286263451
510,ILSVRC2012_val_00010704_n03095699.JPEG,ILSVRC2012_val_00045791_n04553703.JPEG,0.0148250572383403,0.0020172500517219,2.187901020050049,0.012807807186618399
510,ILSVRC2012_val_00038850_n03095699.JPEG,ILSVRC2012_val_00014497_n02492035.JPEG,0.0297383815050125,0.0112734949216246,6.355526924133301,0.0184648865833879
510,ILSVRC2012_val_00038850_n03095699.JPEG,ILSVRC2012_val_00023666_n02106030.JPEG,0.0297383815050125,0.0069382926449179,4.249073028564453,0.0228000888600946
511,ILSVRC2012_val_00031558_n03100240.JPEG,ILSVRC2012_val_00015097_n03691459.JPEG,0.2824307978153229,0.0095711406320333,6.220273971557617,0.2728596571832896
511,ILSVRC2012_val_00022770_n03100240.JPEG,ILSVRC2012_val_00044451_n03201208.JPEG,0.4657719433307647,0.0629817917943,8.329102516174316,0.4027901515364647
511,ILSVRC2012_val_00022770_n03100240.JPEG,ILSVRC2012_val_00015062_n04311174.JPEG,0.4657719433307647,0.0326233096420764,5.889296531677246,0.43314863368868833
511,ILSVRC2012_val_00022770_n03100240.JPEG,ILSVRC2012_val_00042222_n02802426.JPEG,0.4657719433307647,0.0046279462985694,3.5347836017608643,0.46114399703219533
511,ILSVRC2012_val_00046196_n03100240.JPEG,ILSVRC2012_val_00034667_n02112018.JPEG,1.365648865699768,0.0797133445739746,7.425447463989258,1.2859355211257935
512,ILSVRC2012_val_00003262_n03109150.JPEG,ILSVRC2012_val_00031500_n03692522.JPEG,0.0460925810039043,0.0042734495364129,5.880220413208008,0.0418191314674914
512,ILSVRC2012_val_00003262_n03109150.JPEG,ILSVRC2012_val_00006639_n04367480.JPEG,0.0460925810039043,0.0024919430725276,9.844595909118652,0.0436006379313767
512,ILSVRC2012_val_00038897_n03109150.JPEG,ILSVRC2012_val_00010045_n02797295.JPEG,0.1124409288167953,0.0012215065071359,6.659730911254883,0.1112194223096594
512,ILSVRC2012_val_00040674_n03109150.JPEG,ILSVRC2012_val_00047088_n03942813.JPEG,0.359174907207489,0.0053422548808157,7.890275955200195,0.3538326523266733
512,ILSVRC2012_val_00034440_n03109150.JPEG,ILSVRC2012_val_00036566_n02804414.JPEG,2.635493516921997,0.0012855607783421,7.004866600036621,2.634207956143655
513,ILSVRC2012_val_00016723_n03110669.JPEG,ILSVRC2012_val_00007454_n01968897.JPEG,0.2801010608673095,0.1405589580535888,10.974854469299316,0.1395421028137207
513,ILSVRC2012_val_00028681_n03110669.JPEG,ILSVRC2012_val_00048235_n02098413.JPEG,0.4394457340240478,0.0070667322725057,5.12059211730957,0.4323790017515421
513,ILSVRC2012_val_00025733_n03110669.JPEG,ILSVRC2012_val_00036204_n02930766.JPEG,2.3618927001953125,0.0099994204938411,7.818752765655518,2.3518932797014713
513,ILSVRC2012_val_00025733_n03110669.JPEG,ILSVRC2012_val_00004801_n03595614.JPEG,2.3618927001953125,0.0070544220507144,6.924664497375488,2.354838278144598
513,ILSVRC2012_val_00007359_n03110669.JPEG,ILSVRC2012_val_00024939_n03529860.JPEG,2.6507434844970703,0.0159416664391756,4.911794185638428,2.6348018180578947
514,ILSVRC2012_val_00024923_n03124043.JPEG,ILSVRC2012_val_00015139_n01494475.JPEG,0.0009778724052011,0.0008493629866279,6.6291375160217285,0.00012850941857319993
514,ILSVRC2012_val_00009429_n03124043.JPEG,ILSVRC2012_val_00026088_n03840681.JPEG,0.0176541842520236,0.0078004742972552,3.5908210277557373,0.0098537099547684
514,ILSVRC2012_val_00004432_n03124043.JPEG,ILSVRC2012_val_00002023_n01530575.JPEG,0.0330067686736583,0.0127989035099744,8.065068244934082,0.0202078651636839
514,ILSVRC2012_val_00042116_n03124043.JPEG,ILSVRC2012_val_00040193_n12985857.JPEG,0.1076608598232269,0.0006957017467357,7.092422008514404,0.1069651580764912
514,ILSVRC2012_val_00034753_n03124043.JPEG,ILSVRC2012_val_00033513_n02483362.JPEG,0.1291884332895279,0.0012174582807347,4.963691711425781,0.1279709750087932
515,ILSVRC2012_val_00006384_n03124170.JPEG,ILSVRC2012_val_00034843_n02704792.JPEG,0.1392784416675567,0.0194221176207065,6.977406024932861,0.1198563240468502
515,ILSVRC2012_val_00018482_n03124170.JPEG,ILSVRC2012_val_00040758_n13052670.JPEG,0.2970420718193054,0.0142883788794279,8.410033226013184,0.2827536929398775
515,ILSVRC2012_val_00002639_n03124170.JPEG,ILSVRC2012_val_00012624_n03954731.JPEG,1.287281513214111,0.0035715620033442,3.597853899002075,1.2837099512107668
515,ILSVRC2012_val_00013839_n03124170.JPEG,ILSVRC2012_val_00039416_n03482405.JPEG,1.3342379331588743,0.0347981043159961,6.907702445983887,1.2994398288428781
515,ILSVRC2012_val_00035920_n03124170.JPEG,ILSVRC2012_val_00035187_n09193705.JPEG,4.683614730834961,0.0195506010204553,4.903586387634277,4.664064129814506
516,ILSVRC2012_val_00010259_n03125729.JPEG,ILSVRC2012_val_00012337_n04033901.JPEG,0.0701716318726539,0.0036238257307559,3.4135329723358154,0.06654780614189801
516,ILSVRC2012_val_00001184_n03125729.JPEG,ILSVRC2012_val_00014213_n02747177.JPEG,0.788303017616272,0.0058515197597444,1.5694239139556885,0.7824514978565276
516,ILSVRC2012_val_00015206_n03125729.JPEG,ILSVRC2012_val_00014213_n02747177.JPEG,0.981886863708496,0.0057857423089444,1.094066858291626,0.9761011213995516
516,ILSVRC2012_val_00013639_n03125729.JPEG,ILSVRC2012_val_00026532_n03478589.JPEG,1.2290282249450684,0.0208771359175443,9.158796310424805,1.208151089027524
516,ILSVRC2012_val_00003645_n03125729.JPEG,ILSVRC2012_val_00005084_n01981276.JPEG,1.8478045463562007,0.0085894661024212,4.717521667480469,1.8392150802537794
517,ILSVRC2012_val_00041509_n03126707.JPEG,ILSVRC2012_val_00023426_n02480495.JPEG,0.0976738184690475,0.0019353961106389,3.6568877696990967,0.0957384223584086
517,ILSVRC2012_val_00041509_n03126707.JPEG,ILSVRC2012_val_00035687_n01704323.JPEG,0.0976738184690475,0.0018467529444023,3.9115943908691406,0.0958270655246452
517,ILSVRC2012_val_00046401_n03126707.JPEG,ILSVRC2012_val_00016319_n02114548.JPEG,0.1351542025804519,0.0064766029827296,6.932154655456543,0.12867759959772232
517,ILSVRC2012_val_00048681_n03126707.JPEG,ILSVRC2012_val_00029100_n04579145.JPEG,0.4835031628608703,0.0070707569830119,7.328686714172363,0.4764324058778584
517,ILSVRC2012_val_00004266_n03126707.JPEG,ILSVRC2012_val_00024050_n02129604.JPEG,0.6616472601890564,0.0349265821278095,7.959743499755859,0.6267206780612469
518,ILSVRC2012_val_00025943_n03127747.JPEG,ILSVRC2012_val_00034732_n02100877.JPEG,0.0067464904859662,0.0058333869092166,3.2281110286712646,0.0009131035767496005
518,ILSVRC2012_val_00025943_n03127747.JPEG,ILSVRC2012_val_00044979_n02749479.JPEG,0.0067464904859662,0.003089775564149,4.624797821044922,0.0036567149218172004
518,ILSVRC2012_val_00025943_n03127747.JPEG,ILSVRC2012_val_00028740_n07714990.JPEG,0.0067464904859662,0.0027426981832832,4.01262092590332,0.004003792302683001
518,ILSVRC2012_val_00021484_n03127747.JPEG,ILSVRC2012_val_00003298_n01742172.JPEG,0.4347688555717468,0.00304651632905,4.885554313659668,0.4317223392426968
518,ILSVRC2012_val_00031743_n03127747.JPEG,ILSVRC2012_val_00013828_n02110185.JPEG,0.5526497960090637,0.0313120447099208,8.766118049621582,0.521337751299143
519,ILSVRC2012_val_00005893_n03127925.JPEG,ILSVRC2012_val_00032001_n04507155.JPEG,0.0392994210124015,0.0046869181096553,4.925049781799316,0.0346125029027462
519,ILSVRC2012_val_00026364_n03127925.JPEG,ILSVRC2012_val_00041329_n01797886.JPEG,0.0756653845310211,0.0210977606475353,7.782256126403809,0.05456762388348581
519,ILSVRC2012_val_00005741_n03127925.JPEG,ILSVRC2012_val_00043051_n02123597.JPEG,0.1227649971842765,0.0041047614067792,3.28477144241333,0.11866023577749729
519,ILSVRC2012_val_00007784_n03127925.JPEG,ILSVRC2012_val_00015778_n04591157.JPEG,1.0801087617874146,0.0007358465809375,4.522479057312012,1.079372915206477
519,ILSVRC2012_val_00015057_n03127925.JPEG,ILSVRC2012_val_00006086_n04090263.JPEG,2.111459970474243,0.0061341351829469,6.825021266937256,2.1053258352912962
520,ILSVRC2012_val_00025653_n03131574.JPEG,ILSVRC2012_val_00026845_n01829413.JPEG,0.0823580399155616,0.0222690664231777,4.219720363616943,0.06008897349238391
520,ILSVRC2012_val_00025653_n03131574.JPEG,ILSVRC2012_val_00008599_n03445777.JPEG,0.0823580399155616,0.0073304255492985,3.956840753555298,0.07502761436626311
520,ILSVRC2012_val_00025653_n03131574.JPEG,ILSVRC2012_val_00047418_n03710193.JPEG,0.0823580399155616,0.004280571360141,3.331517219543457,0.07807746855542061
520,ILSVRC2012_val_00034154_n03131574.JPEG,ILSVRC2012_val_00004325_n02087046.JPEG,0.1500967442989349,0.0123054115101695,5.6421217918396,0.1377913327887654
520,ILSVRC2012_val_00010489_n03131574.JPEG,ILSVRC2012_val_00000294_n04465501.JPEG,1.0561535358428955,0.0103037562221288,3.809115648269653,1.0458497796207666
521,ILSVRC2012_val_00042723_n03133878.JPEG,ILSVRC2012_val_00010900_n03717622.JPEG,0.0172881074249744,0.0039930385537445,9.350029945373535,0.013295068871229901
521,ILSVRC2012_val_00033981_n03133878.JPEG,ILSVRC2012_val_00009966_n01675722.JPEG,0.0946850255131721,0.006467601750046,7.371251106262207,0.0882174237631261
521,ILSVRC2012_val_00021589_n03133878.JPEG,ILSVRC2012_val_00029923_n02110627.JPEG,0.3141826391220093,0.0673439130187034,7.697206974029541,0.24683872610330587
521,ILSVRC2012_val_00022797_n03133878.JPEG,ILSVRC2012_val_00002455_n04485082.JPEG,0.2673645615577698,0.0022487370297312,5.234287738800049,0.26511582452803856
521,ILSVRC2012_val_00021589_n03133878.JPEG,ILSVRC2012_val_00046001_n03933933.JPEG,0.3141826391220093,0.0068402653560042,6.019017219543457,0.3073423737660051
522,ILSVRC2012_val_00025931_n03134739.JPEG,ILSVRC2012_val_00029221_n02417914.JPEG,0.001170665025711,0.0011491130571812,6.226683616638184,2.1551968529799842e-05
522,ILSVRC2012_val_00007328_n03134739.JPEG,ILSVRC2012_val_00030986_n12985857.JPEG,0.0126262325793504,0.0059316316619515,7.866546630859375,0.0066946009173989
522,ILSVRC2012_val_00006507_n03134739.JPEG,ILSVRC2012_val_00038441_n02869837.JPEG,0.0693919658660888,0.0040636830963194,9.066694259643556,0.0653282827697694
522,ILSVRC2012_val_00041559_n03134739.JPEG,ILSVRC2012_val_00003534_n02870880.JPEG,0.1349070519208908,0.0021459662821143,6.586023807525635,0.1327610856387765
522,ILSVRC2012_val_00006897_n03134739.JPEG,ILSVRC2012_val_00040476_n07584110.JPEG,0.6878980398178101,0.0022864409256726,8.933545112609863,0.6856115988921374
523,ILSVRC2012_val_00029808_n03141823.JPEG,ILSVRC2012_val_00014132_n01978287.JPEG,0.44198939204216,0.0122126191854476,7.610795021057129,0.4297767728567124
523,ILSVRC2012_val_00038458_n03141823.JPEG,ILSVRC2012_val_00020801_n04596742.JPEG,1.7511574029922483,0.0010627818992361,8.141547203063965,1.7500946210930122
523,ILSVRC2012_val_00008874_n03141823.JPEG,ILSVRC2012_val_00030565_n03793489.JPEG,2.880537748336792,0.0034145168028771,7.661142349243164,2.877123231533915
523,ILSVRC2012_val_00026432_n03141823.JPEG,ILSVRC2012_val_00049162_n01744401.JPEG,3.483922481536865,0.0020697140134871,6.739404678344727,3.4818527675233777
523,ILSVRC2012_val_00026432_n03141823.JPEG,ILSVRC2012_val_00038228_n03494278.JPEG,3.483922481536865,0.0003033416287507,3.483922481536865,3.483619139908114
524,ILSVRC2012_val_00045290_n03146219.JPEG,ILSVRC2012_val_00040041_n04442312.JPEG,0.2101355046033859,0.0315860547125339,2.695440530776977,0.178549449890852
524,ILSVRC2012_val_00014672_n03146219.JPEG,ILSVRC2012_val_00011462_n03384352.JPEG,0.3666296601295471,0.0823932811617851,3.899336338043213,0.284236378967762
524,ILSVRC2012_val_00014672_n03146219.JPEG,ILSVRC2012_val_00028435_n02422106.JPEG,0.3666296601295471,0.0316413789987564,5.282386779785156,0.3349882811307907
524,ILSVRC2012_val_00014672_n03146219.JPEG,ILSVRC2012_val_00002427_n03160309.JPEG,0.3666296601295471,0.0182296801358461,0.4888126254081726,0.34839997999370104
524,ILSVRC2012_val_00012034_n03146219.JPEG,ILSVRC2012_val_00042292_n13037406.JPEG,0.413797527551651,0.0468336269259452,6.237719058990479,0.36696390062570583
525,ILSVRC2012_val_00006053_n03160309.JPEG,ILSVRC2012_val_00006564_n09421951.JPEG,0.0954852104187011,0.0004973366740159,0.2051069587469101,0.0949878737446852
525,ILSVRC2012_val_00015611_n03160309.JPEG,ILSVRC2012_val_00017802_n03991062.JPEG,0.2233176827430725,0.0011867393041029,4.326523780822754,0.2221309434389696
525,ILSVRC2012_val_00015611_n03160309.JPEG,ILSVRC2012_val_00035107_n02277742.JPEG,0.2233176827430725,0.000529387500137,7.690689563751221,0.2227882952429355
525,ILSVRC2012_val_00018927_n03160309.JPEG,ILSVRC2012_val_00012497_n07745940.JPEG,0.5250852704048157,0.0024083438329398,6.357038021087647,0.5226769265718759
525,ILSVRC2012_val_00020885_n03160309.JPEG,ILSVRC2012_val_00006796_n12985857.JPEG,2.912872552871704,0.0006525770877487,4.81291389465332,2.9122199757839553
526,ILSVRC2012_val_00044861_n03179701.JPEG,ILSVRC2012_val_00008191_n03938244.JPEG,0.2787961959838867,0.0079862801358103,5.6212921142578125,0.2708099158480764
526,ILSVRC2012_val_00008332_n03179701.JPEG,ILSVRC2012_val_00001662_n01669191.JPEG,0.350882887840271,0.0136691015213727,6.698649883270264,0.3372137863188983
526,ILSVRC2012_val_00021078_n03179701.JPEG,ILSVRC2012_val_00017833_n02992529.JPEG,0.416947990655899,0.0010115751065313,1.2466565370559692,0.41593641554936767
526,ILSVRC2012_val_00004410_n03179701.JPEG,ILSVRC2012_val_00001066_n02398521.JPEG,1.316207766532898,0.0139840776100754,8.947308540344238,1.3022236889228225
526,ILSVRC2012_val_00040102_n03179701.JPEG,ILSVRC2012_val_00015711_n02018207.JPEG,1.4936795234680176,0.0384962186217308,11.669483184814451,1.4551833048462868
527,ILSVRC2012_val_00002626_n03180011.JPEG,ILSVRC2012_val_00006709_n02408429.JPEG,0.4536811709403991,0.0398483909666538,8.862360000610352,0.4138327799737453
527,ILSVRC2012_val_00049752_n03180011.JPEG,ILSVRC2012_val_00021320_n12768682.JPEG,0.856174886226654,0.0487814918160438,5.044910430908203,0.8073933944106102
527,ILSVRC2012_val_00021984_n03180011.JPEG,ILSVRC2012_val_00027124_n02113186.JPEG,1.3068351745605469,0.2347423285245895,7.308804988861084,1.0720928460359573
527,ILSVRC2012_val_00021984_n03180011.JPEG,ILSVRC2012_val_00031168_n02236044.JPEG,1.3068351745605469,0.0122153274714946,7.90676212310791,1.2946198470890522
527,ILSVRC2012_val_00034411_n03180011.JPEG,ILSVRC2012_val_00005186_n02006656.JPEG,1.6802964210510254,0.0800592526793479,7.50621223449707,1.6002371683716774
528,ILSVRC2012_val_00029045_n03187595.JPEG,ILSVRC2012_val_00043723_n02107312.JPEG,0.0024861162528395,0.0019096963806077,5.974272727966309,0.0005764198722317997
528,ILSVRC2012_val_00031617_n03187595.JPEG,ILSVRC2012_val_00013458_n04296562.JPEG,0.0215041004121303,0.0029508401639759,8.473809242248535,0.018553260248154402
528,ILSVRC2012_val_00025136_n03187595.JPEG,ILSVRC2012_val_00028991_n02319095.JPEG,0.0557867847383022,0.0152398226782679,7.649324417114258,0.0405469620600343
528,ILSVRC2012_val_00016388_n03187595.JPEG,ILSVRC2012_val_00019106_n03954731.JPEG,0.1019299328327179,0.0039364006370306,5.71577262878418,0.0979935321956873
528,ILSVRC2012_val_00010652_n03187595.JPEG,ILSVRC2012_val_00040527_n07734744.JPEG,2.7088871002197266,0.0032612492796033,6.525266647338867,2.705625850940123
529,ILSVRC2012_val_00018058_n03188531.JPEG,ILSVRC2012_val_00000877_n01770081.JPEG,0.0602907799184322,0.0089978463947772,7.906065940856934,0.051292933523655
529,ILSVRC2012_val_00006233_n03188531.JPEG,ILSVRC2012_val_00017048_n02074367.JPEG,0.3135142624378204,0.0023466211277991,2.495368003845215,0.3111676413100213
529,ILSVRC2012_val_00004916_n03188531.JPEG,ILSVRC2012_val_00006384_n03124170.JPEG,0.39085453748703,0.0040133418515324,4.989086627960205,0.38684119563549757
529,ILSVRC2012_val_00012700_n03188531.JPEG,ILSVRC2012_val_00018431_n02509815.JPEG,0.8099098801612854,0.0028139064088463,5.1885271072387695,0.8070959737524391
529,ILSVRC2012_val_00024495_n03188531.JPEG,ILSVRC2012_val_00024608_n02489166.JPEG,2.889317989349365,0.0052167954854667,3.749882459640503,2.884101193863898
530,ILSVRC2012_val_00047057_n03196217.JPEG,ILSVRC2012_val_00032529_n02113712.JPEG,0.0245024170726537,0.0235118959099054,7.018918991088867,0.000990521162748302
530,ILSVRC2012_val_00003721_n03196217.JPEG,ILSVRC2012_val_00003808_n02111889.JPEG,0.0230833068490028,0.018274862319231,1.300113081932068,0.004808444529771801
530,ILSVRC2012_val_00047057_n03196217.JPEG,ILSVRC2012_val_00042458_n12267677.JPEG,0.0245024170726537,0.0037032850086688,4.206892490386963,0.020799132063984902
530,ILSVRC2012_val_00028481_n03196217.JPEG,ILSVRC2012_val_00021694_n07615774.JPEG,0.037170123308897,0.0050649903714656,7.735479354858398,0.0321051329374314
530,ILSVRC2012_val_00028481_n03196217.JPEG,ILSVRC2012_val_00014836_n02841315.JPEG,0.037170123308897,0.001763337990269,2.273514986038208,0.035406785318627995
531,ILSVRC2012_val_00045934_n03197337.JPEG,ILSVRC2012_val_00033892_n03617480.JPEG,0.372140884399414,0.045901995152235,9.587946891784668,0.32623888924717903
531,ILSVRC2012_val_00045934_n03197337.JPEG,ILSVRC2012_val_00026299_n02422699.JPEG,0.372140884399414,0.009993047453463,6.4450883865356445,0.362147836945951
531,ILSVRC2012_val_00013307_n03197337.JPEG,ILSVRC2012_val_00004551_n04332243.JPEG,0.4942478537559509,0.0072061624377965,2.9406471252441406,0.48704169131815445
531,ILSVRC2012_val_00013307_n03197337.JPEG,ILSVRC2012_val_00046027_n03871628.JPEG,0.4942478537559509,0.0041307606734335,6.861071586608887,0.49011709308251744
531,ILSVRC2012_val_00003634_n03197337.JPEG,ILSVRC2012_val_00041535_n02037110.JPEG,0.5803259611129761,0.0418746024370193,7.053328037261963,0.5384513586759567
532,ILSVRC2012_val_00044433_n03201208.JPEG,ILSVRC2012_val_00000391_n02094114.JPEG,0.0136414673179388,0.0114882364869117,8.062828063964844,0.0021532308310270986
532,ILSVRC2012_val_00023795_n03201208.JPEG,ILSVRC2012_val_00006785_n06794110.JPEG,0.013917657546699,0.0073284138925373,5.977862358093262,0.0065892436541617
532,ILSVRC2012_val_00023795_n03201208.JPEG,ILSVRC2012_val_00032461_n03721384.JPEG,0.013917657546699,0.005255454685539,4.031217098236084,0.00866220286116
532,ILSVRC2012_val_00011753_n03201208.JPEG,ILSVRC2012_val_00022467_n02992211.JPEG,0.3690982758998871,0.0026618547271937,6.755083084106445,0.36643642117269337
532,ILSVRC2012_val_00011753_n03201208.JPEG,ILSVRC2012_val_00021929_n02281787.JPEG,0.3690982758998871,0.0024625710211694,8.106557846069336,0.36663570487871766
533,ILSVRC2012_val_00047345_n03207743.JPEG,ILSVRC2012_val_00004321_n07697313.JPEG,0.0665801092982292,0.0115234721451997,8.076342582702637,0.055056637153029504
533,ILSVRC2012_val_00047345_n03207743.JPEG,ILSVRC2012_val_00000042_n04049303.JPEG,0.0665801092982292,0.0043723224662244,6.765791893005371,0.062207786832004806
533,ILSVRC2012_val_00011456_n03207743.JPEG,ILSVRC2012_val_00045380_n04476259.JPEG,0.1102169603109359,0.0036296457983553,5.83488655090332,0.1065873145125806
533,ILSVRC2012_val_00009860_n03207743.JPEG,ILSVRC2012_val_00032493_n02091032.JPEG,0.2595709264278412,0.0088616199791431,4.413470268249512,0.2507093064486981
533,ILSVRC2012_val_00030446_n03207743.JPEG,ILSVRC2012_val_00041721_n03400231.JPEG,2.5505917072296143,0.0027268866542726,2.5505917072296143,2.5478648205753416
534,ILSVRC2012_val_00021405_n03207941.JPEG,ILSVRC2012_val_00000463_n07718472.JPEG,0.0008673481643199,0.0007962394156493,1.663746953010559,7.110874867059997e-05
534,ILSVRC2012_val_00006788_n03207941.JPEG,ILSVRC2012_val_00026515_n02666196.JPEG,0.1226959303021431,0.0516049414873123,7.410062313079834,0.0710909888148308
534,ILSVRC2012_val_00041239_n03207941.JPEG,ILSVRC2012_val_00045462_n02840245.JPEG,0.1568848043680191,0.0176137760281562,5.138676643371582,0.1392710283398629
534,ILSVRC2012_val_00011610_n03207941.JPEG,ILSVRC2012_val_00024746_n03874599.JPEG,0.9277775287628174,0.0025779129937291,6.202383518218994,0.9251996157690883
534,ILSVRC2012_val_00015960_n03207941.JPEG,ILSVRC2012_val_00017305_n03649909.JPEG,1.3617258071899414,0.0024132197722792,5.45400333404541,1.3593125874176621
535,ILSVRC2012_val_00011361_n03208938.JPEG,ILSVRC2012_val_00015034_n04326547.JPEG,0.0104416729882359,0.0034509885590523,6.206431865692139,0.006990684429183601
535,ILSVRC2012_val_00003128_n03208938.JPEG,ILSVRC2012_val_00013084_n07711569.JPEG,0.0326317325234413,0.0016937209293246,3.2985877990722656,0.0309380115941167
535,ILSVRC2012_val_00039566_n03208938.JPEG,ILSVRC2012_val_00009808_n04443257.JPEG,0.0451223142445087,0.002617031103,5.778243064880371,0.0425052831415087
535,ILSVRC2012_val_00023894_n03208938.JPEG,ILSVRC2012_val_00029359_n02105505.JPEG,0.1966535598039627,0.0109303081408143,6.546528339385986,0.1857232516631484
535,ILSVRC2012_val_00023894_n03208938.JPEG,ILSVRC2012_val_00032457_n02443484.JPEG,0.1966535598039627,0.0042050755582749,5.032227516174316,0.1924484842456878
536,ILSVRC2012_val_00030985_n03216828.JPEG,ILSVRC2012_val_00042774_n01990800.JPEG,0.1006839945912361,0.0750460475683212,5.799068450927734,0.0256379470229149
536,ILSVRC2012_val_00009068_n03216828.JPEG,ILSVRC2012_val_00031996_n03825788.JPEG,1.0154284238815308,0.5562529563903809,9.974355697631836,0.4591754674911499
536,ILSVRC2012_val_00045822_n03216828.JPEG,ILSVRC2012_val_00037162_n04263257.JPEG,1.356777906417847,0.0287314895540475,6.530195236206055,1.3280464168637993
536,ILSVRC2012_val_00001729_n03216828.JPEG,ILSVRC2012_val_00012240_n07715103.JPEG,1.860989570617676,0.3529044389724731,7.156012535095215,1.5080851316452029
536,ILSVRC2012_val_00001729_n03216828.JPEG,ILSVRC2012_val_00013508_n02093256.JPEG,1.860989570617676,0.0118295829743146,5.446722984313965,1.8491599876433613
537,ILSVRC2012_val_00029837_n03218198.JPEG,ILSVRC2012_val_00040648_n04335435.JPEG,0.0465696826577186,0.0017103818245232,5.323868751525879,0.044859300833195406
537,ILSVRC2012_val_00017861_n03218198.JPEG,ILSVRC2012_val_00021736_n02110185.JPEG,0.1224151998758316,0.005161294247955,6.619182586669922,0.1172539056278766
537,ILSVRC2012_val_00017861_n03218198.JPEG,ILSVRC2012_val_00034475_n03792972.JPEG,0.1224151998758316,0.0028849907685071,4.361865520477295,0.11953020910732451
537,ILSVRC2012_val_00043332_n03218198.JPEG,ILSVRC2012_val_00030273_n03400231.JPEG,0.201964721083641,0.0157643742859363,8.037145614624023,0.1862003467977047
537,ILSVRC2012_val_00010058_n03218198.JPEG,ILSVRC2012_val_00028847_n04251144.JPEG,0.2956494390964508,0.0076072998344898,3.0956132411956787,0.288042139261961
538,ILSVRC2012_val_00030349_n03220513.JPEG,ILSVRC2012_val_00036438_n07754684.JPEG,0.0227632597088813,0.0207464881241321,7.738876342773437,0.0020167715847491975
538,ILSVRC2012_val_00007941_n03220513.JPEG,ILSVRC2012_val_00013644_n04507155.JPEG,0.0105400560423731,0.0045212665572762,4.489540576934815,0.0060187894850969
538,ILSVRC2012_val_00043673_n03220513.JPEG,ILSVRC2012_val_00005484_n03457902.JPEG,0.0674579143524169,0.0038410471752285,1.9396555423736568,0.0636168671771884
538,ILSVRC2012_val_00007952_n03220513.JPEG,ILSVRC2012_val_00009120_n03384352.JPEG,0.3118691742420196,0.0085646454244852,2.3241941928863525,0.3033045288175344
538,ILSVRC2012_val_00007952_n03220513.JPEG,ILSVRC2012_val_00001247_n04285008.JPEG,0.3118691742420196,0.0037322642747312,4.9405012130737305,0.3081369099672884
539,ILSVRC2012_val_00022592_n03223299.JPEG,ILSVRC2012_val_00000196_n02643566.JPEG,0.0882920548319816,0.002545214490965,5.79008674621582,0.08574684034101661
539,ILSVRC2012_val_00004775_n03223299.JPEG,ILSVRC2012_val_00002673_n04399382.JPEG,0.945262372493744,0.0007668177131563,3.204631090164185,0.9444955547805877
539,ILSVRC2012_val_00007119_n03223299.JPEG,ILSVRC2012_val_00034792_n02017213.JPEG,2.7989211082458496,0.0099741630256176,6.585406303405762,2.788946945220232
539,ILSVRC2012_val_00007119_n03223299.JPEG,ILSVRC2012_val_00014374_n02110627.JPEG,2.7989211082458496,0.0016742035513743,3.2002146244049072,2.7972469046944752
539,ILSVRC2012_val_00034663_n03223299.JPEG,ILSVRC2012_val_00019727_n02497673.JPEG,4.92759895324707,0.0012884180760011,4.986767768859863,4.926310535171069
540,ILSVRC2012_val_00040675_n03240683.JPEG,ILSVRC2012_val_00000463_n07718472.JPEG,0.0050629740580916,0.0049319043755531,7.499992847442627,0.00013106968253849983
540,ILSVRC2012_val_00040675_n03240683.JPEG,ILSVRC2012_val_00009003_n04606251.JPEG,0.0050629740580916,0.0023112983908504,2.2549595832824707,0.0027516756672411997
540,ILSVRC2012_val_00044840_n03240683.JPEG,ILSVRC2012_val_00033261_n01630670.JPEG,0.0101953195407986,0.0036659911274909,6.936437606811523,0.0065293284133077
540,ILSVRC2012_val_00022135_n03240683.JPEG,ILSVRC2012_val_00049117_n03271574.JPEG,0.0380072146654129,0.0260738804936409,7.536521911621094,0.011933334171772003
540,ILSVRC2012_val_00011582_n03240683.JPEG,ILSVRC2012_val_00036700_n02091134.JPEG,0.1459007710218429,0.1268326044082641,6.418840408325195,0.019068166613578796
541,ILSVRC2012_val_00010316_n03249569.JPEG,ILSVRC2012_val_00029928_n03291819.JPEG,0.1001902967691421,0.0040520476177334,6.574040412902832,0.0961382491514087
541,ILSVRC2012_val_00010316_n03249569.JPEG,ILSVRC2012_val_00038968_n03014705.JPEG,0.1001902967691421,0.0017050266033038,8.05250358581543,0.0984852701658383
541,ILSVRC2012_val_00001972_n03249569.JPEG,ILSVRC2012_val_00042271_n04325704.JPEG,0.1315782368183136,0.0023988301400095,4.603260040283203,0.1291794066783041
541,ILSVRC2012_val_00040561_n03249569.JPEG,ILSVRC2012_val_00040836_n02097130.JPEG,0.2118314057588577,0.0123998438939452,7.971129417419434,0.1994315618649125
541,ILSVRC2012_val_00002043_n03249569.JPEG,ILSVRC2012_val_00027739_n02909870.JPEG,1.871169686317444,0.0013893722789362,5.527279853820801,1.8697803140385079
542,ILSVRC2012_val_00012552_n03250847.JPEG,ILSVRC2012_val_00045690_n01608432.JPEG,0.0970515236258506,0.0039837774820625,2.497125625610352,0.0930677461437881
542,ILSVRC2012_val_00036579_n03250847.JPEG,ILSVRC2012_val_00037880_n01983481.JPEG,0.1989143937826156,0.0087108388543128,8.378349304199219,0.19020355492830282
542,ILSVRC2012_val_00012319_n03250847.JPEG,ILSVRC2012_val_00040155_n03450230.JPEG,0.7153133153915405,0.0037251382600516,5.835330486297607,0.7115881771314889
542,ILSVRC2012_val_00012319_n03250847.JPEG,ILSVRC2012_val_00028959_n07831146.JPEG,0.7153133153915405,0.0026741004548966,4.063962459564209,0.712639214936644
542,ILSVRC2012_val_00012319_n03250847.JPEG,ILSVRC2012_val_00047339_n03492542.JPEG,0.7153133153915405,0.0023532812483608,7.191550254821777,0.7129600341431798
543,ILSVRC2012_val_00001275_n03255030.JPEG,ILSVRC2012_val_00016991_n02090622.JPEG,0.0436995476484298,0.0370078161358833,5.898714065551758,0.006691731512546505
543,ILSVRC2012_val_00001275_n03255030.JPEG,ILSVRC2012_val_00045662_n02497673.JPEG,0.0436995476484298,0.0285336282104253,5.573141574859619,0.0151659194380045
543,ILSVRC2012_val_00001275_n03255030.JPEG,ILSVRC2012_val_00046750_n04286575.JPEG,0.0436995476484298,0.0029809109400957,4.657630920410156,0.0407186367083341
543,ILSVRC2012_val_00028417_n03255030.JPEG,ILSVRC2012_val_00045607_n03998194.JPEG,0.4153794050216675,0.0233201012015342,8.564748764038086,0.39205930382013326
543,ILSVRC2012_val_00032911_n03255030.JPEG,ILSVRC2012_val_00011354_n02437312.JPEG,1.0907562971115112,0.0041340850293636,7.159834861755371,1.0866222120821476
544,ILSVRC2012_val_00045439_n03259280.JPEG,ILSVRC2012_val_00030598_n04380533.JPEG,0.0642734467983245,0.0115681337192654,7.961111545562744,0.0527053130790591
544,ILSVRC2012_val_00046315_n03259280.JPEG,ILSVRC2012_val_00030268_n03950228.JPEG,0.0697332397103309,0.0063168150372803,7.170530796051025,0.06341642467305059
544,ILSVRC2012_val_00012450_n03259280.JPEG,ILSVRC2012_val_00024062_n04523525.JPEG,0.1869517862796783,0.0064402413554489,11.34848690032959,0.18051154492422938
544,ILSVRC2012_val_00012450_n03259280.JPEG,ILSVRC2012_val_00011752_n02834397.JPEG,0.1869517862796783,0.0009404765442013,3.346710681915283,0.186011309735477
544,ILSVRC2012_val_00020608_n03259280.JPEG,ILSVRC2012_val_00033709_n03982430.JPEG,0.7305792570114136,0.0018734062323346,7.215061664581299,0.728705850779079
545,ILSVRC2012_val_00049117_n03271574.JPEG,ILSVRC2012_val_00022186_n01558993.JPEG,0.0008603208698332,0.0008338788175024,4.504295349121094,2.644205233079996e-05
545,ILSVRC2012_val_00016049_n03271574.JPEG,ILSVRC2012_val_00047903_n02268853.JPEG,0.0084781246259808,0.0004992430913262,0.480612963438034,0.0079788815346546
545,ILSVRC2012_val_00002761_n03271574.JPEG,ILSVRC2012_val_00005573_n02808304.JPEG,0.306659460067749,0.0031958955805748,4.929693222045898,0.3034635644871742
545,ILSVRC2012_val_00002761_n03271574.JPEG,ILSVRC2012_val_00010236_n04344873.JPEG,0.306659460067749,0.0011404207907617,1.783177375793457,0.3055190392769873
545,ILSVRC2012_val_00012567_n03271574.JPEG,ILSVRC2012_val_00003997_n02229544.JPEG,0.6367632150650024,0.002226494718343,6.47260046005249,0.6345367203466594
546,ILSVRC2012_val_00014896_n03272010.JPEG,ILSVRC2012_val_00044473_n02112706.JPEG,0.2491647452116012,0.101795457303524,7.69486141204834,0.14736928790807718
546,ILSVRC2012_val_00009952_n03272010.JPEG,ILSVRC2012_val_00032120_n02086910.JPEG,0.1823770254850387,0.01009336207062,7.202784538269043,0.1722836634144187
546,ILSVRC2012_val_00045682_n03272010.JPEG,ILSVRC2012_val_00013849_n07716358.JPEG,3.052429676055908,0.0055742776021361,8.790862083435059,3.046855398453772
546,ILSVRC2012_val_00006680_n03272010.JPEG,ILSVRC2012_val_00041784_n07860988.JPEG,3.764571189880371,0.0043447860516607,8.04177474975586,3.7602264038287103
546,ILSVRC2012_val_00006680_n03272010.JPEG,ILSVRC2012_val_00022966_n02415577.JPEG,3.764571189880371,0.0023425775580108,5.237156867980957,3.7622286123223603
547,ILSVRC2012_val_00024364_n03272562.JPEG,ILSVRC2012_val_00017594_n02092002.JPEG,0.0601291507482528,0.0510959178209304,9.185539245605469,0.009033232927322402
547,ILSVRC2012_val_00046707_n03272562.JPEG,ILSVRC2012_val_00034398_n07613480.JPEG,0.0426369421184062,0.0103934220969676,6.517629146575928,0.0322435200214386
547,ILSVRC2012_val_00024364_n03272562.JPEG,ILSVRC2012_val_00044870_n04125021.JPEG,0.0601291507482528,0.0189700182527303,4.387276649475098,0.0411591324955225
547,ILSVRC2012_val_00046255_n03272562.JPEG,ILSVRC2012_val_00032422_n02823750.JPEG,0.1975565254688263,0.0132934460416436,7.317784309387207,0.1842630794271827
547,ILSVRC2012_val_00043551_n03272562.JPEG,ILSVRC2012_val_00008242_n03916031.JPEG,0.2510736882686615,0.0162201542407274,10.468932151794434,0.2348535340279341
548,ILSVRC2012_val_00040354_n03290653.JPEG,ILSVRC2012_val_00006792_n02127052.JPEG,0.0705980658531189,0.0567922666668891,5.931620597839356,0.013805799186229796
548,ILSVRC2012_val_00026788_n03290653.JPEG,ILSVRC2012_val_00012183_n01983481.JPEG,0.0754551514983177,0.0605327263474464,9.231090545654297,0.014922425150871305
548,ILSVRC2012_val_00018281_n03290653.JPEG,ILSVRC2012_val_00017753_n01748264.JPEG,0.0720587447285652,0.0500245913863182,5.39417839050293,0.022034153342247002
548,ILSVRC2012_val_00018281_n03290653.JPEG,ILSVRC2012_val_00000511_n02089867.JPEG,0.0720587447285652,0.0484134592115879,6.702919960021973,0.023645285516977303
548,ILSVRC2012_val_00009515_n03290653.JPEG,ILSVRC2012_val_00036951_n02892767.JPEG,0.2944714426994324,0.0385240912437438,5.569381713867188,0.2559473514556886
549,ILSVRC2012_val_00029928_n03291819.JPEG,ILSVRC2012_val_00034019_n03838899.JPEG,0.1041887179017067,0.0030131200328469,2.7319998741149902,0.1011755978688598
549,ILSVRC2012_val_00034999_n03291819.JPEG,ILSVRC2012_val_00039815_n04325704.JPEG,0.6671528220176697,0.0050460128113627,6.930046558380127,0.6621068092063069
549,ILSVRC2012_val_00034999_n03291819.JPEG,ILSVRC2012_val_00012947_n03697007.JPEG,0.6671528220176697,0.0037311953492462,4.721597671508789,0.6634216266684235
549,ILSVRC2012_val_00009905_n03291819.JPEG,ILSVRC2012_val_00010948_n04125021.JPEG,1.500868797302246,0.0032157397363334,3.457650661468506,1.4976530575659126
549,ILSVRC2012_val_00033128_n03291819.JPEG,ILSVRC2012_val_00036060_n11939491.JPEG,1.579230546951294,0.0079600252211093,5.998081684112549,1.5712705217301846
550,ILSVRC2012_val_00014754_n03297495.JPEG,ILSVRC2012_val_00001533_n04252225.JPEG,0.0722313225269317,0.0081242807209491,6.616818428039551,0.06410704180598259
550,ILSVRC2012_val_00020583_n03297495.JPEG,ILSVRC2012_val_00015744_n02422106.JPEG,0.188590794801712,0.0038634911179542,6.477513313293457,0.1847273036837578
550,ILSVRC2012_val_00025401_n03297495.JPEG,ILSVRC2012_val_00035874_n04562935.JPEG,0.3673627972602844,0.0262991692870855,6.8655500411987305,0.34106362797319895
550,ILSVRC2012_val_00021057_n03297495.JPEG,ILSVRC2012_val_00020965_n02100236.JPEG,0.92508727312088,0.0078933220356702,5.799517631530762,0.9171939510852098
550,ILSVRC2012_val_00012972_n03297495.JPEG,ILSVRC2012_val_00010573_n03459775.JPEG,2.0419249534606934,0.0021138484589755,3.587928295135498,2.039811105001718
551,ILSVRC2012_val_00044750_n03314780.JPEG,ILSVRC2012_val_00016462_n02107683.JPEG,0.0780896171927452,0.0036630216054618,5.586444854736328,0.0744265955872834
551,ILSVRC2012_val_00032987_n03314780.JPEG,ILSVRC2012_val_00045875_n04041544.JPEG,1.2123925685882568,0.0076393601484596,5.648289680480957,1.2047532084397972
551,ILSVRC2012_val_00034630_n03314780.JPEG,ILSVRC2012_val_00030999_n02980441.JPEG,1.7397679090499878,0.012618463486433,3.982575654983521,1.7271494455635548
551,ILSVRC2012_val_00032200_n03314780.JPEG,ILSVRC2012_val_00009914_n03481172.JPEG,1.9461016654968264,0.00239585689269,6.791529655456543,1.9437058086041363
551,ILSVRC2012_val_00032200_n03314780.JPEG,ILSVRC2012_val_00047791_n04147183.JPEG,1.9461016654968264,0.0014229421503841,3.9947118759155273,1.9446787233464422
552,ILSVRC2012_val_00031270_n03325584.JPEG,ILSVRC2012_val_00025709_n02966687.JPEG,0.0012138864258304,0.0011879300000146,4.4405517578125,2.5956425815799877e-05
552,ILSVRC2012_val_00017563_n03325584.JPEG,ILSVRC2012_val_00043460_n02981792.JPEG,0.0588157176971435,0.0013024666113778,6.138825416564941,0.0575132510857657
552,ILSVRC2012_val_00007741_n03325584.JPEG,ILSVRC2012_val_00030081_n02389026.JPEG,0.1431507319211959,0.006450901273638,5.811356067657471,0.1366998306475579
552,ILSVRC2012_val_00031276_n03325584.JPEG,ILSVRC2012_val_00035562_n02106382.JPEG,0.7221419215202332,0.007199415937066,4.87608528137207,0.7149425055831672
552,ILSVRC2012_val_00031276_n03325584.JPEG,ILSVRC2012_val_00048666_n02006656.JPEG,0.7221419215202332,0.0006242233794182,5.604662895202637,0.7215176981408149
553,ILSVRC2012_val_00030471_n03337140.JPEG,ILSVRC2012_val_00018217_n07695742.JPEG,0.0658017694950103,0.0069753467105329,6.598566055297852,0.0588264227844774
553,ILSVRC2012_val_00030471_n03337140.JPEG,ILSVRC2012_val_00024699_n03026506.JPEG,0.0658017694950103,0.0016858663875609,0.9162560105323792,0.06411590310744941
553,ILSVRC2012_val_00048129_n03337140.JPEG,ILSVRC2012_val_00037911_n03786901.JPEG,0.0872503593564033,0.0015651845606043,2.5542211532592773,0.085685174795799
553,ILSVRC2012_val_00032953_n03337140.JPEG,ILSVRC2012_val_00043825_n02088094.JPEG,0.7252427339553833,0.0113013125956058,6.037419319152832,0.7139414213597775
553,ILSVRC2012_val_00032953_n03337140.JPEG,ILSVRC2012_val_00047113_n03590841.JPEG,0.7252427339553833,0.0068853734992444,7.1764726638793945,0.7183573604561388
554,ILSVRC2012_val_00016655_n03344393.JPEG,ILSVRC2012_val_00036483_n03388549.JPEG,0.0006749735912308,0.0006413786904886,2.940011739730835,3.359490074220008e-05
554,ILSVRC2012_val_00018727_n03344393.JPEG,ILSVRC2012_val_00023695_n02017213.JPEG,0.2856221795082092,0.0037265634164214,5.413902759552002,0.28189561609178776
554,ILSVRC2012_val_00020486_n03344393.JPEG,ILSVRC2012_val_00016901_n03041632.JPEG,0.6643300652503967,0.0070630628615617,4.047608375549316,0.6572670023888351
554,ILSVRC2012_val_00020486_n03344393.JPEG,ILSVRC2012_val_00041970_n03967562.JPEG,0.6643300652503967,0.0001265922473976,0.8174601793289185,0.6642034730029991
554,ILSVRC2012_val_00007731_n03344393.JPEG,ILSVRC2012_val_00047912_n02974003.JPEG,1.493219017982483,0.0310491677373647,5.161273956298828,1.4621698502451181
555,ILSVRC2012_val_00003050_n03345487.JPEG,ILSVRC2012_val_00036078_n04277352.JPEG,0.0272164065390825,0.0172039791941642,11.155440330505373,0.0100124273449183
555,ILSVRC2012_val_00010690_n03345487.JPEG,ILSVRC2012_val_00035046_n04562935.JPEG,0.0212271958589553,0.0074487570673227,7.884679317474365,0.0137784387916326
555,ILSVRC2012_val_00003050_n03345487.JPEG,ILSVRC2012_val_00005566_n03424325.JPEG,0.0272164065390825,0.0101902456954121,6.741076469421387,0.0170261608436704
555,ILSVRC2012_val_00039248_n03345487.JPEG,ILSVRC2012_val_00025546_n02488291.JPEG,0.2381937205791473,0.0127372303977608,7.734927177429199,0.2254564901813865
555,ILSVRC2012_val_00004238_n03345487.JPEG,ILSVRC2012_val_00022390_n02111500.JPEG,0.4462835788726806,0.031281542032957,8.014749526977539,0.4150020368397236
556,ILSVRC2012_val_00001219_n03347037.JPEG,ILSVRC2012_val_00043519_n03937543.JPEG,0.0199922733008861,0.0020860119257122,6.148463249206543,0.0179062613751739
556,ILSVRC2012_val_00001167_n03347037.JPEG,ILSVRC2012_val_00038829_n03642806.JPEG,1.038066267967224,0.0019258777610957,1.12819242477417,1.0361403902061281
556,ILSVRC2012_val_00028906_n03347037.JPEG,ILSVRC2012_val_00010367_n04111531.JPEG,1.4583991765975952,0.0018665050156414,3.0123178958892822,1.4565326715819538
556,ILSVRC2012_val_00028906_n03347037.JPEG,ILSVRC2012_val_00027141_n04550184.JPEG,1.4583991765975952,0.0015262633096426,4.571156978607178,1.4568729132879525
556,ILSVRC2012_val_00026726_n03347037.JPEG,ILSVRC2012_val_00003261_n02033041.JPEG,2.505724668502808,0.0056683993898332,6.915562152862549,2.500056269112975
557,ILSVRC2012_val_00000445_n03355925.JPEG,ILSVRC2012_val_00040373_n07579787.JPEG,0.0241747964173555,0.0175703205168247,5.337009429931641,0.006604475900530798
557,ILSVRC2012_val_00049608_n03355925.JPEG,ILSVRC2012_val_00018408_n03208938.JPEG,0.0228722058236598,0.0039206082001328,4.410082340240479,0.018951597623527
557,ILSVRC2012_val_00000445_n03355925.JPEG,ILSVRC2012_val_00023045_n04235860.JPEG,0.0241747964173555,0.001601128722541,0.9196386337280272,0.0225736676948145
557,ILSVRC2012_val_00041901_n03355925.JPEG,ILSVRC2012_val_00034707_n03761084.JPEG,0.2789733409881592,0.0095240278169512,5.824214458465576,0.26944931317120796
557,ILSVRC2012_val_00008464_n03355925.JPEG,ILSVRC2012_val_00025329_n02951585.JPEG,0.5072231888771057,0.0081836376339197,5.177770137786865,0.499039551243186
558,ILSVRC2012_val_00008240_n03372029.JPEG,ILSVRC2012_val_00042644_n03733805.JPEG,0.0042888806201517,0.0040078801102936,6.083780765533447,0.0002810005098581002
558,ILSVRC2012_val_00008240_n03372029.JPEG,ILSVRC2012_val_00020713_n03976467.JPEG,0.0042888806201517,0.0039263078942894,6.793554306030273,0.0003625727258623002
558,ILSVRC2012_val_00008240_n03372029.JPEG,ILSVRC2012_val_00020895_n02977058.JPEG,0.0042888806201517,0.0034001416061073,4.846573829650879,0.0008887390140444001
558,ILSVRC2012_val_00008240_n03372029.JPEG,ILSVRC2012_val_00024072_n02093647.JPEG,0.0042888806201517,0.00163219217211,2.537473678588867,0.0026566884480417
558,ILSVRC2012_val_00028648_n03372029.JPEG,ILSVRC2012_val_00029202_n04154565.JPEG,4.015363693237305,0.0005428509321063,8.856229782104492,4.014820842305198
559,ILSVRC2012_val_00042545_n03376595.JPEG,ILSVRC2012_val_00004208_n02111500.JPEG,0.0001008459730655,0.0001004883815767,7.315129280090332,3.5759148880000675e-07
559,ILSVRC2012_val_00007063_n03376595.JPEG,ILSVRC2012_val_00002730_n01530575.JPEG,0.5840497612953186,0.0042289355769753,6.975896835327148,0.5798208257183433
559,ILSVRC2012_val_00015559_n03376595.JPEG,ILSVRC2012_val_00033565_n02071294.JPEG,0.6678153872489929,0.0088148284703493,7.620663642883301,0.6590005587786436
559,ILSVRC2012_val_00040795_n03376595.JPEG,ILSVRC2012_val_00014140_n03770679.JPEG,1.126517415046692,0.0087823327630758,7.610029220581055,1.117735082283616
559,ILSVRC2012_val_00013225_n03376595.JPEG,ILSVRC2012_val_00038579_n02002724.JPEG,3.486113309860229,0.004409946501255,9.291044235229492,3.481703363358974
560,ILSVRC2012_val_00038917_n03379051.JPEG,ILSVRC2012_val_00033341_n02105056.JPEG,0.0341073013842105,0.0307328179478645,7.2013983726501465,0.003374483436346002
560,ILSVRC2012_val_00034208_n03379051.JPEG,ILSVRC2012_val_00044842_n02114712.JPEG,0.0572574250400066,0.0475401394069194,10.407334327697754,0.0097172856330872
560,ILSVRC2012_val_00047355_n03379051.JPEG,ILSVRC2012_val_00031866_n02018795.JPEG,0.0539389438927173,0.0172741655260324,9.87839698791504,0.0366647783666849
560,ILSVRC2012_val_00020937_n03379051.JPEG,ILSVRC2012_val_00021067_n02877765.JPEG,0.1071322560310363,0.0017194262472912,3.53985333442688,0.1054128297837451
560,ILSVRC2012_val_00020937_n03379051.JPEG,ILSVRC2012_val_00007047_n04033995.JPEG,0.1071322560310363,0.0009676303598098,7.118847846984863,0.10616462567122649
561,ILSVRC2012_val_00045722_n03384352.JPEG,ILSVRC2012_val_00022267_n03857828.JPEG,0.0191418305039405,0.0065186480060219,7.069155216217041,0.012623182497918599
561,ILSVRC2012_val_00010186_n03384352.JPEG,ILSVRC2012_val_00000196_n02643566.JPEG,0.1060982197523117,0.0310652311891317,7.394389152526855,0.07503298856318001
561,ILSVRC2012_val_00010186_n03384352.JPEG,ILSVRC2012_val_00002914_n03376595.JPEG,0.1060982197523117,0.0014046097639948,4.370688438415527,0.10469360998831691
561,ILSVRC2012_val_00019579_n03384352.JPEG,ILSVRC2012_val_00045095_n03877472.JPEG,0.3030518889427185,0.0060528544709086,7.296895980834961,0.2969990344718099
561,ILSVRC2012_val_00019579_n03384352.JPEG,ILSVRC2012_val_00045693_n04125021.JPEG,0.3030518889427185,0.0025682819541543,3.99396014213562,0.3004836069885642
562,ILSVRC2012_val_00014516_n03388043.JPEG,ILSVRC2012_val_00036850_n01644373.JPEG,0.0609189830720424,0.0037368959747254,5.16115665435791,0.057182087097317
562,ILSVRC2012_val_00014516_n03388043.JPEG,ILSVRC2012_val_00006588_n07932039.JPEG,0.0609189830720424,0.0003877126437146,4.1467604637146,0.0605312704283278
562,ILSVRC2012_val_00014516_n03388043.JPEG,ILSVRC2012_val_00034027_n04418357.JPEG,0.0609189830720424,0.0003695997002068,4.781428813934326,0.0605493833718356
562,ILSVRC2012_val_00014682_n03388043.JPEG,ILSVRC2012_val_00025037_n01537544.JPEG,0.1710684448480606,0.0006486457423307,2.047161102294922,0.1704197991057299
562,ILSVRC2012_val_00006134_n03388043.JPEG,ILSVRC2012_val_00026204_n03179701.JPEG,0.4774842262268066,0.0015795861836522,7.642291069030762,0.47590464004315436
563,ILSVRC2012_val_00047917_n03388183.JPEG,ILSVRC2012_val_00013549_n02097658.JPEG,0.0040687881410121,0.0040126293897628,6.8830413818359375,5.615875124929948e-05
563,ILSVRC2012_val_00011312_n03388183.JPEG,ILSVRC2012_val_00004508_n02410509.JPEG,0.0643228590488433,0.0048412722535431,4.434661865234375,0.059481586795300204
563,ILSVRC2012_val_00017298_n03388183.JPEG,ILSVRC2012_val_00018846_n03085013.JPEG,0.0763196870684623,0.0023156988900154,0.8520473837852478,0.0740039881784469
563,ILSVRC2012_val_00020340_n03388183.JPEG,ILSVRC2012_val_00013823_n03958227.JPEG,0.1211148127913475,0.0070121623575687,10.085198402404783,0.1141026504337788
563,ILSVRC2012_val_00020340_n03388183.JPEG,ILSVRC2012_val_00002602_n01944390.JPEG,0.1211148127913475,0.0018165291985496,4.010115623474121,0.1192982835927979
564,ILSVRC2012_val_00026165_n03388549.JPEG,ILSVRC2012_val_00047345_n03207743.JPEG,0.0330078043043613,0.0312573947012424,7.228838920593262,0.0017504096031189034
564,ILSVRC2012_val_00011460_n03388549.JPEG,ILSVRC2012_val_00042299_n02169497.JPEG,0.0085589727386832,0.000532366160769,0.3681192696094513,0.0080266065779142
564,ILSVRC2012_val_00045201_n03388549.JPEG,ILSVRC2012_val_00042875_n03467068.JPEG,0.0564287528395652,0.0004157155926804,0.7193496227264404,0.0560130372468848
564,ILSVRC2012_val_00002945_n03388549.JPEG,ILSVRC2012_val_00019308_n01629819.JPEG,0.2014049589633941,0.0776442065834999,8.268950462341309,0.12376075237989421
564,ILSVRC2012_val_00037249_n03388549.JPEG,ILSVRC2012_val_00001171_n02981792.JPEG,0.1434725970029831,0.0018323551630601,2.281867265701294,0.141640241839923
565,ILSVRC2012_val_00006511_n03393912.JPEG,ILSVRC2012_val_00029156_n01775062.JPEG,0.0111572658643126,0.0105829928070306,7.147313117980957,0.0005742730572820005
565,ILSVRC2012_val_00004018_n03393912.JPEG,ILSVRC2012_val_00041631_n02971356.JPEG,0.0042460290715098,0.0025387934874743,5.880808830261231,0.0017072355840354997
565,ILSVRC2012_val_00004018_n03393912.JPEG,ILSVRC2012_val_00046578_n03908714.JPEG,0.0042460290715098,0.0015386421000584,3.914715528488159,0.0027073869714514002
565,ILSVRC2012_val_00035384_n03393912.JPEG,ILSVRC2012_val_00016071_n02509815.JPEG,0.0194576606154441,0.0162193328142166,5.849601745605469,0.0032383278012275
565,ILSVRC2012_val_00036114_n03393912.JPEG,ILSVRC2012_val_00015064_n02480855.JPEG,0.013288740068674,0.0096325371414422,5.110888481140137,0.0036562029272318008
566,ILSVRC2012_val_00028723_n03394916.JPEG,ILSVRC2012_val_00027121_n02112350.JPEG,0.0023021404631435,0.002237080829218,8.318990707397461,6.505963392549989e-05
566,ILSVRC2012_val_00048303_n03394916.JPEG,ILSVRC2012_val_00049899_n01614925.JPEG,0.1439344435930252,0.0031209117732942,7.354008674621582,0.140813531819731
566,ILSVRC2012_val_00007985_n03394916.JPEG,ILSVRC2012_val_00002863_n02509815.JPEG,0.4253725707530975,0.0129855470731854,7.582496643066406,0.4123870236799121
566,ILSVRC2012_val_00001492_n03394916.JPEG,ILSVRC2012_val_00032715_n09332890.JPEG,0.6766091585159302,0.0056742075830698,7.466349124908447,0.6709349509328604
566,ILSVRC2012_val_00025761_n03394916.JPEG,ILSVRC2012_val_00046392_n03633091.JPEG,2.606201410293579,0.0009185624076053,3.6111764907836914,2.6052828478859738
567,ILSVRC2012_val_00009196_n03400231.JPEG,ILSVRC2012_val_00007774_n07715103.JPEG,0.510332465171814,0.0157711803913116,9.21496868133545,0.4945612847805024
567,ILSVRC2012_val_00041721_n03400231.JPEG,ILSVRC2012_val_00023377_n03000134.JPEG,1.7548727989196775,0.0302819851785898,7.585294723510742,1.7245908137410877
567,ILSVRC2012_val_00049919_n03400231.JPEG,ILSVRC2012_val_00028371_n07734744.JPEG,2.842627763748169,0.0077512674033641,8.210740089416504,2.8348764963448048
567,ILSVRC2012_val_00016201_n03400231.JPEG,ILSVRC2012_val_00003577_n01776313.JPEG,3.94138240814209,0.0498399697244167,8.601693153381348,3.891542438417673
567,ILSVRC2012_val_00020799_n03400231.JPEG,ILSVRC2012_val_00043239_n03804744.JPEG,7.126021385192871,0.0261964034289121,7.539755821228027,7.099824981763959
568,ILSVRC2012_val_00038659_n03404251.JPEG,ILSVRC2012_val_00040827_n03201208.JPEG,0.0143715776503086,0.0022371998056769,6.428644180297852,0.0121343778446317
568,ILSVRC2012_val_00022952_n03404251.JPEG,ILSVRC2012_val_00011598_n01873310.JPEG,0.0397113785147666,0.0018084376351907,5.393599033355713,0.0379029408795759
568,ILSVRC2012_val_00022952_n03404251.JPEG,ILSVRC2012_val_00023152_n02802426.JPEG,0.0397113785147666,0.0006157647585496,1.448622465133667,0.039095613756217
568,ILSVRC2012_val_00027651_n03404251.JPEG,ILSVRC2012_val_00032963_n06874185.JPEG,0.4736225605010986,0.1386697888374328,4.759490013122559,0.33495277166366577
568,ILSVRC2012_val_00046152_n03404251.JPEG,ILSVRC2012_val_00049867_n02974003.JPEG,0.570191502571106,0.0447949953377246,9.964495658874512,0.5253965072333814
569,ILSVRC2012_val_00047374_n03417042.JPEG,ILSVRC2012_val_00009062_n02116738.JPEG,0.0657273158431053,0.0543355457484722,5.840791702270508,0.011391770094633102
569,ILSVRC2012_val_00007477_n03417042.JPEG,ILSVRC2012_val_00030233_n02492660.JPEG,0.0150169599801301,0.0017308506648987,2.282252788543701,0.0132861093152314
569,ILSVRC2012_val_00001144_n03417042.JPEG,ILSVRC2012_val_00038039_n03590841.JPEG,0.073404312133789,0.0112172681838274,6.276579856872559,0.06218704394996159
569,ILSVRC2012_val_00006234_n03417042.JPEG,ILSVRC2012_val_00034488_n02526121.JPEG,0.1043176054954528,0.001356515684165,2.9240026473999023,0.10296108981128779
569,ILSVRC2012_val_00026865_n03417042.JPEG,ILSVRC2012_val_00012516_n02093991.JPEG,0.8826495409011841,0.0097759775817394,9.059648513793944,0.8728735633194447
570,ILSVRC2012_val_00048697_n03424325.JPEG,ILSVRC2012_val_00016543_n02107312.JPEG,0.0616526044905185,0.0024379552341997,3.3730032444000244,0.0592146492563188
570,ILSVRC2012_val_00036966_n03424325.JPEG,ILSVRC2012_val_00049593_n03495258.JPEG,0.1561173945665359,0.003108671400696,3.338472843170166,0.15300872316583988
570,ILSVRC2012_val_00025425_n03424325.JPEG,ILSVRC2012_val_00034190_n02169497.JPEG,0.5516713857650757,0.0055025541223585,4.024077415466309,0.5461688316427172
570,ILSVRC2012_val_00005566_n03424325.JPEG,ILSVRC2012_val_00035108_n02090721.JPEG,0.7513032555580139,0.0028462398331612,8.98058795928955,0.7484570157248527
570,ILSVRC2012_val_00017928_n03424325.JPEG,ILSVRC2012_val_00020112_n04146614.JPEG,0.8675029277801514,0.0046012476086616,5.376122951507568,0.8629016801714897
571,ILSVRC2012_val_00009821_n03425413.JPEG,ILSVRC2012_val_00036204_n02930766.JPEG,9.381330892210826e-05,9.333651541965082e-05,6.932446002960205,4.767935024574399e-07
571,ILSVRC2012_val_00009821_n03425413.JPEG,ILSVRC2012_val_00001406_n07747607.JPEG,9.381330892210826e-05,0.0001344590418739,6.026667594909668,4.064573295179175e-05
571,ILSVRC2012_val_00048977_n03425413.JPEG,ILSVRC2012_val_00011654_n04243546.JPEG,0.0011281562037765,0.0010779052972793,5.438673973083496,5.025090649719995e-05
571,ILSVRC2012_val_00048977_n03425413.JPEG,ILSVRC2012_val_00001662_n01669191.JPEG,0.0011281562037765,0.0010629009921103,8.929386138916016,6.525521166619993e-05
571,ILSVRC2012_val_00035913_n03425413.JPEG,ILSVRC2012_val_00022768_n03476684.JPEG,0.0797995254397392,0.0014893640764057,8.096855163574219,0.0783101613633335
572,ILSVRC2012_val_00010965_n03443371.JPEG,ILSVRC2012_val_00021161_n04332243.JPEG,0.0645626038312912,0.0023500702809542,2.2930710315704346,0.062212533550337
572,ILSVRC2012_val_00012493_n03443371.JPEG,ILSVRC2012_val_00010841_n07590611.JPEG,0.532192051410675,0.0032364153303205,3.159532308578491,0.5289556360803546
572,ILSVRC2012_val_00015421_n03443371.JPEG,ILSVRC2012_val_00032304_n02109961.JPEG,1.4004369974136353,0.0023902675602585,5.135523796081543,1.3980467298533767
572,ILSVRC2012_val_00018001_n03443371.JPEG,ILSVRC2012_val_00034685_n03127747.JPEG,1.7051364183425903,0.0034553841687738,2.1752233505249023,1.7016810341738164
572,ILSVRC2012_val_00044868_n03443371.JPEG,ILSVRC2012_val_00046027_n03871628.JPEG,2.6929259300231934,0.0030303532257676,3.1116089820861816,2.6898955767974257
573,ILSVRC2012_val_00037460_n03444034.JPEG,ILSVRC2012_val_00047118_n02138441.JPEG,0.0217355526983737,0.0141459368169307,5.462886333465576,0.007589615881443001
573,ILSVRC2012_val_00021569_n03444034.JPEG,ILSVRC2012_val_00010858_n04525038.JPEG,0.033890563994646,0.0086647495627403,6.258028984069824,0.025225814431905705
573,ILSVRC2012_val_00029299_n03444034.JPEG,ILSVRC2012_val_00016965_n02815834.JPEG,0.0521671175956726,0.0047648693434894,8.223654747009277,0.0474022482521832
573,ILSVRC2012_val_00018585_n03444034.JPEG,ILSVRC2012_val_00025124_n07718472.JPEG,0.4517556726932525,0.0051031806506216,6.370403289794922,0.4466524920426309
573,ILSVRC2012_val_00035463_n03444034.JPEG,ILSVRC2012_val_00009302_n03496892.JPEG,1.3522241115570068,0.0007111880695447,1.3522241115570068,1.351512923487462
574,ILSVRC2012_val_00012356_n03445777.JPEG,ILSVRC2012_val_00021938_n02093428.JPEG,0.0075902636162936,0.0051820483058691,8.36102294921875,0.0024082153104245003
574,ILSVRC2012_val_00012356_n03445777.JPEG,ILSVRC2012_val_00018927_n03160309.JPEG,0.0075902636162936,0.0028242485132068,0.9068669080734252,0.0047660151030868
574,ILSVRC2012_val_00013633_n03445777.JPEG,ILSVRC2012_val_00022562_n04501370.JPEG,0.0386604666709899,0.0023478104267269,5.988534927368164,0.036312656244263
574,ILSVRC2012_val_00043745_n03445777.JPEG,ILSVRC2012_val_00027096_n07871810.JPEG,0.0661844313144683,0.0007111880695447,7.288294792175293,0.0654732432449236
574,ILSVRC2012_val_00031744_n03445777.JPEG,ILSVRC2012_val_00011956_n06785654.JPEG,0.1113410294055938,0.0027051304932683,4.599066734313965,0.1086358989123255
575,ILSVRC2012_val_00016217_n03445924.JPEG,ILSVRC2012_val_00000196_n02643566.JPEG,0.0451682321727275,0.0180652029812335,10.03381061553955,0.027103029191494002
575,ILSVRC2012_val_00017414_n03445924.JPEG,ILSVRC2012_val_00028400_n03947888.JPEG,0.0785315334796905,0.0015605426160618,0.24026919901371,0.0769709908636287
575,ILSVRC2012_val_00026782_n03445924.JPEG,ILSVRC2012_val_00038318_n03876231.JPEG,0.1773878931999206,0.0011990031925961,8.097594261169434,0.1761888900073245
575,ILSVRC2012_val_00035237_n03445924.JPEG,ILSVRC2012_val_00024221_n01664065.JPEG,0.5393766164779663,0.0048648798838257,6.567460060119629,0.5345117365941406
575,ILSVRC2012_val_00035237_n03445924.JPEG,ILSVRC2012_val_00017990_n02966193.JPEG,0.5393766164779663,0.0014798415359109,2.725576400756836,0.5378967749420555
576,ILSVRC2012_val_00016814_n03447447.JPEG,ILSVRC2012_val_00042317_n02090721.JPEG,0.0006694936309941,0.0006579380133189,5.99437427520752,1.1555617675200057e-05
576,ILSVRC2012_val_00047743_n03447447.JPEG,ILSVRC2012_val_00001937_n02109525.JPEG,0.0055487896315753,0.0051343729719519,8.223281860351562,0.0004144166596234001
576,ILSVRC2012_val_00016468_n03447447.JPEG,ILSVRC2012_val_00007315_n02356798.JPEG,0.035027652978897,0.0059049678966403,8.026820182800293,0.029122685082256697
576,ILSVRC2012_val_00016468_n03447447.JPEG,ILSVRC2012_val_00012264_n02788148.JPEG,0.035027652978897,0.0016876515001058,2.874903678894043,0.033340001478791195
576,ILSVRC2012_val_00015574_n03447447.JPEG,ILSVRC2012_val_00038847_n07590611.JPEG,0.0446056462824344,0.001784638618119,4.679041862487793,0.0428210076643154
577,ILSVRC2012_val_00011545_n03447721.JPEG,ILSVRC2012_val_00005301_n01873310.JPEG,0.0637042820453643,0.0030854973010718,4.872270584106445,0.0606187847442925
577,ILSVRC2012_val_00037745_n03447721.JPEG,ILSVRC2012_val_00000082_n02088094.JPEG,0.2018030136823654,0.0055355122312903,4.966043949127197,0.19626750145107508
577,ILSVRC2012_val_00022038_n03447721.JPEG,ILSVRC2012_val_00001661_n03792782.JPEG,0.2581545412540436,0.0112483873963356,3.459637403488159,0.24690615385770798
577,ILSVRC2012_val_00022038_n03447721.JPEG,ILSVRC2012_val_00010984_n07873807.JPEG,0.2581545412540436,0.0094968695193529,4.99984073638916,0.24865767173469067
577,ILSVRC2012_val_00016503_n03447721.JPEG,ILSVRC2012_val_00025145_n07718472.JPEG,0.2918079197406769,0.0035913987085223,3.172038078308105,0.28821652103215456
578,ILSVRC2012_val_00007280_n03450230.JPEG,ILSVRC2012_val_00004013_n02504458.JPEG,0.2615576684474945,0.0083276415243744,6.515071868896484,0.25323002692312013
578,ILSVRC2012_val_00027536_n03450230.JPEG,ILSVRC2012_val_00009705_n03028079.JPEG,0.6483570337295532,0.0198124255985021,3.9035658836364746,0.6285446081310512
578,ILSVRC2012_val_00004901_n03450230.JPEG,ILSVRC2012_val_00047702_n04228054.JPEG,0.6931962966918945,0.0092332744970917,3.234800338745117,0.6839630221948029
578,ILSVRC2012_val_00046807_n03450230.JPEG,ILSVRC2012_val_00003492_n07836838.JPEG,1.375526785850525,0.0056706513278186,1.9269375801086424,1.3698561345227063
578,ILSVRC2012_val_00002892_n03450230.JPEG,ILSVRC2012_val_00039498_n02110806.JPEG,1.6861988306045532,0.030157072469592,5.87926197052002,1.6560417581349611
579,ILSVRC2012_val_00001017_n03452741.JPEG,ILSVRC2012_val_00038685_n01843383.JPEG,0.0035108614247292,0.002669344889,7.956707954406738,0.0008415165357291998
579,ILSVRC2012_val_00037045_n03452741.JPEG,ILSVRC2012_val_00038966_n03041632.JPEG,0.0169915165752172,0.003881897078827,5.233394622802734,0.0131096194963902
579,ILSVRC2012_val_00034629_n03452741.JPEG,ILSVRC2012_val_00031508_n02091635.JPEG,0.113352321088314,0.0735007897019386,6.979070663452148,0.0398515313863754
579,ILSVRC2012_val_00021661_n03452741.JPEG,ILSVRC2012_val_00005547_n09246464.JPEG,0.2158946841955185,0.0032575658988207,6.589224338531494,0.2126371182966978
579,ILSVRC2012_val_00025854_n03452741.JPEG,ILSVRC2012_val_00010114_n04456115.JPEG,0.5888891220092773,0.0038304782938212,4.021389007568359,0.5850586437154561
580,ILSVRC2012_val_00028358_n03457902.JPEG,ILSVRC2012_val_00022903_n04599235.JPEG,0.0367060974240303,0.0317149460315704,5.991610527038574,0.004991151392459897
580,ILSVRC2012_val_00005484_n03457902.JPEG,ILSVRC2012_val_00033168_n04447861.JPEG,0.0145574584603309,0.0018659100169315,0.6640647649765015,0.012691548443399401
580,ILSVRC2012_val_00005272_n03457902.JPEG,ILSVRC2012_val_00018124_n03026506.JPEG,0.0267497114837169,0.0009245174005627,0.523196816444397,0.025825194083154198
580,ILSVRC2012_val_00044055_n03457902.JPEG,ILSVRC2012_val_00004723_n02641379.JPEG,0.0861825346946716,0.0013662775745615,4.397234916687012,0.08481625712011011
580,ILSVRC2012_val_00049183_n03457902.JPEG,ILSVRC2012_val_00039935_n03954731.JPEG,0.231267899274826,0.0053294487297534,3.1758217811584477,0.22593845054507258
581,ILSVRC2012_val_00036409_n03459775.JPEG,ILSVRC2012_val_00007900_n03529860.JPEG,0.0008729461114853,0.0008189899963326,1.6793148517608645,5.395611515270006e-05
581,ILSVRC2012_val_00023710_n03459775.JPEG,ILSVRC2012_val_00029172_n09193705.JPEG,0.0106760542839765,0.009184019640088,9.65584659576416,0.0014920346438884995
581,ILSVRC2012_val_00043412_n03459775.JPEG,ILSVRC2012_val_00036350_n02085936.JPEG,0.1168184056878089,0.080335296690464,7.057180881500244,0.03648310899734489
581,ILSVRC2012_val_00023023_n03459775.JPEG,ILSVRC2012_val_00020556_n02094114.JPEG,0.6211322546005249,0.1926421523094177,6.840773582458496,0.4284901022911072
581,ILSVRC2012_val_00038655_n03459775.JPEG,ILSVRC2012_val_00012765_n01631663.JPEG,0.587065577507019,0.0544287972152233,7.693508148193359,0.5326367802917957
582,ILSVRC2012_val_00039430_n03461385.JPEG,ILSVRC2012_val_00017279_n04509417.JPEG,0.1375630497932434,0.0210194382816553,4.975292682647705,0.11654361151158811
582,ILSVRC2012_val_00000372_n03461385.JPEG,ILSVRC2012_val_00010322_n01692333.JPEG,0.5824165940284729,0.0101131880655884,4.5050435066223145,0.5723034059628845
582,ILSVRC2012_val_00028850_n03461385.JPEG,ILSVRC2012_val_00013835_n02971356.JPEG,0.8289465308189392,0.0246223397552967,5.001026153564453,0.8043241910636425
582,ILSVRC2012_val_00028850_n03461385.JPEG,ILSVRC2012_val_00012312_n03697007.JPEG,0.8289465308189392,0.0038357032462954,0.8289465308189392,0.8251108275726438
582,ILSVRC2012_val_00026381_n03461385.JPEG,ILSVRC2012_val_00045386_n07920052.JPEG,1.6198413372039795,0.0329144932329654,4.179624557495117,1.586926843971014
583,ILSVRC2012_val_00014231_n03467068.JPEG,ILSVRC2012_val_00047276_n02085782.JPEG,0.0311524774879217,0.0075358403846621,6.058297634124756,0.0236166371032596
583,ILSVRC2012_val_00044304_n03467068.JPEG,ILSVRC2012_val_00020543_n01728920.JPEG,0.4349895417690277,0.0316793769598007,9.639917373657228,0.403310164809227
583,ILSVRC2012_val_00044304_n03467068.JPEG,ILSVRC2012_val_00044828_n04579432.JPEG,0.4349895417690277,0.0025760105345398,9.30400276184082,0.4324135312344879
583,ILSVRC2012_val_00009931_n03467068.JPEG,ILSVRC2012_val_00008232_n02823428.JPEG,0.4806632995605469,0.0124378725886344,7.187088489532471,0.4682254269719125
583,ILSVRC2012_val_00009931_n03467068.JPEG,ILSVRC2012_val_00005062_n02606052.JPEG,0.4806632995605469,0.0098170582205057,8.73865795135498,0.47084624134004116
584,ILSVRC2012_val_00032884_n03476684.JPEG,ILSVRC2012_val_00004147_n03792782.JPEG,0.009539377875626,0.0051181246526539,4.967726230621338,0.004421253222972101
584,ILSVRC2012_val_00029768_n03476684.JPEG,ILSVRC2012_val_00042785_n04476259.JPEG,0.6546985507011414,0.002730096457526,0.9900150895118712,0.6519684542436154
584,ILSVRC2012_val_00029768_n03476684.JPEG,ILSVRC2012_val_00001048_n02817516.JPEG,0.6546985507011414,0.0022542083170264,1.9808313846588133,0.652444342384115
584,ILSVRC2012_val_00048911_n03476684.JPEG,ILSVRC2012_val_00019338_n02977058.JPEG,0.8111908435821533,0.0126666072756052,6.505354404449463,0.7985242363065481
584,ILSVRC2012_val_00048911_n03476684.JPEG,ILSVRC2012_val_00020773_n02093859.JPEG,0.8111908435821533,0.0014602008741348,4.179254531860352,0.8097306427080185
585,ILSVRC2012_val_00012370_n03476991.JPEG,ILSVRC2012_val_00033261_n01630670.JPEG,1.359432578086853,0.0382854789495468,7.571658134460449,1.3211470991373062
585,ILSVRC2012_val_00002196_n03476991.JPEG,ILSVRC2012_val_00044916_n01855032.JPEG,1.9603644609451292,0.0100829768925905,7.470707893371582,1.9502814840525386
585,ILSVRC2012_val_00007805_n03476991.JPEG,ILSVRC2012_val_00035308_n02256656.JPEG,2.0007259845733643,0.0092887859791517,4.7354044914245605,1.9914371985942125
585,ILSVRC2012_val_00007805_n03476991.JPEG,ILSVRC2012_val_00044746_n13044778.JPEG,2.0007259845733643,0.0062899244949221,5.765868663787842,1.994436060078442
585,ILSVRC2012_val_00004982_n03476991.JPEG,ILSVRC2012_val_00026115_n01980166.JPEG,3.786368131637573,0.013847118243575,6.84760856628418,3.7725210133939977
586,ILSVRC2012_val_00032880_n03478589.JPEG,ILSVRC2012_val_00011020_n04522168.JPEG,0.0090115508064627,0.0034928049426525,0.239918440580368,0.005518745863810201
586,ILSVRC2012_val_00026532_n03478589.JPEG,ILSVRC2012_val_00001649_n01669191.JPEG,0.0113852322101593,0.0016974101308733,5.879629611968994,0.009687822079286
586,ILSVRC2012_val_00028298_n03478589.JPEG,ILSVRC2012_val_00044841_n03837869.JPEG,0.0423233248293399,0.002082800026983,8.1801118850708,0.040240524802356896
586,ILSVRC2012_val_00028148_n03478589.JPEG,ILSVRC2012_val_00033790_n02099601.JPEG,0.0850635394454002,0.0174880903214216,5.938997268676758,0.0675754491239786
586,ILSVRC2012_val_00028148_n03478589.JPEG,ILSVRC2012_val_00035365_n01751748.JPEG,0.0850635394454002,0.0017258524894714,0.7753764390945435,0.0833376869559288
587,ILSVRC2012_val_00009070_n03481172.JPEG,ILSVRC2012_val_00005143_n07714990.JPEG,0.0339096933603286,0.0055349194444715,2.9596824645996094,0.028374773915857097
587,ILSVRC2012_val_00024424_n03481172.JPEG,ILSVRC2012_val_00006910_n03447447.JPEG,1.162962555885315,0.0276654902845621,10.34969425201416,1.1352970656007528
587,ILSVRC2012_val_00024424_n03481172.JPEG,ILSVRC2012_val_00045340_n02113023.JPEG,1.162962555885315,0.0125016840174794,8.442940711975098,1.1504608718678355
587,ILSVRC2012_val_00028069_n03481172.JPEG,ILSVRC2012_val_00002813_n03661043.JPEG,2.9056341648101807,0.0035971002653241,6.381481170654297,2.9020370645448565
587,ILSVRC2012_val_00017376_n03481172.JPEG,ILSVRC2012_val_00024306_n04486054.JPEG,3.7237296104431152,0.0135335102677345,7.347518920898437,3.7101961001753807
588,ILSVRC2012_val_00026425_n03482405.JPEG,ILSVRC2012_val_00029785_n01855672.JPEG,0.2080085575580597,0.0125019187107682,6.895727634429932,0.1955066388472915
588,ILSVRC2012_val_00033055_n03482405.JPEG,ILSVRC2012_val_00000871_n02132136.JPEG,0.8820448517799377,0.016669513657689,7.998119354248047,0.8653753381222488
588,ILSVRC2012_val_00033055_n03482405.JPEG,ILSVRC2012_val_00039073_n02342885.JPEG,0.8820448517799377,0.0069616143591701,5.468198299407959,0.8750832374207677
588,ILSVRC2012_val_00033055_n03482405.JPEG,ILSVRC2012_val_00003977_n03777568.JPEG,0.8820448517799377,0.002132405526936,7.153918743133545,0.8799124462530017
588,ILSVRC2012_val_00028950_n03482405.JPEG,ILSVRC2012_val_00042540_n02447366.JPEG,2.9597954750061035,0.0071649746969342,8.743158340454102,2.9526305003091693
589,ILSVRC2012_val_00024194_n03483316.JPEG,ILSVRC2012_val_00044055_n03457902.JPEG,0.0012275787303224,0.0012115051504224,7.111410140991211,1.6073579899999893e-05
589,ILSVRC2012_val_00002771_n03483316.JPEG,ILSVRC2012_val_00046331_n03065424.JPEG,0.17891326546669,0.0511099621653556,5.720260143280029,0.1278033033013344
589,ILSVRC2012_val_00002351_n03483316.JPEG,ILSVRC2012_val_00019015_n04259630.JPEG,3.7145683765411377,0.0064345560967922,7.011782646179199,3.7081338204443455
589,ILSVRC2012_val_00047139_n03483316.JPEG,ILSVRC2012_val_00025697_n04509417.JPEG,4.709016799926758,0.002887962386012,4.864553928375244,4.706128837540746
589,ILSVRC2012_val_00047139_n03483316.JPEG,ILSVRC2012_val_00003095_n01739381.JPEG,4.709016799926758,0.001701099332422,5.739398002624512,4.707315700594336
590,ILSVRC2012_val_00008016_n03485407.JPEG,ILSVRC2012_val_00027230_n02099267.JPEG,0.335574597120285,0.0201213844120502,6.9779887199401855,0.3154532127082348
590,ILSVRC2012_val_00008016_n03485407.JPEG,ILSVRC2012_val_00012896_n04127249.JPEG,0.335574597120285,0.0033560639712959,7.591462135314941,0.3322185331489891
590,ILSVRC2012_val_00014632_n03485407.JPEG,ILSVRC2012_val_00015452_n02398521.JPEG,1.2883788347244265,0.0226426478475332,5.667879581451416,1.2657361868768933
590,ILSVRC2012_val_00000149_n03485407.JPEG,ILSVRC2012_val_00006928_n01843065.JPEG,1.896717548370361,0.0040252148173749,4.630932807922363,1.8926923335529862
590,ILSVRC2012_val_00000149_n03485407.JPEG,ILSVRC2012_val_00010647_n03706229.JPEG,1.896717548370361,0.0039456626400351,3.498387575149536,1.892771885730326
591,ILSVRC2012_val_00000054_n03485794.JPEG,ILSVRC2012_val_00045518_n02094258.JPEG,0.0275354944169521,0.0216732621192932,4.258383750915527,0.0058622322976588995
591,ILSVRC2012_val_00019018_n03485794.JPEG,ILSVRC2012_val_00038217_n02077923.JPEG,0.3855277299880981,0.00487911561504,4.610817909240723,0.3806486143730581
591,ILSVRC2012_val_00019018_n03485794.JPEG,ILSVRC2012_val_00008202_n04597913.JPEG,0.3855277299880981,0.0028608606662601,3.934671401977539,0.38266686932183797
591,ILSVRC2012_val_00001897_n03485794.JPEG,ILSVRC2012_val_00021984_n03180011.JPEG,0.4837085008621216,0.0020449694711714,2.380462884902954,0.4816635313909502
591,ILSVRC2012_val_00049825_n03485794.JPEG,ILSVRC2012_val_00000251_n12620546.JPEG,0.6273485422134399,0.0096468226984143,5.721235275268555,0.6177017195150256
592,ILSVRC2012_val_00006642_n03492542.JPEG,ILSVRC2012_val_00003748_n01641577.JPEG,0.0001846381492214,0.0001835654547903,6.565708160400391,1.0726944311000182e-06
592,ILSVRC2012_val_00021091_n03492542.JPEG,ILSVRC2012_val_00048296_n03825788.JPEG,0.0091831926256418,0.0009997851448133,4.978132247924805,0.0081834074808285
592,ILSVRC2012_val_00004242_n03492542.JPEG,ILSVRC2012_val_00002626_n03180011.JPEG,0.0092006744816899,0.0006082591717131,1.5789531469345093,0.0085924153099768
592,ILSVRC2012_val_00021075_n03492542.JPEG,ILSVRC2012_val_00004666_n02107574.JPEG,0.031194768846035,0.0028280522674322,5.940756320953369,0.0283667165786028
592,ILSVRC2012_val_00028773_n03492542.JPEG,ILSVRC2012_val_00008549_n01843383.JPEG,0.0662074163556099,0.0007575264316983,3.5403428077697754,0.0654498899239116
593,ILSVRC2012_val_00039798_n03494278.JPEG,ILSVRC2012_val_00010943_n02112137.JPEG,0.0033703211229294,0.0032583975698798,4.675878047943115,0.00011192355304959992
593,ILSVRC2012_val_00012208_n03494278.JPEG,ILSVRC2012_val_00043171_n02093256.JPEG,0.0084336791187524,0.0079604983329772,6.887384414672852,0.00047318078577520024
593,ILSVRC2012_val_00024537_n03494278.JPEG,ILSVRC2012_val_00019465_n03902125.JPEG,0.0527321398258209,0.0025286863092333,6.215619087219238,0.0502034535165876
593,ILSVRC2012_val_00001030_n03494278.JPEG,ILSVRC2012_val_00010332_n07716358.JPEG,0.0962427407503128,0.0041539105586707,7.60151481628418,0.0920888301916421
593,ILSVRC2012_val_00043602_n03494278.JPEG,ILSVRC2012_val_00015603_n02168699.JPEG,0.1791950166225433,0.0016546857077628,6.176056861877441,0.1775403309147805
594,ILSVRC2012_val_00043468_n03495258.JPEG,ILSVRC2012_val_00032507_n04350905.JPEG,0.0060272603295743,0.0014471068279817,2.526417016983032,0.0045801535015926
594,ILSVRC2012_val_00019556_n03495258.JPEG,ILSVRC2012_val_00010156_n01843065.JPEG,0.0138604035601019,0.0019528857665136,7.524852752685547,0.011907517793588299
594,ILSVRC2012_val_00036786_n03495258.JPEG,ILSVRC2012_val_00027878_n01914609.JPEG,0.4760616421699524,0.006902776658535,6.359170913696289,0.4691588655114174
594,ILSVRC2012_val_00036786_n03495258.JPEG,ILSVRC2012_val_00040144_n03958227.JPEG,0.4760616421699524,0.0017749997787177,7.532123565673828,0.4742866423912347
594,ILSVRC2012_val_00036786_n03495258.JPEG,ILSVRC2012_val_00013101_n01768244.JPEG,0.4760616421699524,0.0017722628545016,2.4654524326324463,0.4742893793154508
595,ILSVRC2012_val_00037531_n03496892.JPEG,ILSVRC2012_val_00044193_n02791270.JPEG,0.0410863943397998,0.03389598056674,8.023009300231934,0.007190413773059796
595,ILSVRC2012_val_00037531_n03496892.JPEG,ILSVRC2012_val_00015801_n01748264.JPEG,0.0410863943397998,0.0327787175774574,7.407219886779785,0.008307676762342397
595,ILSVRC2012_val_00015941_n03496892.JPEG,ILSVRC2012_val_00000952_n01843383.JPEG,0.1587043106555938,0.0234808046370744,2.176220178604126,0.1352235060185194
595,ILSVRC2012_val_00007544_n03496892.JPEG,ILSVRC2012_val_00044892_n02268443.JPEG,1.321239709854126,0.0112994266673922,7.497771739959717,1.3099402831867337
595,ILSVRC2012_val_00030173_n03496892.JPEG,ILSVRC2012_val_00029222_n02701002.JPEG,1.7289940118789673,0.0325559228658676,7.097085952758789,1.6964380890130997
596,ILSVRC2012_val_00031710_n03498962.JPEG,ILSVRC2012_val_00006962_n04090263.JPEG,0.0339184515178203,0.0066163521260023,2.946769952774048,0.027302099391818
596,ILSVRC2012_val_00031710_n03498962.JPEG,ILSVRC2012_val_00044198_n03903868.JPEG,0.0339184515178203,0.0042310724966228,4.229439735412598,0.029687379021197502
596,ILSVRC2012_val_00028576_n03498962.JPEG,ILSVRC2012_val_00044568_n03658185.JPEG,0.3048048615455627,0.0015756584471091,4.200109004974365,0.3032292030984536
596,ILSVRC2012_val_00005550_n03498962.JPEG,ILSVRC2012_val_00018975_n02835271.JPEG,1.0884203910827637,0.0535957440733909,11.01952075958252,1.0348246470093727
596,ILSVRC2012_val_00002588_n03498962.JPEG,ILSVRC2012_val_00023328_n02105641.JPEG,1.6847431659698486,0.0133354403078556,6.366103649139404,1.671407725661993
597,ILSVRC2012_val_00042563_n03527444.JPEG,ILSVRC2012_val_00011554_n01819313.JPEG,0.0137302465736866,0.0039046963211148,4.399720191955566,0.0098255502525718
597,ILSVRC2012_val_00042563_n03527444.JPEG,ILSVRC2012_val_00029915_n12267677.JPEG,0.0137302465736866,0.0010187203297391,3.8597376346588135,0.0127115262439475
597,ILSVRC2012_val_00028739_n03527444.JPEG,ILSVRC2012_val_00047688_n01532829.JPEG,0.4127757251262665,0.0163863413035869,7.741396427154541,0.3963893838226796
597,ILSVRC2012_val_00005874_n03527444.JPEG,ILSVRC2012_val_00041786_n02484975.JPEG,3.10090970993042,0.0047204960137605,3.10090970993042,3.0961892139166594
597,ILSVRC2012_val_00005443_n03527444.JPEG,ILSVRC2012_val_00013841_n04428191.JPEG,4.933110237121582,0.0012467476772144,6.9337358474731445,4.931863489444368
598,ILSVRC2012_val_00010535_n03529860.JPEG,ILSVRC2012_val_00034525_n03710721.JPEG,0.2386070787906646,0.0094509338960051,9.055313110351562,0.2291561448946595
598,ILSVRC2012_val_00037350_n03529860.JPEG,ILSVRC2012_val_00033990_n04591713.JPEG,1.2490111589431765,0.0107319578528404,7.515800476074219,1.238279201090336
598,ILSVRC2012_val_00037350_n03529860.JPEG,ILSVRC2012_val_00048855_n02487347.JPEG,1.2490111589431765,0.0104270447045564,5.661479949951172,1.23858411423862
598,ILSVRC2012_val_00010050_n03529860.JPEG,ILSVRC2012_val_00037484_n04562935.JPEG,1.2862226963043213,0.0145443007349967,5.855032920837402,1.2716783955693245
598,ILSVRC2012_val_00016585_n03529860.JPEG,ILSVRC2012_val_00025788_n04579432.JPEG,1.4982978105545044,0.0090129682794213,7.874929428100586,1.489284842275083
599,ILSVRC2012_val_00018635_n03530642.JPEG,ILSVRC2012_val_00032880_n03478589.JPEG,0.0094022806733846,0.0027940543368458,2.329890727996826,0.0066082263365388
599,ILSVRC2012_val_00048634_n03530642.JPEG,ILSVRC2012_val_00045445_n02408429.JPEG,0.0233610942959785,0.0004345426568761,1.1236029863357544,0.0229265516391024
599,ILSVRC2012_val_00024562_n03530642.JPEG,ILSVRC2012_val_00036397_n02493793.JPEG,0.0924209505319595,0.0019606193527579,0.8308587670326233,0.0904603311792016
599,ILSVRC2012_val_00022002_n03530642.JPEG,ILSVRC2012_val_00025813_n07734744.JPEG,1.0555758476257324,0.0021475127432495,5.840505123138428,1.0534283348824829
599,ILSVRC2012_val_00035007_n03530642.JPEG,ILSVRC2012_val_00002853_n02708093.JPEG,1.6250591278076172,0.0208018310368061,7.614628314971924,1.604257296770811
600,ILSVRC2012_val_00033279_n03532672.JPEG,ILSVRC2012_val_00024522_n07695742.JPEG,1.1296995878219604,0.0054294029250741,5.158201694488525,1.1242701848968863
600,ILSVRC2012_val_00004820_n03532672.JPEG,ILSVRC2012_val_00049457_n07697313.JPEG,1.375546097755432,0.0072066355496644,5.052762031555176,1.3683394622057674
600,ILSVRC2012_val_00005540_n03532672.JPEG,ILSVRC2012_val_00002355_n01669191.JPEG,3.432238340377808,0.0055086007341742,6.611061096191406,3.426729739643634
600,ILSVRC2012_val_00014236_n03532672.JPEG,ILSVRC2012_val_00031379_n04370456.JPEG,3.544344902038574,0.0042106546461582,5.552112102508545,3.540134247392416
600,ILSVRC2012_val_00019634_n03532672.JPEG,ILSVRC2012_val_00005005_n02837789.JPEG,3.67052698135376,0.0026448529679328,7.756152153015137,3.6678821283858274
601,ILSVRC2012_val_00009650_n03534580.JPEG,ILSVRC2012_val_00048398_n04476259.JPEG,0.1049123182892799,0.0220144148916006,3.524793863296509,0.0828979033976793
601,ILSVRC2012_val_00011674_n03534580.JPEG,ILSVRC2012_val_00009698_n02100583.JPEG,0.1217014119029045,0.0100299874320626,6.204782009124756,0.1116714244708419
601,ILSVRC2012_val_00022084_n03534580.JPEG,ILSVRC2012_val_00029163_n02667093.JPEG,0.703643798828125,0.0026698203291743,5.330902099609375,0.7009739784989507
601,ILSVRC2012_val_00015718_n03534580.JPEG,ILSVRC2012_val_00002890_n01728920.JPEG,0.8872374296188354,0.0171878077089786,7.996767044067383,0.8700496219098568
601,ILSVRC2012_val_00041119_n03534580.JPEG,ILSVRC2012_val_00010825_n02526121.JPEG,2.1661741733551025,0.2875964343547821,7.648622512817383,1.8785777390003204
602,ILSVRC2012_val_00045214_n03535780.JPEG,ILSVRC2012_val_00044346_n02782093.JPEG,0.0361106730997562,0.0157100409269332,6.851192951202393,0.020400632172823
602,ILSVRC2012_val_00025607_n03535780.JPEG,ILSVRC2012_val_00023328_n02105641.JPEG,0.5957608819007874,0.0896122679114341,7.306748867034912,0.5061486139893533
602,ILSVRC2012_val_00027475_n03535780.JPEG,ILSVRC2012_val_00034206_n07753275.JPEG,1.007751703262329,0.0234457552433013,6.478701591491699,0.9843059480190278
602,ILSVRC2012_val_00027475_n03535780.JPEG,ILSVRC2012_val_00027826_n03803284.JPEG,1.007751703262329,0.0129623655229806,5.5020833015441895,0.9947893377393485
602,ILSVRC2012_val_00022902_n03535780.JPEG,ILSVRC2012_val_00039919_n02747177.JPEG,1.0775302648544312,0.0064545730128884,5.362028121948242,1.0710756918415427
603,ILSVRC2012_val_00012424_n03538406.JPEG,ILSVRC2012_val_00042081_n03384352.JPEG,0.0468018911778926,0.0020565092563629,1.80836284160614,0.0447453819215297
603,ILSVRC2012_val_00006021_n03538406.JPEG,ILSVRC2012_val_00043301_n01955084.JPEG,0.1560762971639633,0.0920139476656913,6.2538838386535645,0.06406234949827198
603,ILSVRC2012_val_00044735_n03538406.JPEG,ILSVRC2012_val_00048666_n02006656.JPEG,0.1791902333498001,0.0485461056232452,8.565169334411621,0.13064412772655493
603,ILSVRC2012_val_00033463_n03538406.JPEG,ILSVRC2012_val_00019214_n02980441.JPEG,0.1866423338651657,0.013001668266952,3.66983699798584,0.1736406655982137
603,ILSVRC2012_val_00044735_n03538406.JPEG,ILSVRC2012_val_00032697_n02790996.JPEG,0.1791902333498001,0.0032155020162463,5.184415817260742,0.17597473133355382
604,ILSVRC2012_val_00032075_n03544143.JPEG,ILSVRC2012_val_00013622_n02110958.JPEG,5.8410845667822286e-05,5.793403761344962e-05,4.3304443359375,4.7680805437266827e-07
604,ILSVRC2012_val_00020504_n03544143.JPEG,ILSVRC2012_val_00032555_n04550184.JPEG,0.0005525015876628,0.0004907834227196,1.191584825515747,6.171816494319993e-05
604,ILSVRC2012_val_00023967_n03544143.JPEG,ILSVRC2012_val_00003987_n01818515.JPEG,0.0027519708964973,0.0024682790972292,7.677424907684326,0.00028369179926810003
604,ILSVRC2012_val_00020504_n03544143.JPEG,ILSVRC2012_val_00002624_n03899768.JPEG,0.0005525015876628,0.0002065683656837,4.955326080322266,0.0003459332219791
604,ILSVRC2012_val_00007213_n03544143.JPEG,ILSVRC2012_val_00023516_n02113624.JPEG,0.0068859653547406,0.0052890134975314,9.628426551818848,0.0015969518572091996
605,ILSVRC2012_val_00028974_n03584254.JPEG,ILSVRC2012_val_00001893_n03223299.JPEG,0.007242732681334,0.0009665584657341,1.2294951677322388,0.0062761742155999
605,ILSVRC2012_val_00043698_n03584254.JPEG,ILSVRC2012_val_00002790_n04486054.JPEG,0.0866838544607162,0.0065476642921566,7.432660102844238,0.0801361901685596
605,ILSVRC2012_val_00037385_n03584254.JPEG,ILSVRC2012_val_00006991_n02398521.JPEG,0.8812581896781921,0.0140560185536742,6.580093383789063,0.8672021711245179
605,ILSVRC2012_val_00037385_n03584254.JPEG,ILSVRC2012_val_00032501_n12267677.JPEG,0.8812581896781921,0.0037644491530954,6.785810470581055,0.8774937405250968
605,ILSVRC2012_val_00017108_n03584254.JPEG,ILSVRC2012_val_00044835_n04310018.JPEG,1.5208745002746582,0.0071205892600119,7.045951843261719,1.5137539110146463
606,ILSVRC2012_val_00012514_n03584829.JPEG,ILSVRC2012_val_00030233_n02492660.JPEG,8.356221951544285e-05,8.284702198579907e-05,1.7547364234924316,7.15197529643774e-07
606,ILSVRC2012_val_00000451_n03584829.JPEG,ILSVRC2012_val_00019464_n02110958.JPEG,0.1230323538184166,0.001810579560697,6.068307876586914,0.1212217742577196
606,ILSVRC2012_val_00019833_n03584829.JPEG,ILSVRC2012_val_00033380_n01872401.JPEG,1.156200289726257,0.0212785452604293,6.307828903198242,1.1349217444658277
606,ILSVRC2012_val_00019833_n03584829.JPEG,ILSVRC2012_val_00004632_n01950731.JPEG,1.156200289726257,0.0050902529619634,7.495065212249756,1.1511100367642937
606,ILSVRC2012_val_00000910_n03584829.JPEG,ILSVRC2012_val_00023996_n07615774.JPEG,2.2339136600494385,0.0023285436909645,9.280920028686523,2.231585116358474
607,ILSVRC2012_val_00020663_n03590841.JPEG,ILSVRC2012_val_00048582_n03891332.JPEG,0.0006916514830663,0.0006783091812394,3.1420557498931885,1.3342301826900016e-05
607,ILSVRC2012_val_00024943_n03590841.JPEG,ILSVRC2012_val_00029920_n03804744.JPEG,0.0014277036534622,0.0013278247788548,4.585386276245117,9.987887460740003e-05
607,ILSVRC2012_val_00024943_n03590841.JPEG,ILSVRC2012_val_00018698_n03661043.JPEG,0.0014277036534622,0.001315681496635,2.624364852905273,0.00011202215682719991
607,ILSVRC2012_val_00049322_n03590841.JPEG,ILSVRC2012_val_00000829_n03478589.JPEG,0.0025541323702782,0.0024249928537756,3.8387644290924072,0.0001291395165025997
607,ILSVRC2012_val_00049322_n03590841.JPEG,ILSVRC2012_val_00021055_n01675722.JPEG,0.0025541323702782,0.0018579378956928,0.4753146767616272,0.0006961944745853999
608,ILSVRC2012_val_00044132_n03594734.JPEG,ILSVRC2012_val_00040895_n02443484.JPEG,0.0026824227534234,0.0005808573332615,4.474574089050293,0.0021015654201618997
608,ILSVRC2012_val_00048648_n03594734.JPEG,ILSVRC2012_val_00023849_n03661043.JPEG,0.0150346923619508,0.0018187901005148,3.278323173522949,0.013215902261436
608,ILSVRC2012_val_00017093_n03594734.JPEG,ILSVRC2012_val_00038142_n02233338.JPEG,0.0368604138493537,0.00148817372974,2.353177547454834,0.0353722401196137
608,ILSVRC2012_val_00008023_n03594734.JPEG,ILSVRC2012_val_00017015_n01688243.JPEG,0.1300241947174072,0.0012991330586373,5.21173620223999,0.1287250616587699
608,ILSVRC2012_val_00008023_n03594734.JPEG,ILSVRC2012_val_00008228_n02493793.JPEG,0.1300241947174072,0.0008052920456975,4.194149017333984,0.1292189026717097
609,ILSVRC2012_val_00022261_n03594945.JPEG,ILSVRC2012_val_00040432_n07717410.JPEG,0.0315801613032817,0.027027990669012,6.899868965148926,0.0045521706342697005
609,ILSVRC2012_val_00029922_n03594945.JPEG,ILSVRC2012_val_00018608_n07871810.JPEG,0.0193091705441474,0.0083314245566725,5.925624370574951,0.010977745987474901
609,ILSVRC2012_val_00041175_n03594945.JPEG,ILSVRC2012_val_00039862_n02095889.JPEG,0.0924182310700416,0.0054175467230379,9.58581256866455,0.0870006843470037
609,ILSVRC2012_val_00025834_n03594945.JPEG,ILSVRC2012_val_00013758_n03884397.JPEG,0.151806354522705,0.0017479868838563,5.258849620819092,0.1500583676388487
609,ILSVRC2012_val_00006062_n03594945.JPEG,ILSVRC2012_val_00008743_n02865351.JPEG,0.7778649926185608,0.0074479291215538,7.138287544250488,0.770417063497007
610,ILSVRC2012_val_00006429_n03595614.JPEG,ILSVRC2012_val_00045790_n02094433.JPEG,0.2264975309371948,0.1972166746854782,7.976070404052734,0.029280856251716586
610,ILSVRC2012_val_00045794_n03595614.JPEG,ILSVRC2012_val_00040204_n04507155.JPEG,0.0572986267507076,0.006960904225707,5.109410285949707,0.0503377225250006
610,ILSVRC2012_val_00019141_n03595614.JPEG,ILSVRC2012_val_00048542_n01698640.JPEG,0.1132322549819946,0.0027676632162183,4.151177883148193,0.1104645917657763
610,ILSVRC2012_val_00019141_n03595614.JPEG,ILSVRC2012_val_00030190_n03355925.JPEG,0.1132322549819946,0.0014556775568053,4.5746612548828125,0.1117765774251893
610,ILSVRC2012_val_00006429_n03595614.JPEG,ILSVRC2012_val_00008615_n02480495.JPEG,0.2264975309371948,0.0035919926594942,3.301071882247925,0.2229055382777006
611,ILSVRC2012_val_00041984_n03598930.JPEG,ILSVRC2012_val_00003000_n02487347.JPEG,9.655486064730212e-05,9.595887240720911e-05,1.0644395351409912,5.959882400930063e-07
611,ILSVRC2012_val_00041984_n03598930.JPEG,ILSVRC2012_val_00028824_n03792782.JPEG,9.655486064730212e-05,9.57204756559804e-05,2.043649435043335,8.343849913217263e-07
611,ILSVRC2012_val_00023048_n03598930.JPEG,ILSVRC2012_val_00043003_n01631663.JPEG,0.0013136576162651,0.0003409996279515,0.0461798906326293,0.0009726579883135998
611,ILSVRC2012_val_00000607_n03598930.JPEG,ILSVRC2012_val_00008672_n09288635.JPEG,0.0252384766936302,0.0005292683490552,1.1891876459121704,0.024709208344575
611,ILSVRC2012_val_00022944_n03598930.JPEG,ILSVRC2012_val_00009987_n02791124.JPEG,0.36078742146492,0.0039423378184437,9.407959938049316,0.35684508364647627
612,ILSVRC2012_val_00017474_n03599486.JPEG,ILSVRC2012_val_00011706_n02100877.JPEG,0.0011035073548555,0.0010839784517884,7.239495277404785,1.9528903067099826e-05
612,ILSVRC2012_val_00037141_n03599486.JPEG,ILSVRC2012_val_00049859_n04483307.JPEG,0.0012396040838211,0.0011616155970841,4.996538162231445,7.798848673700007e-05
612,ILSVRC2012_val_00027524_n03599486.JPEG,ILSVRC2012_val_00042964_n03063689.JPEG,0.002524881158024,0.0023679095320403,9.469571113586426,0.00015697162598369988
612,ILSVRC2012_val_00000281_n03599486.JPEG,ILSVRC2012_val_00043136_n02268443.JPEG,0.0016116023762151,0.0013948483392596,1.0499558448791504,0.00021675403695550007
612,ILSVRC2012_val_00013621_n03599486.JPEG,ILSVRC2012_val_00009434_n04040759.JPEG,0.6337408423423767,0.0035878352355211,7.167694091796875,0.6301530071068556
613,ILSVRC2012_val_00040672_n03602883.JPEG,ILSVRC2012_val_00044604_n04254120.JPEG,0.0266583655029535,0.0009195152088068,3.8603692054748535,0.0257388502941467
613,ILSVRC2012_val_00045113_n03602883.JPEG,ILSVRC2012_val_00015057_n03127925.JPEG,0.0361174568533897,0.0033804199192672,6.746943950653076,0.0327370369341225
613,ILSVRC2012_val_00002195_n03602883.JPEG,ILSVRC2012_val_00029681_n03788195.JPEG,0.251323789358139,0.0040692631155252,4.594830513000488,0.2472545262426138
613,ILSVRC2012_val_00002195_n03602883.JPEG,ILSVRC2012_val_00024106_n01828970.JPEG,0.251323789358139,0.0035765508655458,6.217577934265137,0.24774723849259317
613,ILSVRC2012_val_00033850_n03602883.JPEG,ILSVRC2012_val_00024685_n01773157.JPEG,0.2760032415390014,0.021179812029004,8.014941215515137,0.2548234295099974
614,ILSVRC2012_val_00033892_n03617480.JPEG,ILSVRC2012_val_00020942_n02422106.JPEG,0.0007606235449202,0.0007418026216328,9.470318794250488,1.8820923287399998e-05
614,ILSVRC2012_val_00033892_n03617480.JPEG,ILSVRC2012_val_00033951_n02488291.JPEG,0.0007606235449202,0.0007352509419433,4.152632713317871,2.5372602976900032e-05
614,ILSVRC2012_val_00048485_n03617480.JPEG,ILSVRC2012_val_00048197_n04562935.JPEG,0.0386050678789615,0.0345575623214244,7.845515727996826,0.0040475055575371
614,ILSVRC2012_val_00048485_n03617480.JPEG,ILSVRC2012_val_00044100_n03710721.JPEG,0.0386050678789615,0.001663135481067,5.531044960021973,0.0369419323978945
614,ILSVRC2012_val_00002316_n03617480.JPEG,ILSVRC2012_val_00037021_n04357314.JPEG,1.0564920902252195,0.0052521345205605,6.796802997589111,1.051239955704659
615,ILSVRC2012_val_00035225_n03623198.JPEG,ILSVRC2012_val_00002719_n02749479.JPEG,0.0011217261198908,0.0010732611408457,4.090913772583008,4.84649790451e-05
615,ILSVRC2012_val_00010508_n03623198.JPEG,ILSVRC2012_val_00037808_n03717622.JPEG,0.050594113767147,0.0017760707996785,1.400319218635559,0.0488180429674685
615,ILSVRC2012_val_00016221_n03623198.JPEG,ILSVRC2012_val_00007737_n02125311.JPEG,0.1055976450443267,0.0256153661757707,9.129060745239258,0.079982278868556
615,ILSVRC2012_val_00028830_n03623198.JPEG,ILSVRC2012_val_00038735_n02396427.JPEG,0.2701621353626251,0.0046127578243613,5.470936298370361,0.2655493775382638
615,ILSVRC2012_val_00036321_n03623198.JPEG,ILSVRC2012_val_00016398_n02114855.JPEG,0.7965129017829895,0.1186184212565422,8.261186599731445,0.6778944805264473
616,ILSVRC2012_val_00028984_n03627232.JPEG,ILSVRC2012_val_00039661_n01774384.JPEG,0.0282934289425611,0.0019273054786026,6.995596885681152,0.026366123463958502
616,ILSVRC2012_val_00042062_n03627232.JPEG,ILSVRC2012_val_00015373_n01498041.JPEG,0.0363581962883472,0.0019878642633557,2.58553409576416,0.034370332024991505
616,ILSVRC2012_val_00035958_n03627232.JPEG,ILSVRC2012_val_00017614_n04033901.JPEG,0.0379838049411773,0.0004289422358851,3.4180281162261963,0.0375548627052922
616,ILSVRC2012_val_00020421_n03627232.JPEG,ILSVRC2012_val_00033600_n03891251.JPEG,0.122457280755043,0.0006642519147135,7.301002979278564,0.1217930288403295
616,ILSVRC2012_val_00039187_n03627232.JPEG,ILSVRC2012_val_00014171_n02395406.JPEG,0.2806773483753204,0.0019526478135958,5.18528413772583,0.2787247005617246
617,ILSVRC2012_val_00047559_n03630383.JPEG,ILSVRC2012_val_00006204_n04584207.JPEG,0.0107524786144495,0.0012384133879095,2.071328639984131,0.009514065226539999
617,ILSVRC2012_val_00016123_n03630383.JPEG,ILSVRC2012_val_00026130_n02113799.JPEG,0.0236233212053775,0.0069206533953547,4.7851738929748535,0.0167026678100228
617,ILSVRC2012_val_00041526_n03630383.JPEG,ILSVRC2012_val_00044283_n02988304.JPEG,0.0227375086396932,0.0037402214948087,4.59307861328125,0.018997287144884502
617,ILSVRC2012_val_00021598_n03630383.JPEG,ILSVRC2012_val_00027621_n09472597.JPEG,0.1657118797302246,0.0087173385545611,2.5395240783691406,0.1569945411756635
617,ILSVRC2012_val_00030376_n03630383.JPEG,ILSVRC2012_val_00001536_n02281787.JPEG,0.2068494111299514,0.0092025641351938,4.026808261871338,0.1976468469947576
618,ILSVRC2012_val_00038113_n03633091.JPEG,ILSVRC2012_val_00015479_n03042490.JPEG,0.0225984789431095,0.0141201959922909,9.015375137329102,0.008478282950818598
618,ILSVRC2012_val_00000684_n03633091.JPEG,ILSVRC2012_val_00028221_n01514668.JPEG,1.4629288911819458,0.0316677093505859,7.8559489250183105,1.4312611818313599
618,ILSVRC2012_val_00046392_n03633091.JPEG,ILSVRC2012_val_00034721_n04204238.JPEG,2.1384730339050293,0.0144317401573061,8.583481788635254,2.124041293747723
618,ILSVRC2012_val_00046392_n03633091.JPEG,ILSVRC2012_val_00049587_n04153751.JPEG,2.1384730339050293,0.0067141647450625,7.03209400177002,2.1317588691599667
618,ILSVRC2012_val_00046392_n03633091.JPEG,ILSVRC2012_val_00000050_n02640242.JPEG,2.1384730339050293,0.0026134641375392,6.936689376831055,2.13585956976749
619,ILSVRC2012_val_00020029_n03637318.JPEG,ILSVRC2012_val_00032457_n02443484.JPEG,0.824274480342865,0.0172501448541879,2.1025290489196777,0.8070243354886771
619,ILSVRC2012_val_00020746_n03637318.JPEG,ILSVRC2012_val_00035747_n03197337.JPEG,1.3365797996520996,0.012251479551196,5.816976547241211,1.3243283201009035
619,ILSVRC2012_val_00032059_n03637318.JPEG,ILSVRC2012_val_00047303_n02137549.JPEG,1.4255415201187134,0.0121570331975817,6.73737907409668,1.4133844869211316
619,ILSVRC2012_val_00024114_n03637318.JPEG,ILSVRC2012_val_00042417_n03871628.JPEG,1.590271234512329,0.0030872800853103,4.1713385581970215,1.5871839544270188
619,ILSVRC2012_val_00007656_n03637318.JPEG,ILSVRC2012_val_00035805_n02097658.JPEG,2.575502634048462,0.1038677096366882,6.649263381958008,2.4716349244117737
620,ILSVRC2012_val_00043390_n03642806.JPEG,ILSVRC2012_val_00023564_n01776313.JPEG,0.6228187680244446,0.0407878533005714,6.379725456237793,0.5820309147238731
620,ILSVRC2012_val_00022256_n03642806.JPEG,ILSVRC2012_val_00010402_n02097130.JPEG,1.3520907163619995,0.077565774321556,6.277045726776123,1.2745249420404434
620,ILSVRC2012_val_00015965_n03642806.JPEG,ILSVRC2012_val_00014635_n04548280.JPEG,1.3059519529342651,0.0068931872956454,2.463172197341919,1.2990587656386197
620,ILSVRC2012_val_00024499_n03642806.JPEG,ILSVRC2012_val_00026611_n02514041.JPEG,1.5463162660598757,0.0099912770092487,7.822394371032715,1.536324989050627
620,ILSVRC2012_val_00040665_n03642806.JPEG,ILSVRC2012_val_00044313_n02655020.JPEG,1.803880214691162,0.0250517800450325,5.132552623748779,1.7788284346461296
621,ILSVRC2012_val_00033704_n03649909.JPEG,ILSVRC2012_val_00041269_n03837869.JPEG,0.0633767247200012,0.0068936608731746,4.90341854095459,0.05648306384682661
621,ILSVRC2012_val_00039151_n03649909.JPEG,ILSVRC2012_val_00040936_n04536866.JPEG,0.3569311201572418,0.0012706785928457,3.6477034091949454,0.35566044156439613
621,ILSVRC2012_val_00017305_n03649909.JPEG,ILSVRC2012_val_00032707_n02999410.JPEG,0.5875969529151917,0.0099427672103047,6.208799839019775,0.5776541857048869
621,ILSVRC2012_val_00017305_n03649909.JPEG,ILSVRC2012_val_00014617_n04252225.JPEG,0.5875969529151917,0.0052243852987885,6.049468994140625,0.5823725676164031
621,ILSVRC2012_val_00028728_n03649909.JPEG,ILSVRC2012_val_00045227_n02206856.JPEG,0.6381963491439819,0.0035498242359608,7.157041549682617,0.6346465249080211
622,ILSVRC2012_val_00036480_n03657121.JPEG,ILSVRC2012_val_00010560_n03877472.JPEG,0.0228483211249113,0.0175005067139863,5.8500657081604,0.005347814410925002
622,ILSVRC2012_val_00025475_n03657121.JPEG,ILSVRC2012_val_00011594_n12144580.JPEG,1.8366003036499023,0.5326929688453674,12.107601165771484,1.303907334804535
622,ILSVRC2012_val_00028008_n03657121.JPEG,ILSVRC2012_val_00002863_n02509815.JPEG,1.8016235828399656,0.0421653911471366,8.494718551635742,1.759458191692829
622,ILSVRC2012_val_00033154_n03657121.JPEG,ILSVRC2012_val_00015087_n03857828.JPEG,2.3115603923797607,0.0056068776175379,6.85921573638916,2.3059535147622228
622,ILSVRC2012_val_00013060_n03657121.JPEG,ILSVRC2012_val_00003992_n04067472.JPEG,2.5038795471191406,0.0016270744381472,9.06001091003418,2.5022524726809934
623,ILSVRC2012_val_00034870_n03658185.JPEG,ILSVRC2012_val_00031643_n07871810.JPEG,0.2880620956420898,0.0269791409373283,4.020340442657471,0.2610829547047615
623,ILSVRC2012_val_00034870_n03658185.JPEG,ILSVRC2012_val_00033565_n02071294.JPEG,0.2880620956420898,0.0082914652302861,2.865664005279541,0.27977063041180367
623,ILSVRC2012_val_00045642_n03658185.JPEG,ILSVRC2012_val_00030822_n02094258.JPEG,2.2336766719818115,0.0636716187000274,6.250997543334961,2.170005053281784
623,ILSVRC2012_val_00049058_n03658185.JPEG,ILSVRC2012_val_00044313_n02655020.JPEG,2.913851261138916,0.0165516808629035,6.298651218414307,2.8972995802760124
623,ILSVRC2012_val_00033478_n03658185.JPEG,ILSVRC2012_val_00007634_n02113023.JPEG,3.037885427474976,0.0184354428201913,9.019542694091797,3.0194499846547846
624,ILSVRC2012_val_00000849_n03661043.JPEG,ILSVRC2012_val_00023239_n01498041.JPEG,0.0151220569387078,0.0113260652869939,5.452908039093018,0.0037959916517139
624,ILSVRC2012_val_00037789_n03661043.JPEG,ILSVRC2012_val_00041150_n04033995.JPEG,0.0949069783091545,0.0846952646970748,7.293802261352539,0.01021171361207969
624,ILSVRC2012_val_00032167_n03661043.JPEG,ILSVRC2012_val_00014694_n02487347.JPEG,0.1066011190414428,0.0106926839798688,7.695640563964844,0.095908435061574
624,ILSVRC2012_val_00014517_n03661043.JPEG,ILSVRC2012_val_00043842_n02091831.JPEG,0.8826322555541992,0.0172194465994834,6.185579299926758,0.8654128089547158
624,ILSVRC2012_val_00028549_n03661043.JPEG,ILSVRC2012_val_00041864_n01824575.JPEG,3.114829540252685,0.0640710890293121,8.16061019897461,3.050758451223373
625,ILSVRC2012_val_00034459_n03662601.JPEG,ILSVRC2012_val_00047642_n02804414.JPEG,0.0028150952421128,0.0026547210291028,4.389322280883789,0.00016037421300999985
625,ILSVRC2012_val_00014119_n03662601.JPEG,ILSVRC2012_val_00003816_n01531178.JPEG,0.0118437195196747,0.0106431478634476,5.158681392669678,0.0012005716562270997
625,ILSVRC2012_val_00016448_n03662601.JPEG,ILSVRC2012_val_00009520_n03314780.JPEG,0.0308828558772802,0.0016336203552782,5.489630699157715,0.029249235522002
625,ILSVRC2012_val_00016448_n03662601.JPEG,ILSVRC2012_val_00044503_n02791270.JPEG,0.0308828558772802,0.0010501591023057,4.34237003326416,0.0298326967749745
625,ILSVRC2012_val_00039286_n03662601.JPEG,ILSVRC2012_val_00015479_n03042490.JPEG,0.041456900537014,0.0111731803044676,7.006687641143799,0.0302837202325464
626,ILSVRC2012_val_00041936_n03666591.JPEG,ILSVRC2012_val_00049771_n04350905.JPEG,0.0545310750603675,0.0026096594519913,1.291288137435913,0.0519214156083762
626,ILSVRC2012_val_00015381_n03666591.JPEG,ILSVRC2012_val_00049866_n02408429.JPEG,0.1204845309257507,0.0340682454407215,9.264056205749512,0.0864162854850292
626,ILSVRC2012_val_00015381_n03666591.JPEG,ILSVRC2012_val_00020414_n02100236.JPEG,0.1204845309257507,0.0035384206566959,8.574247360229492,0.1169461102690548
626,ILSVRC2012_val_00015381_n03666591.JPEG,ILSVRC2012_val_00029429_n04039381.JPEG,0.1204845309257507,0.000815178384073,4.859309196472168,0.11966935254167771
626,ILSVRC2012_val_00033464_n03666591.JPEG,ILSVRC2012_val_00046713_n03692522.JPEG,0.5381789207458496,0.0262276399880647,5.447679042816162,0.511951280757785
627,ILSVRC2012_val_00010364_n03670208.JPEG,ILSVRC2012_val_00003738_n01990800.JPEG,0.0029072184115648,0.0028398206923156,8.356522560119629,6.739771924919999e-05
627,ILSVRC2012_val_00005809_n03670208.JPEG,ILSVRC2012_val_00022941_n04418357.JPEG,0.1656504720449447,0.1376386731863021,9.128807067871094,0.028011798858642606
627,ILSVRC2012_val_00044197_n03670208.JPEG,ILSVRC2012_val_00013876_n02107908.JPEG,0.1941064447164535,0.1503977179527282,8.847041130065918,0.04370872676372531
627,ILSVRC2012_val_00019700_n03670208.JPEG,ILSVRC2012_val_00027109_n02113712.JPEG,0.0452162027359008,0.0008652042597532,7.666526794433594,0.0443509984761476
627,ILSVRC2012_val_00018066_n03670208.JPEG,ILSVRC2012_val_00031305_n02607072.JPEG,0.0846617445349693,0.0023698122240602,8.827860832214355,0.0822919323109091
628,ILSVRC2012_val_00034953_n03673027.JPEG,ILSVRC2012_val_00018862_n02099429.JPEG,0.0096298214048147,0.0087104849517345,4.867436408996582,0.0009193364530801999
628,ILSVRC2012_val_00034146_n03673027.JPEG,ILSVRC2012_val_00037670_n03697007.JPEG,0.0085411248728632,0.0075012920424342,4.293739318847656,0.0010398328304290008
628,ILSVRC2012_val_00034953_n03673027.JPEG,ILSVRC2012_val_00018953_n03868242.JPEG,0.0096298214048147,0.0085060205310583,6.37247896194458,0.0011238008737564
628,ILSVRC2012_val_00016241_n03673027.JPEG,ILSVRC2012_val_00039610_n02776631.JPEG,0.1478028744459152,0.0021161085460335,2.1605772972106934,0.1456867658998817
628,ILSVRC2012_val_00049165_n03673027.JPEG,ILSVRC2012_val_00015932_n01955084.JPEG,0.1795480251312255,0.011456181295216,6.129217147827148,0.1680918438360095
629,ILSVRC2012_val_00002419_n03676483.JPEG,ILSVRC2012_val_00049108_n04235860.JPEG,0.0120172323659062,0.003217997495085,4.143744468688965,0.0087992348708212
629,ILSVRC2012_val_00014112_n03676483.JPEG,ILSVRC2012_val_00011598_n01873310.JPEG,0.1816403865814209,0.0039986190386116,6.212184429168701,0.1776417675428093
629,ILSVRC2012_val_00044845_n03676483.JPEG,ILSVRC2012_val_00042805_n07715103.JPEG,0.1996560096740722,0.004807461053133,7.241776466369629,0.1948485486209392
629,ILSVRC2012_val_00018498_n03676483.JPEG,ILSVRC2012_val_00007291_n03372029.JPEG,0.2228984236717224,0.002396332565695,5.983251571655273,0.22050209110602742
629,ILSVRC2012_val_00018498_n03676483.JPEG,ILSVRC2012_val_00028448_n04355933.JPEG,0.2228984236717224,0.0010431330883875,6.245850563049316,0.22185529058333492
630,ILSVRC2012_val_00007565_n03680355.JPEG,ILSVRC2012_val_00011096_n02017213.JPEG,0.2129522413015365,0.1700568497180938,8.503655433654785,0.042895391583442716
630,ILSVRC2012_val_00026177_n03680355.JPEG,ILSVRC2012_val_00024910_n02128757.JPEG,1.2564992904663086,0.0104353027418255,9.304259300231934,1.246063987724483
630,ILSVRC2012_val_00037706_n03680355.JPEG,ILSVRC2012_val_00031327_n03998194.JPEG,1.4368326663970947,0.0040770987980067,8.666990280151367,1.432755567599088
630,ILSVRC2012_val_00049231_n03680355.JPEG,ILSVRC2012_val_00026705_n01693334.JPEG,1.5365426540374756,0.0048355776816606,8.167725563049316,1.531707076355815
630,ILSVRC2012_val_00015279_n03680355.JPEG,ILSVRC2012_val_00012870_n01560419.JPEG,2.289650678634644,0.014895292930305,5.0419511795043945,2.274755385704339
631,ILSVRC2012_val_00029256_n03690938.JPEG,ILSVRC2012_val_00029806_n01667778.JPEG,0.8669310212135315,0.1146163865923881,4.7918853759765625,0.7523146346211433
631,ILSVRC2012_val_00029256_n03690938.JPEG,ILSVRC2012_val_00015236_n02417914.JPEG,0.8669310212135315,0.0227335449308156,5.627678871154785,0.8441974762827159
631,ILSVRC2012_val_00046286_n03690938.JPEG,ILSVRC2012_val_00005716_n02346627.JPEG,1.0397950410842896,0.1344993710517883,8.346237182617188,0.9052956700325012
631,ILSVRC2012_val_00003466_n03690938.JPEG,ILSVRC2012_val_00004218_n02981792.JPEG,1.2137160301208496,0.0228498354554176,4.867113590240479,1.190866194665432
631,ILSVRC2012_val_00048985_n03690938.JPEG,ILSVRC2012_val_00010576_n02480495.JPEG,1.667026400566101,0.0138611095026135,4.53050422668457,1.6531652910634875
632,ILSVRC2012_val_00044641_n03691459.JPEG,ILSVRC2012_val_00008473_n04485082.JPEG,0.0090136770159006,0.0016464737709611,1.0732295513153076,0.0073672032449395
632,ILSVRC2012_val_00015097_n03691459.JPEG,ILSVRC2012_val_00025249_n03063689.JPEG,0.3035068809986114,0.0050730556249618,5.424808025360107,0.2984338253736496
632,ILSVRC2012_val_00022310_n03691459.JPEG,ILSVRC2012_val_00047127_n01914609.JPEG,1.661212921142578,0.0151353254914283,8.128555297851562,1.6460775956511495
632,ILSVRC2012_val_00021809_n03691459.JPEG,ILSVRC2012_val_00031734_n01943899.JPEG,3.4046900272369385,0.0108807832002639,7.042364597320557,3.3938092440366745
632,ILSVRC2012_val_00032601_n03691459.JPEG,ILSVRC2012_val_00018367_n02509815.JPEG,6.511101245880127,0.2919579446315765,10.28405475616455,6.21914330124855
633,ILSVRC2012_val_00025561_n03692522.JPEG,ILSVRC2012_val_00018014_n02687172.JPEG,2.3550596237182617,0.0109369112178683,4.586122512817383,2.3441227125003934
633,ILSVRC2012_val_00033345_n03692522.JPEG,ILSVRC2012_val_00006384_n03124170.JPEG,2.6418261528015137,0.0040558469481766,5.706846714019775,2.637770305853337
633,ILSVRC2012_val_00028226_n03692522.JPEG,ILSVRC2012_val_00014586_n02099429.JPEG,2.7261059284210205,0.0025837393477559,5.328705787658691,2.7235221890732646
633,ILSVRC2012_val_00041544_n03692522.JPEG,ILSVRC2012_val_00043773_n07697537.JPEG,3.109591484069824,0.001829975284636,5.450798034667969,3.107761508785188
633,ILSVRC2012_val_00012274_n03692522.JPEG,ILSVRC2012_val_00000348_n02130308.JPEG,3.772542953491211,0.0606994554400444,10.290101051330566,3.7118434980511665
634,ILSVRC2012_val_00046301_n03697007.JPEG,ILSVRC2012_val_00047004_n02088094.JPEG,0.0100718839094042,0.0024551982060074,3.64841365814209,0.0076166857033968
634,ILSVRC2012_val_00036866_n03697007.JPEG,ILSVRC2012_val_00041156_n02134084.JPEG,0.0160548780113458,0.0006112375995144,1.970303058624268,0.0154436404118314
634,ILSVRC2012_val_00042463_n03697007.JPEG,ILSVRC2012_val_00003395_n04153751.JPEG,0.3281582295894623,0.00352927390486,2.953120470046997,0.32462895568460226
634,ILSVRC2012_val_00042463_n03697007.JPEG,ILSVRC2012_val_00023670_n04562935.JPEG,0.3281582295894623,0.0002908283786382,2.84794020652771,0.3278674012108241
634,ILSVRC2012_val_00013631_n03697007.JPEG,ILSVRC2012_val_00013619_n10565667.JPEG,0.3437806367874145,0.0009712031460367,3.6756844520568848,0.3428094336413778
635,ILSVRC2012_val_00049888_n03706229.JPEG,ILSVRC2012_val_00023459_n03841143.JPEG,0.6747256517410278,0.0018980359891429,2.586756944656372,0.6728276157518849
635,ILSVRC2012_val_00049009_n03706229.JPEG,ILSVRC2012_val_00008297_n02092002.JPEG,1.0101922750473022,0.0099371019750833,8.114133834838867,1.000255173072219
635,ILSVRC2012_val_00019455_n03706229.JPEG,ILSVRC2012_val_00024381_n01818515.JPEG,1.1107165813446045,0.0044125574640929,7.811712741851807,1.1063040238805115
635,ILSVRC2012_val_00019455_n03706229.JPEG,ILSVRC2012_val_00039001_n04254777.JPEG,1.1107165813446045,0.0033069944474846,5.832367897033691,1.1074095868971199
635,ILSVRC2012_val_00001229_n03706229.JPEG,ILSVRC2012_val_00000530_n02114367.JPEG,2.4355740547180176,0.0070075457915663,5.044939041137695,2.428566508926451
636,ILSVRC2012_val_00034532_n03709823.JPEG,ILSVRC2012_val_00022350_n01667778.JPEG,0.0621338784694671,0.010281809605658,3.166752815246582,0.0518520688638091
636,ILSVRC2012_val_00041107_n03709823.JPEG,ILSVRC2012_val_00032525_n04086273.JPEG,0.5538984537124634,0.0459980890154838,2.4509201049804688,0.5079003646969795
636,ILSVRC2012_val_00035896_n03709823.JPEG,ILSVRC2012_val_00012467_n03854065.JPEG,0.8143907189369202,0.0412861369550228,8.60497760772705,0.7731045819818974
636,ILSVRC2012_val_00035896_n03709823.JPEG,ILSVRC2012_val_00031428_n03814639.JPEG,0.8143907189369202,0.0128258550539612,3.910786390304565,0.801564863882959
636,ILSVRC2012_val_00017011_n03709823.JPEG,ILSVRC2012_val_00048099_n02489166.JPEG,0.9849045276641846,0.0481440238654613,5.851974487304688,0.9367605037987232
637,ILSVRC2012_val_00047489_n03710193.JPEG,ILSVRC2012_val_00016799_n04118776.JPEG,0.0726902410387992,0.0031495511066168,5.490724563598633,0.0695406899321824
637,ILSVRC2012_val_00032424_n03710193.JPEG,ILSVRC2012_val_00005797_n03017168.JPEG,0.0813872888684272,0.0029525042045861,3.470860958099365,0.07843478466384109
637,ILSVRC2012_val_00003949_n03710193.JPEG,ILSVRC2012_val_00028853_n02280649.JPEG,0.5646671056747437,0.0048571689985692,4.540623188018799,0.5598099366761744
637,ILSVRC2012_val_00003949_n03710193.JPEG,ILSVRC2012_val_00034657_n04141076.JPEG,0.5646671056747437,0.0025864739436656,5.480414390563965,0.562080631731078
637,ILSVRC2012_val_00047283_n03710193.JPEG,ILSVRC2012_val_00006483_n02971356.JPEG,0.6597104072570801,0.0015206689713522,4.72711706161499,0.6581897382857279
638,ILSVRC2012_val_00012080_n03710637.JPEG,ILSVRC2012_val_00025635_n04254777.JPEG,1.0094032287597656,0.0216147005558013,5.799233436584473,0.9877885282039643
638,ILSVRC2012_val_00035282_n03710637.JPEG,ILSVRC2012_val_00017382_n03291819.JPEG,1.3688437938690186,0.062403380870819,7.844388961791992,1.3064404129981995
638,ILSVRC2012_val_00028232_n03710637.JPEG,ILSVRC2012_val_00034378_n04239074.JPEG,1.5337591171264648,0.0308226346969604,6.408411979675293,1.5029364824295044
638,ILSVRC2012_val_00000184_n03710637.JPEG,ILSVRC2012_val_00040259_n04040759.JPEG,1.9145143032073972,0.0365218743681907,9.342418670654297,1.8779924288392065
638,ILSVRC2012_val_00021081_n03710637.JPEG,ILSVRC2012_val_00041450_n01924916.JPEG,3.4178988933563232,0.0555206798017025,6.098642826080322,3.3623782135546207
639,ILSVRC2012_val_00006538_n03710721.JPEG,ILSVRC2012_val_00029254_n02096294.JPEG,0.987382471561432,0.4834179878234863,9.3055419921875,0.5039644837379458
639,ILSVRC2012_val_00043449_n03710721.JPEG,ILSVRC2012_val_00011169_n01729977.JPEG,1.1315569877624512,0.0220195464789867,7.512110710144043,1.1095374412834644
639,ILSVRC2012_val_00024687_n03710721.JPEG,ILSVRC2012_val_00000282_n03595614.JPEG,1.3855730295181274,0.0187323074787855,4.065223693847656,1.366840722039342
639,ILSVRC2012_val_00042939_n03710721.JPEG,ILSVRC2012_val_00027829_n01740131.JPEG,1.599310040473938,0.055942129343748,8.264134407043457,1.54336791113019
639,ILSVRC2012_val_00019255_n03710721.JPEG,ILSVRC2012_val_00022289_n03676483.JPEG,1.5707495212554932,0.0161924734711647,6.892632961273193,1.5545570477843285
640,ILSVRC2012_val_00027551_n03717622.JPEG,ILSVRC2012_val_00004199_n07684084.JPEG,0.0197524689137935,0.0037212190218269,8.260822296142578,0.016031249891966602
640,ILSVRC2012_val_00045267_n03717622.JPEG,ILSVRC2012_val_00043255_n03938244.JPEG,0.0482943132519722,0.0043305428698658,6.583368301391602,0.0439637703821064
640,ILSVRC2012_val_00045267_n03717622.JPEG,ILSVRC2012_val_00001918_n04371430.JPEG,0.0482943132519722,0.0019481267081573,1.5671619176864624,0.0463461865438149
640,ILSVRC2012_val_00034196_n03717622.JPEG,ILSVRC2012_val_00015454_n07615774.JPEG,0.1010214313864708,0.0013083001831546,2.7636311054229736,0.0997131312033162
640,ILSVRC2012_val_00023787_n03717622.JPEG,ILSVRC2012_val_00021255_n02259212.JPEG,0.126068577170372,0.0076283579692244,5.617596626281738,0.11844021920114761
641,ILSVRC2012_val_00049699_n03720891.JPEG,ILSVRC2012_val_00026872_n02843684.JPEG,0.0005631053354591,0.0005585778853856,5.1994805335998535,4.5274500735e-06
641,ILSVRC2012_val_00023160_n03720891.JPEG,ILSVRC2012_val_00019680_n02114855.JPEG,0.0072739766910672,0.0069108270108699,8.172917366027832,0.00036314968019729964
641,ILSVRC2012_val_00018810_n03720891.JPEG,ILSVRC2012_val_00046914_n04330267.JPEG,0.4821111559867859,0.050403818488121,9.076473236083984,0.4317073374986649
641,ILSVRC2012_val_00034431_n03720891.JPEG,ILSVRC2012_val_00026281_n04487394.JPEG,0.7944256663322449,0.0036190745886415,8.654718399047852,0.7908065917436033
641,ILSVRC2012_val_00034431_n03720891.JPEG,ILSVRC2012_val_00019982_n01735189.JPEG,0.7944256663322449,0.0006432848167605,2.53477144241333,0.7937823815154844
642,ILSVRC2012_val_00040861_n03721384.JPEG,ILSVRC2012_val_00002146_n04487081.JPEG,0.0016705142334103,0.001153161516413,4.733246803283691,0.0005173527169973001
642,ILSVRC2012_val_00035773_n03721384.JPEG,ILSVRC2012_val_00015924_n01664065.JPEG,0.0240682028234004,0.0011076750233769,9.508658409118652,0.0229605278000235
642,ILSVRC2012_val_00024057_n03721384.JPEG,ILSVRC2012_val_00021083_n01630670.JPEG,0.0712866559624672,0.0030309474095702,9.553750038146973,0.06825570855289699
642,ILSVRC2012_val_00022878_n03721384.JPEG,ILSVRC2012_val_00016951_n02108000.JPEG,0.4306369423866272,0.0017915404168888,9.443198204040527,0.4288454019697384
642,ILSVRC2012_val_00023191_n03721384.JPEG,ILSVRC2012_val_00019658_n04371430.JPEG,1.0922234058380127,0.0013948483392596,7.065223217010498,1.090828557498753
643,ILSVRC2012_val_00021552_n03724870.JPEG,ILSVRC2012_val_00048167_n02088364.JPEG,0.3312395811080932,0.0025165574625134,4.79414176940918,0.3287230236455798
643,ILSVRC2012_val_00009544_n03724870.JPEG,ILSVRC2012_val_00016961_n07860988.JPEG,0.4825910329818725,0.000883069995325,4.312114715576172,0.4817079629865475
643,ILSVRC2012_val_00045737_n03724870.JPEG,ILSVRC2012_val_00015161_n03782006.JPEG,0.8756718039512634,0.0236293748021125,6.9404616355896,0.852042429149151
643,ILSVRC2012_val_00045737_n03724870.JPEG,ILSVRC2012_val_00044153_n02259212.JPEG,0.8756718039512634,0.0008886678842827,1.8783559799194336,0.8747831360669808
643,ILSVRC2012_val_00014399_n03724870.JPEG,ILSVRC2012_val_00020460_n02088238.JPEG,1.3777190446853638,0.0018427072791382,2.012519121170044,1.3758763374062255
644,ILSVRC2012_val_00046189_n03729826.JPEG,ILSVRC2012_val_00035932_n02268443.JPEG,0.0411141961812973,0.005313441157341,7.974765300750732,0.0358007550239563
644,ILSVRC2012_val_00044803_n03729826.JPEG,ILSVRC2012_val_00034709_n03891332.JPEG,0.4147291183471679,0.0281786974519491,8.922969818115234,0.3865504208952188
644,ILSVRC2012_val_00021530_n03729826.JPEG,ILSVRC2012_val_00045351_n02966687.JPEG,0.4416092932224273,0.0014976962702348,5.848262786865234,0.4401115969521925
644,ILSVRC2012_val_00034339_n03729826.JPEG,ILSVRC2012_val_00049864_n03134739.JPEG,0.9905521869659424,0.0017207353375852,6.3278117179870605,0.9888314516283572
644,ILSVRC2012_val_00038947_n03729826.JPEG,ILSVRC2012_val_00024882_n03991062.JPEG,2.1118617057800293,0.0020854170434176,6.733927249908447,2.1097762887366116
645,ILSVRC2012_val_00027769_n03733131.JPEG,ILSVRC2012_val_00036189_n04562935.JPEG,0.0016307639889419,0.0015524489572271,2.417832612991333,7.831503171480008e-05
645,ILSVRC2012_val_00031513_n03733131.JPEG,ILSVRC2012_val_00013062_n02326432.JPEG,0.0158920362591743,0.0129269454628229,8.434542655944824,0.002965090796351398
645,ILSVRC2012_val_00043568_n03733131.JPEG,ILSVRC2012_val_00011401_n02011460.JPEG,0.0195560958236455,0.0006597249885089,2.373800277709961,0.0188963708351366
645,ILSVRC2012_val_00027461_n03733131.JPEG,ILSVRC2012_val_00040910_n03290653.JPEG,0.1748596429824829,0.00938574783504,7.367796897888184,0.1654738951474429
645,ILSVRC2012_val_00009571_n03733131.JPEG,ILSVRC2012_val_00006902_n04347754.JPEG,0.2218317687511444,0.0202028155326843,9.519776344299316,0.2016289532184601
646,ILSVRC2012_val_00011827_n03733281.JPEG,ILSVRC2012_val_00049798_n04209239.JPEG,0.0108546046540141,0.0099337976425886,5.874804496765137,0.0009208070114255004
646,ILSVRC2012_val_00013018_n03733281.JPEG,ILSVRC2012_val_00039422_n02988304.JPEG,0.0074756164103746,0.0017097868258133,4.889898300170898,0.0057658295845613
646,ILSVRC2012_val_00041328_n03733281.JPEG,ILSVRC2012_val_00011624_n02119789.JPEG,0.016454592347145,0.0026285641361027,8.886815071105957,0.0138260282110423
646,ILSVRC2012_val_00024860_n03733281.JPEG,ILSVRC2012_val_00037196_n02825657.JPEG,0.1001505032181739,0.0008798541966825,2.5750465393066406,0.0992706490214914
646,ILSVRC2012_val_00036553_n03733281.JPEG,ILSVRC2012_val_00005332_n01693334.JPEG,0.3961571455001831,0.0018532973481342,7.9592671394348145,0.3943038481520489
647,ILSVRC2012_val_00002919_n03733805.JPEG,ILSVRC2012_val_00040886_n02999410.JPEG,0.0391647368669509,0.0065600993111729,4.741002082824707,0.032604637555778
647,ILSVRC2012_val_00002919_n03733805.JPEG,ILSVRC2012_val_00015745_n02236044.JPEG,0.0391647368669509,0.0035425783134996,0.5163799524307251,0.0356221585534513
647,ILSVRC2012_val_00011569_n03733805.JPEG,ILSVRC2012_val_00037342_n04116512.JPEG,0.1522731781005859,0.0038492411840707,2.881300687789917,0.1484239369165152
647,ILSVRC2012_val_00042644_n03733805.JPEG,ILSVRC2012_val_00008377_n12144580.JPEG,1.5009514093399048,0.0512718111276626,5.65858268737793,1.4496795982122421
647,ILSVRC2012_val_00029501_n03733805.JPEG,ILSVRC2012_val_00035173_n02093754.JPEG,2.5444774627685547,0.0108103826642036,7.550657272338867,2.533667080104351
648,ILSVRC2012_val_00030867_n03742115.JPEG,ILSVRC2012_val_00038410_n03047690.JPEG,0.2510184049606323,0.0134488297626376,6.424511432647705,0.23756957519799474
648,ILSVRC2012_val_00009495_n03742115.JPEG,ILSVRC2012_val_00032453_n02132136.JPEG,1.5518064498901367,0.0359818860888481,7.038475036621094,1.5158245638012886
648,ILSVRC2012_val_00040111_n03742115.JPEG,ILSVRC2012_val_00039658_n03903868.JPEG,1.5306823253631592,0.0045789391733706,6.600668907165527,1.5261033861897886
648,ILSVRC2012_val_00009495_n03742115.JPEG,ILSVRC2012_val_00026277_n04009552.JPEG,1.5518064498901367,0.0071790590882301,3.9436752796173096,1.5446273908019066
648,ILSVRC2012_val_00045616_n03742115.JPEG,ILSVRC2012_val_00014928_n02113978.JPEG,1.7597005367279053,0.0975874289870262,7.224198341369629,1.662113107740879
649,ILSVRC2012_val_00017896_n03743016.JPEG,ILSVRC2012_val_00020100_n03018349.JPEG,0.0047808857634663,0.0044792559929192,2.426298856735229,0.0003016297705471004
649,ILSVRC2012_val_00005049_n03743016.JPEG,ILSVRC2012_val_00028984_n03627232.JPEG,0.0460356585681438,0.0414445511996746,5.798681259155273,0.004591107368469204
649,ILSVRC2012_val_00015599_n03743016.JPEG,ILSVRC2012_val_00001046_n02011460.JPEG,0.0269396882504224,0.004987773951143,0.88372403383255,0.021951914299279403
649,ILSVRC2012_val_00015599_n03743016.JPEG,ILSVRC2012_val_00017015_n01688243.JPEG,0.0269396882504224,0.0049542048946022,2.665308952331543,0.0219854833558202
649,ILSVRC2012_val_00031553_n03743016.JPEG,ILSVRC2012_val_00033231_n02096177.JPEG,1.5360848903656006,0.0403865277767181,5.9618988037109375,1.4956983625888824
650,ILSVRC2012_val_00035587_n03759954.JPEG,ILSVRC2012_val_00016611_n02483362.JPEG,0.3406101763248443,0.0031733177602291,6.938228607177734,0.3374368585646152
650,ILSVRC2012_val_00035587_n03759954.JPEG,ILSVRC2012_val_00015281_n02526121.JPEG,0.3406101763248443,0.001744178822264,6.8881707191467285,0.3388659975025803
650,ILSVRC2012_val_00032691_n03759954.JPEG,ILSVRC2012_val_00024183_n07695742.JPEG,0.6069841980934143,0.0401591248810291,9.479222297668455,0.5668250732123852
650,ILSVRC2012_val_00032691_n03759954.JPEG,ILSVRC2012_val_00038294_n02097474.JPEG,0.6069841980934143,0.0106775872409343,7.300632953643799,0.59630661085248
650,ILSVRC2012_val_00047050_n03759954.JPEG,ILSVRC2012_val_00002388_n01828970.JPEG,3.4224207401275635,0.0044470936991274,7.311445713043213,3.417973646428436
651,ILSVRC2012_val_00038763_n03761084.JPEG,ILSVRC2012_val_00010949_n04026417.JPEG,0.2898733019828796,0.003176882630214,4.554667472839356,0.2866964193526656
651,ILSVRC2012_val_00025505_n03761084.JPEG,ILSVRC2012_val_00048645_n04456115.JPEG,0.39250448346138,0.0008922410197556,1.3973090648651123,0.3916122424416244
651,ILSVRC2012_val_00020448_n03761084.JPEG,ILSVRC2012_val_00045396_n03983396.JPEG,4.086848735809326,0.8264889717102051,10.353527069091797,3.260359764099121
651,ILSVRC2012_val_00005324_n03761084.JPEG,ILSVRC2012_val_00043539_n03062245.JPEG,4.403539657592773,0.0012749646557494,4.488917350769043,4.402264692937024
651,ILSVRC2012_val_00039006_n03761084.JPEG,ILSVRC2012_val_00048970_n04133789.JPEG,5.387882709503174,0.0034108338877558,6.362275123596191,5.384471875615418
652,ILSVRC2012_val_00047013_n03763968.JPEG,ILSVRC2012_val_00010589_n02364673.JPEG,0.2164430469274521,0.0092759123072028,9.184518814086914,0.2071671346202493
652,ILSVRC2012_val_00042877_n03763968.JPEG,ILSVRC2012_val_00033464_n03666591.JPEG,0.5393433570861816,0.0018411604687571,3.6847212314605713,0.5375021966174245
652,ILSVRC2012_val_00033957_n03763968.JPEG,ILSVRC2012_val_00020599_n01882714.JPEG,0.5890806913375854,0.0031238826923072,8.068819046020508,0.5859568086452782
652,ILSVRC2012_val_00038094_n03763968.JPEG,ILSVRC2012_val_00016234_n07920052.JPEG,1.1737027168273926,0.0055233011953532,8.538392066955566,1.1681794156320393
652,ILSVRC2012_val_00012158_n03763968.JPEG,ILSVRC2012_val_00002369_n07930864.JPEG,2.1557817459106445,0.003956111613661,5.059488773345947,2.1518256342969835
653,ILSVRC2012_val_00002470_n03764736.JPEG,ILSVRC2012_val_00033529_n04404412.JPEG,0.9645500779151917,0.0031282796990126,4.064536094665527,0.961421798216179
653,ILSVRC2012_val_00020546_n03764736.JPEG,ILSVRC2012_val_00026159_n07802026.JPEG,2.9559693336486816,0.0018330690218135,9.051718711853027,2.954136264626868
653,ILSVRC2012_val_00013680_n03764736.JPEG,ILSVRC2012_val_00029493_n04328186.JPEG,5.844879150390625,0.0072210747748613,8.568473815917969,5.837658075615764
653,ILSVRC2012_val_00001522_n03764736.JPEG,ILSVRC2012_val_00009849_n02877765.JPEG,6.392996311187744,0.0304226111620664,8.20207691192627,6.362573700025678
653,ILSVRC2012_val_00001522_n03764736.JPEG,ILSVRC2012_val_00019521_n04532670.JPEG,6.392996311187744,0.0023891972377896,7.295403480529785,6.3906071139499545
654,ILSVRC2012_val_00005606_n03769881.JPEG,ILSVRC2012_val_00027976_n04399382.JPEG,0.2009400427341461,0.1766521483659744,9.18252182006836,0.024287894368171692
654,ILSVRC2012_val_00022551_n03769881.JPEG,ILSVRC2012_val_00044497_n03775071.JPEG,0.1725172102451324,0.1430353373289108,8.67505168914795,0.02948187291622159
654,ILSVRC2012_val_00000793_n03769881.JPEG,ILSVRC2012_val_00037262_n01695060.JPEG,0.2164494842290878,0.0852534845471382,7.785674095153809,0.13119599968194962
654,ILSVRC2012_val_00022551_n03769881.JPEG,ILSVRC2012_val_00034668_n01739381.JPEG,0.1725172102451324,0.0052601983770728,4.374971389770508,0.16725701186805958
654,ILSVRC2012_val_00000793_n03769881.JPEG,ILSVRC2012_val_00033740_n13054560.JPEG,0.2164494842290878,0.0189122334122657,5.855015754699707,0.1975372508168221
655,ILSVRC2012_val_00012737_n03770439.JPEG,ILSVRC2012_val_00047761_n02276258.JPEG,0.4917988181114197,0.0021299074869602,5.957372665405273,0.4896689106244595
655,ILSVRC2012_val_00035350_n03770439.JPEG,ILSVRC2012_val_00012337_n04033901.JPEG,0.7999405264854431,0.0034726096782833,5.149223327636719,0.7964679168071598
655,ILSVRC2012_val_00032294_n03770439.JPEG,ILSVRC2012_val_00029568_n01491361.JPEG,1.6892526149749756,0.0046400493010878,2.725552558898926,1.6846125656738877
655,ILSVRC2012_val_00034389_n03770439.JPEG,ILSVRC2012_val_00024085_n02095570.JPEG,2.1798696517944336,0.0155477318912744,6.660351276397705,2.164321919903159
655,ILSVRC2012_val_00020532_n03770439.JPEG,ILSVRC2012_val_00023439_n13133613.JPEG,2.615252017974853,0.0088778072968125,5.61157751083374,2.6063742106780405
656,ILSVRC2012_val_00037829_n03770679.JPEG,ILSVRC2012_val_00033949_n02804610.JPEG,1.4827890396118164,1.2834810018539429,11.86278247833252,0.19930803775787354
656,ILSVRC2012_val_00024550_n03770679.JPEG,ILSVRC2012_val_00000812_n03781244.JPEG,0.2826355099678039,0.0269565135240554,6.225961208343506,0.2556789964437485
656,ILSVRC2012_val_00004552_n03770679.JPEG,ILSVRC2012_val_00017388_n02002724.JPEG,0.3896187245845794,0.0129489507526159,5.611372470855713,0.37666977383196354
656,ILSVRC2012_val_00004552_n03770679.JPEG,ILSVRC2012_val_00015718_n03534580.JPEG,0.3896187245845794,0.0054018958471715,6.28920841217041,0.3842168287374079
656,ILSVRC2012_val_00012490_n03770679.JPEG,ILSVRC2012_val_00021123_n03534580.JPEG,0.6866062879562378,0.0084064910188317,6.034428119659424,0.6781997969374061
657,ILSVRC2012_val_00016927_n03773504.JPEG,ILSVRC2012_val_00047140_n07715103.JPEG,0.7604355812072754,0.3834258913993835,9.655841827392578,0.3770096898078919
657,ILSVRC2012_val_00046125_n03773504.JPEG,ILSVRC2012_val_00004912_n03028079.JPEG,0.5545914769172668,0.0909832045435905,5.349987030029297,0.46360827237367636
657,ILSVRC2012_val_00016927_n03773504.JPEG,ILSVRC2012_val_00015430_n02111889.JPEG,0.7604355812072754,0.0773675218224525,7.750883102416992,0.6830680593848228
657,ILSVRC2012_val_00031503_n03773504.JPEG,ILSVRC2012_val_00007345_n01917289.JPEG,1.6150059700012207,0.1035765931010246,9.293123245239258,1.511429376900196
657,ILSVRC2012_val_00026955_n03773504.JPEG,ILSVRC2012_val_00035050_n02992211.JPEG,5.057058334350586,0.0398895144462585,5.057058334350586,5.017168819904327
658,ILSVRC2012_val_00049880_n03775071.JPEG,ILSVRC2012_val_00022271_n03095699.JPEG,0.002613702090457,0.0024504417087882,1.576062560081482,0.0001632603816688
658,ILSVRC2012_val_00002123_n03775071.JPEG,ILSVRC2012_val_00029116_n03393912.JPEG,0.003616580273956,0.0033999038860201,4.300393581390381,0.00021667638793590027
658,ILSVRC2012_val_00002123_n03775071.JPEG,ILSVRC2012_val_00021298_n04179913.JPEG,0.003616580273956,0.0032013617455959,5.2654218673706055,0.0004152185283601002
658,ILSVRC2012_val_00037775_n03775071.JPEG,ILSVRC2012_val_00043213_n04238763.JPEG,0.0669454187154769,0.0054040299728512,5.964189529418945,0.061541388742625706
658,ILSVRC2012_val_00040236_n03775071.JPEG,ILSVRC2012_val_00010255_n02105251.JPEG,0.1247889250516891,0.0010904086520895,3.988805055618286,0.12369851639959961
659,ILSVRC2012_val_00005159_n03775546.JPEG,ILSVRC2012_val_00018824_n02655020.JPEG,0.009986201301217,0.006825583986938,4.078430652618408,0.0031606173142789996
659,ILSVRC2012_val_00013468_n03775546.JPEG,ILSVRC2012_val_00012232_n07742313.JPEG,0.0098974434658885,0.0045331334695219,3.5722105503082275,0.005364309996366601
659,ILSVRC2012_val_00028147_n03775546.JPEG,ILSVRC2012_val_00015728_n04086273.JPEG,0.0388129875063896,0.0285233166068792,7.484304904937744,0.010289670899510397
659,ILSVRC2012_val_00006621_n03775546.JPEG,ILSVRC2012_val_00010137_n01882714.JPEG,0.0246989857405424,0.0044428212568163,4.574570655822754,0.0202561644837261
659,ILSVRC2012_val_00029594_n03775546.JPEG,ILSVRC2012_val_00037006_n03658185.JPEG,0.0452664494514465,0.0050183762796223,4.366391181945801,0.040248073171824196
660,ILSVRC2012_val_00039128_n03776460.JPEG,ILSVRC2012_val_00026314_n01978455.JPEG,0.0113877076655626,0.0111211910843849,7.436080455780029,0.00026651658117769934
660,ILSVRC2012_val_00039128_n03776460.JPEG,ILSVRC2012_val_00001992_n02100735.JPEG,0.0113877076655626,0.0107449311763048,3.57040810585022,0.0006427764892578004
660,ILSVRC2012_val_00024871_n03776460.JPEG,ILSVRC2012_val_00046431_n04152593.JPEG,0.5599839687347412,0.0019566931296139,1.283260941505432,0.5580272756051273
660,ILSVRC2012_val_00044169_n03776460.JPEG,ILSVRC2012_val_00043225_n07836838.JPEG,1.9848624467849727,0.0645482987165451,5.47271728515625,1.9203141480684276
660,ILSVRC2012_val_00044169_n03776460.JPEG,ILSVRC2012_val_00019064_n07875152.JPEG,1.9848624467849727,0.0442852303385734,4.667397499084473,1.9405772164463992
661,ILSVRC2012_val_00045312_n03777568.JPEG,ILSVRC2012_val_00037086_n03481172.JPEG,0.0098488116636872,0.0044475686736404,5.331568717956543,0.005401242990046799
661,ILSVRC2012_val_00013826_n03777568.JPEG,ILSVRC2012_val_00004982_n03476991.JPEG,0.0246011726558208,0.0130969760939478,6.350269794464111,0.011504196561873
661,ILSVRC2012_val_00047282_n03777568.JPEG,ILSVRC2012_val_00026919_n04380533.JPEG,0.0352132990956306,0.007179295644164,7.537208557128906,0.028034003451466595
661,ILSVRC2012_val_00029553_n03777568.JPEG,ILSVRC2012_val_00022474_n02107142.JPEG,0.0818735510110855,0.0358514711260795,8.721305847167969,0.046022079885006
661,ILSVRC2012_val_00003977_n03777568.JPEG,ILSVRC2012_val_00047917_n03388183.JPEG,0.3112635910511017,0.0465489737689495,6.512368679046631,0.2647146172821522
662,ILSVRC2012_val_00020155_n03777754.JPEG,ILSVRC2012_val_00039300_n04589890.JPEG,0.0045197238214313,0.0041899993084371,3.388662576675415,0.00032972451299420006
662,ILSVRC2012_val_00007751_n03777754.JPEG,ILSVRC2012_val_00003864_n03337140.JPEG,0.3686954975128174,0.0027279565110802,6.094995498657227,0.3659675410017372
662,ILSVRC2012_val_00008248_n03777754.JPEG,ILSVRC2012_val_00016907_n03457902.JPEG,0.8362046480178833,0.0074564483948051,7.962775230407715,0.8287481996230782
662,ILSVRC2012_val_00040760_n03777754.JPEG,ILSVRC2012_val_00018133_n03372029.JPEG,0.8621920347213745,0.0031939942855387,6.469040870666504,0.8589980404358358
662,ILSVRC2012_val_00007543_n03777754.JPEG,ILSVRC2012_val_00020287_n07802026.JPEG,2.144122838973999,0.0159117486327886,6.748363494873047,2.1282110903412104
663,ILSVRC2012_val_00035772_n03781244.JPEG,ILSVRC2012_val_00033900_n02687172.JPEG,0.4695401191711426,0.0089750448241829,1.8937114477157595,0.4605650743469597
663,ILSVRC2012_val_00003613_n03781244.JPEG,ILSVRC2012_val_00045128_n02992529.JPEG,0.7995269894599915,0.0179215408861637,3.111138105392456,0.7816054485738277
663,ILSVRC2012_val_00005950_n03781244.JPEG,ILSVRC2012_val_00020139_n02437616.JPEG,1.015945315361023,0.0454185381531715,6.1917243003845215,0.9705267772078514
663,ILSVRC2012_val_00040751_n03781244.JPEG,ILSVRC2012_val_00043390_n03642806.JPEG,2.2542295455932617,0.0251754745841026,2.5164411067962646,2.229054071009159
663,ILSVRC2012_val_00040751_n03781244.JPEG,ILSVRC2012_val_00002554_n04005630.JPEG,2.2542295455932617,0.007199415937066,4.420623779296875,2.2470301296561956
664,ILSVRC2012_val_00035743_n03782006.JPEG,ILSVRC2012_val_00038848_n02102973.JPEG,1.0910093784332275,0.01946303807199,6.924219131469727,1.0715463403612375
664,ILSVRC2012_val_00016317_n03782006.JPEG,ILSVRC2012_val_00048932_n02492660.JPEG,1.3873066902160645,0.0042080432176589,7.781727790832519,1.3830986469984055
664,ILSVRC2012_val_00018503_n03782006.JPEG,ILSVRC2012_val_00018838_n04192698.JPEG,1.7200047969818115,0.021396754309535,5.996888637542725,1.6986080426722765
664,ILSVRC2012_val_00000119_n03782006.JPEG,ILSVRC2012_val_00006563_n04326547.JPEG,4.171777725219727,0.3582165241241455,9.032987594604492,3.813561201095581
664,ILSVRC2012_val_00041449_n03782006.JPEG,ILSVRC2012_val_00039388_n10565667.JPEG,4.305746555328369,0.0106552960351109,6.203210830688477,4.295091259293258
665,ILSVRC2012_val_00030133_n03785016.JPEG,ILSVRC2012_val_00000975_n02108422.JPEG,0.6661263704299927,0.4338676035404205,7.927417278289795,0.2322587668895722
665,ILSVRC2012_val_00030133_n03785016.JPEG,ILSVRC2012_val_00032658_n02108915.JPEG,0.6661263704299927,0.0210599433630704,11.070161819458008,0.6450664270669223
665,ILSVRC2012_val_00041104_n03785016.JPEG,ILSVRC2012_val_00041347_n02123394.JPEG,1.0578728914260864,0.0218836832791566,7.739318370819092,1.0359892081469297
665,ILSVRC2012_val_00006644_n03785016.JPEG,ILSVRC2012_val_00010321_n03337140.JPEG,3.4568772315979004,0.0553341396152973,6.713405609130859,3.401543091982603
665,ILSVRC2012_val_00006644_n03785016.JPEG,ILSVRC2012_val_00037317_n02096177.JPEG,3.4568772315979004,0.0113297188654541,7.043721675872803,3.445547512732446
666,ILSVRC2012_val_00006228_n03786901.JPEG,ILSVRC2012_val_00019607_n02099429.JPEG,0.005805061198771,0.0029555945657193,1.4095134735107422,0.0028494666330516998
666,ILSVRC2012_val_00021383_n03786901.JPEG,ILSVRC2012_val_00026102_n02342885.JPEG,0.2611318528652191,0.0011906685540452,0.5849568843841553,0.2599411843111739
666,ILSVRC2012_val_00033201_n03786901.JPEG,ILSVRC2012_val_00007924_n03494278.JPEG,0.5839420557022095,0.0015018623089417,6.862366199493408,0.5824401933932678
666,ILSVRC2012_val_00036588_n03786901.JPEG,ILSVRC2012_val_00015570_n02096437.JPEG,1.1113035678863523,0.0039774840697646,6.965220928192139,1.1073260838165877
666,ILSVRC2012_val_00036588_n03786901.JPEG,ILSVRC2012_val_00047139_n03483316.JPEG,1.1113035678863523,0.00198310543783,6.497166156768799,1.1093204624485222
667,ILSVRC2012_val_00037208_n03787032.JPEG,ILSVRC2012_val_00014349_n13044778.JPEG,0.3618358075618744,0.1489547342061996,10.26609230041504,0.2128810733556748
667,ILSVRC2012_val_00037208_n03787032.JPEG,ILSVRC2012_val_00043095_n02018795.JPEG,0.3618358075618744,0.0152034256607294,7.441531658172607,0.346632381901145
667,ILSVRC2012_val_00016856_n03787032.JPEG,ILSVRC2012_val_00038189_n04310018.JPEG,0.4115394949913025,0.0354494266211986,6.434479713439941,0.3760900683701039
667,ILSVRC2012_val_00021591_n03787032.JPEG,ILSVRC2012_val_00047607_n03924679.JPEG,0.4747288823127746,0.0237272847443819,6.023084163665772,0.4510015975683927
667,ILSVRC2012_val_00049945_n03787032.JPEG,ILSVRC2012_val_00026640_n02988304.JPEG,3.394322872161865,0.1871635615825653,8.395116806030273,3.2071593105792995
668,ILSVRC2012_val_00009131_n03788195.JPEG,ILSVRC2012_val_00044815_n03483316.JPEG,0.0089076999574899,0.0065160426311194,4.64499568939209,0.0023916573263704994
668,ILSVRC2012_val_00011065_n03788195.JPEG,ILSVRC2012_val_00023116_n02687172.JPEG,0.0085341511294245,0.0013793725520372,0.1491024196147918,0.007154778577387301
668,ILSVRC2012_val_00024244_n03788195.JPEG,ILSVRC2012_val_00019015_n04259630.JPEG,0.0167611893266439,0.0029421634972095,0.2933175265789032,0.013819025829434398
668,ILSVRC2012_val_00024244_n03788195.JPEG,ILSVRC2012_val_00045201_n03388549.JPEG,0.0167611893266439,0.0017235913546755,1.7798818349838257,0.015037597971968398
668,ILSVRC2012_val_00029681_n03788195.JPEG,ILSVRC2012_val_00038238_n02489166.JPEG,0.041970856487751,0.0159191396087408,6.541607856750488,0.0260517168790102
669,ILSVRC2012_val_00006572_n03788365.JPEG,ILSVRC2012_val_00030552_n02666196.JPEG,0.0091094831004738,0.007817861624062,4.369659423828125,0.0012916214764117986
669,ILSVRC2012_val_00034638_n03788365.JPEG,ILSVRC2012_val_00013344_n02808440.JPEG,0.0385883226990699,0.0007621721015311,3.204446315765381,0.0378261505975388
669,ILSVRC2012_val_00000859_n03788365.JPEG,ILSVRC2012_val_00003177_n04604644.JPEG,0.0527739822864532,0.00072417256888,0.6835732460021973,0.0520498097175732
669,ILSVRC2012_val_00033511_n03788365.JPEG,ILSVRC2012_val_00007349_n04041544.JPEG,0.163687914609909,0.0024858782999217,4.616029739379883,0.1612020363099873
669,ILSVRC2012_val_00033511_n03788365.JPEG,ILSVRC2012_val_00008858_n02168699.JPEG,0.163687914609909,0.0004930472350679,1.5907819271087646,0.1631948673748411
670,ILSVRC2012_val_00004789_n03791053.JPEG,ILSVRC2012_val_00014246_n02109961.JPEG,0.2303159087896347,0.0303809810429811,6.202252388000488,0.1999349277466536
670,ILSVRC2012_val_00022929_n03791053.JPEG,ILSVRC2012_val_00002683_n02085936.JPEG,0.2983409762382507,0.0185381919145584,7.40519380569458,0.27980278432369227
670,ILSVRC2012_val_00022929_n03791053.JPEG,ILSVRC2012_val_00035320_n02088364.JPEG,0.2983409762382507,0.0099997743964195,6.912612438201904,0.28834120184183115
670,ILSVRC2012_val_00049655_n03791053.JPEG,ILSVRC2012_val_00016234_n07920052.JPEG,0.6667351126670837,0.0055432179942727,7.6155171394348145,0.661191894672811
670,ILSVRC2012_val_00016453_n03791053.JPEG,ILSVRC2012_val_00027726_n03355925.JPEG,1.2982784509658811,0.007540691178292,3.391122579574585,1.290737759787589
671,ILSVRC2012_val_00016815_n03792782.JPEG,ILSVRC2012_val_00032548_n09193705.JPEG,0.0418766587972641,0.0099972961470484,4.540477752685547,0.031879362650215695
671,ILSVRC2012_val_00004147_n03792782.JPEG,ILSVRC2012_val_00044967_n03467068.JPEG,0.3172396719455719,0.0046324552968144,6.255994319915772,0.3126072166487575
671,ILSVRC2012_val_00024105_n03792782.JPEG,ILSVRC2012_val_00022135_n03240683.JPEG,0.4275660514831543,0.0177379231899976,7.597729682922363,0.4098281282931567
671,ILSVRC2012_val_00028824_n03792782.JPEG,ILSVRC2012_val_00003283_n03534580.JPEG,1.3716866970062256,0.0056049805134534,2.2834560871124268,1.366081716492772
671,ILSVRC2012_val_00028824_n03792782.JPEG,ILSVRC2012_val_00019399_n01664065.JPEG,1.3716866970062256,0.0050562131218612,1.4445159435272217,1.3666304838843644
672,ILSVRC2012_val_00042646_n03792972.JPEG,ILSVRC2012_val_00012457_n02125311.JPEG,0.0100092161446809,0.0091691361740231,7.609471321105957,0.0008400799706578012
672,ILSVRC2012_val_00027186_n03792972.JPEG,ILSVRC2012_val_00032155_n03180011.JPEG,0.0418928936123847,0.0024615009315311,2.057912826538086,0.0394313926808536
672,ILSVRC2012_val_00049648_n03792972.JPEG,ILSVRC2012_val_00043317_n02988304.JPEG,0.0577223673462867,0.0154809458181262,4.546030044555664,0.042241421528160496
672,ILSVRC2012_val_00006259_n03792972.JPEG,ILSVRC2012_val_00041749_n02486410.JPEG,0.1937454938888549,0.0961005687713623,8.813711166381836,0.09764492511749259
672,ILSVRC2012_val_00020645_n03792972.JPEG,ILSVRC2012_val_00023803_n02441942.JPEG,0.3362261950969696,0.0040791169740259,6.667445182800293,0.3321470781229437
673,ILSVRC2012_val_00007175_n03793489.JPEG,ILSVRC2012_val_00015883_n04428191.JPEG,0.1811254173517227,0.0243650302290916,7.709388256072998,0.1567603871226311
673,ILSVRC2012_val_00007175_n03793489.JPEG,ILSVRC2012_val_00026206_n03733281.JPEG,0.1811254173517227,0.0219991374760866,8.731188774108887,0.1591262798756361
673,ILSVRC2012_val_00007175_n03793489.JPEG,ILSVRC2012_val_00007713_n02134084.JPEG,0.1811254173517227,0.0048820814117789,7.444869518280029,0.1762433359399438
673,ILSVRC2012_val_00049330_n03793489.JPEG,ILSVRC2012_val_00012444_n07753592.JPEG,1.0858137607574463,0.0013091336004436,5.783511161804199,1.0845046271570027
673,ILSVRC2012_val_00045539_n03793489.JPEG,ILSVRC2012_val_00003485_n02097474.JPEG,1.5946201086044312,0.013768108561635,9.112066268920898,1.5808520000427961
674,ILSVRC2012_val_00000430_n03794056.JPEG,ILSVRC2012_val_00001845_n04367480.JPEG,0.0016307639889419,0.0003293210465926,2.331795215606689,0.0013014429423493
674,ILSVRC2012_val_00031211_n03794056.JPEG,ILSVRC2012_val_00016298_n12768682.JPEG,0.0053108320571482,0.0004511053848545,4.67326545715332,0.0048597266722937
674,ILSVRC2012_val_00044792_n03794056.JPEG,ILSVRC2012_val_00039540_n02088466.JPEG,0.0242134276777505,3.71926071238704e-05,3.327437400817871,0.02417623507062663
674,ILSVRC2012_val_00023974_n03794056.JPEG,ILSVRC2012_val_00000594_n02107908.JPEG,0.1452104598283767,0.0064000878483057,7.501719951629639,0.13881037198007098
674,ILSVRC2012_val_00020873_n03794056.JPEG,ILSVRC2012_val_00010589_n02364673.JPEG,0.1759872585535049,0.0014027050929144,1.9474647045135496,0.17458455346059049
675,ILSVRC2012_val_00046130_n03796401.JPEG,ILSVRC2012_val_00036163_n04147183.JPEG,0.1421765685081482,0.0098394863307476,4.857820987701416,0.1323370821774006
675,ILSVRC2012_val_00001984_n03796401.JPEG,ILSVRC2012_val_00028306_n04447861.JPEG,0.750618577003479,0.0145998708903789,6.551294326782227,0.7360187061131
675,ILSVRC2012_val_00036699_n03796401.JPEG,ILSVRC2012_val_00044368_n15075141.JPEG,1.560599446296692,0.0026292775291949,6.0926666259765625,1.557970168767497
675,ILSVRC2012_val_00005422_n03796401.JPEG,ILSVRC2012_val_00000048_n02089973.JPEG,1.8674923181533811,0.0071396455168724,5.124730587005615,1.8603526726365087
675,ILSVRC2012_val_00031455_n03796401.JPEG,ILSVRC2012_val_00010832_n02879718.JPEG,3.4450573921203613,0.1280277371406555,7.480629444122314,3.317029654979706
676,ILSVRC2012_val_00044837_n03803284.JPEG,ILSVRC2012_val_00044040_n07590611.JPEG,0.0094275521114468,0.0025128712877631,6.496362686157227,0.0069146808236837005
676,ILSVRC2012_val_00012090_n03803284.JPEG,ILSVRC2012_val_00013596_n02526121.JPEG,0.0398535467684268,0.0046491860412061,7.773390769958496,0.0352043607272207
676,ILSVRC2012_val_00006876_n03803284.JPEG,ILSVRC2012_val_00026143_n04604644.JPEG,0.0579074509441852,0.0028212766628712,7.652990341186523,0.055086174281314
676,ILSVRC2012_val_00006876_n03803284.JPEG,ILSVRC2012_val_00002757_n02396427.JPEG,0.0579074509441852,0.0011995985405519,8.703598022460938,0.0567078524036333
676,ILSVRC2012_val_00018103_n03803284.JPEG,ILSVRC2012_val_00027919_n03089624.JPEG,0.4218698740005493,0.0038612349890172,10.032062530517578,0.4180086390115321
677,ILSVRC2012_val_00043239_n03804744.JPEG,ILSVRC2012_val_00018578_n02066245.JPEG,0.0022975020110607,0.0021572669502347,0.1249997690320015,0.0001402350608259999
677,ILSVRC2012_val_00048967_n03804744.JPEG,ILSVRC2012_val_00010044_n04154565.JPEG,0.0050318981520831,0.0013603252591565,4.502490997314453,0.0036715728929266004
677,ILSVRC2012_val_00012438_n03804744.JPEG,ILSVRC2012_val_00030540_n02101556.JPEG,0.0873036757111549,0.0356368385255336,7.739306449890137,0.051666837185621296
677,ILSVRC2012_val_00012438_n03804744.JPEG,ILSVRC2012_val_00009382_n07871810.JPEG,0.0873036757111549,0.003266833955422,7.995786666870117,0.0840368417557329
677,ILSVRC2012_val_00035232_n03804744.JPEG,ILSVRC2012_val_00040809_n02092339.JPEG,0.6925954818725586,0.0254826638847589,9.412599563598633,0.6671128179877996
678,ILSVRC2012_val_00037685_n03814639.JPEG,ILSVRC2012_val_00039540_n02088466.JPEG,0.0015876796096563,0.0006476927082985,1.428288459777832,0.0009399869013578001
678,ILSVRC2012_val_00036585_n03814639.JPEG,ILSVRC2012_val_00019368_n01978287.JPEG,0.8901646733283997,0.0031119987834244,7.782483100891113,0.8870526745449753
678,ILSVRC2012_val_00043926_n03814639.JPEG,ILSVRC2012_val_00033143_n03769881.JPEG,0.933041512966156,0.0066710622049868,6.637066841125488,0.9263704507611692
678,ILSVRC2012_val_00046715_n03814639.JPEG,ILSVRC2012_val_00019075_n02950826.JPEG,1.1286112070083618,0.0047429203987121,9.47696304321289,1.1238682866096497
678,ILSVRC2012_val_00046715_n03814639.JPEG,ILSVRC2012_val_00046708_n02978881.JPEG,1.1286112070083618,0.0024504417087882,6.760011196136475,1.1261607652995735
679,ILSVRC2012_val_00020703_n03814906.JPEG,ILSVRC2012_val_00036563_n02094258.JPEG,0.0078563028946518,0.0067719481885433,4.364283084869385,0.0010843547061084998
679,ILSVRC2012_val_00017650_n03814906.JPEG,ILSVRC2012_val_00026299_n02422699.JPEG,0.2672777771949768,0.0038556535728275,2.7278738021850586,0.2634221236221493
679,ILSVRC2012_val_00017650_n03814906.JPEG,ILSVRC2012_val_00047619_n01883070.JPEG,0.2672777771949768,0.0026622111909091,2.8005428314208984,0.2646155660040677
679,ILSVRC2012_val_00039183_n03814906.JPEG,ILSVRC2012_val_00019261_n02087046.JPEG,0.3202647566795349,0.0012899658177047,1.914245128631592,0.3189747908618302
679,ILSVRC2012_val_00027342_n03814906.JPEG,ILSVRC2012_val_00040678_n02093256.JPEG,0.3270189166069031,0.0028285279404371,1.9597972631454468,0.324190388666466
680,ILSVRC2012_val_00027384_n03825788.JPEG,ILSVRC2012_val_00047764_n03874293.JPEG,0.0016230279579758,0.0016130305593833,6.896112442016602,9.997398592500022e-06
680,ILSVRC2012_val_00027384_n03825788.JPEG,ILSVRC2012_val_00007044_n01665541.JPEG,0.0016230279579758,0.0015824426664039,5.944568157196045,4.058529157189997e-05
680,ILSVRC2012_val_00031996_n03825788.JPEG,ILSVRC2012_val_00005238_n02113799.JPEG,0.1113610789179802,0.0047315303236246,3.841898441314697,0.1066295485943556
680,ILSVRC2012_val_00038613_n03825788.JPEG,ILSVRC2012_val_00010573_n03459775.JPEG,0.1570218503475189,0.0049174320884048,6.606560707092285,0.15210441825911408
680,ILSVRC2012_val_00041199_n03825788.JPEG,ILSVRC2012_val_00041020_n10565667.JPEG,0.922645628452301,0.0143362069502472,4.530088424682617,0.9083094215020538
681,ILSVRC2012_val_00006899_n03832673.JPEG,ILSVRC2012_val_00023703_n01667114.JPEG,1.2830429077148438,0.1811475902795791,9.833651542663574,1.1018953174352646
681,ILSVRC2012_val_00006899_n03832673.JPEG,ILSVRC2012_val_00041428_n03763968.JPEG,1.2830429077148438,0.016921192407608,7.841102123260498,1.2661217153072357
681,ILSVRC2012_val_00039330_n03832673.JPEG,ILSVRC2012_val_00046392_n03633091.JPEG,2.075153112411499,0.0668723881244659,9.19577407836914,2.008280724287033
681,ILSVRC2012_val_00009783_n03832673.JPEG,ILSVRC2012_val_00013549_n02097658.JPEG,3.392838954925537,0.1115676313638687,9.363967895507812,3.2812713235616684
681,ILSVRC2012_val_00009783_n03832673.JPEG,ILSVRC2012_val_00005852_n02346627.JPEG,3.392838954925537,0.1093375459313392,9.938820838928224,3.283501408994198
682,ILSVRC2012_val_00009364_n03837869.JPEG,ILSVRC2012_val_00043210_n04550184.JPEG,0.0009011736838147,0.0008426929125562,1.7820894718170166,5.848077125849996e-05
682,ILSVRC2012_val_00036145_n03837869.JPEG,ILSVRC2012_val_00005140_n04487081.JPEG,0.0652383863925933,0.0052230809815227,3.3608784675598145,0.0600153054110706
682,ILSVRC2012_val_00026616_n03837869.JPEG,ILSVRC2012_val_00017866_n03425413.JPEG,0.1176636070013046,0.0553950443863868,6.383162021636963,0.0622685626149178
682,ILSVRC2012_val_00036456_n03837869.JPEG,ILSVRC2012_val_00040347_n02133161.JPEG,0.1624878644943237,0.0111281471326947,5.483962059020996,0.151359717361629
682,ILSVRC2012_val_00036456_n03837869.JPEG,ILSVRC2012_val_00029025_n07892512.JPEG,0.1624878644943237,0.0080438712611794,5.891592025756836,0.1544439932331443
683,ILSVRC2012_val_00033457_n03838899.JPEG,ILSVRC2012_val_00002283_n02110185.JPEG,0.0100552439689636,0.0088111646473407,4.361666202545166,0.0012440793216229006
683,ILSVRC2012_val_00033457_n03838899.JPEG,ILSVRC2012_val_00011149_n04370456.JPEG,0.0100552439689636,0.004035900812596,8.875885009765625,0.0060193431563676
683,ILSVRC2012_val_00029556_n03838899.JPEG,ILSVRC2012_val_00026550_n07871810.JPEG,0.1637079566717147,0.0160531178116798,5.854620933532715,0.1476548388600349
683,ILSVRC2012_val_00044697_n03838899.JPEG,ILSVRC2012_val_00020220_n02655020.JPEG,0.4951718747615814,0.0031224566046148,8.272663116455078,0.4920494181569666
683,ILSVRC2012_val_00027537_n03838899.JPEG,ILSVRC2012_val_00031305_n02607072.JPEG,2.5524661540985107,0.0206590294837951,8.392707824707031,2.5318071246147156
684,ILSVRC2012_val_00030132_n03840681.JPEG,ILSVRC2012_val_00020618_n06794110.JPEG,0.0024364092387259,0.0022475477308034,2.81093430519104,0.0001888615079225003
684,ILSVRC2012_val_00026088_n03840681.JPEG,ILSVRC2012_val_00028217_n02134418.JPEG,0.0092570148408412,0.0018416363745927,3.675439596176148,0.0074153784662485
684,ILSVRC2012_val_00005777_n03840681.JPEG,ILSVRC2012_val_00029036_n02104365.JPEG,0.0359307117760181,0.0003804436710197,6.718519687652588,0.0355502681049984
684,ILSVRC2012_val_00039095_n03840681.JPEG,ILSVRC2012_val_00006319_n01631663.JPEG,0.063624307513237,0.0007683662115596,2.913630247116089,0.0628559413016774
684,ILSVRC2012_val_00026986_n03840681.JPEG,ILSVRC2012_val_00040337_n04548280.JPEG,0.0791255831718444,0.0019462230848148,4.893941879272461,0.0771793600870296
685,ILSVRC2012_val_00003381_n03841143.JPEG,ILSVRC2012_val_00008534_n01734418.JPEG,0.0449666455388069,0.0395781248807907,5.854660511016846,0.005388520658016205
685,ILSVRC2012_val_00003381_n03841143.JPEG,ILSVRC2012_val_00014904_n04613696.JPEG,0.0449666455388069,0.0181404780596494,6.732837677001953,0.0268261674791575
685,ILSVRC2012_val_00003381_n03841143.JPEG,ILSVRC2012_val_00000795_n04487081.JPEG,0.0449666455388069,0.0050112595781683,4.699955463409424,0.0399553859606386
685,ILSVRC2012_val_00028478_n03841143.JPEG,ILSVRC2012_val_00032835_n03706229.JPEG,0.0630829781293869,0.0021895025856792,5.185927391052246,0.0608934755437077
685,ILSVRC2012_val_00030557_n03841143.JPEG,ILSVRC2012_val_00027668_n02487347.JPEG,0.2146479040384292,0.1366845965385437,3.804804801940918,0.0779633074998855
686,ILSVRC2012_val_00041128_n03843555.JPEG,ILSVRC2012_val_00036236_n02415577.JPEG,0.2550564706325531,0.0025047855451703,6.954071044921875,0.2525516850873828
686,ILSVRC2012_val_00041128_n03843555.JPEG,ILSVRC2012_val_00001587_n04270147.JPEG,0.2550564706325531,0.0013587776338681,5.209510803222656,0.253697692998685
686,ILSVRC2012_val_00047130_n03843555.JPEG,ILSVRC2012_val_00031210_n03627232.JPEG,2.0944371223449707,0.0308044869452714,5.151957988739014,2.063632635399699
686,ILSVRC2012_val_00047130_n03843555.JPEG,ILSVRC2012_val_00028406_n04254120.JPEG,2.0944371223449707,0.001529834116809,6.789994239807129,2.0929072882281616
686,ILSVRC2012_val_00047376_n03843555.JPEG,ILSVRC2012_val_00042646_n03792972.JPEG,3.2994399070739746,0.0101306531578302,8.601375579833984,3.2893092539161444
687,ILSVRC2012_val_00003826_n03854065.JPEG,ILSVRC2012_val_00028650_n04258138.JPEG,0.0057079894468188,0.0053498437628149,6.9410400390625,0.0003581456840039002
687,ILSVRC2012_val_00009172_n03854065.JPEG,ILSVRC2012_val_00002886_n03240683.JPEG,0.0044924286194145,0.0016076747560873,5.979691028594971,0.0028847538633272
687,ILSVRC2012_val_00020122_n03854065.JPEG,ILSVRC2012_val_00017697_n03983396.JPEG,0.0317977480590343,0.0035105049610137,10.534284591674805,0.0282872430980206
687,ILSVRC2012_val_00025531_n03854065.JPEG,ILSVRC2012_val_00027220_n02108915.JPEG,0.0514756441116333,0.0049654738977551,6.558515548706055,0.0465101702138782
687,ILSVRC2012_val_00033230_n03854065.JPEG,ILSVRC2012_val_00017125_n04004767.JPEG,0.0560763739049434,0.0045509338378906,1.6918669939041138,0.0515254400670528
688,ILSVRC2012_val_00023487_n03857828.JPEG,ILSVRC2012_val_00030359_n07684084.JPEG,0.0009934734553098,0.0009461931767873,1.8855904340744016,4.728027852250001e-05
688,ILSVRC2012_val_00034995_n03857828.JPEG,ILSVRC2012_val_00039090_n07742313.JPEG,0.0153634436428546,0.002226019045338,3.2532312870025635,0.0131374245975166
688,ILSVRC2012_val_00034995_n03857828.JPEG,ILSVRC2012_val_00005454_n02408429.JPEG,0.0153634436428546,0.0015100754098966,7.383875846862793,0.013853368232958
688,ILSVRC2012_val_00012910_n03857828.JPEG,ILSVRC2012_val_00002460_n02113712.JPEG,0.0388147085905075,0.0065608099102973,7.434141635894775,0.0322538986802102
688,ILSVRC2012_val_00028874_n03857828.JPEG,ILSVRC2012_val_00042664_n01667778.JPEG,0.5363870859146118,0.0009240409708581,6.168379306793213,0.5354630449437537
689,ILSVRC2012_val_00017835_n03866082.JPEG,ILSVRC2012_val_00020025_n02037110.JPEG,0.6522055268287659,0.2182628661394119,4.895766258239746,0.43394266068935394
689,ILSVRC2012_val_00025945_n03866082.JPEG,ILSVRC2012_val_00000503_n03201208.JPEG,1.3637480735778809,0.0657065510749816,6.242671966552734,1.2980415225028992
689,ILSVRC2012_val_00025945_n03866082.JPEG,ILSVRC2012_val_00001090_n02804610.JPEG,1.3637480735778809,0.0224449764937162,5.894765377044678,1.3413030970841646
689,ILSVRC2012_val_00031324_n03866082.JPEG,ILSVRC2012_val_00030529_n04372370.JPEG,1.5276285409927368,0.0145278517156839,7.588852882385254,1.5131006892770529
689,ILSVRC2012_val_00001961_n03866082.JPEG,ILSVRC2012_val_00016355_n02169497.JPEG,2.1314353942871094,0.0182240605354309,3.053799867630005,2.1132113337516785
690,ILSVRC2012_val_00018953_n03868242.JPEG,ILSVRC2012_val_00037007_n03935335.JPEG,0.1164928376674652,0.0064032860100269,4.471717834472656,0.11008955165743829
690,ILSVRC2012_val_00030932_n03868242.JPEG,ILSVRC2012_val_00043851_n02086079.JPEG,0.4131309390068054,0.0113576529547572,3.283397674560547,0.4017732860520482
690,ILSVRC2012_val_00007836_n03868242.JPEG,ILSVRC2012_val_00044494_n13044778.JPEG,0.5841764807701111,0.0113655496388673,8.975995063781738,0.5728109311312438
690,ILSVRC2012_val_00033719_n03868242.JPEG,ILSVRC2012_val_00015161_n03782006.JPEG,0.7314006686210632,0.0134584745392203,8.485504150390625,0.7179421940818429
690,ILSVRC2012_val_00033719_n03868242.JPEG,ILSVRC2012_val_00000361_n02165105.JPEG,0.7314006686210632,0.0100319944322109,5.182596206665039,0.7213686741888523
691,ILSVRC2012_val_00017101_n03868863.JPEG,ILSVRC2012_val_00010243_n03633091.JPEG,0.0633290633559227,0.0021010008640587,6.888302326202393,0.061228062491864
691,ILSVRC2012_val_00047780_n03868863.JPEG,ILSVRC2012_val_00046581_n03637318.JPEG,0.1593372821807861,0.00411520851776,5.768467426300049,0.1552220736630261
691,ILSVRC2012_val_00047780_n03868863.JPEG,ILSVRC2012_val_00015071_n04033995.JPEG,0.1593372821807861,0.0039746346883475,4.459763050079346,0.1553626474924386
691,ILSVRC2012_val_00042088_n03868863.JPEG,ILSVRC2012_val_00043419_n04238763.JPEG,2.7452292442321777,2.475255012512207,9.492024421691896,0.2699742317199707
691,ILSVRC2012_val_00042088_n03868863.JPEG,ILSVRC2012_val_00009800_n07742313.JPEG,2.7452292442321777,0.0001956033083843,8.97268295288086,2.7450336409237934
692,ILSVRC2012_val_00046027_n03871628.JPEG,ILSVRC2012_val_00049531_n01614925.JPEG,0.776731550693512,0.0344320312142372,5.240320682525635,0.7422995194792747
692,ILSVRC2012_val_00015005_n03871628.JPEG,ILSVRC2012_val_00034527_n02504458.JPEG,1.5400981903076172,0.0110747413709759,2.917536735534668,1.5290234489366412
692,ILSVRC2012_val_00002169_n03871628.JPEG,ILSVRC2012_val_00045290_n03146219.JPEG,2.18381929397583,0.0055403728038072,6.027459621429443,2.178278921172023
692,ILSVRC2012_val_00002069_n03871628.JPEG,ILSVRC2012_val_00001373_n03777754.JPEG,2.1883058547973637,0.0024947968777269,2.4205822944641118,2.185811057919637
692,ILSVRC2012_val_00042417_n03871628.JPEG,ILSVRC2012_val_00041154_n03770679.JPEG,2.5817010402679443,0.0893811807036399,8.536046028137207,2.4923198595643044
693,ILSVRC2012_val_00029352_n03873416.JPEG,ILSVRC2012_val_00028659_n04389033.JPEG,0.1223254352807998,0.0106550604104995,5.007417678833008,0.11167037487030029
693,ILSVRC2012_val_00029352_n03873416.JPEG,ILSVRC2012_val_00035578_n03942813.JPEG,0.1223254352807998,0.0022322041913866,1.99804162979126,0.1200932310894132
693,ILSVRC2012_val_00008110_n03873416.JPEG,ILSVRC2012_val_00002863_n02509815.JPEG,0.2110014855861663,0.0312174167484045,4.18487548828125,0.1797840688377618
693,ILSVRC2012_val_00008110_n03873416.JPEG,ILSVRC2012_val_00010289_n02095889.JPEG,0.2110014855861663,0.0079911286011338,2.86694073677063,0.2030103569850325
693,ILSVRC2012_val_00032858_n03873416.JPEG,ILSVRC2012_val_00045133_n01494475.JPEG,0.4480989575386047,0.0029809109400957,6.153566837310791,0.44511804659850895
694,ILSVRC2012_val_00012543_n03874293.JPEG,ILSVRC2012_val_00028286_n13044778.JPEG,0.0005703729693777,0.0005620330339297,8.794210433959961,8.339935448000097e-06
694,ILSVRC2012_val_00012543_n03874293.JPEG,ILSVRC2012_val_00008301_n02870880.JPEG,0.0005703729693777,0.0005583396414294,9.845535278320312,1.2033327948300079e-05
694,ILSVRC2012_val_00012543_n03874293.JPEG,ILSVRC2012_val_00032927_n02281787.JPEG,0.0005703729693777,0.0005252173868939,2.7774548530578613,4.515558248380008e-05
694,ILSVRC2012_val_00046200_n03874293.JPEG,ILSVRC2012_val_00009433_n03970156.JPEG,0.0984425544738769,0.0070422296412289,5.281466484069824,0.091400324832648
694,ILSVRC2012_val_00046200_n03874293.JPEG,ILSVRC2012_val_00004576_n02514041.JPEG,0.0984425544738769,0.0057442588731646,6.017969608306885,0.0926982956007123
695,ILSVRC2012_val_00015912_n03874599.JPEG,ILSVRC2012_val_00022031_n02950826.JPEG,0.020779063925147,0.0024271334987133,5.764290809631348,0.0183519304264337
695,ILSVRC2012_val_00015912_n03874599.JPEG,ILSVRC2012_val_00032546_n09288635.JPEG,0.020779063925147,0.0012527006911113,1.1511976718902588,0.019526363234035702
695,ILSVRC2012_val_00049255_n03874599.JPEG,ILSVRC2012_val_00039282_n01682714.JPEG,0.1284522116184234,0.0050360495224595,0.6502375602722168,0.1234161620959639
695,ILSVRC2012_val_00044257_n03874599.JPEG,ILSVRC2012_val_00045055_n03594734.JPEG,0.4725624918937683,0.0041020307689905,8.25732707977295,0.4684604611247778
695,ILSVRC2012_val_00044257_n03874599.JPEG,ILSVRC2012_val_00001147_n02105855.JPEG,0.4725624918937683,0.0009261847590096,2.17375111579895,0.47163630713475874
696,ILSVRC2012_val_00038318_n03876231.JPEG,ILSVRC2012_val_00027542_n04120489.JPEG,0.0428786315023899,0.001656470936723,5.470985889434815,0.0412221605656669
696,ILSVRC2012_val_00027752_n03876231.JPEG,ILSVRC2012_val_00039021_n01797886.JPEG,0.5246644616127014,0.0026523431297391,6.301683902740479,0.5220121184829624
696,ILSVRC2012_val_00007959_n03876231.JPEG,ILSVRC2012_val_00020810_n02090622.JPEG,0.6794593334197998,0.0090742809697985,4.11012601852417,0.6703850524500014
696,ILSVRC2012_val_00029183_n03876231.JPEG,ILSVRC2012_val_00040170_n03041632.JPEG,0.976097047328949,0.0005137792322784,2.281245231628418,0.9755832680966706
696,ILSVRC2012_val_00045749_n03876231.JPEG,ILSVRC2012_val_00045885_n02804610.JPEG,2.0608561038970947,0.0004614718782249,4.107548236846924,2.0603946320188697
697,ILSVRC2012_val_00047794_n03877472.JPEG,ILSVRC2012_val_00003203_n03599486.JPEG,0.0057415328919887,0.0013721107970923,1.3595398664474487,0.004369422094896399
697,ILSVRC2012_val_00040767_n03877472.JPEG,ILSVRC2012_val_00028707_n02417914.JPEG,0.168509230017662,0.002578031970188,5.139651298522949,0.165931198047474
697,ILSVRC2012_val_00040767_n03877472.JPEG,ILSVRC2012_val_00003503_n03617480.JPEG,0.168509230017662,0.0010365833295509,3.574137926101685,0.1674726466881111
697,ILSVRC2012_val_00003988_n03877472.JPEG,ILSVRC2012_val_00036700_n02091134.JPEG,0.3182256817817688,0.0118492562323808,9.550671577453612,0.306376425549388
697,ILSVRC2012_val_00045095_n03877472.JPEG,ILSVRC2012_val_00033093_n02319095.JPEG,0.3090989589691162,0.0021760612726211,5.270681381225586,0.3069228976964951
698,ILSVRC2012_val_00010871_n03877845.JPEG,ILSVRC2012_val_00044956_n04435653.JPEG,0.1002468094229698,0.0864321887493133,5.084192276000977,0.013814620673656505
698,ILSVRC2012_val_00049831_n03877845.JPEG,ILSVRC2012_val_00023566_n02447366.JPEG,0.0544026084244251,0.0144490133970975,1.5314149856567385,0.03995359502732759
698,ILSVRC2012_val_00046927_n03877845.JPEG,ILSVRC2012_val_00027884_n04336792.JPEG,0.1273524761199951,0.0125455949455499,5.114049434661865,0.1148068811744452
698,ILSVRC2012_val_00046927_n03877845.JPEG,ILSVRC2012_val_00027255_n03325584.JPEG,0.1273524761199951,0.007026367355138,2.225048065185547,0.1203261087648571
698,ILSVRC2012_val_00046927_n03877845.JPEG,ILSVRC2012_val_00000544_n04310018.JPEG,0.1273524761199951,0.0038710911758244,0.240625575184822,0.12348138494417069
699,ILSVRC2012_val_00044078_n03884397.JPEG,ILSVRC2012_val_00035166_n02493793.JPEG,0.0357736051082611,0.0009319015080109,0.675139307975769,0.0348417036002502
699,ILSVRC2012_val_00044369_n03884397.JPEG,ILSVRC2012_val_00029926_n02490219.JPEG,0.2408936470746994,0.0071475757285952,7.084990501403809,0.2337460713461042
699,ILSVRC2012_val_00032329_n03884397.JPEG,ILSVRC2012_val_00000125_n02226429.JPEG,0.3296196460723877,0.0015204309020191,6.898465156555176,0.3280992151703686
699,ILSVRC2012_val_00030107_n03884397.JPEG,ILSVRC2012_val_00021670_n03649909.JPEG,2.618957996368408,0.017236553132534,10.415696144104004,2.601721443235874
699,ILSVRC2012_val_00030107_n03884397.JPEG,ILSVRC2012_val_00005656_n03000247.JPEG,2.618957996368408,0.0023283057380467,7.907256126403809,2.6166296906303614
700,ILSVRC2012_val_00017805_n03887697.JPEG,ILSVRC2012_val_00037731_n02138441.JPEG,0.2700709700584411,0.0431864820420742,2.354785442352295,0.2268844880163669
700,ILSVRC2012_val_00017805_n03887697.JPEG,ILSVRC2012_val_00033537_n02481823.JPEG,0.2700709700584411,0.0086543494835495,4.30534553527832,0.2614166205748916
700,ILSVRC2012_val_00017805_n03887697.JPEG,ILSVRC2012_val_00038808_n03837869.JPEG,0.2700709700584411,0.006991209462285,3.2402267456054688,0.2630797605961561
700,ILSVRC2012_val_00049441_n03887697.JPEG,ILSVRC2012_val_00024246_n02102040.JPEG,2.1930031776428223,0.0068896352313458,3.843658685684204,2.1861135424114764
700,ILSVRC2012_val_00049441_n03887697.JPEG,ILSVRC2012_val_00007663_n03325584.JPEG,2.1930031776428223,0.0056118560023605,5.448794841766357,2.1873913216404617
701,ILSVRC2012_val_00042262_n03888257.JPEG,ILSVRC2012_val_00030999_n02980441.JPEG,0.0055331410840153,0.0049686767160892,2.0704705715179443,0.0005644643679260999
701,ILSVRC2012_val_00041925_n03888257.JPEG,ILSVRC2012_val_00014625_n07875152.JPEG,0.0225397385656833,0.0033043804578483,1.3904366493225098,0.019235358107835
701,ILSVRC2012_val_00041706_n03888257.JPEG,ILSVRC2012_val_00017597_n03197337.JPEG,0.0397624745965004,0.003999687731266,5.287550926208496,0.035762786865234396
701,ILSVRC2012_val_00002665_n03888257.JPEG,ILSVRC2012_val_00017990_n02966193.JPEG,0.0695475488901138,0.0039822338148951,4.091347694396973,0.0655653150752187
701,ILSVRC2012_val_00025121_n03888257.JPEG,ILSVRC2012_val_00012422_n02790996.JPEG,0.1011843457818031,0.0025887330994009,2.4883430004119877,0.0985956126824022
702,ILSVRC2012_val_00003422_n03888605.JPEG,ILSVRC2012_val_00028165_n02114548.JPEG,0.0719410479068756,0.0166391488164663,7.594802856445312,0.05530189909040929
702,ILSVRC2012_val_00008363_n03888605.JPEG,ILSVRC2012_val_00013637_n02403003.JPEG,0.3435593247413635,0.0094143263995647,4.011138916015625,0.33414499834179884
702,ILSVRC2012_val_00024084_n03888605.JPEG,ILSVRC2012_val_00037840_n02992211.JPEG,1.108318328857422,0.0136478170752525,6.693448543548584,1.0946705117821696
702,ILSVRC2012_val_00041266_n03888605.JPEG,ILSVRC2012_val_00014243_n03733131.JPEG,1.26464581489563,0.0060452711768448,6.103795051574707,1.2586005437187853
702,ILSVRC2012_val_00010060_n03888605.JPEG,ILSVRC2012_val_00031600_n02795169.JPEG,1.3016092777252195,0.0253193750977516,4.796734809875488,1.2762899026274679
703,ILSVRC2012_val_00049422_n03891251.JPEG,ILSVRC2012_val_00045229_n02088094.JPEG,0.0020371177233755,0.0019979770295321,5.913636207580566,3.9140693843399844e-05
703,ILSVRC2012_val_00033600_n03891251.JPEG,ILSVRC2012_val_00027227_n01984695.JPEG,0.0088856052607297,0.0021803434938192,11.069279670715332,0.006705261766910499
703,ILSVRC2012_val_00026124_n03891251.JPEG,ILSVRC2012_val_00044146_n03124043.JPEG,0.1617956310510635,0.0008594871615059,4.4319610595703125,0.1609361438895576
703,ILSVRC2012_val_00020982_n03891251.JPEG,ILSVRC2012_val_00021940_n07754684.JPEG,0.2842260897159576,0.0181978400796651,9.71972370147705,0.26602824963629246
703,ILSVRC2012_val_00006111_n03891251.JPEG,ILSVRC2012_val_00033336_n07831146.JPEG,1.2627356052398682,0.0038463911041617,4.788187026977539,1.2588892141357064
704,ILSVRC2012_val_00038139_n03891332.JPEG,ILSVRC2012_val_00042314_n03666591.JPEG,7.962863310240209e-05,7.915183232398704e-05,0.8627344369888306,4.768007784150541e-07
704,ILSVRC2012_val_00029440_n03891332.JPEG,ILSVRC2012_val_00028232_n03710637.JPEG,0.0003594706067815,0.0003554189461283,6.336671352386475,4.0516606532000395e-06
704,ILSVRC2012_val_00018258_n03891332.JPEG,ILSVRC2012_val_00011494_n02090721.JPEG,0.0120844850316643,0.0116636957973241,5.493123531341553,0.00042078923434019956
704,ILSVRC2012_val_00038260_n03891332.JPEG,ILSVRC2012_val_00007436_n03065424.JPEG,0.0002416080387774,0.0008463853155262,4.70475959777832,0.0006047772767488
704,ILSVRC2012_val_00007481_n03891332.JPEG,ILSVRC2012_val_00003070_n01694178.JPEG,0.0532987676560878,0.0084697324782609,4.822085380554199,0.044829035177826895
705,ILSVRC2012_val_00023946_n03895866.JPEG,ILSVRC2012_val_00018222_n03933933.JPEG,0.1407557427883148,0.0092568965628743,6.562255859375,0.1314988462254405
705,ILSVRC2012_val_00044547_n03895866.JPEG,ILSVRC2012_val_00027516_n04118538.JPEG,0.2715684473514557,0.0176348593086004,8.329092025756836,0.25393358804285526
705,ILSVRC2012_val_00003730_n03895866.JPEG,ILSVRC2012_val_00029152_n02112706.JPEG,1.110011339187622,0.0129586001858115,4.651626586914063,1.0970527390018106
705,ILSVRC2012_val_00011492_n03895866.JPEG,ILSVRC2012_val_00021356_n02111277.JPEG,2.1895995140075684,0.033798947930336,5.2737250328063965,2.1558005660772324
705,ILSVRC2012_val_00001590_n03895866.JPEG,ILSVRC2012_val_00043336_n04252225.JPEG,3.224700927734375,0.0024838568642735,4.843466281890869,3.2222170708701015
706,ILSVRC2012_val_00013353_n03899768.JPEG,ILSVRC2012_val_00047942_n04204238.JPEG,0.2618682980537414,0.00467588333413,3.5538084506988525,0.2571924147196114
706,ILSVRC2012_val_00024861_n03899768.JPEG,ILSVRC2012_val_00024997_n07590611.JPEG,1.3325046300888062,0.1114623844623565,8.9422607421875,1.2210422456264496
706,ILSVRC2012_val_00001998_n03899768.JPEG,ILSVRC2012_val_00006319_n01631663.JPEG,1.365168571472168,0.0039380630478262,7.461400508880615,1.3612305084243417
706,ILSVRC2012_val_00001665_n03899768.JPEG,ILSVRC2012_val_00044305_n02486410.JPEG,1.9117891788482664,0.0725731775164604,6.597964286804199,1.839216001331806
706,ILSVRC2012_val_00002624_n03899768.JPEG,ILSVRC2012_val_00035327_n04209133.JPEG,2.135960578918457,0.0027404394932091,5.58873987197876,2.133220139425248
707,ILSVRC2012_val_00002643_n03902125.JPEG,ILSVRC2012_val_00017129_n02317335.JPEG,0.0019037472084164,0.0018822111887857,4.4112653732299805,2.153601963070001e-05
707,ILSVRC2012_val_00035354_n03902125.JPEG,ILSVRC2012_val_00045153_n03791053.JPEG,0.1351332664489746,0.0022425521165132,8.297800064086914,0.1328907143324614
707,ILSVRC2012_val_00035354_n03902125.JPEG,ILSVRC2012_val_00047167_n02066245.JPEG,0.1351332664489746,0.0020774467848241,6.360075950622559,0.1330558196641505
707,ILSVRC2012_val_00036886_n03902125.JPEG,ILSVRC2012_val_00042425_n02834397.JPEG,0.1849008351564407,0.0091032227501273,6.210766792297363,0.17579761240631342
707,ILSVRC2012_val_00023791_n03902125.JPEG,ILSVRC2012_val_00013064_n02607072.JPEG,0.2711682915687561,0.0073679382912814,6.917512893676758,0.2638003532774747
708,ILSVRC2012_val_00039658_n03903868.JPEG,ILSVRC2012_val_00045509_n04153751.JPEG,1.419090747833252,0.0149952350184321,6.037374496459961,1.4040955128148198
708,ILSVRC2012_val_00039658_n03903868.JPEG,ILSVRC2012_val_00005442_n02493793.JPEG,1.419090747833252,0.0068954364396631,6.577960014343262,1.4121953113935888
708,ILSVRC2012_val_00039658_n03903868.JPEG,ILSVRC2012_val_00020245_n04371430.JPEG,1.419090747833252,0.0047484966926276,4.604879856109619,1.4143422511406243
708,ILSVRC2012_val_00021853_n03903868.JPEG,ILSVRC2012_val_00016956_n03047690.JPEG,1.4918317794799805,0.0046072993427515,7.148512840270996,1.487224480137229
708,ILSVRC2012_val_00016660_n03903868.JPEG,ILSVRC2012_val_00030529_n04372370.JPEG,1.5934770107269287,0.0021081382874399,4.720375061035156,1.5913688724394888
709,ILSVRC2012_val_00012016_n03908618.JPEG,ILSVRC2012_val_00006344_n02966193.JPEG,0.492326557636261,0.00254473881796,5.382824420928955,0.48978181881830096
709,ILSVRC2012_val_00006607_n03908618.JPEG,ILSVRC2012_val_00018942_n02102177.JPEG,0.9088085889816284,0.0076724840328097,5.15093469619751,0.9011361049488187
709,ILSVRC2012_val_00006607_n03908618.JPEG,ILSVRC2012_val_00006827_n02101556.JPEG,0.9088085889816284,0.0053907507099211,3.1004226207733154,0.9034178382717073
709,ILSVRC2012_val_00026350_n03908618.JPEG,ILSVRC2012_val_00040076_n04099969.JPEG,2.825612783432007,0.0089848507195711,4.7782182693481445,2.8166279327124357
709,ILSVRC2012_val_00026350_n03908618.JPEG,ILSVRC2012_val_00006615_n02096177.JPEG,2.825612783432007,0.0050678364932537,3.989524364471436,2.820544946938753
710,ILSVRC2012_val_00045637_n03908714.JPEG,ILSVRC2012_val_00023802_n02489166.JPEG,0.060748141258955,0.0043335105292499,7.527895927429199,0.0564146307297051
710,ILSVRC2012_val_00045637_n03908714.JPEG,ILSVRC2012_val_00001752_n02268443.JPEG,0.060748141258955,0.0031376676633954,5.212462902069092,0.057610473595559604
710,ILSVRC2012_val_00045637_n03908714.JPEG,ILSVRC2012_val_00043072_n02099712.JPEG,0.060748141258955,0.0027333064936101,3.81760835647583,0.0580148347653449
710,ILSVRC2012_val_00048136_n03908714.JPEG,ILSVRC2012_val_00028824_n03792782.JPEG,0.6244584918022156,0.0012963948538526,2.0390400886535645,0.623162096948363
710,ILSVRC2012_val_00034380_n03908714.JPEG,ILSVRC2012_val_00033147_n01806143.JPEG,1.4948245286941528,0.0025154873728752,6.494753837585449,1.4923090413212776
711,ILSVRC2012_val_00046442_n03916031.JPEG,ILSVRC2012_val_00044305_n02486410.JPEG,0.1725682616233825,0.0042971894145011,4.386788368225098,0.1682710722088814
711,ILSVRC2012_val_00046442_n03916031.JPEG,ILSVRC2012_val_00026204_n03179701.JPEG,0.1725682616233825,0.0020700709428638,3.872951030731201,0.17049819068051872
711,ILSVRC2012_val_00043438_n03916031.JPEG,ILSVRC2012_val_00006257_n02109047.JPEG,0.319652646780014,0.0282084830105304,6.272689342498779,0.29144416376948357
711,ILSVRC2012_val_00043438_n03916031.JPEG,ILSVRC2012_val_00022155_n02264363.JPEG,0.319652646780014,0.0032351082190871,3.758242130279541,0.31641753856092686
711,ILSVRC2012_val_00024293_n03916031.JPEG,ILSVRC2012_val_00014390_n02206856.JPEG,0.8860582113265991,0.0055898069404065,6.131616592407227,0.8804684043861927
712,ILSVRC2012_val_00037018_n03920288.JPEG,ILSVRC2012_val_00027291_n04147183.JPEG,0.3426757454872131,0.0061605558730661,5.112393379211426,0.336515189614147
712,ILSVRC2012_val_00000465_n03920288.JPEG,ILSVRC2012_val_00046301_n03697007.JPEG,1.1810543537139893,0.0038428285624831,3.486189842224121,1.177211525151506
712,ILSVRC2012_val_00010300_n03920288.JPEG,ILSVRC2012_val_00021067_n02877765.JPEG,2.249962329864502,0.0050373543053865,3.318747043609619,2.2449249755591154
712,ILSVRC2012_val_00002704_n03920288.JPEG,ILSVRC2012_val_00039552_n02490219.JPEG,2.4583566188812256,0.0035502994433045,7.79715633392334,2.454806319437921
712,ILSVRC2012_val_00036028_n03920288.JPEG,ILSVRC2012_val_00012274_n03692522.JPEG,2.767873287200928,0.0015974391717463,6.268900871276856,2.766275848029182
713,ILSVRC2012_val_00043525_n03924679.JPEG,ILSVRC2012_val_00036498_n02098286.JPEG,0.0121055673807859,0.0078635169193148,4.707624912261963,0.0042420504614711
713,ILSVRC2012_val_00044366_n03924679.JPEG,ILSVRC2012_val_00003330_n01614925.JPEG,0.0634190216660499,0.0535653494298458,6.763156890869141,0.009853672236204099
713,ILSVRC2012_val_00038560_n03924679.JPEG,ILSVRC2012_val_00047072_n04423845.JPEG,0.0417044796049594,0.0056050992570817,0.5484686493873596,0.0360993803478777
713,ILSVRC2012_val_00047756_n03924679.JPEG,ILSVRC2012_val_00025300_n04201297.JPEG,0.1645868569612503,0.0072454549372196,7.66298246383667,0.1573414020240307
713,ILSVRC2012_val_00013830_n03924679.JPEG,ILSVRC2012_val_00046095_n01664065.JPEG,0.195128932595253,0.0060474039055407,6.670768737792969,0.18908152868971229
714,ILSVRC2012_val_00024478_n03929660.JPEG,ILSVRC2012_val_00021258_n03337140.JPEG,0.0005803807871416,0.0005704921204596,4.788601875305176,9.888666681999968e-06
714,ILSVRC2012_val_00024478_n03929660.JPEG,ILSVRC2012_val_00037651_n04286575.JPEG,0.0005803807871416,0.0005658455775119,1.7965790033340454,1.4535209629699974e-05
714,ILSVRC2012_val_00045390_n03929660.JPEG,ILSVRC2012_val_00043439_n03485794.JPEG,0.0013113955501466,0.0012319840025156,6.004188060760498,7.941154763100016e-05
714,ILSVRC2012_val_00027002_n03929660.JPEG,ILSVRC2012_val_00007152_n02226429.JPEG,0.0293797124177217,0.0050028380937874,5.200437545776367,0.0243768743239343
714,ILSVRC2012_val_00027002_n03929660.JPEG,ILSVRC2012_val_00038118_n02051845.JPEG,0.0293797124177217,0.0038588598836213,4.719493389129639,0.0255208525341004
715,ILSVRC2012_val_00013102_n03929855.JPEG,ILSVRC2012_val_00013761_n02486410.JPEG,0.030329056084156,0.0276191066950559,6.390958786010742,0.0027099493891001025
715,ILSVRC2012_val_00000834_n03929855.JPEG,ILSVRC2012_val_00025098_n02085782.JPEG,0.0495362021028995,0.0177800841629505,9.479629516601562,0.03175611793994901
715,ILSVRC2012_val_00000834_n03929855.JPEG,ILSVRC2012_val_00008664_n02104365.JPEG,0.0495362021028995,0.0176723375916481,6.348169326782227,0.03186386451125141
715,ILSVRC2012_val_00043840_n03929855.JPEG,ILSVRC2012_val_00038571_n04074963.JPEG,0.0382866263389587,0.0053097652271389,6.607532501220703,0.0329768611118198
715,ILSVRC2012_val_00043840_n03929855.JPEG,ILSVRC2012_val_00028934_n03388043.JPEG,0.0382866263389587,0.0008605591137893,5.736191272735596,0.0374260672251694
716,ILSVRC2012_val_00002877_n03930313.JPEG,ILSVRC2012_val_00025691_n02113186.JPEG,0.0048738960176706,0.0046951049007475,6.162489891052246,0.00017879111692309987
716,ILSVRC2012_val_00012022_n03930313.JPEG,ILSVRC2012_val_00047652_n02093256.JPEG,0.0185158401727676,0.0167690441012382,3.946312427520752,0.0017467960715294023
716,ILSVRC2012_val_00002877_n03930313.JPEG,ILSVRC2012_val_00026283_n02108915.JPEG,0.0048738960176706,0.0019198097288608,4.222502708435059,0.0029540862888098
716,ILSVRC2012_val_00004991_n03930313.JPEG,ILSVRC2012_val_00039139_n04041544.JPEG,0.0288162771612405,0.0066081807017326,6.737889289855957,0.0222080964595079
716,ILSVRC2012_val_00015192_n03930313.JPEG,ILSVRC2012_val_00009754_n01739381.JPEG,0.0301864519715309,0.0016920547932386,0.316138207912445,0.028494397178292302
717,ILSVRC2012_val_00036504_n03930630.JPEG,ILSVRC2012_val_00035968_n03482405.JPEG,0.020195921882987,0.0183639340102672,6.893693923950195,0.0018319878727198029
717,ILSVRC2012_val_00018700_n03930630.JPEG,ILSVRC2012_val_00021432_n02859443.JPEG,0.1108629181981086,0.021565118804574,6.866695880889893,0.0892977993935346
717,ILSVRC2012_val_00018700_n03930630.JPEG,ILSVRC2012_val_00016217_n03445924.JPEG,0.1108629181981086,0.0042725000530481,3.638820171356201,0.1065904181450605
717,ILSVRC2012_val_00039508_n03930630.JPEG,ILSVRC2012_val_00018782_n03804744.JPEG,0.1407814174890518,0.0183022506535053,8.821189880371094,0.1224791668355465
717,ILSVRC2012_val_00035897_n03930630.JPEG,ILSVRC2012_val_00008054_n01776313.JPEG,0.2604439258575439,0.0032455648761242,5.1551032066345215,0.2571983609814197
718,ILSVRC2012_val_00000702_n03933933.JPEG,ILSVRC2012_val_00043681_n12998815.JPEG,0.149495467543602,0.1192109361290931,8.768945693969727,0.03028453141450889
718,ILSVRC2012_val_00041214_n03933933.JPEG,ILSVRC2012_val_00047942_n04204238.JPEG,0.0905291214585304,0.0204884111881256,4.646045684814453,0.0700407102704048
718,ILSVRC2012_val_00031244_n03933933.JPEG,ILSVRC2012_val_00025613_n02088364.JPEG,1.265010952949524,0.7285066246986389,8.516897201538086,0.536504328250885
718,ILSVRC2012_val_00031244_n03933933.JPEG,ILSVRC2012_val_00005483_n02837789.JPEG,1.265010952949524,0.0119785983115434,3.875690460205078,1.2530323546379805
718,ILSVRC2012_val_00040544_n03933933.JPEG,ILSVRC2012_val_00034920_n02099267.JPEG,1.439079523086548,0.0367545895278453,5.563196659088135,1.4023249335587027
719,ILSVRC2012_val_00038686_n03935335.JPEG,ILSVRC2012_val_00026239_n02138441.JPEG,0.0005683475756086,0.000565369031392,6.761023044586182,2.978544216600005e-06
719,ILSVRC2012_val_00038686_n03935335.JPEG,ILSVRC2012_val_00012585_n03207941.JPEG,0.0005683475756086,0.0005459486856125,1.028984308242798,2.239888999610001e-05
719,ILSVRC2012_val_00033938_n03935335.JPEG,ILSVRC2012_val_00029267_n02129604.JPEG,0.013481761328876,0.0118980268016457,4.959742069244385,0.0015837345272302992
719,ILSVRC2012_val_00022426_n03935335.JPEG,ILSVRC2012_val_00007779_n02692877.JPEG,0.0763964429497718,0.0013087764382362,3.619604110717773,0.0750876665115356
719,ILSVRC2012_val_00003689_n03935335.JPEG,ILSVRC2012_val_00031738_n03594734.JPEG,0.1319263130426406,0.0008861667010933,4.543015480041504,0.13104014634154731
720,ILSVRC2012_val_00041459_n03937543.JPEG,ILSVRC2012_val_00026092_n03868863.JPEG,0.0268328078091144,0.0024565064813941,3.9515035152435294,0.024376301327720302
720,ILSVRC2012_val_00036422_n03937543.JPEG,ILSVRC2012_val_00012435_n02018207.JPEG,0.0295612048357725,0.0038570787291973,1.0670969486236572,0.0257041261065752
720,ILSVRC2012_val_00036422_n03937543.JPEG,ILSVRC2012_val_00028902_n01530575.JPEG,0.0295612048357725,0.0017780937487259,6.574123382568359,0.027783111087046602
720,ILSVRC2012_val_00036242_n03937543.JPEG,ILSVRC2012_val_00034940_n03314780.JPEG,0.0563140474259853,0.0004194095381535,4.105962753295898,0.055894637887831805
720,ILSVRC2012_val_00030379_n03937543.JPEG,ILSVRC2012_val_00026559_n04542943.JPEG,0.8578190803527832,0.0027211802080273,5.273621082305908,0.855097900144756
721,ILSVRC2012_val_00048474_n03938244.JPEG,ILSVRC2012_val_00011998_n02489166.JPEG,0.0023789696861058,0.0023135582450777,3.651498317718506,6.541144102809992e-05
721,ILSVRC2012_val_00048474_n03938244.JPEG,ILSVRC2012_val_00023412_n03216828.JPEG,0.0023789696861058,0.0022410058882087,3.649647235870361,0.00013796379789710001
721,ILSVRC2012_val_00040729_n03938244.JPEG,ILSVRC2012_val_00048165_n04579432.JPEG,0.0737376809120178,0.0010201494442299,3.666353940963745,0.0727175314677879
721,ILSVRC2012_val_00018275_n03938244.JPEG,ILSVRC2012_val_00013431_n02823750.JPEG,0.2615517973899841,0.0005063920398242,1.3728506565093994,0.26104540535015985
721,ILSVRC2012_val_00046619_n03938244.JPEG,ILSVRC2012_val_00041154_n03770679.JPEG,2.7483432292938232,0.0258156657218933,6.731893539428711,2.72252756357193
722,ILSVRC2012_val_00020369_n03942813.JPEG,ILSVRC2012_val_00038404_n07717556.JPEG,0.0075096925720572,0.0055598146282136,8.108216285705566,0.0019498779438436005
722,ILSVRC2012_val_00002274_n03942813.JPEG,ILSVRC2012_val_00006477_n04532106.JPEG,0.0095487060025334,0.0024612629786133,5.384613990783691,0.007087443023920099
722,ILSVRC2012_val_00027210_n03942813.JPEG,ILSVRC2012_val_00001247_n04285008.JPEG,0.0211246069520711,0.0017351347487419,5.010820865631104,0.0193894722033292
722,ILSVRC2012_val_00046563_n03942813.JPEG,ILSVRC2012_val_00025133_n01491361.JPEG,0.2421317398548126,0.0024899214040488,6.251685619354248,0.2396418184507638
722,ILSVRC2012_val_00047088_n03942813.JPEG,ILSVRC2012_val_00011589_n02280649.JPEG,1.3888819217681885,0.0092842979356646,7.748002529144287,1.3795976238325238
723,ILSVRC2012_val_00023001_n03944341.JPEG,ILSVRC2012_val_00045822_n03216828.JPEG,0.0001137191939051,0.0001128848234657,6.852416038513184,8.343704393999927e-07
723,ILSVRC2012_val_00031011_n03944341.JPEG,ILSVRC2012_val_00018515_n03786901.JPEG,0.0958919897675514,0.0005978942499496,2.4984774589538574,0.09529409551760179
723,ILSVRC2012_val_00025830_n03944341.JPEG,ILSVRC2012_val_00046953_n02979186.JPEG,0.2521349191665649,0.1359908133745193,9.226898193359377,0.1161441057920456
723,ILSVRC2012_val_00000991_n03944341.JPEG,ILSVRC2012_val_00035140_n01882714.JPEG,0.2312241941690445,0.011555878445506,3.6958179473876953,0.21966831572353848
723,ILSVRC2012_val_00002734_n03944341.JPEG,ILSVRC2012_val_00014617_n04252225.JPEG,0.3813175857067108,0.0036450866609811,5.206048011779785,0.3776724990457297
724,ILSVRC2012_val_00008659_n03947888.JPEG,ILSVRC2012_val_00038358_n03992509.JPEG,0.0470166429877281,0.0415951646864414,4.508499622344971,0.005421478301286697
724,ILSVRC2012_val_00008659_n03947888.JPEG,ILSVRC2012_val_00042603_n03207941.JPEG,0.0470166429877281,0.0018064148025587,2.8712167739868164,0.0452102281851694
724,ILSVRC2012_val_00008659_n03947888.JPEG,ILSVRC2012_val_00047720_n04461696.JPEG,0.0470166429877281,0.0010702840518206,0.3831815421581268,0.0459463589359075
724,ILSVRC2012_val_00012691_n03947888.JPEG,ILSVRC2012_val_00030896_n01773157.JPEG,0.0540600195527076,0.0080417431890964,5.543137073516846,0.0460182763636112
724,ILSVRC2012_val_00040013_n03947888.JPEG,ILSVRC2012_val_00023129_n02391049.JPEG,1.0593574047088623,0.7929344773292542,6.44440221786499,0.26642292737960815
725,ILSVRC2012_val_00039959_n03950228.JPEG,ILSVRC2012_val_00042460_n02119789.JPEG,0.3810989558696747,0.0555706359446048,6.751451015472412,0.32552831992506986
725,ILSVRC2012_val_00038166_n03950228.JPEG,ILSVRC2012_val_00012144_n03014705.JPEG,0.8129721879959106,0.0040630893781781,2.5190134048461914,0.8089090986177325
725,ILSVRC2012_val_00031108_n03950228.JPEG,ILSVRC2012_val_00006871_n03617480.JPEG,0.8367361426353455,0.0271735973656177,5.178224563598633,0.8095625452697277
725,ILSVRC2012_val_00016358_n03950228.JPEG,ILSVRC2012_val_00003732_n03127747.JPEG,1.577202558517456,0.0183848831802606,7.962570190429687,1.5588176753371954
725,ILSVRC2012_val_00016358_n03950228.JPEG,ILSVRC2012_val_00011753_n03201208.JPEG,1.577202558517456,0.0113457487896084,6.493125915527344,1.5658568097278476
726,ILSVRC2012_val_00017626_n03954731.JPEG,ILSVRC2012_val_00007979_n02641379.JPEG,0.0259183552116155,0.0015797051601111,5.851117134094238,0.0243386500515044
726,ILSVRC2012_val_00012624_n03954731.JPEG,ILSVRC2012_val_00034663_n03223299.JPEG,0.0665358304977417,0.0048155286349356,6.6478776931762695,0.061720301862806096
726,ILSVRC2012_val_00039935_n03954731.JPEG,ILSVRC2012_val_00004817_n02672831.JPEG,0.0837508961558342,0.0025815989356487,3.1571743488311768,0.0811692972201855
726,ILSVRC2012_val_00015496_n03954731.JPEG,ILSVRC2012_val_00044924_n04505470.JPEG,1.1017606258392334,0.0002890407631639,4.673732757568359,1.1014715850760695
726,ILSVRC2012_val_00019106_n03954731.JPEG,ILSVRC2012_val_00001670_n02325366.JPEG,1.2363885641098022,0.001237818156369,3.3251523971557617,1.2351507459534332
727,ILSVRC2012_val_00020096_n03956157.JPEG,ILSVRC2012_val_00025945_n03866082.JPEG,0.0097969900816679,0.0092724869027733,6.289542198181152,0.0005245031788945996
727,ILSVRC2012_val_00020096_n03956157.JPEG,ILSVRC2012_val_00038263_n02132136.JPEG,0.0097969900816679,0.0090319886803627,6.145431518554688,0.0007650014013052004
727,ILSVRC2012_val_00042903_n03956157.JPEG,ILSVRC2012_val_00029568_n01491361.JPEG,0.0084348618984222,0.0010756427654996,2.870371103286743,0.007359219132922599
727,ILSVRC2012_val_00011429_n03956157.JPEG,ILSVRC2012_val_00001271_n02066245.JPEG,0.0139928944408893,0.0038568412419408,1.148627758026123,0.010136053198948499
727,ILSVRC2012_val_00034801_n03956157.JPEG,ILSVRC2012_val_00014750_n07714571.JPEG,0.0747346878051757,0.0007799206068739,0.930866003036499,0.0739547671983018
728,ILSVRC2012_val_00004566_n03958227.JPEG,ILSVRC2012_val_00048634_n03530642.JPEG,1.9826663732528689,1.8465758562088013,10.415072441101074,0.1360905170440676
728,ILSVRC2012_val_00048624_n03958227.JPEG,ILSVRC2012_val_00010842_n02088466.JPEG,0.4422974586486816,0.0008678245940245,4.001678466796875,0.44142963405465707
728,ILSVRC2012_val_00040144_n03958227.JPEG,ILSVRC2012_val_00010529_n03929660.JPEG,0.5035690069198608,0.0004316828562878,4.771098136901856,0.503137324063573
728,ILSVRC2012_val_00040144_n03958227.JPEG,ILSVRC2012_val_00017799_n13037406.JPEG,0.5035690069198608,0.0002949994814116,1.869556188583374,0.5032740074384492
728,ILSVRC2012_val_00007768_n03958227.JPEG,ILSVRC2012_val_00031576_n03598930.JPEG,5.732333660125732,0.0003356370143592,5.732333660125732,5.731998023111373
729,ILSVRC2012_val_00044063_n03961711.JPEG,ILSVRC2012_val_00049117_n03271574.JPEG,0.0158738512545824,0.0015311434399336,6.297041416168213,0.014342707814648801
729,ILSVRC2012_val_00033665_n03961711.JPEG,ILSVRC2012_val_00022551_n03769881.JPEG,0.5984177589416504,0.0660527646541595,7.020050048828125,0.5323649942874908
729,ILSVRC2012_val_00033665_n03961711.JPEG,ILSVRC2012_val_00036196_n02264363.JPEG,0.5984177589416504,0.0168887265026569,6.443994998931885,0.5815290324389935
729,ILSVRC2012_val_00022716_n03961711.JPEG,ILSVRC2012_val_00001308_n07584110.JPEG,1.5080108642578125,0.002847428433597,5.168423652648926,1.5051634358242154
729,ILSVRC2012_val_00019084_n03961711.JPEG,ILSVRC2012_val_00029448_n03063599.JPEG,3.755179882049561,0.0014217516873031,5.095520496368408,3.753758130362258
730,ILSVRC2012_val_00047855_n03967562.JPEG,ILSVRC2012_val_00047574_n01774750.JPEG,0.0294845849275589,0.008055105805397,7.331156253814697,0.0214294791221619
730,ILSVRC2012_val_00038074_n03967562.JPEG,ILSVRC2012_val_00001619_n07248320.JPEG,0.0313067287206649,0.0002038271049968,2.539842367172241,0.031102901615668102
730,ILSVRC2012_val_00020960_n03967562.JPEG,ILSVRC2012_val_00007526_n02115913.JPEG,0.1035606861114502,0.0066062859259545,8.226176261901855,0.0969544001854957
730,ILSVRC2012_val_00020960_n03967562.JPEG,ILSVRC2012_val_00035117_n02088238.JPEG,0.1035606861114502,0.0041153272613883,6.375052452087402,0.0994453588500619
730,ILSVRC2012_val_00009442_n03967562.JPEG,ILSVRC2012_val_00032941_n07760859.JPEG,0.4507166147232055,0.1713503003120422,9.72018337249756,0.27936631441116333
731,ILSVRC2012_val_00019576_n03970156.JPEG,ILSVRC2012_val_00040267_n02172182.JPEG,0.0143505437299609,0.0013268723851069,0.5087267756462097,0.013023671344854
731,ILSVRC2012_val_00028218_n03970156.JPEG,ILSVRC2012_val_00019727_n02497673.JPEG,3.219366788864136,0.0373495183885097,10.158968925476074,3.1820172704756264
731,ILSVRC2012_val_00028218_n03970156.JPEG,ILSVRC2012_val_00015530_n13054560.JPEG,3.219366788864136,0.0020133240614086,6.9231462478637695,3.2173534648027275
731,ILSVRC2012_val_00024002_n03970156.JPEG,ILSVRC2012_val_00028754_n04505470.JPEG,4.22301197052002,0.0063971267081797,7.876556396484375,4.216614843811841
731,ILSVRC2012_val_00024002_n03970156.JPEG,ILSVRC2012_val_00037030_n04179913.JPEG,4.22301197052002,0.0010002615163102,4.591837406158447,4.22201170900371
732,ILSVRC2012_val_00037321_n03976467.JPEG,ILSVRC2012_val_00011455_n04004767.JPEG,0.000717144284863,0.0006638945196755,0.6999626755714417,5.3249765187500064e-05
732,ILSVRC2012_val_00007918_n03976467.JPEG,ILSVRC2012_val_00041469_n02051845.JPEG,0.0384975932538509,0.0038414034061133,7.017866134643555,0.0346561898477376
732,ILSVRC2012_val_00037223_n03976467.JPEG,ILSVRC2012_val_00044427_n03947888.JPEG,0.1125770658254623,0.0135726723819971,7.721578598022461,0.0990043934434652
732,ILSVRC2012_val_00011833_n03976467.JPEG,ILSVRC2012_val_00022684_n02091032.JPEG,0.3855293393135071,0.0087449913844466,6.468847274780273,0.37678434792906046
732,ILSVRC2012_val_00035515_n03976467.JPEG,ILSVRC2012_val_00042509_n01798484.JPEG,3.7563109397888175,0.0081225074827671,6.465571403503418,3.7481884323060504
733,ILSVRC2012_val_00030439_n03976657.JPEG,ILSVRC2012_val_00015608_n02277742.JPEG,0.5069608688354492,0.011458184570074,3.4823617935180664,0.4955026842653752
733,ILSVRC2012_val_00030439_n03976657.JPEG,ILSVRC2012_val_00040247_n01685808.JPEG,0.5069608688354492,0.0110815791413187,3.01166033744812,0.49587928969413053
733,ILSVRC2012_val_00030439_n03976657.JPEG,ILSVRC2012_val_00039743_n02093256.JPEG,0.5069608688354492,0.0089753987267613,6.86423397064209,0.49798547010868793
733,ILSVRC2012_val_00002567_n03976657.JPEG,ILSVRC2012_val_00045380_n04476259.JPEG,0.9158262014389038,0.0088928127661347,10.134057998657228,0.9069333886727691
733,ILSVRC2012_val_00019758_n03976657.JPEG,ILSVRC2012_val_00038591_n07248320.JPEG,1.5887985229492188,0.0070018637925386,5.978992462158203,1.58179665915668
734,ILSVRC2012_val_00003966_n03977966.JPEG,ILSVRC2012_val_00003808_n02111889.JPEG,0.0349340662360191,0.0305856466293334,6.3924102783203125,0.004348419606685701
734,ILSVRC2012_val_00003966_n03977966.JPEG,ILSVRC2012_val_00008235_n02791270.JPEG,0.0349340662360191,0.0058116982690989,3.780173778533936,0.0291223679669202
734,ILSVRC2012_val_00003966_n03977966.JPEG,ILSVRC2012_val_00019296_n03534580.JPEG,0.0349340662360191,0.0057672527618706,6.693448543548584,0.029166813474148498
734,ILSVRC2012_val_00001143_n03977966.JPEG,ILSVRC2012_val_00002957_n01776313.JPEG,0.0620431303977966,0.0221029203385114,3.2929701805114746,0.039940210059285206
734,ILSVRC2012_val_00043114_n03977966.JPEG,ILSVRC2012_val_00041445_n01877812.JPEG,0.187193214893341,0.0109953936189413,5.995516300201416,0.1761978212743997
735,ILSVRC2012_val_00011490_n03980874.JPEG,ILSVRC2012_val_00024287_n03868863.JPEG,0.0069809104315936,0.003545191604644,6.386836051940918,0.0034357188269496003
735,ILSVRC2012_val_00011490_n03980874.JPEG,ILSVRC2012_val_00046320_n02669723.JPEG,0.0069809104315936,0.0032447329722344,1.4951655864715576,0.0037361774593592002
735,ILSVRC2012_val_00022861_n03980874.JPEG,ILSVRC2012_val_00021180_n04344873.JPEG,0.0118484320119023,0.0031095030717551,6.545948505401611,0.0087389289401472
735,ILSVRC2012_val_00005176_n03980874.JPEG,ILSVRC2012_val_00036837_n03017168.JPEG,0.684406578540802,0.0052778669632971,4.23386287689209,0.6791287115775049
735,ILSVRC2012_val_00041833_n03980874.JPEG,ILSVRC2012_val_00045110_n02979186.JPEG,2.0907328128814697,0.0066194310784339,5.547543525695801,2.0841133818030357
736,ILSVRC2012_val_00002385_n03982430.JPEG,ILSVRC2012_val_00000079_n02091635.JPEG,0.0012118623126298,0.0011980506824329,7.855904579162598,1.3811630196899948e-05
736,ILSVRC2012_val_00015537_n03982430.JPEG,ILSVRC2012_val_00049039_n03538406.JPEG,0.0052479840815067,0.0020271246321499,5.389037609100342,0.0032208594493567996
736,ILSVRC2012_val_00025950_n03982430.JPEG,ILSVRC2012_val_00000594_n02107908.JPEG,0.0418384745717048,0.0189339909702539,6.119551658630371,0.022904483601450903
736,ILSVRC2012_val_00046005_n03982430.JPEG,ILSVRC2012_val_00023690_n01693334.JPEG,0.0239660218358039,0.0008092227508313,4.38057804107666,0.023156799084972597
736,ILSVRC2012_val_00025950_n03982430.JPEG,ILSVRC2012_val_00032206_n02510455.JPEG,0.0418384745717048,0.0075529958121478,7.470765113830566,0.034285478759557
737,ILSVRC2012_val_00045396_n03983396.JPEG,ILSVRC2012_val_00047238_n01728920.JPEG,0.2963845431804657,0.0036689604166895,4.319808006286621,0.2927155827637762
737,ILSVRC2012_val_00029146_n03983396.JPEG,ILSVRC2012_val_00025862_n04442312.JPEG,1.0493872165679932,0.0081638917326927,3.9489803314208975,1.0412233248353004
737,ILSVRC2012_val_00011279_n03983396.JPEG,ILSVRC2012_val_00020193_n02116738.JPEG,1.7311793565750122,0.0070640100166201,6.688179969787598,1.724115346558392
737,ILSVRC2012_val_00011279_n03983396.JPEG,ILSVRC2012_val_00010585_n07734744.JPEG,1.7311793565750122,0.0056969658471643,7.894018173217773,1.7254823907278478
737,ILSVRC2012_val_00044205_n03983396.JPEG,ILSVRC2012_val_00014634_n04039381.JPEG,1.7567211389541626,0.0050615505315363,3.028433084487915,1.7516595884226263
738,ILSVRC2012_val_00042437_n03991062.JPEG,ILSVRC2012_val_00038253_n02098286.JPEG,0.244951918721199,0.2111151963472366,8.592704772949219,0.0338367223739624
738,ILSVRC2012_val_00026175_n03991062.JPEG,ILSVRC2012_val_00033415_n01768244.JPEG,0.0834476128220558,0.0037885573692619,5.207999706268311,0.0796590554527939
738,ILSVRC2012_val_00026175_n03991062.JPEG,ILSVRC2012_val_00014764_n06785654.JPEG,0.0834476128220558,0.0024434253573417,5.837180137634277,0.0810041874647141
738,ILSVRC2012_val_00026175_n03991062.JPEG,ILSVRC2012_val_00005822_n04266014.JPEG,0.0834476128220558,0.0023023784160614,3.855417728424072,0.0811452344059944
738,ILSVRC2012_val_00045184_n03991062.JPEG,ILSVRC2012_val_00010675_n01632458.JPEG,0.0948191583156585,0.0023344901856034,3.335096836090088,0.0924846681300551
739,ILSVRC2012_val_00025632_n03992509.JPEG,ILSVRC2012_val_00019742_n12620546.JPEG,7.581423415103927e-05,7.533743337262422e-05,8.310795783996582,4.768007784150541e-07
739,ILSVRC2012_val_00049913_n03992509.JPEG,ILSVRC2012_val_00030190_n03355925.JPEG,0.0010804060148075,0.0009971652179956,5.076496124267578,8.324079681189993e-05
739,ILSVRC2012_val_00003555_n03992509.JPEG,ILSVRC2012_val_00008596_n03197337.JPEG,0.0092896129935979,0.0006332775810733,3.96618127822876,0.008656335412524599
739,ILSVRC2012_val_00043069_n03992509.JPEG,ILSVRC2012_val_00015113_n02326432.JPEG,0.0434966385364532,0.001720497268252,8.716590881347656,0.0417761412682012
739,ILSVRC2012_val_00014736_n03992509.JPEG,ILSVRC2012_val_00035136_n02356798.JPEG,0.109054110944271,0.003300221869722,7.539960861206055,0.10575388907454901
740,ILSVRC2012_val_00021576_n03995372.JPEG,ILSVRC2012_val_00045229_n02088094.JPEG,1.9718831777572632,0.0123536884784698,6.790848731994629,1.9595294892787933
740,ILSVRC2012_val_00021576_n03995372.JPEG,ILSVRC2012_val_00004775_n03223299.JPEG,1.9718831777572632,0.0082327052950859,6.420780181884766,1.9636504724621773
740,ILSVRC2012_val_00048056_n03995372.JPEG,ILSVRC2012_val_00007881_n04597913.JPEG,2.45933198928833,0.0035072977188974,8.561271667480469,2.4558246915694326
740,ILSVRC2012_val_00048056_n03995372.JPEG,ILSVRC2012_val_00032014_n02837789.JPEG,2.45933198928833,0.0021711841691285,9.619794845581056,2.4571608051192015
740,ILSVRC2012_val_00005681_n03995372.JPEG,ILSVRC2012_val_00032752_n07711569.JPEG,3.970551013946533,0.016358196735382,9.406061172485352,3.954192817211151
741,ILSVRC2012_val_00022178_n03998194.JPEG,ILSVRC2012_val_00015478_n03599486.JPEG,0.0063638421706855,0.0055318372324109,5.180703639984131,0.0008320049382746003
741,ILSVRC2012_val_00045607_n03998194.JPEG,ILSVRC2012_val_00048958_n04442312.JPEG,0.0233379192650318,0.0040231966413557,4.243697166442871,0.0193147226236761
741,ILSVRC2012_val_00035951_n03998194.JPEG,ILSVRC2012_val_00022114_n06359193.JPEG,0.2573670744895935,0.0011497085215523,3.827422380447388,0.25621736596804123
741,ILSVRC2012_val_00041018_n03998194.JPEG,ILSVRC2012_val_00032479_n03220513.JPEG,0.6126960515975952,0.142091155052185,6.048476696014404,0.4706048965454102
741,ILSVRC2012_val_00041212_n03998194.JPEG,ILSVRC2012_val_00002351_n03483316.JPEG,0.5963370203971863,0.0022347019985318,6.631950378417969,0.5941023183986545
742,ILSVRC2012_val_00008345_n04004767.JPEG,ILSVRC2012_val_00039365_n02259212.JPEG,0.1300844848155975,0.0067723030224442,5.651600360870361,0.12331218179315331
742,ILSVRC2012_val_00034313_n04004767.JPEG,ILSVRC2012_val_00042361_n02134418.JPEG,0.3778623044490814,0.0194797571748495,3.84706449508667,0.3583825472742319
742,ILSVRC2012_val_00017125_n04004767.JPEG,ILSVRC2012_val_00003485_n02097474.JPEG,0.6543510556221008,0.0308963805437088,9.275834083557127,0.623454675078392
742,ILSVRC2012_val_00009689_n04004767.JPEG,ILSVRC2012_val_00003305_n04346328.JPEG,2.9678609371185303,0.0152819706127047,5.964715480804443,2.9525789665058255
742,ILSVRC2012_val_00011455_n04004767.JPEG,ILSVRC2012_val_00012534_n03095699.JPEG,4.054257869720459,0.0043901256285607,6.219229698181152,4.049867744091898
743,ILSVRC2012_val_00024319_n04005630.JPEG,ILSVRC2012_val_00022929_n03791053.JPEG,0.5033726096153259,0.0367975644767284,8.830469131469727,0.46657504513859754
743,ILSVRC2012_val_00024319_n04005630.JPEG,ILSVRC2012_val_00003981_n01784675.JPEG,0.5033726096153259,0.0040605962276458,1.221587896347046,0.4993120133876801
743,ILSVRC2012_val_00024319_n04005630.JPEG,ILSVRC2012_val_00012522_n03720891.JPEG,0.5033726096153259,0.001964783295989,4.575361251831055,0.5014078263193369
743,ILSVRC2012_val_00003802_n04005630.JPEG,ILSVRC2012_val_00032664_n04325704.JPEG,1.9879508018493648,0.3490197360515594,6.333568572998047,1.6389310657978053
743,ILSVRC2012_val_00045947_n04005630.JPEG,ILSVRC2012_val_00043492_n04273569.JPEG,1.6990200281143188,0.009298825636506,6.927361965179443,1.6897212024778128
744,ILSVRC2012_val_00018888_n04008634.JPEG,ILSVRC2012_val_00004912_n03028079.JPEG,0.8087834119796753,0.1311610490083694,5.4267449378967285,0.6776223629713058
744,ILSVRC2012_val_00018888_n04008634.JPEG,ILSVRC2012_val_00032641_n02966687.JPEG,0.8087834119796753,0.0646296516060829,2.282043695449829,0.7441537603735924
744,ILSVRC2012_val_00037967_n04008634.JPEG,ILSVRC2012_val_00000631_n02690373.JPEG,0.8244104981422424,0.0370776578783988,3.319791316986084,0.7873328402638436
744,ILSVRC2012_val_00018494_n04008634.JPEG,ILSVRC2012_val_00019326_n03482405.JPEG,1.1339209079742432,0.1224507465958595,4.801901817321777,1.0114701613783836
744,ILSVRC2012_val_00018494_n04008634.JPEG,ILSVRC2012_val_00015636_n02690373.JPEG,1.1339209079742432,0.0157763436436653,2.39557147026062,1.1181445643305779
745,ILSVRC2012_val_00033020_n04009552.JPEG,ILSVRC2012_val_00010011_n02109961.JPEG,0.0048564574681222,0.0047315303236246,6.192929267883301,0.00012492714449760002
745,ILSVRC2012_val_00033020_n04009552.JPEG,ILSVRC2012_val_00038317_n03125729.JPEG,0.0048564574681222,0.0029400242492556,4.022511959075928,0.0019164332188665997
745,ILSVRC2012_val_00038006_n04009552.JPEG,ILSVRC2012_val_00021491_n13054560.JPEG,0.01916697435081,0.0037853508256375,6.50128173828125,0.0153816235251725
745,ILSVRC2012_val_00041414_n04009552.JPEG,ILSVRC2012_val_00031596_n01728920.JPEG,0.0199885349720716,0.0022274462971836,4.673117637634277,0.017761088674888
745,ILSVRC2012_val_00038006_n04009552.JPEG,ILSVRC2012_val_00027717_n02177972.JPEG,0.01916697435081,0.0008796160109341,1.2846518754959106,0.0182873583398759
746,ILSVRC2012_val_00000861_n04019541.JPEG,ILSVRC2012_val_00026127_n03452741.JPEG,0.0010854073334485,0.0010132422903552,3.795103311538696,7.216504309329988e-05
746,ILSVRC2012_val_00002750_n04019541.JPEG,ILSVRC2012_val_00022822_n02123159.JPEG,0.0134467128664255,0.0126151675358414,5.48394775390625,0.0008315453305840995
746,ILSVRC2012_val_00002750_n04019541.JPEG,ILSVRC2012_val_00027035_n02107312.JPEG,0.0134467128664255,0.0125776156783103,4.263925552368164,0.0008690971881151997
746,ILSVRC2012_val_00024819_n04019541.JPEG,ILSVRC2012_val_00049105_n01924916.JPEG,0.0139117799699306,0.0124994469806551,7.317899703979492,0.0014123329892755006
746,ILSVRC2012_val_00041035_n04019541.JPEG,ILSVRC2012_val_00002155_n04584207.JPEG,0.0228687115013599,0.0139555120840668,5.772210121154785,0.008913199417293101
747,ILSVRC2012_val_00012071_n04023962.JPEG,ILSVRC2012_val_00048439_n02101556.JPEG,3.0636318115284666e-05,0.0001501924270996,7.126245498657227,0.00011955610898431532
747,ILSVRC2012_val_00048984_n04023962.JPEG,ILSVRC2012_val_00012110_n04317175.JPEG,0.3494518399238586,0.0010232456261292,7.954253196716309,0.3484285942977294
747,ILSVRC2012_val_00047872_n04023962.JPEG,ILSVRC2012_val_00025470_n02483708.JPEG,0.9397598505020142,0.0015038858400657,4.712099552154541,0.9382559646619485
747,ILSVRC2012_val_00028845_n04023962.JPEG,ILSVRC2012_val_00004359_n02086240.JPEG,1.9892573356628416,0.055397979915142,8.661232948303223,1.9338593557476995
747,ILSVRC2012_val_00037189_n04023962.JPEG,ILSVRC2012_val_00014643_n03868863.JPEG,3.512042999267578,0.0009077242575585,6.866095542907715,3.5111352750100195
748,ILSVRC2012_val_00014524_n04026417.JPEG,ILSVRC2012_val_00049080_n07716358.JPEG,0.729097306728363,0.0116451969370245,4.513081073760986,0.7174521097913386
748,ILSVRC2012_val_00021143_n04026417.JPEG,ILSVRC2012_val_00048530_n02105251.JPEG,1.5816601514816284,0.0154069950804114,7.635231018066406,1.566253156401217
748,ILSVRC2012_val_00047620_n04026417.JPEG,ILSVRC2012_val_00042656_n04325704.JPEG,1.7080111503601074,0.0238989796489477,5.382138252258301,1.6841121707111597
748,ILSVRC2012_val_00041904_n04026417.JPEG,ILSVRC2012_val_00013158_n02120505.JPEG,2.182321548461914,0.0324372947216033,6.622572898864746,2.1498842537403107
748,ILSVRC2012_val_00041904_n04026417.JPEG,ILSVRC2012_val_00038988_n03710721.JPEG,2.182321548461914,0.0090481732040643,7.439324378967285,2.1732733752578497
749,ILSVRC2012_val_00034017_n04033901.JPEG,ILSVRC2012_val_00033774_n04418357.JPEG,0.5871955752372742,0.0089665381237864,3.257576465606689,0.5782290371134877
749,ILSVRC2012_val_00034017_n04033901.JPEG,ILSVRC2012_val_00046095_n01664065.JPEG,0.5871955752372742,0.0005894353962503,8.170053482055664,0.5866061398410238
749,ILSVRC2012_val_00034017_n04033901.JPEG,ILSVRC2012_val_00042317_n02090721.JPEG,0.5871955752372742,0.0005542887374758,3.6320950984954834,0.5866412864997984
749,ILSVRC2012_val_00001457_n04033901.JPEG,ILSVRC2012_val_00005362_n02124075.JPEG,3.025603771209717,0.0009502424509264,5.487557411193848,3.0246535287587903
749,ILSVRC2012_val_00018322_n04033901.JPEG,ILSVRC2012_val_00033305_n01729322.JPEG,4.604482650756836,0.0007777764694765,7.187185287475586,4.603704874287359
750,ILSVRC2012_val_00005221_n04033995.JPEG,ILSVRC2012_val_00036113_n02823750.JPEG,0.4131668210029602,0.0053815022110939,5.692734718322754,0.4077853187918663
750,ILSVRC2012_val_00016128_n04033995.JPEG,ILSVRC2012_val_00026945_n03884397.JPEG,0.4365999102592468,0.0030326112173497,2.7240588665008545,0.4335672990418971
750,ILSVRC2012_val_00008340_n04033995.JPEG,ILSVRC2012_val_00049528_n04259630.JPEG,0.4601624011993408,0.00309215253219,4.887970447540283,0.45707024866715085
750,ILSVRC2012_val_00008340_n04033995.JPEG,ILSVRC2012_val_00018427_n04462240.JPEG,0.4601624011993408,0.0010058587649837,5.7721123695373535,0.4591565424343571
750,ILSVRC2012_val_00007047_n04033995.JPEG,ILSVRC2012_val_00011166_n04070727.JPEG,0.7927939891815186,0.0059240474365651,7.853959560394287,0.7868699417449535
751,ILSVRC2012_val_00019285_n04037443.JPEG,ILSVRC2012_val_00001144_n03417042.JPEG,0.0632749050855636,0.0056390021927654,5.05366325378418,0.057635902892798206
751,ILSVRC2012_val_00008457_n04037443.JPEG,ILSVRC2012_val_00046713_n03692522.JPEG,0.451776385307312,0.0520160496234893,7.600223541259766,0.39976033568382274
751,ILSVRC2012_val_00008457_n04037443.JPEG,ILSVRC2012_val_00013084_n07711569.JPEG,0.451776385307312,0.0376797430217266,5.379165649414063,0.4140966422855854
751,ILSVRC2012_val_00022936_n04037443.JPEG,ILSVRC2012_val_00043393_n02105641.JPEG,0.5463058948516846,0.1175407692790031,7.059054374694824,0.4287651255726815
751,ILSVRC2012_val_00026947_n04037443.JPEG,ILSVRC2012_val_00024413_n12267677.JPEG,3.299330949783325,0.0162634346634149,7.200631618499756,3.2830675151199102
752,ILSVRC2012_val_00026870_n04039381.JPEG,ILSVRC2012_val_00035049_n02104365.JPEG,0.0226880982518196,0.0039867456071078,3.5770082473754883,0.018701352644711802
752,ILSVRC2012_val_00009044_n04039381.JPEG,ILSVRC2012_val_00033385_n02486261.JPEG,0.0583877190947532,0.0061551057733595,6.568064689636231,0.0522326133213937
752,ILSVRC2012_val_00037029_n04039381.JPEG,ILSVRC2012_val_00030405_n01774750.JPEG,0.1194306835532188,0.0054602292366325,6.659751892089844,0.1139704543165863
752,ILSVRC2012_val_00037029_n04039381.JPEG,ILSVRC2012_val_00031354_n04153751.JPEG,0.1194306835532188,0.001560780685395,5.740531921386719,0.1178699028678238
752,ILSVRC2012_val_00012929_n04039381.JPEG,ILSVRC2012_val_00035728_n01910747.JPEG,0.2762240171432495,0.0021014767698943,3.6877880096435542,0.2741225403733552
753,ILSVRC2012_val_00041696_n04040759.JPEG,ILSVRC2012_val_00007961_n03595614.JPEG,0.0130592072382569,0.0052840332500636,4.364530086517334,0.0077751739881933
753,ILSVRC2012_val_00039292_n04040759.JPEG,ILSVRC2012_val_00023355_n02797295.JPEG,0.0189128182828426,0.0011707840021699,6.169092178344727,0.0177420342806727
753,ILSVRC2012_val_00009434_n04040759.JPEG,ILSVRC2012_val_00031766_n02174001.JPEG,0.4024335443973541,0.009017338976264,6.369954109191895,0.3934162054210901
753,ILSVRC2012_val_00000770_n04040759.JPEG,ILSVRC2012_val_00040887_n01983481.JPEG,0.540063738822937,0.0098470402881503,6.23838996887207,0.5302166985347867
753,ILSVRC2012_val_00030121_n04040759.JPEG,ILSVRC2012_val_00035642_n03207743.JPEG,0.6324158310890198,0.0356152094900608,7.2200751304626465,0.596800621598959
754,ILSVRC2012_val_00007349_n04041544.JPEG,ILSVRC2012_val_00018493_n02815834.JPEG,0.2576435208320617,0.0228068400174379,10.26275634765625,0.2348366808146238
754,ILSVRC2012_val_00038785_n04041544.JPEG,ILSVRC2012_val_00002048_n02342885.JPEG,0.9494783282279968,0.0548362657427787,9.227855682373049,0.8946420624852182
754,ILSVRC2012_val_00010532_n04041544.JPEG,ILSVRC2012_val_00045066_n03026506.JPEG,1.0202131271362305,0.0246500223875045,7.731347560882568,0.995563104748726
754,ILSVRC2012_val_00035466_n04041544.JPEG,ILSVRC2012_val_00019110_n01955084.JPEG,1.5653462409973145,0.0095644099637866,8.974987030029297,1.5557818310335279
754,ILSVRC2012_val_00034715_n04041544.JPEG,ILSVRC2012_val_00010758_n02102177.JPEG,1.737287998199463,0.0976452752947807,7.483258247375488,1.6396427229046822
755,ILSVRC2012_val_00021724_n04044716.JPEG,ILSVRC2012_val_00031656_n04356056.JPEG,0.0027765792328864,0.0025827880017459,5.831628799438477,0.00019379123114050042
755,ILSVRC2012_val_00021724_n04044716.JPEG,ILSVRC2012_val_00005422_n03796401.JPEG,0.0027765792328864,0.0025708978064358,2.560218334197998,0.00020568142645060019
755,ILSVRC2012_val_00012476_n04044716.JPEG,ILSVRC2012_val_00008106_n02058221.JPEG,0.040256343781948,0.0026041902601718,4.5078887939453125,0.0376521535217762
755,ILSVRC2012_val_00002494_n04044716.JPEG,ILSVRC2012_val_00024364_n03272562.JPEG,0.0851536393165588,0.0016767027555033,9.10736846923828,0.0834769365610555
755,ILSVRC2012_val_00003989_n04044716.JPEG,ILSVRC2012_val_00045270_n02132136.JPEG,0.4358943998813629,0.0118718743324279,1.400397539138794,0.424022525548935
756,ILSVRC2012_val_00038837_n04049303.JPEG,ILSVRC2012_val_00039862_n02095889.JPEG,0.0105148125439882,0.0089045101776719,7.50102424621582,0.0016103023663162994
756,ILSVRC2012_val_00015619_n04049303.JPEG,ILSVRC2012_val_00024475_n03598930.JPEG,0.0215506516396999,0.0040491982363164,4.578373432159424,0.0175014534033835
756,ILSVRC2012_val_00037429_n04049303.JPEG,ILSVRC2012_val_00015157_n01484850.JPEG,0.0203008260577917,0.0026402159128338,4.44705867767334,0.0176606101449579
756,ILSVRC2012_val_00001394_n04049303.JPEG,ILSVRC2012_val_00044153_n02259212.JPEG,0.0503439679741859,0.0025379611179232,5.850499629974365,0.047806006856262705
756,ILSVRC2012_val_00045475_n04049303.JPEG,ILSVRC2012_val_00033949_n02804610.JPEG,0.2576439678668976,0.0671158656477928,14.0974760055542,0.19052810221910477
757,ILSVRC2012_val_00014784_n04065272.JPEG,ILSVRC2012_val_00036971_n01695060.JPEG,0.0184955950826406,0.0156750697642564,6.3145036697387695,0.0028205253183841983
757,ILSVRC2012_val_00030525_n04065272.JPEG,ILSVRC2012_val_00044412_n02325366.JPEG,0.0241880621761083,0.0212098062038421,8.391467094421387,0.0029782559722662007
757,ILSVRC2012_val_00011890_n04065272.JPEG,ILSVRC2012_val_00038591_n07248320.JPEG,0.0348582006990909,0.0035466169938445,2.58979606628418,0.0313115837052464
757,ILSVRC2012_val_00026802_n04065272.JPEG,ILSVRC2012_val_00028286_n13044778.JPEG,0.2301910072565078,0.0231943149119615,6.178282260894775,0.2069966923445463
757,ILSVRC2012_val_00026802_n04065272.JPEG,ILSVRC2012_val_00043580_n02089973.JPEG,0.2301910072565078,0.0026979972608387,1.1168618202209473,0.2274930099956691
758,ILSVRC2012_val_00009568_n04067472.JPEG,ILSVRC2012_val_00025940_n03982430.JPEG,0.0234718397259712,0.0008361419313587,3.917156457901001,0.0226356977946125
758,ILSVRC2012_val_00032929_n04067472.JPEG,ILSVRC2012_val_00025505_n03761084.JPEG,0.0739156156778335,0.0028155706822872,8.519696235656738,0.0711000449955463
758,ILSVRC2012_val_00047181_n04067472.JPEG,ILSVRC2012_val_00046509_n04456115.JPEG,0.2364141792058944,0.0022267326712608,8.789616584777832,0.23418744653463358
758,ILSVRC2012_val_00016525_n04067472.JPEG,ILSVRC2012_val_00048177_n02692877.JPEG,3.4286980628967285,0.0014432977186515,4.635725975036621,3.427254765178077
758,ILSVRC2012_val_00039860_n04067472.JPEG,ILSVRC2012_val_00042339_n02107908.JPEG,5.617801189422607,0.0087608257308602,8.544544219970703,5.609040363691747
759,ILSVRC2012_val_00048202_n04069434.JPEG,ILSVRC2012_val_00012682_n03445924.JPEG,0.0394980274140834,0.0095145814120769,6.579355716705322,0.029983446002006496
759,ILSVRC2012_val_00001854_n04069434.JPEG,ILSVRC2012_val_00041108_n04204347.JPEG,0.2686381042003631,0.0169735848903656,7.140894412994385,0.2516645193099975
759,ILSVRC2012_val_00037387_n04069434.JPEG,ILSVRC2012_val_00003070_n01694178.JPEG,0.3546026051044464,0.0078716780990362,5.2541584968566895,0.3467309270054102
759,ILSVRC2012_val_00019288_n04069434.JPEG,ILSVRC2012_val_00043355_n02980441.JPEG,1.2147213220596311,0.0152756310999393,9.154924392700195,1.1994456909596918
759,ILSVRC2012_val_00012650_n04069434.JPEG,ILSVRC2012_val_00010243_n03633091.JPEG,1.5450201034545898,0.0154120428487658,8.67791748046875,1.529608060605824
760,ILSVRC2012_val_00004946_n04070727.JPEG,ILSVRC2012_val_00043345_n04613696.JPEG,0.2020387500524521,0.0039742784574627,3.605439186096192,0.19806447159498938
760,ILSVRC2012_val_00004946_n04070727.JPEG,ILSVRC2012_val_00044310_n06596364.JPEG,0.2020387500524521,0.0022355346009135,2.632988214492798,0.1998032154515386
760,ILSVRC2012_val_00030280_n04070727.JPEG,ILSVRC2012_val_00043139_n02113712.JPEG,0.570723831653595,0.0106817157939076,7.959816455841064,0.5600421158596873
760,ILSVRC2012_val_00022009_n04070727.JPEG,ILSVRC2012_val_00005327_n02108915.JPEG,1.3851827383041382,0.0015993434935808,1.8494027853012085,1.3835833948105574
760,ILSVRC2012_val_00011166_n04070727.JPEG,ILSVRC2012_val_00024246_n02102040.JPEG,5.332518100738525,0.0090801874175667,8.77429485321045,5.323437913320959
761,ILSVRC2012_val_00001838_n04074963.JPEG,ILSVRC2012_val_00014935_n12998815.JPEG,0.0978053882718086,0.0046324552968144,7.870977878570557,0.0931729329749942
761,ILSVRC2012_val_00027409_n04074963.JPEG,ILSVRC2012_val_00029201_n03459775.JPEG,0.1301012337207794,0.0156554710119962,7.617411136627197,0.11444576270878319
761,ILSVRC2012_val_00027409_n04074963.JPEG,ILSVRC2012_val_00004773_n04560804.JPEG,0.1301012337207794,0.0080198654904961,7.855769157409668,0.12208136823028329
761,ILSVRC2012_val_00028651_n04074963.JPEG,ILSVRC2012_val_00034198_n02012849.JPEG,0.1363780200481414,0.013165920972824,5.696300506591797,0.1232120990753174
761,ILSVRC2012_val_00002910_n04074963.JPEG,ILSVRC2012_val_00025798_n04090263.JPEG,2.385148525238037,0.0020460402593016,5.623302459716797,2.3831024849787354
762,ILSVRC2012_val_00021422_n04081281.JPEG,ILSVRC2012_val_00037977_n03584829.JPEG,0.0163047183305025,0.0080766268074512,3.517993450164795,0.0082280915230513
762,ILSVRC2012_val_00015102_n04081281.JPEG,ILSVRC2012_val_00026309_n03781244.JPEG,0.4069589674472809,0.0052644670940935,4.859716415405273,0.4016945003531874
762,ILSVRC2012_val_00022403_n04081281.JPEG,ILSVRC2012_val_00021457_n01739381.JPEG,0.599384605884552,0.0043485844507813,2.3428831100463867,0.5950360214337707
762,ILSVRC2012_val_00019466_n04081281.JPEG,ILSVRC2012_val_00006127_n04239074.JPEG,0.9445136189460754,0.0056105521507561,5.809934616088867,0.9389030667953193
762,ILSVRC2012_val_00011936_n04081281.JPEG,ILSVRC2012_val_00004693_n02342885.JPEG,1.110771417617798,0.0171274598687887,7.7848968505859375,1.0936439577490094
763,ILSVRC2012_val_00011824_n04086273.JPEG,ILSVRC2012_val_00022863_n02776631.JPEG,0.0096965264528989,0.0083185378462076,6.221059799194336,0.0013779886066912998
763,ILSVRC2012_val_00011824_n04086273.JPEG,ILSVRC2012_val_00035667_n01784675.JPEG,0.0096965264528989,0.0026431882288306,4.513689994812012,0.0070533382240683
763,ILSVRC2012_val_00015728_n04086273.JPEG,ILSVRC2012_val_00037888_n03775546.JPEG,0.0144942495971918,0.0052264011465013,6.738759517669678,0.009267848450690501
763,ILSVRC2012_val_00023382_n04086273.JPEG,ILSVRC2012_val_00019247_n07711569.JPEG,0.0600555092096328,0.0023585141170769,6.946624755859375,0.057696995092555894
763,ILSVRC2012_val_00032309_n04086273.JPEG,ILSVRC2012_val_00037668_n01914609.JPEG,0.0868129432201385,0.0034242586698383,8.686635971069336,0.0833886845503002
764,ILSVRC2012_val_00033991_n04090263.JPEG,ILSVRC2012_val_00037890_n09399592.JPEG,0.0879911258816719,0.0081027597188949,4.08823299407959,0.079888366162777
764,ILSVRC2012_val_00029019_n04090263.JPEG,ILSVRC2012_val_00037599_n04133789.JPEG,0.8106591105461121,0.031282003968954,9.81964874267578,0.7793771065771581
764,ILSVRC2012_val_00017615_n04090263.JPEG,ILSVRC2012_val_00039800_n02137549.JPEG,1.211772322654724,0.0591425225138664,9.015079498291016,1.1526298001408575
764,ILSVRC2012_val_00021492_n04090263.JPEG,ILSVRC2012_val_00044252_n02786058.JPEG,2.9259743690490723,0.0183014329522848,7.312819004058838,2.9076729360967875
764,ILSVRC2012_val_00000707_n04090263.JPEG,ILSVRC2012_val_00025136_n03187595.JPEG,4.427432537078857,0.0074454443529248,8.408548355102539,4.419987092725933
765,ILSVRC2012_val_00037370_n04099969.JPEG,ILSVRC2012_val_00027535_n01558993.JPEG,0.0032863202504813,0.0026808772236108,3.613704919815064,0.0006054430268705
765,ILSVRC2012_val_00024320_n04099969.JPEG,ILSVRC2012_val_00035875_n03838899.JPEG,0.2980692684650421,0.0018722163513302,1.8888872861862185,0.2961970521137119
765,ILSVRC2012_val_00016203_n04099969.JPEG,ILSVRC2012_val_00040245_n02487347.JPEG,2.422738790512085,0.0041987840086221,5.836937427520752,2.418540006503463
765,ILSVRC2012_val_00015390_n04099969.JPEG,ILSVRC2012_val_00046320_n02669723.JPEG,2.597331523895264,0.0121563272550702,8.775640487670898,2.585175196640194
765,ILSVRC2012_val_00038750_n04099969.JPEG,ILSVRC2012_val_00020406_n02492660.JPEG,4.137907028198242,0.0426210649311542,8.475373268127441,4.095285963267088
766,ILSVRC2012_val_00007052_n04111531.JPEG,ILSVRC2012_val_00039401_n04033901.JPEG,0.004565411247313,0.0040366132743656,5.553803443908691,0.0005287979729473999
766,ILSVRC2012_val_00014839_n04111531.JPEG,ILSVRC2012_val_00006563_n04326547.JPEG,0.0124324569478631,0.0005776405450887,7.10612678527832,0.0118548164027744
766,ILSVRC2012_val_00039873_n04111531.JPEG,ILSVRC2012_val_00003969_n07875152.JPEG,0.1285480260848999,0.0005758534534834,2.445223331451416,0.1279721726314165
766,ILSVRC2012_val_00035817_n04111531.JPEG,ILSVRC2012_val_00048918_n03764736.JPEG,0.2976960837841034,0.0013965149410068,4.922757625579834,0.2962995688430966
766,ILSVRC2012_val_00035817_n04111531.JPEG,ILSVRC2012_val_00037825_n02056570.JPEG,0.2976960837841034,0.0013084192760288,4.342332363128662,0.2963876645080746
767,ILSVRC2012_val_00023298_n04116512.JPEG,ILSVRC2012_val_00012290_n04487394.JPEG,0.0285133533179759,0.0058681117370724,5.684961795806885,0.022645241580903502
767,ILSVRC2012_val_00007734_n04116512.JPEG,ILSVRC2012_val_00001468_n02799071.JPEG,0.1065681129693985,0.0026020498480647,6.39718770980835,0.1039660631213338
767,ILSVRC2012_val_00027205_n04116512.JPEG,ILSVRC2012_val_00027838_n02086079.JPEG,0.889762818813324,0.0031083147041499,5.407933235168457,0.8866545041091741
767,ILSVRC2012_val_00012660_n04116512.JPEG,ILSVRC2012_val_00005056_n01688243.JPEG,2.3268184661865234,0.0054181395098567,8.706613540649414,2.3214003266766667
767,ILSVRC2012_val_00032611_n04116512.JPEG,ILSVRC2012_val_00005583_n02104029.JPEG,5.424483299255371,0.0163463521748781,10.058184623718262,5.408136947080493
768,ILSVRC2012_val_00019445_n04118538.JPEG,ILSVRC2012_val_00044887_n02910353.JPEG,0.1300088018178939,0.0012010273057967,6.820195198059082,0.1288077745120972
768,ILSVRC2012_val_00036288_n04118538.JPEG,ILSVRC2012_val_00024425_n02708093.JPEG,0.1439734697341919,0.0103723043575882,8.60462760925293,0.1336011653766037
768,ILSVRC2012_val_00040235_n04118538.JPEG,ILSVRC2012_val_00020543_n01728920.JPEG,0.2387320548295974,0.0205148048698902,4.157116413116455,0.2182172499597072
768,ILSVRC2012_val_00040235_n04118538.JPEG,ILSVRC2012_val_00029952_n03452741.JPEG,0.2387320548295974,0.0099008660763502,4.107637405395508,0.22883118875324718
768,ILSVRC2012_val_00040235_n04118538.JPEG,ILSVRC2012_val_00040373_n07579787.JPEG,0.2387320548295974,0.0067550158128142,6.96596622467041,0.23197703901678318
769,ILSVRC2012_val_00004174_n04118776.JPEG,ILSVRC2012_val_00007152_n02226429.JPEG,0.0081894313916563,0.0051261894404888,2.241426944732666,0.0030632419511675
769,ILSVRC2012_val_00003900_n04118776.JPEG,ILSVRC2012_val_00043395_n01819313.JPEG,0.0110734449699521,0.0041084415279328,1.4491698741912842,0.0069650034420193
769,ILSVRC2012_val_00035583_n04118776.JPEG,ILSVRC2012_val_00030592_n12620546.JPEG,0.06148312240839,0.0144494827836751,5.977487564086914,0.04703363962471489
769,ILSVRC2012_val_00008711_n04118776.JPEG,ILSVRC2012_val_00041424_n03467068.JPEG,0.4912524819374084,0.0025903978385031,6.1627197265625,0.48866208409890527
769,ILSVRC2012_val_00036839_n04118776.JPEG,ILSVRC2012_val_00036060_n11939491.JPEG,3.798433303833008,0.0053627681918442,8.118925094604492,3.7930705356411636
770,ILSVRC2012_val_00005869_n04120489.JPEG,ILSVRC2012_val_00029339_n03908618.JPEG,0.0028994923923164,0.0010693314252421,2.578230619430542,0.0018301609670743
770,ILSVRC2012_val_00038810_n04120489.JPEG,ILSVRC2012_val_00027475_n03535780.JPEG,0.0446436069905757,0.0008993871742859,6.162622451782227,0.0437442198162898
770,ILSVRC2012_val_00027542_n04120489.JPEG,ILSVRC2012_val_00024902_n02129165.JPEG,0.1184318512678146,0.0013949673157185,5.041163921356201,0.11703688395209609
770,ILSVRC2012_val_00039072_n04120489.JPEG,ILSVRC2012_val_00025183_n02009229.JPEG,0.224601998925209,0.0061445613391697,6.926886558532715,0.21845743758603928
770,ILSVRC2012_val_00039072_n04120489.JPEG,ILSVRC2012_val_00001872_n02108000.JPEG,0.224601998925209,0.0019745393656194,6.266735076904297,0.2226274595595896
771,ILSVRC2012_val_00024067_n04125021.JPEG,ILSVRC2012_val_00041948_n04590129.JPEG,0.0033520245924592,0.0030081281438469,7.533007621765137,0.00034389644861229987
771,ILSVRC2012_val_00044870_n04125021.JPEG,ILSVRC2012_val_00030047_n07753275.JPEG,0.0211339443922042,0.019027329981327,10.542454719543455,0.0021066144108772
771,ILSVRC2012_val_00037895_n04125021.JPEG,ILSVRC2012_val_00002313_n02097298.JPEG,0.0074254469946026,0.0047284453175961,6.200534343719482,0.0026970016770065004
771,ILSVRC2012_val_00037895_n04125021.JPEG,ILSVRC2012_val_00006993_n02808440.JPEG,0.0074254469946026,0.0031611968297511,5.425531387329102,0.0042642501648515
771,ILSVRC2012_val_00037895_n04125021.JPEG,ILSVRC2012_val_00037055_n04037443.JPEG,0.0074254469946026,0.0014594866661354,4.025828361511231,0.005965960328467201
772,ILSVRC2012_val_00034276_n04127249.JPEG,ILSVRC2012_val_00007345_n01917289.JPEG,0.0240682028234004,0.0020552005153149,3.6557109355926514,0.0220130023080855
772,ILSVRC2012_val_00027502_n04127249.JPEG,ILSVRC2012_val_00040678_n02093256.JPEG,0.3965124189853668,0.0008457897347398,1.9896125793457031,0.395666629250627
772,ILSVRC2012_val_00017649_n04127249.JPEG,ILSVRC2012_val_00039073_n02342885.JPEG,0.8998062014579773,0.0013341344892978,5.6196794509887695,0.8984720669686795
772,ILSVRC2012_val_00026605_n04127249.JPEG,ILSVRC2012_val_00038679_n03670208.JPEG,3.9625093936920166,0.0012130528921261,4.009491920471191,3.9612963407998905
772,ILSVRC2012_val_00023860_n04127249.JPEG,ILSVRC2012_val_00037818_n04371774.JPEG,5.035225868225098,0.0014011575840413,6.440335273742676,5.033824710641056
773,ILSVRC2012_val_00010390_n04131690.JPEG,ILSVRC2012_val_00037223_n03976467.JPEG,1.1810977458953855,0.002806179691106,6.653698921203613,1.1782915662042794
773,ILSVRC2012_val_00043799_n04131690.JPEG,ILSVRC2012_val_00038298_n03721384.JPEG,2.10936975479126,0.001739656785503,5.203953742980957,2.107630098005757
773,ILSVRC2012_val_00043799_n04131690.JPEG,ILSVRC2012_val_00016583_n04357314.JPEG,2.10936975479126,0.0010272946674376,2.10936975479126,2.1083424601238225
773,ILSVRC2012_val_00014536_n04131690.JPEG,ILSVRC2012_val_00031427_n07753275.JPEG,3.396347999572754,0.0057732975110411,5.71872091293335,3.3905747020617127
773,ILSVRC2012_val_00014536_n04131690.JPEG,ILSVRC2012_val_00042880_n03958227.JPEG,3.396347999572754,0.0014994817320257,5.600076198577881,3.394848517840728
774,ILSVRC2012_val_00034138_n04133789.JPEG,ILSVRC2012_val_00015522_n07583066.JPEG,0.1544952392578125,0.0053748623467981,5.015792846679688,0.1491203769110144
774,ILSVRC2012_val_00023006_n04133789.JPEG,ILSVRC2012_val_00046755_n01843383.JPEG,0.5164757370948792,0.0024483010638505,8.248759269714355,0.5140274360310286
774,ILSVRC2012_val_00037599_n04133789.JPEG,ILSVRC2012_val_00015343_n02786058.JPEG,0.7628161311149597,0.0028262692503631,1.18780779838562,0.7599898618645966
774,ILSVRC2012_val_00037599_n04133789.JPEG,ILSVRC2012_val_00041589_n07584110.JPEG,0.7628161311149597,0.0027337819337844,3.5249743461608887,0.7600823491811753
774,ILSVRC2012_val_00033141_n04133789.JPEG,ILSVRC2012_val_00019743_n02091032.JPEG,2.173160552978516,0.0174978133291006,6.6251749992370605,2.1556627396494155
775,ILSVRC2012_val_00030078_n04136333.JPEG,ILSVRC2012_val_00019755_n04404412.JPEG,0.0009040321456268,0.0006516240537166,3.110618829727173,0.0002524080919102
775,ILSVRC2012_val_00028859_n04136333.JPEG,ILSVRC2012_val_00041106_n04443257.JPEG,0.0422544181346893,0.0259763170033693,10.012760162353516,0.016278101131320003
775,ILSVRC2012_val_00024195_n04136333.JPEG,ILSVRC2012_val_00029909_n01685808.JPEG,0.8945171236991882,0.0039513618685305,7.242282390594482,0.8905657618306577
775,ILSVRC2012_val_00010167_n04136333.JPEG,ILSVRC2012_val_00012422_n02790996.JPEG,1.179679274559021,0.0082305772230029,3.342911720275879,1.171448697336018
775,ILSVRC2012_val_00002902_n04136333.JPEG,ILSVRC2012_val_00030047_n07753275.JPEG,4.391551017761231,0.0628549680113792,9.546249389648438,4.328696049749852
776,ILSVRC2012_val_00024972_n04141076.JPEG,ILSVRC2012_val_00030550_n03676483.JPEG,0.0171542949974536,0.0154283596202731,5.042056083679199,0.0017259353771805
776,ILSVRC2012_val_00046335_n04141076.JPEG,ILSVRC2012_val_00048619_n04120489.JPEG,0.1588918566703796,0.0796564295887947,8.680519104003906,0.07923542708158492
776,ILSVRC2012_val_00015586_n04141076.JPEG,ILSVRC2012_val_00001328_n04596742.JPEG,0.2040368914604187,0.0096573308110237,7.83555793762207,0.194379560649395
776,ILSVRC2012_val_00017679_n04141076.JPEG,ILSVRC2012_val_00045155_n02086079.JPEG,0.2299361526966095,0.0165346805006265,7.018553256988525,0.213401472195983
776,ILSVRC2012_val_00042195_n04141076.JPEG,ILSVRC2012_val_00035787_n02988304.JPEG,0.8197611570358276,0.0056446916423738,5.864330291748047,0.8141164653934538
777,ILSVRC2012_val_00004352_n04141327.JPEG,ILSVRC2012_val_00007387_n01829413.JPEG,0.1237032637000083,0.0119284186512231,4.800693988800049,0.1117748450487852
777,ILSVRC2012_val_00030277_n04141327.JPEG,ILSVRC2012_val_00029915_n12267677.JPEG,0.3447609543800354,0.0031388560310006,4.269724845886231,0.3416220983490348
777,ILSVRC2012_val_00030277_n04141327.JPEG,ILSVRC2012_val_00000334_n03976657.JPEG,0.3447609543800354,0.0005297449533827,0.3649509847164154,0.3442312094266527
777,ILSVRC2012_val_00016260_n04141327.JPEG,ILSVRC2012_val_00004072_n03530642.JPEG,0.8776124715805054,0.001555067487061,4.998557090759277,0.8760574040934443
777,ILSVRC2012_val_00045196_n04141327.JPEG,ILSVRC2012_val_00024535_n03814906.JPEG,1.7001049518585205,0.0013112765736877,5.345498085021973,1.6987936752848327
778,ILSVRC2012_val_00014401_n04141975.JPEG,ILSVRC2012_val_00016263_n02106166.JPEG,0.0918301790952682,0.0157649610191583,6.267620086669922,0.07606521807610989
778,ILSVRC2012_val_00001815_n04141975.JPEG,ILSVRC2012_val_00031372_n02791124.JPEG,0.093389518558979,0.0011530425399541,1.412893772125244,0.0922364760190249
778,ILSVRC2012_val_00001423_n04141975.JPEG,ILSVRC2012_val_00035614_n02013706.JPEG,0.3614380061626434,0.0152637725695967,7.929061889648437,0.34617423359304667
778,ILSVRC2012_val_00001423_n04141975.JPEG,ILSVRC2012_val_00012904_n02113624.JPEG,0.3614380061626434,0.0112250484526157,4.774329662322998,0.3502129577100277
778,ILSVRC2012_val_00045769_n04141975.JPEG,ILSVRC2012_val_00029354_n02105505.JPEG,1.1313849687576294,0.0066982973366975,8.087235450744629,1.1246866714209318
779,ILSVRC2012_val_00028026_n04146614.JPEG,ILSVRC2012_val_00025806_n01582220.JPEG,0.0041048801504075,0.0039542117156088,7.835971355438232,0.00015066843479870015
779,ILSVRC2012_val_00047962_n04146614.JPEG,ILSVRC2012_val_00035476_n01807496.JPEG,0.0861290544271469,0.0033895678352564,5.301823616027832,0.0827394865918905
779,ILSVRC2012_val_00010117_n04146614.JPEG,ILSVRC2012_val_00017234_n02105412.JPEG,0.2675009369850158,0.0350635647773742,7.477638721466064,0.2324373722076416
779,ILSVRC2012_val_00020112_n04146614.JPEG,ILSVRC2012_val_00038027_n04482393.JPEG,0.3392863571643829,0.0021404945291578,9.937948226928713,0.33714586263522506
779,ILSVRC2012_val_00009450_n04146614.JPEG,ILSVRC2012_val_00011096_n02017213.JPEG,1.6903226375579834,0.2558448314666748,9.83111572265625,1.4344778060913086
780,ILSVRC2012_val_00036163_n04147183.JPEG,ILSVRC2012_val_00008656_n03786901.JPEG,0.0386853516101837,0.0337702482938766,4.186313629150391,0.0049151033163071026
780,ILSVRC2012_val_00007978_n04147183.JPEG,ILSVRC2012_val_00047498_n01641577.JPEG,0.1537396013736724,0.1129814311861991,7.309647083282471,0.0407581701874733
780,ILSVRC2012_val_00007978_n04147183.JPEG,ILSVRC2012_val_00034149_n04243546.JPEG,0.1537396013736724,0.0569098442792892,3.104846954345703,0.09682975709438321
780,ILSVRC2012_val_00046278_n04147183.JPEG,ILSVRC2012_val_00034679_n04149813.JPEG,0.2613648474216461,0.130532681941986,6.936340808868408,0.13083216547966012
780,ILSVRC2012_val_00046278_n04147183.JPEG,ILSVRC2012_val_00034744_n02113978.JPEG,0.2613648474216461,0.0636135637760162,6.197367191314697,0.19775128364562994
781,ILSVRC2012_val_00023216_n04149813.JPEG,ILSVRC2012_val_00005730_n04596742.JPEG,0.046774361282587,0.001360087073408,3.060075283050537,0.045414274209179005
781,ILSVRC2012_val_00046809_n04149813.JPEG,ILSVRC2012_val_00029429_n04039381.JPEG,0.0590534172952175,0.0004855407460127,0.2897912263870239,0.0585678765492048
781,ILSVRC2012_val_00000167_n04149813.JPEG,ILSVRC2012_val_00011562_n04326547.JPEG,0.3205164670944214,0.0042397379875183,9.600127220153809,0.3162767291069031
781,ILSVRC2012_val_00026520_n04149813.JPEG,ILSVRC2012_val_00028833_n03884397.JPEG,1.00255024433136,0.0580819249153137,11.74147605895996,0.9444683194160464
781,ILSVRC2012_val_00026520_n04149813.JPEG,ILSVRC2012_val_00001633_n04204238.JPEG,1.00255024433136,0.0119007360190153,7.810591697692871,0.9906495083123448
782,ILSVRC2012_val_00034850_n04152593.JPEG,ILSVRC2012_val_00049706_n02361337.JPEG,0.5557832717895508,0.0898081064224243,8.389684677124023,0.46597516536712646
782,ILSVRC2012_val_00002810_n04152593.JPEG,ILSVRC2012_val_00038622_n02356798.JPEG,0.6298777461051941,0.0569864213466644,8.452072143554688,0.5728913247585297
782,ILSVRC2012_val_00042975_n04152593.JPEG,ILSVRC2012_val_00019543_n03956157.JPEG,1.616672396659851,0.1133616864681243,7.043995380401611,1.5033107101917267
782,ILSVRC2012_val_00046431_n04152593.JPEG,ILSVRC2012_val_00006436_n03980874.JPEG,2.426568031311035,0.0461532548069953,8.028484344482422,2.3804147765040398
782,ILSVRC2012_val_00031893_n04152593.JPEG,ILSVRC2012_val_00035390_n04404412.JPEG,3.5465569496154785,0.0027755093760788,6.378530979156494,3.5437814402393997
783,ILSVRC2012_val_00031354_n04153751.JPEG,ILSVRC2012_val_00044720_n04532670.JPEG,0.0024692304432392,0.0020736397709697,0.0624741613864898,0.00039559067226949997
783,ILSVRC2012_val_00022048_n04153751.JPEG,ILSVRC2012_val_00012929_n04039381.JPEG,0.0094216475263237,0.008457320742309,2.6783761978149414,0.0009643267840147001
783,ILSVRC2012_val_00028320_n04153751.JPEG,ILSVRC2012_val_00003787_n03384352.JPEG,0.0034947055391967,0.0024764842819422,3.055479049682617,0.0010182212572545
783,ILSVRC2012_val_00049587_n04153751.JPEG,ILSVRC2012_val_00023675_n02100735.JPEG,0.0202115755528211,0.0116645209491252,4.626681327819824,0.0085470546036959
783,ILSVRC2012_val_00037654_n04153751.JPEG,ILSVRC2012_val_00047189_n03417042.JPEG,0.2872559726238251,0.0089192790910601,5.678784370422363,0.27833669353276497
784,ILSVRC2012_val_00015633_n04154565.JPEG,ILSVRC2012_val_00042897_n02233338.JPEG,0.2019033581018448,0.00312768551521,5.250876903533936,0.19877567258663478
784,ILSVRC2012_val_00003547_n04154565.JPEG,ILSVRC2012_val_00025161_n02317335.JPEG,4.068454265594482,0.0083045875653624,4.595232009887695,4.06014967802912
784,ILSVRC2012_val_00031862_n04154565.JPEG,ILSVRC2012_val_00018242_n02488291.JPEG,5.152939319610596,0.0065133185125887,9.571222305297852,5.146426001098007
784,ILSVRC2012_val_00031862_n04154565.JPEG,ILSVRC2012_val_00010563_n02097130.JPEG,5.152939319610596,0.003936163149774,8.605681419372559,5.149003156460822
784,ILSVRC2012_val_00020366_n04154565.JPEG,ILSVRC2012_val_00048619_n04120489.JPEG,10.115489959716797,0.035933930426836,10.117476463317873,10.07955602928996
785,ILSVRC2012_val_00001792_n04162706.JPEG,ILSVRC2012_val_00019368_n01978287.JPEG,0.2834944725036621,0.0189895518124103,7.567242622375488,0.2645049206912518
785,ILSVRC2012_val_00027843_n04162706.JPEG,ILSVRC2012_val_00033217_n03982430.JPEG,0.9017834663391112,0.0016055324813351,5.083531379699707,0.9001779338577761
785,ILSVRC2012_val_00036349_n04162706.JPEG,ILSVRC2012_val_00049031_n02840245.JPEG,1.822124481201172,0.0059579396620392,6.111295700073242,1.8161665415391328
785,ILSVRC2012_val_00024473_n04162706.JPEG,ILSVRC2012_val_00019346_n04554684.JPEG,1.9593935012817385,0.0008519833791069,4.802103996276856,1.9585415179026315
785,ILSVRC2012_val_00020348_n04162706.JPEG,ILSVRC2012_val_00048439_n02101556.JPEG,2.8701512813568115,0.0074704103171825,4.672307968139648,2.862680871039629
786,ILSVRC2012_val_00023109_n04179913.JPEG,ILSVRC2012_val_00005951_n02408429.JPEG,0.0002913050702773,0.0002712835557758,1.0667243003845217,2.00215145015e-05
786,ILSVRC2012_val_00001603_n04179913.JPEG,ILSVRC2012_val_00029001_n02129165.JPEG,1.2159273865108844e-05,3.814624506048858e-05,7.392274856567383,2.5986971195379738e-05
786,ILSVRC2012_val_00001603_n04179913.JPEG,ILSVRC2012_val_00028788_n02091467.JPEG,1.2159273865108844e-05,4.39872601418756e-05,5.22215747833252,3.182798627676676e-05
786,ILSVRC2012_val_00001239_n04179913.JPEG,ILSVRC2012_val_00017974_n01955084.JPEG,0.8851691484451294,0.0002646096108946,3.5861716270446777,0.8849045388342348
786,ILSVRC2012_val_00049153_n04179913.JPEG,ILSVRC2012_val_00022518_n02096437.JPEG,1.422804355621338,0.0041556912474334,8.590413093566895,1.4186486643739045
787,ILSVRC2012_val_00005038_n04192698.JPEG,ILSVRC2012_val_00027888_n03017168.JPEG,0.1607890278100967,0.0015276916092261,2.338629722595215,0.1592613362008706
787,ILSVRC2012_val_00005038_n04192698.JPEG,ILSVRC2012_val_00049022_n02422106.JPEG,0.1607890278100967,0.0009091534884646,0.7467981576919556,0.15987987432163211
787,ILSVRC2012_val_00037414_n04192698.JPEG,ILSVRC2012_val_00042200_n04209133.JPEG,0.2879177629947662,0.0111220171675086,4.0732855796813965,0.2767957458272576
787,ILSVRC2012_val_00017106_n04192698.JPEG,ILSVRC2012_val_00029612_n02804610.JPEG,1.2709718942642212,0.0011043408885598,3.75689697265625,1.2698675533756614
787,ILSVRC2012_val_00025337_n04192698.JPEG,ILSVRC2012_val_00044951_n04317175.JPEG,1.8648324012756348,0.0007531190640293,5.758108139038086,1.8640792822116055
788,ILSVRC2012_val_00017800_n04200800.JPEG,ILSVRC2012_val_00020041_n07753113.JPEG,0.8629056215286255,0.0165311619639396,7.129465579986572,0.8463744595646859
788,ILSVRC2012_val_00017800_n04200800.JPEG,ILSVRC2012_val_00016826_n02877765.JPEG,0.8629056215286255,0.0021578615996986,3.881690263748169,0.8607477599289269
788,ILSVRC2012_val_00023481_n04200800.JPEG,ILSVRC2012_val_00003070_n01694178.JPEG,1.0021560192108154,0.0384094938635826,7.918331623077393,0.9637465253472328
788,ILSVRC2012_val_00023481_n04200800.JPEG,ILSVRC2012_val_00032600_n02951358.JPEG,1.0021560192108154,0.0023912189062684,3.465646743774414,0.9997648003045471
788,ILSVRC2012_val_00005271_n04200800.JPEG,ILSVRC2012_val_00020853_n03977966.JPEG,1.623917818069458,0.0055483155883848,5.886139869689941,1.6183695024810731
789,ILSVRC2012_val_00028505_n04201297.JPEG,ILSVRC2012_val_00015549_n01496331.JPEG,0.009778338484466,0.0094318035989999,4.363646030426025,0.0003465348854660988
789,ILSVRC2012_val_00049289_n04201297.JPEG,ILSVRC2012_val_00023564_n01776313.JPEG,0.2648384273052215,0.0116960983723402,5.645646095275879,0.2531423289328813
789,ILSVRC2012_val_00043448_n04201297.JPEG,ILSVRC2012_val_00017167_n04311004.JPEG,0.8115018606185913,0.0365498065948486,6.198721885681152,0.7749520540237427
789,ILSVRC2012_val_00025300_n04201297.JPEG,ILSVRC2012_val_00028289_n02916936.JPEG,1.807579755783081,0.0553744062781333,5.93363094329834,1.7522053495049477
789,ILSVRC2012_val_00046889_n04201297.JPEG,ILSVRC2012_val_00024062_n04523525.JPEG,2.0310592651367188,0.0028813059907406,2.878194570541382,2.028177959145978
790,ILSVRC2012_val_00027294_n04204238.JPEG,ILSVRC2012_val_00034579_n07802026.JPEG,0.0552171692252159,0.0061154151335358,5.101160049438477,0.0491017540916801
790,ILSVRC2012_val_00027294_n04204238.JPEG,ILSVRC2012_val_00034713_n04552348.JPEG,0.0552171692252159,0.0013527061091735,0.6743969321250916,0.0538644631160424
790,ILSVRC2012_val_00027759_n04204238.JPEG,ILSVRC2012_val_00002278_n03837869.JPEG,0.4282434284687042,0.0020895807538181,5.776627540588379,0.4261538477148861
790,ILSVRC2012_val_00043748_n04204238.JPEG,ILSVRC2012_val_00028087_n03903868.JPEG,2.989157199859619,0.0018734062323346,5.752081871032715,2.9872837936272845
790,ILSVRC2012_val_00043309_n04204238.JPEG,ILSVRC2012_val_00006511_n03393912.JPEG,5.361610412597656,0.0021821276750415,5.503659248352051,5.359428284922615
791,ILSVRC2012_val_00034719_n04204347.JPEG,ILSVRC2012_val_00039618_n01685808.JPEG,0.0120149943977594,0.0053690522909164,8.625628471374512,0.006645942106842999
791,ILSVRC2012_val_00021628_n04204347.JPEG,ILSVRC2012_val_00040237_n03792782.JPEG,0.050452671945095,0.0004308487405069,2.0807900428771973,0.050021823204588096
791,ILSVRC2012_val_00031962_n04204347.JPEG,ILSVRC2012_val_00016112_n12768682.JPEG,0.0643345937132835,0.0044442457146942,7.188023090362549,0.0598903479985893
791,ILSVRC2012_val_00039352_n04204347.JPEG,ILSVRC2012_val_00010055_n03255030.JPEG,0.3646515905857086,0.0056531080044806,4.368187427520752,0.358998482581228
791,ILSVRC2012_val_00049135_n04204347.JPEG,ILSVRC2012_val_00032169_n01514859.JPEG,0.6844943761825562,0.0014315128792077,4.743918418884277,0.6830628633033484
792,ILSVRC2012_val_00012030_n04208210.JPEG,ILSVRC2012_val_00004360_n02708093.JPEG,0.0426451675593853,0.0042946967296302,4.162258625030518,0.0383504708297551
792,ILSVRC2012_val_00048941_n04208210.JPEG,ILSVRC2012_val_00007565_n03680355.JPEG,0.5070416927337646,0.0018836389062926,7.1003923416137695,0.505158053827472
792,ILSVRC2012_val_00045236_n04208210.JPEG,ILSVRC2012_val_00034626_n02280649.JPEG,1.8165128231048584,0.0038619474507868,4.316225528717041,1.8126508756540716
792,ILSVRC2012_val_00047002_n04208210.JPEG,ILSVRC2012_val_00006563_n04326547.JPEG,1.9008070230484009,0.0081064254045486,7.367090702056885,1.8927005976438522
792,ILSVRC2012_val_00047002_n04208210.JPEG,ILSVRC2012_val_00023169_n04515003.JPEG,1.9008070230484009,0.0038349907845258,5.443820953369141,1.896972032263875
793,ILSVRC2012_val_00037601_n04209133.JPEG,ILSVRC2012_val_00048722_n01807496.JPEG,0.0001223012513946,0.0001211093040183,7.07530689239502,1.1919473762999906e-06
793,ILSVRC2012_val_00005661_n04209133.JPEG,ILSVRC2012_val_00028932_n02109047.JPEG,0.0015304292319342,0.0002498314715921,3.992021799087525,0.0012805977603421
793,ILSVRC2012_val_00024890_n04209133.JPEG,ILSVRC2012_val_00004219_n01984695.JPEG,0.002336036413908,0.0005458295345306,5.422238349914551,0.0017902068793774
793,ILSVRC2012_val_00018624_n04209133.JPEG,ILSVRC2012_val_00000498_n01630670.JPEG,0.0505110397934913,0.0020414006430655,2.3221242427825928,0.0484696391504258
793,ILSVRC2012_val_00018624_n04209133.JPEG,ILSVRC2012_val_00036821_n12620546.JPEG,0.0505110397934913,0.0007414452848024,4.403322219848633,0.049769594508688904
794,ILSVRC2012_val_00003842_n04209239.JPEG,ILSVRC2012_val_00043771_n01773549.JPEG,0.2039169371128082,0.0008261366747319,0.7345033288002014,0.2030908004380763
794,ILSVRC2012_val_00034414_n04209239.JPEG,ILSVRC2012_val_00049815_n02105056.JPEG,0.7357929348945618,0.0010125277331098,4.885658264160156,0.734780407161452
794,ILSVRC2012_val_00034414_n04209239.JPEG,ILSVRC2012_val_00028367_n03450230.JPEG,0.7357929348945618,0.0006833125371485,3.1627116203308105,0.7351096223574133
794,ILSVRC2012_val_00031860_n04209239.JPEG,ILSVRC2012_val_00029501_n03733805.JPEG,0.905655562877655,0.0014388932613655,4.789359092712402,0.9042166696162895
794,ILSVRC2012_val_00041879_n04209239.JPEG,ILSVRC2012_val_00006130_n03447721.JPEG,1.3616864681243896,0.0013888961402699,2.3253464698791504,1.3602975719841197
795,ILSVRC2012_val_00001447_n04228054.JPEG,ILSVRC2012_val_00039363_n02025239.JPEG,0.0061461017467081,0.0015345951542258,2.8018462657928467,0.0046115065924823
795,ILSVRC2012_val_00005392_n04228054.JPEG,ILSVRC2012_val_00019262_n02123159.JPEG,0.0384132824838161,0.0180750358849763,6.687554836273193,0.020338246598839798
795,ILSVRC2012_val_00031034_n04228054.JPEG,ILSVRC2012_val_00013449_n02837789.JPEG,1.835684418678284,0.0025453332345932,4.211204528808594,1.8331390854436906
795,ILSVRC2012_val_00047702_n04228054.JPEG,ILSVRC2012_val_00049951_n04560804.JPEG,2.1525988578796387,0.0077739786356687,10.163543701171877,2.14482487924397
795,ILSVRC2012_val_00015149_n04228054.JPEG,ILSVRC2012_val_00011952_n02124075.JPEG,2.3952014446258545,0.0071242586709558,7.016339302062988,2.3880771859548986
796,ILSVRC2012_val_00005359_n04229816.JPEG,ILSVRC2012_val_00025346_n02667093.JPEG,0.0020386644173413,0.0010088359704241,2.384568214416504,0.0010298284469171999
796,ILSVRC2012_val_00033171_n04229816.JPEG,ILSVRC2012_val_00038798_n02025239.JPEG,0.0125886807218194,0.0113240610808134,4.7020649909973145,0.0012646196410060016
796,ILSVRC2012_val_00000550_n04229816.JPEG,ILSVRC2012_val_00017436_n03134739.JPEG,0.0272981896996498,0.0019650212489068,1.1639307737350464,0.025333168450743
796,ILSVRC2012_val_00009838_n04229816.JPEG,ILSVRC2012_val_00025942_n02127052.JPEG,0.8564695715904236,0.0133430864661932,8.42036247253418,0.8431264851242304
796,ILSVRC2012_val_00015621_n04229816.JPEG,ILSVRC2012_val_00011135_n02804610.JPEG,1.512376308441162,0.0061911223456263,6.4953932762146,1.5061851860955358
797,ILSVRC2012_val_00045067_n04235860.JPEG,ILSVRC2012_val_00031738_n03594734.JPEG,0.0203980095684528,0.0007432320853695,3.911565542221069,0.0196547774830833
797,ILSVRC2012_val_00042952_n04235860.JPEG,ILSVRC2012_val_00003248_n02363005.JPEG,0.1414391845464706,0.0019709700718522,5.645655632019043,0.13946821447461838
797,ILSVRC2012_val_00006729_n04235860.JPEG,ILSVRC2012_val_00033006_n02791270.JPEG,4.096379280090332,0.0031270910985767,7.785581111907959,4.093252188991755
797,ILSVRC2012_val_00023045_n04235860.JPEG,ILSVRC2012_val_00015145_n02071294.JPEG,4.132705211639404,0.0022449309471994,4.132705211639404,4.130460280692205
797,ILSVRC2012_val_00017154_n04235860.JPEG,ILSVRC2012_val_00031303_n03476991.JPEG,4.262928009033203,0.0029496517963707,6.856356620788574,4.259978357236832
798,ILSVRC2012_val_00045657_n04238763.JPEG,ILSVRC2012_val_00017753_n01748264.JPEG,0.0197396129369735,0.0021450147032737,5.5799641609191895,0.0175945982336998
798,ILSVRC2012_val_00045657_n04238763.JPEG,ILSVRC2012_val_00042461_n02950826.JPEG,0.0197396129369735,0.0012535341084003,2.931084156036377,0.0184860788285732
798,ILSVRC2012_val_00043213_n04238763.JPEG,ILSVRC2012_val_00026932_n02514041.JPEG,0.0281187780201435,0.0051191919483244,5.82927131652832,0.022999586071819098
798,ILSVRC2012_val_00013058_n04238763.JPEG,ILSVRC2012_val_00032293_n02701002.JPEG,0.1580555588006973,0.0207143779844045,9.997785568237305,0.1373411808162928
798,ILSVRC2012_val_00013058_n04238763.JPEG,ILSVRC2012_val_00046663_n04201297.JPEG,0.1580555588006973,0.0031278042588382,7.744598388671875,0.1549277545418591
799,ILSVRC2012_val_00002286_n04239074.JPEG,ILSVRC2012_val_00006232_n02111500.JPEG,0.5521535277366638,0.0287136510014534,4.857466697692871,0.5234398767352104
799,ILSVRC2012_val_00009490_n04239074.JPEG,ILSVRC2012_val_00049794_n04523525.JPEG,0.5417479276657104,0.0048195621930062,2.729378700256348,0.5369283654727043
799,ILSVRC2012_val_00044705_n04239074.JPEG,ILSVRC2012_val_00017676_n02101388.JPEG,1.5661580562591553,0.1663827300071716,10.674063682556152,1.3997753262519836
799,ILSVRC2012_val_00015676_n04239074.JPEG,ILSVRC2012_val_00001164_n02086646.JPEG,1.954946756362915,0.0364146381616592,6.843588829040527,1.9185321182012558
799,ILSVRC2012_val_00015676_n04239074.JPEG,ILSVRC2012_val_00031394_n03793489.JPEG,1.954946756362915,0.0273578111082315,5.751384258270264,1.9275889452546835
800,ILSVRC2012_val_00032495_n04243546.JPEG,ILSVRC2012_val_00002853_n02708093.JPEG,0.0006272017490118,0.0006218407070264,8.789322853088379,5.361041985400025e-06
800,ILSVRC2012_val_00013787_n04243546.JPEG,ILSVRC2012_val_00005646_n07730033.JPEG,0.0037436655256897,0.0034848456270992,4.55979061126709,0.00025881989859049973
800,ILSVRC2012_val_00013787_n04243546.JPEG,ILSVRC2012_val_00009577_n02814860.JPEG,0.0037436655256897,0.0024356956128031,6.1905694007873535,0.0013079699128866
800,ILSVRC2012_val_00047725_n04243546.JPEG,ILSVRC2012_val_00046956_n03032252.JPEG,0.0082957213744521,0.0002847504511009,2.7950243949890137,0.0080109709233512
800,ILSVRC2012_val_00011654_n04243546.JPEG,ILSVRC2012_val_00008078_n03837869.JPEG,1.8912513256073,0.002942876657471,6.848633766174316,1.888308448949829
801,ILSVRC2012_val_00043728_n04251144.JPEG,ILSVRC2012_val_00040645_n02108915.JPEG,0.0262823328375816,0.0061431396752595,8.022319793701172,0.0201391931623221
801,ILSVRC2012_val_00044079_n04251144.JPEG,ILSVRC2012_val_00017683_n02607072.JPEG,0.0427123345434665,0.0005662030307576,2.474238872528076,0.0421461315127089
801,ILSVRC2012_val_00022146_n04251144.JPEG,ILSVRC2012_val_00045870_n03720891.JPEG,0.050375934690237,0.0011356578906998,1.7790935039520264,0.0492402767995372
801,ILSVRC2012_val_00022146_n04251144.JPEG,ILSVRC2012_val_00044187_n02113978.JPEG,0.050375934690237,0.0010002615163102,4.629165172576904,0.0493756731739268
801,ILSVRC2012_val_00025074_n04251144.JPEG,ILSVRC2012_val_00036036_n02692877.JPEG,0.5549635887145996,0.003392775543034,7.214946746826172,0.5515708131715656
802,ILSVRC2012_val_00011313_n04252077.JPEG,ILSVRC2012_val_00021360_n02101556.JPEG,0.0504863336682319,0.0261784028261899,7.260526657104492,0.024307930842042
802,ILSVRC2012_val_00011313_n04252077.JPEG,ILSVRC2012_val_00042317_n02090721.JPEG,0.0504863336682319,0.007363086566329,5.471843719482422,0.0431232471019029
802,ILSVRC2012_val_00033043_n04252077.JPEG,ILSVRC2012_val_00025888_n01531178.JPEG,0.1261556893587112,0.003632258856669,3.5205955505371094,0.12252343050204219
802,ILSVRC2012_val_00046936_n04252077.JPEG,ILSVRC2012_val_00025015_n02092339.JPEG,0.1400229036808014,0.0058655044995248,12.387979507446287,0.1341573991812766
802,ILSVRC2012_val_00027261_n04252077.JPEG,ILSVRC2012_val_00019818_n03461385.JPEG,0.1980570405721664,0.003942456562072,8.529603958129883,0.19411458401009438
803,ILSVRC2012_val_00025743_n04252225.JPEG,ILSVRC2012_val_00037065_n07693725.JPEG,0.0070888674817979,0.004506669472903,4.916045665740967,0.0025821980088948995
803,ILSVRC2012_val_00015273_n04252225.JPEG,ILSVRC2012_val_00003833_n01806567.JPEG,0.0630129128694534,0.0038840346969664,8.400591850280762,0.059128878172487
803,ILSVRC2012_val_00015273_n04252225.JPEG,ILSVRC2012_val_00027201_n03874293.JPEG,0.0630129128694534,0.0016438555903732,2.742349147796631,0.0613690572790802
803,ILSVRC2012_val_00007068_n04252225.JPEG,ILSVRC2012_val_00031313_n03417042.JPEG,0.7006649374961853,0.0016439745668321,2.273656845092773,0.6990209629293532
803,ILSVRC2012_val_00025403_n04252225.JPEG,ILSVRC2012_val_00021945_n02895154.JPEG,0.8957070112228394,0.0073343305848538,4.6146392822265625,0.8883726806379856
804,ILSVRC2012_val_00007552_n04254120.JPEG,ILSVRC2012_val_00019569_n02190166.JPEG,0.0029686687048524,0.0028878436423838,6.23374080657959,8.082506246859982e-05
804,ILSVRC2012_val_00028406_n04254120.JPEG,ILSVRC2012_val_00010114_n04456115.JPEG,0.1172352656722068,0.0021061161532998,3.4129316806793213,0.115129149518907
804,ILSVRC2012_val_00034006_n04254120.JPEG,ILSVRC2012_val_00003166_n02397096.JPEG,2.083083391189575,0.0107220513746142,12.089885711669922,2.072361339814961
804,ILSVRC2012_val_00026459_n04254120.JPEG,ILSVRC2012_val_00037414_n04192698.JPEG,3.8284740447998047,0.0044368873350322,6.599688053131104,3.8240371574647725
804,ILSVRC2012_val_00044604_n04254120.JPEG,ILSVRC2012_val_00017777_n03944341.JPEG,5.500704288482666,0.0036949713248759,6.333463668823242,5.49700931715779
805,ILSVRC2012_val_00042778_n04254680.JPEG,ILSVRC2012_val_00028371_n07734744.JPEG,0.0001259962882613,0.0001254003145731,5.104645252227783,5.959736881999906e-07
805,ILSVRC2012_val_00036050_n04254680.JPEG,ILSVRC2012_val_00000242_n02480855.JPEG,0.0176565274596214,0.0022382701281458,3.970132827758789,0.015418257331475602
805,ILSVRC2012_val_00040853_n04254680.JPEG,ILSVRC2012_val_00045426_n07613480.JPEG,0.0705041959881782,0.0043022935278713,9.43862533569336,0.0662019024603069
805,ILSVRC2012_val_00033276_n04254680.JPEG,ILSVRC2012_val_00041184_n02494079.JPEG,0.111692264676094,0.0014541300479322,6.538005828857422,0.1102381346281618
805,ILSVRC2012_val_00033276_n04254680.JPEG,ILSVRC2012_val_00024486_n02090379.JPEG,0.111692264676094,0.0012744885170832,5.214753150939941,0.1104177761590108
806,ILSVRC2012_val_00025635_n04254777.JPEG,ILSVRC2012_val_00033529_n04404412.JPEG,0.0334423072636127,0.0031067698728293,3.2327842712402344,0.030335537390783398
806,ILSVRC2012_val_00000936_n04254777.JPEG,ILSVRC2012_val_00004363_n03125729.JPEG,0.1650615930557251,0.0022216180805116,1.926158308982849,0.1628399749752135
806,ILSVRC2012_val_00023534_n04254777.JPEG,ILSVRC2012_val_00017615_n04090263.JPEG,0.3848840296268463,0.0418396182358264,6.863324165344238,0.34304441139101993
806,ILSVRC2012_val_00011662_n04254777.JPEG,ILSVRC2012_val_00037908_n04517823.JPEG,0.5919228792190552,0.0012478192802518,6.615481853485107,0.5906750599388034
806,ILSVRC2012_val_00048733_n04254777.JPEG,ILSVRC2012_val_00007305_n02883205.JPEG,0.6244674921035767,0.0106171993538737,11.806797981262209,0.6138502927497029
807,ILSVRC2012_val_00038627_n04258138.JPEG,ILSVRC2012_val_00036301_n02120079.JPEG,0.0032212056685239,0.0029459670186042,6.702467918395996,0.0002752386499196998
807,ILSVRC2012_val_00006631_n04258138.JPEG,ILSVRC2012_val_00007823_n04357314.JPEG,0.0035779762547463,0.0031884093768894,7.104636192321777,0.00038956687785690006
807,ILSVRC2012_val_00028650_n04258138.JPEG,ILSVRC2012_val_00025422_n04523525.JPEG,1.3340004682540894,0.0029120917897671,5.981828689575195,1.3310883764643222
807,ILSVRC2012_val_00000897_n04258138.JPEG,ILSVRC2012_val_00032001_n04507155.JPEG,2.953892469406128,0.0021294315811246,4.442091464996338,2.9517630378250033
807,ILSVRC2012_val_00000897_n04258138.JPEG,ILSVRC2012_val_00033259_n01829413.JPEG,2.953892469406128,0.0010105032706633,5.868549346923828,2.9528819661354646
808,ILSVRC2012_val_00022268_n04259630.JPEG,ILSVRC2012_val_00044385_n02025239.JPEG,0.0022795426193624,0.0016583750257268,0.6571996808052063,0.0006211675936356003
808,ILSVRC2012_val_00006089_n04259630.JPEG,ILSVRC2012_val_00012440_n07760859.JPEG,0.062502384185791,0.0062419464811682,11.225969314575195,0.0562604377046228
808,ILSVRC2012_val_00006089_n04259630.JPEG,ILSVRC2012_val_00012645_n07745940.JPEG,0.062502384185791,0.0024182144552469,7.435976982116699,0.060084169730544104
808,ILSVRC2012_val_00020420_n04259630.JPEG,ILSVRC2012_val_00004360_n02708093.JPEG,0.1207718327641487,0.0013394916895776,2.7663087844848637,0.1194323410745711
808,ILSVRC2012_val_00049528_n04259630.JPEG,ILSVRC2012_val_00032733_n04252077.JPEG,0.4887380599975586,0.0015385230071842,4.514867782592773,0.4871995369903744
809,ILSVRC2012_val_00016290_n04263257.JPEG,ILSVRC2012_val_00017856_n04346328.JPEG,0.6659894585609436,0.1076705977320671,5.753873825073242,0.5583188608288765
809,ILSVRC2012_val_00044731_n04263257.JPEG,ILSVRC2012_val_00024866_n02808440.JPEG,0.699970543384552,0.0040911082178354,2.873025894165039,0.6958794351667166
809,ILSVRC2012_val_00042560_n04263257.JPEG,ILSVRC2012_val_00007204_n02488702.JPEG,0.9621514081954956,0.0149723347276449,7.980775833129883,0.9471790734678507
809,ILSVRC2012_val_00042560_n04263257.JPEG,ILSVRC2012_val_00020287_n07802026.JPEG,0.9621514081954956,0.0060406499542295,3.696817398071289,0.9561107582412661
809,ILSVRC2012_val_00002540_n04263257.JPEG,ILSVRC2012_val_00001897_n03485794.JPEG,1.3935273885726929,0.0061607928946614,4.33576250076294,1.3873665956780314
810,ILSVRC2012_val_00002133_n04264628.JPEG,ILSVRC2012_val_00045090_n03995372.JPEG,0.4057036638259887,0.049065850675106,6.95427131652832,0.3566378131508827
810,ILSVRC2012_val_00031182_n04264628.JPEG,ILSVRC2012_val_00022959_n02825657.JPEG,0.4653049409389496,0.0885044112801551,5.113807678222656,0.3768005296587945
810,ILSVRC2012_val_00031182_n04264628.JPEG,ILSVRC2012_val_00008713_n02102480.JPEG,0.4653049409389496,0.0247110817581415,3.937521457672119,0.44059385918080807
810,ILSVRC2012_val_00012461_n04264628.JPEG,ILSVRC2012_val_00020062_n01882714.JPEG,0.7202685475349426,0.1075876429677009,11.713133811950684,0.6126809045672417
810,ILSVRC2012_val_00030393_n04264628.JPEG,ILSVRC2012_val_00021405_n03207941.JPEG,0.9368382692337036,0.2132073193788528,7.649164199829102,0.7236309498548508
811,ILSVRC2012_val_00009962_n04265275.JPEG,ILSVRC2012_val_00012123_n01795545.JPEG,0.0528857000172138,0.0029255230911076,2.7732903957366943,0.0499601769261062
811,ILSVRC2012_val_00011628_n04265275.JPEG,ILSVRC2012_val_00030813_n02095570.JPEG,0.1478327959775924,0.021326158195734,4.941244125366211,0.12650663778185842
811,ILSVRC2012_val_00037694_n04265275.JPEG,ILSVRC2012_val_00017808_n02841315.JPEG,0.2288455963134765,0.0009185624076053,5.883363246917725,0.2279270339058712
811,ILSVRC2012_val_00024838_n04265275.JPEG,ILSVRC2012_val_00037565_n02493793.JPEG,0.2569591999053955,0.0047751911915838,6.365505218505859,0.2521840087138117
811,ILSVRC2012_val_00044635_n04265275.JPEG,ILSVRC2012_val_00031145_n02113023.JPEG,0.2732495665550232,0.009631710126996,4.559464454650879,0.2636178564280272
812,ILSVRC2012_val_00026336_n04266014.JPEG,ILSVRC2012_val_00049119_n01641577.JPEG,0.0932879969477653,0.0009251128649339,3.8423783779144287,0.0923628840828314
812,ILSVRC2012_val_00040020_n04266014.JPEG,ILSVRC2012_val_00012115_n02992211.JPEG,0.1765031814575195,0.0015155507717281,5.811471939086914,0.1749876306857914
812,ILSVRC2012_val_00040020_n04266014.JPEG,ILSVRC2012_val_00012422_n02790996.JPEG,0.1765031814575195,0.0015113847330212,2.4691386222839355,0.1749917967244983
812,ILSVRC2012_val_00040020_n04266014.JPEG,ILSVRC2012_val_00047917_n03388183.JPEG,0.1765031814575195,0.0005148515920154,4.113115310668945,0.1759883298655041
812,ILSVRC2012_val_00005822_n04266014.JPEG,ILSVRC2012_val_00035640_n02105056.JPEG,0.7772917747497559,0.0044772382825613,6.499306678771973,0.7728145364671946
813,ILSVRC2012_val_00012969_n04270147.JPEG,ILSVRC2012_val_00006336_n02104029.JPEG,4.010378837585449,0.011783754453063,8.813385009765625,3.998595083132386
813,ILSVRC2012_val_00012969_n04270147.JPEG,ILSVRC2012_val_00025780_n04612504.JPEG,4.010378837585449,0.0044019944034516,7.100522041320801,4.0059768431819975
813,ILSVRC2012_val_00028272_n04270147.JPEG,ILSVRC2012_val_00003966_n03977966.JPEG,4.478909969329834,0.0175214745104312,7.411044597625732,4.461388494819403
813,ILSVRC2012_val_00028272_n04270147.JPEG,ILSVRC2012_val_00006416_n02112137.JPEG,4.478909969329834,0.0096831861883401,7.173073768615723,4.469226783141494
813,ILSVRC2012_val_00028272_n04270147.JPEG,ILSVRC2012_val_00005686_n03388183.JPEG,4.478909969329834,0.0034107151441276,5.000243663787842,4.475499254185706
814,ILSVRC2012_val_00024141_n04273569.JPEG,ILSVRC2012_val_00012437_n02110627.JPEG,0.0174319762736558,0.0073416675440967,1.5494987964630127,0.010090308729559102
814,ILSVRC2012_val_00026741_n04273569.JPEG,ILSVRC2012_val_00024831_n02092002.JPEG,0.0449815765023231,0.0211993027478456,6.029256820678711,0.0237822737544775
814,ILSVRC2012_val_00014454_n04273569.JPEG,ILSVRC2012_val_00045598_n02111500.JPEG,0.0553843304514884,0.0179235320538282,5.782060623168945,0.0374607983976602
814,ILSVRC2012_val_00042675_n04273569.JPEG,ILSVRC2012_val_00011457_n02106166.JPEG,0.3540607690811157,0.0384535454213619,7.572717666625977,0.3156072236597538
814,ILSVRC2012_val_00031072_n04273569.JPEG,ILSVRC2012_val_00034897_n03000134.JPEG,0.356299877166748,0.0021881940774619,5.10525369644165,0.3541116830892861
815,ILSVRC2012_val_00038200_n04275548.JPEG,ILSVRC2012_val_00019090_n03180011.JPEG,0.0088122282177209,0.0081999544054269,6.387217998504639,0.0006122738122940011
815,ILSVRC2012_val_00021471_n04275548.JPEG,ILSVRC2012_val_00023540_n03529860.JPEG,0.0555573292076587,0.0037346396129578,2.5665318965911865,0.0518226895947009
815,ILSVRC2012_val_00023532_n04275548.JPEG,ILSVRC2012_val_00036331_n04458633.JPEG,0.1940919160842895,0.0053226901218295,1.7909903526306152,0.18876922596245999
815,ILSVRC2012_val_00028350_n04275548.JPEG,ILSVRC2012_val_00043559_n01753488.JPEG,0.7031817436218262,0.0010621865512803,1.08967387676239,0.7021195570705459
815,ILSVRC2012_val_00029580_n04275548.JPEG,ILSVRC2012_val_00022816_n01739381.JPEG,1.244253635406494,0.004557223059237,1.37896466255188,1.239696412347257
816,ILSVRC2012_val_00018794_n04277352.JPEG,ILSVRC2012_val_00036098_n03544143.JPEG,0.0226581487804651,0.0012036467669531,5.125364780426025,0.021454502013511997
816,ILSVRC2012_val_00034106_n04277352.JPEG,ILSVRC2012_val_00024819_n04019541.JPEG,0.0665081664919853,0.0042365328408777,5.411360740661621,0.06227163365110759
816,ILSVRC2012_val_00034106_n04277352.JPEG,ILSVRC2012_val_00036367_n02981792.JPEG,0.0665081664919853,0.0040741306729614,5.789718151092529,0.062434035819023896
816,ILSVRC2012_val_00034106_n04277352.JPEG,ILSVRC2012_val_00007983_n03197337.JPEG,0.0665081664919853,0.0008560330606997,4.534273147583008,0.06565213343128559
816,ILSVRC2012_val_00021185_n04277352.JPEG,ILSVRC2012_val_00024745_n02364673.JPEG,0.0826689004898071,0.0007400158210657,2.509350299835205,0.0819288846687414
817,ILSVRC2012_val_00005456_n04285008.JPEG,ILSVRC2012_val_00034852_n04560804.JPEG,0.4899851083755493,0.0149977011606097,4.065234661102295,0.4749874072149396
817,ILSVRC2012_val_00041626_n04285008.JPEG,ILSVRC2012_val_00017855_n01740131.JPEG,0.9739389419555664,0.0183365456759929,8.047374725341797,0.9556023962795736
817,ILSVRC2012_val_00001247_n04285008.JPEG,ILSVRC2012_val_00021949_n04493381.JPEG,0.9999787211418152,0.0139369377866387,7.453888893127441,0.9860417833551764
817,ILSVRC2012_val_00022270_n04285008.JPEG,ILSVRC2012_val_00029284_n02493509.JPEG,1.3008737564086914,0.0997531116008758,6.661610126495361,1.2011206448078156
817,ILSVRC2012_val_00043297_n04285008.JPEG,ILSVRC2012_val_00022474_n02107142.JPEG,2.065802812576294,0.1074414029717445,7.460182666778564,1.9583614096045494
818,ILSVRC2012_val_00003509_n04286575.JPEG,ILSVRC2012_val_00048029_n03041632.JPEG,0.9298888444900512,0.0009520289022475,4.156601428985596,0.9289368155878036
818,ILSVRC2012_val_00018294_n04286575.JPEG,ILSVRC2012_val_00007057_n02086079.JPEG,2.543507575988769,0.0241487305611372,7.948041915893555,2.519358845427632
818,ILSVRC2012_val_00018294_n04286575.JPEG,ILSVRC2012_val_00031789_n03785016.JPEG,2.543507575988769,0.001335444045253,6.042813301086426,2.542172131943516
818,ILSVRC2012_val_00046750_n04286575.JPEG,ILSVRC2012_val_00013030_n07579787.JPEG,3.1112680435180664,0.0017589349299669,5.300257682800293,3.1095091085880995
818,ILSVRC2012_val_00045535_n04286575.JPEG,ILSVRC2012_val_00047611_n04532670.JPEG,5.25253963470459,0.0141667397692799,8.711446762084961,5.23837289493531
819,ILSVRC2012_val_00013458_n04296562.JPEG,ILSVRC2012_val_00002902_n04136333.JPEG,0.0117124756798148,0.0008636558777652,0.6963186264038086,0.0108488198020496
819,ILSVRC2012_val_00005748_n04296562.JPEG,ILSVRC2012_val_00010996_n01944390.JPEG,0.0933616161346435,0.0050744786858558,6.0606207847595215,0.0882871374487877
819,ILSVRC2012_val_00007723_n04296562.JPEG,ILSVRC2012_val_00045741_n02097474.JPEG,0.1476173549890518,0.0053235199302434,5.793185710906982,0.14229383505880838
819,ILSVRC2012_val_00013796_n04296562.JPEG,ILSVRC2012_val_00017325_n02123597.JPEG,0.6703867316246033,0.0017259714659303,2.2237889766693115,0.6686607601586729
819,ILSVRC2012_val_00025553_n04296562.JPEG,ILSVRC2012_val_00023009_n07579787.JPEG,5.563877582550049,0.009234101511538,9.218505859375,5.554643481038511
820,ILSVRC2012_val_00040994_n04310018.JPEG,ILSVRC2012_val_00014508_n02114367.JPEG,0.0116167999804019,0.0108456425368785,9.17624855041504,0.0007711574435234
820,ILSVRC2012_val_00038189_n04310018.JPEG,ILSVRC2012_val_00017614_n04033901.JPEG,0.0167666990309953,0.0009706076816655,4.520873546600342,0.0157960913493298
820,ILSVRC2012_val_00033041_n04310018.JPEG,ILSVRC2012_val_00041995_n04479046.JPEG,0.0763067603111267,0.0012094810372218,4.464239597320557,0.0750972792739049
820,ILSVRC2012_val_00048686_n04310018.JPEG,ILSVRC2012_val_00016121_n03832673.JPEG,0.1711839735507965,0.0023563734721392,3.0979371070861816,0.1688276000786573
820,ILSVRC2012_val_00024134_n04310018.JPEG,ILSVRC2012_val_00021986_n13040303.JPEG,0.4722452461719513,0.004018684849143,5.9492387771606445,0.4682265613228083
821,ILSVRC2012_val_00003589_n04311004.JPEG,ILSVRC2012_val_00009245_n03995372.JPEG,0.0015539963496848,0.0015010291244834,6.367393493652344,5.2967225201399964e-05
821,ILSVRC2012_val_00010299_n04311004.JPEG,ILSVRC2012_val_00007436_n03065424.JPEG,0.0342685841023922,0.0324647575616836,6.128869533538818,0.0018038265407085974
821,ILSVRC2012_val_00010299_n04311004.JPEG,ILSVRC2012_val_00044248_n02115913.JPEG,0.0342685841023922,0.0286904852837324,5.621685981750488,0.005578098818659796
821,ILSVRC2012_val_00042606_n04311004.JPEG,ILSVRC2012_val_00028016_n02097047.JPEG,0.0343784727156162,0.0269807651638984,2.447011947631836,0.0073977075517178
821,ILSVRC2012_val_00031874_n04311004.JPEG,ILSVRC2012_val_00028707_n02417914.JPEG,0.0985414013266563,0.00376623054035,6.381658554077148,0.0947751707863063
822,ILSVRC2012_val_00027640_n04311174.JPEG,ILSVRC2012_val_00013527_n03888257.JPEG,0.1992414593696594,0.0035163257271051,4.802392482757568,0.19572513364255428
822,ILSVRC2012_val_00042359_n04311174.JPEG,ILSVRC2012_val_00007906_n02094258.JPEG,0.4351162314414978,0.0706177279353141,8.332192420959473,0.36449850350618374
822,ILSVRC2012_val_00042359_n04311174.JPEG,ILSVRC2012_val_00044377_n02025239.JPEG,0.4351162314414978,0.0034928049426525,6.955482482910156,0.43162342649884533
822,ILSVRC2012_val_00043952_n04311174.JPEG,ILSVRC2012_val_00048984_n04023962.JPEG,1.8076828718185425,0.0010740946745499,5.873512268066406,1.8066087771439925
822,ILSVRC2012_val_00043952_n04311174.JPEG,ILSVRC2012_val_00049673_n02808440.JPEG,1.8076828718185425,0.0004912600270472,5.481813430786133,1.8071916117914952
823,ILSVRC2012_val_00023592_n04317175.JPEG,ILSVRC2012_val_00022726_n02120505.JPEG,0.862597644329071,0.0199650470167398,8.612251281738281,0.8426325973123312
823,ILSVRC2012_val_00049946_n04317175.JPEG,ILSVRC2012_val_00032725_n02091467.JPEG,2.691847324371338,0.0060094860382378,11.046727180480955,2.6858378383331
823,ILSVRC2012_val_00014314_n04317175.JPEG,ILSVRC2012_val_00005547_n09246464.JPEG,2.8616042137146,0.0046241492964327,5.737772941589356,2.8569800644181673
823,ILSVRC2012_val_00010901_n04317175.JPEG,ILSVRC2012_val_00029210_n01818515.JPEG,3.201803684234619,0.0016077938489615,4.7135162353515625,3.2001958903856575
823,ILSVRC2012_val_00010901_n04317175.JPEG,ILSVRC2012_val_00007983_n03197337.JPEG,3.201803684234619,0.0007800396997481,6.981662750244141,3.201023644534871
824,ILSVRC2012_val_00035873_n04325704.JPEG,ILSVRC2012_val_00000360_n03876231.JPEG,0.3823742866516113,0.0040905144996941,6.408103466033936,0.37828377215191716
824,ILSVRC2012_val_00035873_n04325704.JPEG,ILSVRC2012_val_00033427_n01990800.JPEG,0.3823742866516113,0.0032966574653983,4.346179962158203,0.37907762918621296
824,ILSVRC2012_val_00032664_n04325704.JPEG,ILSVRC2012_val_00002438_n04086273.JPEG,0.9663276076316832,0.0219161044806242,7.539062976837158,0.944411503151059
824,ILSVRC2012_val_00020882_n04325704.JPEG,ILSVRC2012_val_00017813_n03450230.JPEG,1.1615073680877686,0.0020222468301653,3.7682933807373047,1.1594851212576032
824,ILSVRC2012_val_00037110_n04325704.JPEG,ILSVRC2012_val_00044368_n15075141.JPEG,1.463509440422058,0.0038696660194545,4.83516263961792,1.4596397744026035
825,ILSVRC2012_val_00006563_n04326547.JPEG,ILSVRC2012_val_00020163_n04296562.JPEG,0.043287519365549,0.0036429488100111,2.324084520339966,0.0396445705555379
825,ILSVRC2012_val_00031811_n04326547.JPEG,ILSVRC2012_val_00044974_n04192698.JPEG,0.1685662418603897,0.001866980921477,3.0411200523376465,0.1666992609389127
825,ILSVRC2012_val_00006381_n04326547.JPEG,ILSVRC2012_val_00004360_n02708093.JPEG,0.5868290662765503,0.006930124014616,8.496493339538574,0.5798989422619343
825,ILSVRC2012_val_00039424_n04326547.JPEG,ILSVRC2012_val_00012388_n07754684.JPEG,4.057124137878418,0.0072391824796795,5.644874572753906,4.049884955398738
825,ILSVRC2012_val_00039424_n04326547.JPEG,ILSVRC2012_val_00005210_n02526121.JPEG,4.057124137878418,0.0051833530887961,5.924654006958008,4.051940784789622
826,ILSVRC2012_val_00029493_n04328186.JPEG,ILSVRC2012_val_00011594_n12144580.JPEG,0.2042754143476486,0.1762647479772567,13.923805236816406,0.0280106663703919
826,ILSVRC2012_val_00025621_n04328186.JPEG,ILSVRC2012_val_00030044_n02051845.JPEG,0.5389710664749146,0.0180870946496725,7.231833457946777,0.520883971825242
826,ILSVRC2012_val_00029240_n04328186.JPEG,ILSVRC2012_val_00035982_n02056570.JPEG,1.4926375150680542,0.0047339033335447,7.549506664276123,1.4879036117345095
826,ILSVRC2012_val_00006190_n04328186.JPEG,ILSVRC2012_val_00005852_n02346627.JPEG,2.5083532333374023,0.0052166772074997,7.337392330169678,2.5031365561299026
826,ILSVRC2012_val_00037238_n04328186.JPEG,ILSVRC2012_val_00010589_n02364673.JPEG,2.843421936035156,0.0168747771531343,6.766465663909912,2.8265471588820215
827,ILSVRC2012_val_00029749_n04330267.JPEG,ILSVRC2012_val_00004437_n12985857.JPEG,0.0167710371315479,0.0025990775320678,6.385995864868164,0.0141719595994801
827,ILSVRC2012_val_00046914_n04330267.JPEG,ILSVRC2012_val_00031184_n07614500.JPEG,0.0368836224079132,0.0046234373003244,4.717352390289307,0.0322601851075888
827,ILSVRC2012_val_00039646_n04330267.JPEG,ILSVRC2012_val_00028303_n02951585.JPEG,0.2310774624347686,0.0071531385183334,7.795689582824707,0.2239243239164352
827,ILSVRC2012_val_00049006_n04330267.JPEG,ILSVRC2012_val_00025649_n02097298.JPEG,0.2894641757011413,0.0034111903514713,2.2520079612731934,0.28605298534967
827,ILSVRC2012_val_00049006_n04330267.JPEG,ILSVRC2012_val_00012457_n02125311.JPEG,0.2894641757011413,0.0024096521083265,1.5402764081954956,0.2870545235928148
828,ILSVRC2012_val_00034559_n04332243.JPEG,ILSVRC2012_val_00030190_n03355925.JPEG,2.294197559356689,0.0024636413436383,2.7689545154571533,2.2917339180130507
828,ILSVRC2012_val_00044443_n04332243.JPEG,ILSVRC2012_val_00000134_n02107142.JPEG,2.5865280628204346,0.0031238826923072,8.247871398925781,2.5834041801281273
828,ILSVRC2012_val_00044443_n04332243.JPEG,ILSVRC2012_val_00019395_n03443371.JPEG,2.5865280628204346,0.0014825792750343,5.556687355041504,2.5850454835454
828,ILSVRC2012_val_00009360_n04332243.JPEG,ILSVRC2012_val_00036440_n02086910.JPEG,5.36602783203125,0.046220414340496,6.609663486480713,5.319807417690754
828,ILSVRC2012_val_00009360_n04332243.JPEG,ILSVRC2012_val_00043852_n03424325.JPEG,5.36602783203125,0.0195119064301252,7.138375759124756,5.346515925601125
829,ILSVRC2012_val_00019349_n04335435.JPEG,ILSVRC2012_val_00042863_n02992211.JPEG,0.1113727018237114,0.0149035137146711,6.483645439147949,0.09646918810904029
829,ILSVRC2012_val_00019349_n04335435.JPEG,ILSVRC2012_val_00042441_n02504013.JPEG,0.1113727018237114,0.0087729971855878,7.179028511047363,0.1025997046381236
829,ILSVRC2012_val_00020617_n04335435.JPEG,ILSVRC2012_val_00016956_n03047690.JPEG,0.5392627716064453,0.2011557072401046,7.15089750289917,0.33810706436634075
829,ILSVRC2012_val_00045531_n04335435.JPEG,ILSVRC2012_val_00022303_n03709823.JPEG,0.4360555708408355,0.0074355048127472,6.711313247680664,0.42862006602808833
829,ILSVRC2012_val_00008454_n04335435.JPEG,ILSVRC2012_val_00031097_n02177972.JPEG,0.6988730430603027,0.0251469928771257,5.669175624847412,0.673726050183177
830,ILSVRC2012_val_00006772_n04336792.JPEG,ILSVRC2012_val_00022947_n02117135.JPEG,1.3626320362091064,0.0037189624272286,5.067018508911133,1.3589130737818778
830,ILSVRC2012_val_00006772_n04336792.JPEG,ILSVRC2012_val_00026701_n03047690.JPEG,1.3626320362091064,0.0025681629776954,5.711965560913086,1.360063873231411
830,ILSVRC2012_val_00019974_n04336792.JPEG,ILSVRC2012_val_00004427_n01644900.JPEG,1.626815915107727,0.0033653310965746,5.122644424438477,1.6234505840111524
830,ILSVRC2012_val_00044134_n04336792.JPEG,ILSVRC2012_val_00031304_n02013706.JPEG,3.055793285369873,0.0706938132643699,6.728057861328125,2.985099472105503
830,ILSVRC2012_val_00044134_n04336792.JPEG,ILSVRC2012_val_00028437_n02910353.JPEG,3.055793285369873,0.0011046981671825,3.7457351684570312,3.0546885872026905
831,ILSVRC2012_val_00011522_n04344873.JPEG,ILSVRC2012_val_00000981_n02328150.JPEG,0.1288095414638519,0.0226452127099037,6.847880363464356,0.1061643287539482
831,ILSVRC2012_val_00020419_n04344873.JPEG,ILSVRC2012_val_00032316_n04366367.JPEG,0.1656088531017303,0.0043572490103542,5.776238441467285,0.1612516040913761
831,ILSVRC2012_val_00020419_n04344873.JPEG,ILSVRC2012_val_00026252_n04550184.JPEG,0.1656088531017303,0.0021174170542508,3.9477033615112314,0.16349143604747948
831,ILSVRC2012_val_00042725_n04344873.JPEG,ILSVRC2012_val_00048765_n04065272.JPEG,0.3389551639556885,0.0227250382304191,7.015562534332275,0.3162301257252694
831,ILSVRC2012_val_00030983_n04344873.JPEG,ILSVRC2012_val_00017531_n01753488.JPEG,0.5243231654167175,0.0454458780586719,6.845381736755371,0.47887728735804563
832,ILSVRC2012_val_00031615_n04346328.JPEG,ILSVRC2012_val_00007119_n03223299.JPEG,0.0078295720741152,0.0015754204941913,2.499275922775269,0.0062541515799239
832,ILSVRC2012_val_00016110_n04346328.JPEG,ILSVRC2012_val_00049269_n04476259.JPEG,0.0183620601892471,0.0009993088897317,3.976554155349731,0.0173627512995154
832,ILSVRC2012_val_00024094_n04346328.JPEG,ILSVRC2012_val_00015439_n01768244.JPEG,0.0361713804304599,0.001470913994126,2.3531758785247803,0.0347004664363339
832,ILSVRC2012_val_00003305_n04346328.JPEG,ILSVRC2012_val_00035207_n02074367.JPEG,0.0479955300688743,0.0015656605828553,5.832578659057617,0.046429869486018994
832,ILSVRC2012_val_00045613_n04346328.JPEG,ILSVRC2012_val_00034459_n03662601.JPEG,0.1993939131498336,0.0073933796957135,6.734701633453369,0.1920005334541201
833,ILSVRC2012_val_00011046_n04347754.JPEG,ILSVRC2012_val_00019502_n04523525.JPEG,0.0084018809720873,0.0002853463229257,1.2648580074310305,0.0081165346491616
833,ILSVRC2012_val_00017481_n04347754.JPEG,ILSVRC2012_val_00013486_n03803284.JPEG,0.689712405204773,0.0200427509844303,7.367728233337402,0.6696696542203426
833,ILSVRC2012_val_00017481_n04347754.JPEG,ILSVRC2012_val_00030929_n02123597.JPEG,0.689712405204773,0.010980655439198,7.17430591583252,0.6787317497655749
833,ILSVRC2012_val_00017481_n04347754.JPEG,ILSVRC2012_val_00022687_n02002724.JPEG,0.689712405204773,0.0028924793004989,7.014475345611572,0.6868199259042741
833,ILSVRC2012_val_00006902_n04347754.JPEG,ILSVRC2012_val_00028371_n07734744.JPEG,1.2529927492141724,0.0011519708205014,8.273097038269043,1.251840778393671
834,ILSVRC2012_val_00032507_n04350905.JPEG,ILSVRC2012_val_00024144_n02093647.JPEG,0.1981635391712188,0.0646684318780899,4.398049354553223,0.13349510729312888
834,ILSVRC2012_val_00032507_n04350905.JPEG,ILSVRC2012_val_00016964_n02112706.JPEG,0.1981635391712188,0.0172876380383968,4.098808288574219,0.18087590113282198
834,ILSVRC2012_val_00049771_n04350905.JPEG,ILSVRC2012_val_00032555_n04550184.JPEG,0.2556970417499542,0.0035154942888766,3.731213092803955,0.2521815474610776
834,ILSVRC2012_val_00003533_n04350905.JPEG,ILSVRC2012_val_00047893_n04285008.JPEG,0.9488444328308104,0.1748805493116378,4.948410987854004,0.7739638835191727
834,ILSVRC2012_val_00030610_n04350905.JPEG,ILSVRC2012_val_00038195_n07565083.JPEG,2.688058853149414,0.0124589474871754,7.15659236907959,2.6755999056622386
835,ILSVRC2012_val_00020395_n04355338.JPEG,ILSVRC2012_val_00014814_n03843555.JPEG,0.001071713049896,0.0002534068480599,2.630033493041992,0.0008183062018361001
835,ILSVRC2012_val_00045804_n04355338.JPEG,ILSVRC2012_val_00041269_n03837869.JPEG,0.1136794462800026,0.0006618693005293,1.8598082065582275,0.11301757697947329
835,ILSVRC2012_val_00046496_n04355338.JPEG,ILSVRC2012_val_00039674_n03706229.JPEG,0.8178203701972961,0.0026995427906513,6.772558212280273,0.8151208274066448
835,ILSVRC2012_val_00046496_n04355338.JPEG,ILSVRC2012_val_00045682_n03272010.JPEG,0.8178203701972961,0.0007516896002925,6.796079158782959,0.8170686805970037
835,ILSVRC2012_val_00041972_n04355338.JPEG,ILSVRC2012_val_00016155_n09246464.JPEG,1.9918724298477173,0.0004602803383022,3.669224739074707,1.991412149509415
836,ILSVRC2012_val_00021536_n04355933.JPEG,ILSVRC2012_val_00008522_n03124170.JPEG,1.0831332206726074,0.0258458703756332,6.133114814758301,1.0572873502969742
836,ILSVRC2012_val_00039088_n04355933.JPEG,ILSVRC2012_val_00012679_n02841315.JPEG,1.1408498287200928,0.069816842675209,7.174469947814941,1.0710329860448837
836,ILSVRC2012_val_00028448_n04355933.JPEG,ILSVRC2012_val_00010612_n02113624.JPEG,1.3446125984191897,0.1093900203704834,6.157906532287598,1.2352225780487063
836,ILSVRC2012_val_00030807_n04355933.JPEG,ILSVRC2012_val_00011125_n02783161.JPEG,2.486748456954956,0.0615698844194412,6.8837175369262695,2.425178572535515
836,ILSVRC2012_val_00020228_n04355933.JPEG,ILSVRC2012_val_00018675_n01687978.JPEG,3.1982614994049072,0.0681828558444976,5.768812656402588,3.1300786435604095
837,ILSVRC2012_val_00037040_n04356056.JPEG,ILSVRC2012_val_00007924_n03494278.JPEG,0.6401466131210327,0.0117653757333755,9.060216903686523,0.6283812373876572
837,ILSVRC2012_val_00021539_n04356056.JPEG,ILSVRC2012_val_00034956_n04067472.JPEG,0.8458651900291443,0.0412880815565586,4.569891929626465,0.8045771084725857
837,ILSVRC2012_val_00022285_n04356056.JPEG,ILSVRC2012_val_00001925_n02112706.JPEG,1.3068535327911377,0.0887590497732162,5.475129127502441,1.2180944830179214
837,ILSVRC2012_val_00022285_n04356056.JPEG,ILSVRC2012_val_00028049_n02480855.JPEG,1.3068535327911377,0.022635655477643,6.643416881561279,1.2842178773134947
837,ILSVRC2012_val_00030251_n04356056.JPEG,ILSVRC2012_val_00015676_n04239074.JPEG,2.3844246864318848,0.0892612561583519,6.004723072052002,2.295163430273533
838,ILSVRC2012_val_00010392_n04357314.JPEG,ILSVRC2012_val_00019080_n02107574.JPEG,0.7096133828163147,0.0188590083271265,6.0150227546691895,0.6907543744891882
838,ILSVRC2012_val_00037021_n04357314.JPEG,ILSVRC2012_val_00004549_n02097298.JPEG,0.9511773586273192,0.0345003269612789,8.618234634399414,0.9166770316660403
838,ILSVRC2012_val_00037021_n04357314.JPEG,ILSVRC2012_val_00036193_n02791270.JPEG,0.9511773586273192,0.0154660390689969,6.65347957611084,0.9357113195583223
838,ILSVRC2012_val_00007823_n04357314.JPEG,ILSVRC2012_val_00013351_n02172182.JPEG,1.7333515882492063,0.008774179033935,4.343326568603516,1.7245774092152713
838,ILSVRC2012_val_00009430_n04357314.JPEG,ILSVRC2012_val_00046281_n03393912.JPEG,3.3277406692504883,0.0128681045025587,6.940617561340332,3.3148725647479296
839,ILSVRC2012_val_00039413_n04366367.JPEG,ILSVRC2012_val_00023751_n02894605.JPEG,0.1985076516866684,0.0025329669006168,3.288092374801636,0.1959746847860516
839,ILSVRC2012_val_00048692_n04366367.JPEG,ILSVRC2012_val_00001407_n02444819.JPEG,0.2321029305458068,0.0016352864913642,2.478929042816162,0.2304676440544426
839,ILSVRC2012_val_00048692_n04366367.JPEG,ILSVRC2012_val_00008948_n03929660.JPEG,0.2321029305458068,0.0014100857079029,4.285260200500488,0.2306928448379039
839,ILSVRC2012_val_00036570_n04366367.JPEG,ILSVRC2012_val_00022191_n02395406.JPEG,0.5137935876846313,0.0018170052208006,8.591713905334473,0.5119765824638307
839,ILSVRC2012_val_00032316_n04366367.JPEG,ILSVRC2012_val_00038188_n01697457.JPEG,0.5290193557739258,0.001972516765818,6.950433731079102,0.5270468390081078
840,ILSVRC2012_val_00011030_n04367480.JPEG,ILSVRC2012_val_00018554_n02971356.JPEG,0.0200771037489175,0.0124252745881676,6.092342853546143,0.0076518291607499
840,ILSVRC2012_val_00011030_n04367480.JPEG,ILSVRC2012_val_00009402_n03047690.JPEG,0.0200771037489175,0.0021027852781116,1.3976078033447266,0.0179743184708059
840,ILSVRC2012_val_00011030_n04367480.JPEG,ILSVRC2012_val_00047159_n07248320.JPEG,0.0200771037489175,0.0015922023449093,3.977534055709839,0.0184849014040082
840,ILSVRC2012_val_00038607_n04367480.JPEG,ILSVRC2012_val_00036120_n02966687.JPEG,0.0460037812590599,0.0052542691119015,5.209316253662109,0.0407495121471584
840,ILSVRC2012_val_00038607_n04367480.JPEG,ILSVRC2012_val_00000084_n01737021.JPEG,0.0460037812590599,0.0008150592911988,6.437483787536621,0.0451887219678611
841,ILSVRC2012_val_00044654_n04370456.JPEG,ILSVRC2012_val_00045554_n02408429.JPEG,0.4104132950305938,0.0255741160362958,6.905976295471191,0.38483917899429804
841,ILSVRC2012_val_00041639_n04370456.JPEG,ILSVRC2012_val_00009322_n13044778.JPEG,1.1407517194747925,0.0212851967662572,6.396988391876221,1.1194665227085352
841,ILSVRC2012_val_00010897_n04370456.JPEG,ILSVRC2012_val_00000739_n01608432.JPEG,2.492568016052246,0.0770016983151435,7.852298259735107,2.4155663177371025
841,ILSVRC2012_val_00002291_n04370456.JPEG,ILSVRC2012_val_00014726_n04371774.JPEG,2.7209360599517822,0.0016912217251956,6.327619552612305,2.7192448382265866
841,ILSVRC2012_val_00042525_n04370456.JPEG,ILSVRC2012_val_00035845_n13054560.JPEG,4.2793169021606445,0.017991442233324,9.170239448547363,4.2613254599273205
842,ILSVRC2012_val_00045851_n04371430.JPEG,ILSVRC2012_val_00019820_n02226429.JPEG,0.0963525250554084,0.0030866859015077,3.183671712875366,0.0932658391539007
842,ILSVRC2012_val_00019658_n04371430.JPEG,ILSVRC2012_val_00000572_n07880968.JPEG,0.1559743136167526,0.0016819391166791,5.163154125213623,0.1542923745000735
842,ILSVRC2012_val_00025828_n04371430.JPEG,ILSVRC2012_val_00009704_n04254120.JPEG,0.6872826218605042,0.0346407070755958,8.252914428710938,0.6526419147849083
842,ILSVRC2012_val_00041278_n04371430.JPEG,ILSVRC2012_val_00047939_n02264363.JPEG,0.8692768812179565,0.0036423548590391,9.970842361450195,0.8656345263589175
842,ILSVRC2012_val_00001918_n04371430.JPEG,ILSVRC2012_val_00036195_n01665541.JPEG,3.20674991607666,0.0032865579705685,8.237236022949219,3.2034633581060916
843,ILSVRC2012_val_00032666_n04371774.JPEG,ILSVRC2012_val_00033740_n13054560.JPEG,0.0704125389456749,0.0024691114667803,5.929037570953369,0.06794342747889459
843,ILSVRC2012_val_00001516_n04371774.JPEG,ILSVRC2012_val_00026116_n04435653.JPEG,0.3092194497585296,0.0176432915031909,8.743026733398438,0.2915761582553387
843,ILSVRC2012_val_00001516_n04371774.JPEG,ILSVRC2012_val_00012895_n01773549.JPEG,0.3092194497585296,0.0012693690368905,3.390108585357666,0.3079500807216391
843,ILSVRC2012_val_00014726_n04371774.JPEG,ILSVRC2012_val_00021575_n02090379.JPEG,0.537489652633667,0.0016371908131986,4.500786781311035,0.5358524618204684
843,ILSVRC2012_val_00036995_n04371774.JPEG,ILSVRC2012_val_00008796_n04597913.JPEG,0.7085846066474915,0.0688688829541206,17.07644271850586,0.6397157236933708
844,ILSVRC2012_val_00025073_n04372370.JPEG,ILSVRC2012_val_00037054_n02410509.JPEG,0.1285537928342819,0.0087738251313567,5.929989814758301,0.11977996770292519
844,ILSVRC2012_val_00000053_n04372370.JPEG,ILSVRC2012_val_00028918_n01950731.JPEG,0.2083063423633575,0.0053967973217368,3.283994197845459,0.20290954504162068
844,ILSVRC2012_val_00023150_n04372370.JPEG,ILSVRC2012_val_00007184_n02071294.JPEG,0.2372432202100753,0.0054323673248291,7.337154388427734,0.2318108528852462
844,ILSVRC2012_val_00030529_n04372370.JPEG,ILSVRC2012_val_00034313_n04004767.JPEG,2.826865196228028,0.0015262633096426,3.0271849632263184,2.825338932918385
844,ILSVRC2012_val_00030529_n04372370.JPEG,ILSVRC2012_val_00019437_n03761084.JPEG,2.826865196228028,0.0011537569807842,3.97003173828125,2.8257114392472436
845,ILSVRC2012_val_00046671_n04376876.JPEG,ILSVRC2012_val_00002184_n07802026.JPEG,0.0155097031965851,0.0010943383676931,6.35579776763916,0.014415364828892
845,ILSVRC2012_val_00046671_n04376876.JPEG,ILSVRC2012_val_00015365_n02777292.JPEG,0.0155097031965851,0.0008428120636381,0.7024040818214417,0.014666891132947
845,ILSVRC2012_val_00011992_n04376876.JPEG,ILSVRC2012_val_00047140_n07715103.JPEG,1.8068885803222656,0.0031510959379374,5.111807823181152,1.8037374843843281
845,ILSVRC2012_val_00006504_n04376876.JPEG,ILSVRC2012_val_00018693_n07932039.JPEG,3.351377010345459,0.0013562776148319,6.804518699645996,3.350020732730627
845,ILSVRC2012_val_00006504_n04376876.JPEG,ILSVRC2012_val_00005964_n02704792.JPEG,3.351377010345459,0.0010731420479714,6.929271221160889,3.3503038682974875
846,ILSVRC2012_val_00026919_n04380533.JPEG,ILSVRC2012_val_00004991_n03930313.JPEG,0.1331312358379364,0.0349288843572139,5.920644283294678,0.09820235148072251
846,ILSVRC2012_val_00041421_n04380533.JPEG,ILSVRC2012_val_00049031_n02840245.JPEG,0.3972697556018829,0.0123109454289078,1.507302165031433,0.38495881017297506
846,ILSVRC2012_val_00039650_n04380533.JPEG,ILSVRC2012_val_00046001_n03933933.JPEG,0.5139634609222412,0.0223218780010938,5.9041032791137695,0.4916415829211474
846,ILSVRC2012_val_00039650_n04380533.JPEG,ILSVRC2012_val_00038864_n02058221.JPEG,0.5139634609222412,0.0198100879788398,3.259851694107056,0.4941533729434014
846,ILSVRC2012_val_00039650_n04380533.JPEG,ILSVRC2012_val_00042638_n02012849.JPEG,0.5139634609222412,0.0197153016924858,5.409941673278809,0.4942481592297554
847,ILSVRC2012_val_00028659_n04389033.JPEG,ILSVRC2012_val_00015807_n02085936.JPEG,0.0909025445580482,0.0075983083806931,4.875408172607422,0.0833042361773551
847,ILSVRC2012_val_00040332_n04389033.JPEG,ILSVRC2012_val_00037945_n04350905.JPEG,0.199470579624176,0.0040950262919068,1.9880636930465696,0.1953755533322692
847,ILSVRC2012_val_00047296_n04389033.JPEG,ILSVRC2012_val_00030152_n04235860.JPEG,0.2049997448921203,0.0025972940493375,4.3170976638793945,0.2024024508427828
847,ILSVRC2012_val_00026377_n04389033.JPEG,ILSVRC2012_val_00025124_n07718472.JPEG,0.3094821870326996,0.0033307571429759,4.480531215667725,0.30615142988972366
847,ILSVRC2012_val_00026377_n04389033.JPEG,ILSVRC2012_val_00033168_n04447861.JPEG,0.3094821870326996,0.0021063541062176,3.502325296401977,0.30737583292648196
848,ILSVRC2012_val_00036646_n04392985.JPEG,ILSVRC2012_val_00022857_n02092002.JPEG,0.7867593765258789,0.1071434989571571,7.865711212158203,0.6796158775687218
848,ILSVRC2012_val_00021674_n04392985.JPEG,ILSVRC2012_val_00009769_n04589890.JPEG,1.6390564441680908,0.1449579447507858,7.667758941650391,1.494098499417305
848,ILSVRC2012_val_00003844_n04392985.JPEG,ILSVRC2012_val_00040623_n02328150.JPEG,1.743067741394043,0.2212581783533096,8.56210708618164,1.5218095630407333
848,ILSVRC2012_val_00045645_n04392985.JPEG,ILSVRC2012_val_00027898_n02328150.JPEG,1.7921994924545288,0.1424290686845779,9.181612968444824,1.6497704237699509
848,ILSVRC2012_val_00006037_n04392985.JPEG,ILSVRC2012_val_00019111_n04612504.JPEG,3.160429000854492,0.0579906962811946,5.138036727905273,3.1024383045732975
849,ILSVRC2012_val_00034859_n04398044.JPEG,ILSVRC2012_val_00040569_n03272010.JPEG,0.006536531727761,0.0043138070032,6.08231258392334,0.0022227247245609994
849,ILSVRC2012_val_00034859_n04398044.JPEG,ILSVRC2012_val_00039430_n03461385.JPEG,0.006536531727761,0.0037138555198907,5.709480285644531,0.0028226762078702996
849,ILSVRC2012_val_00000464_n04398044.JPEG,ILSVRC2012_val_00015817_n02033041.JPEG,0.8386790752410889,0.0059637459926307,6.895199775695801,0.8327153292484581
849,ILSVRC2012_val_00013473_n04398044.JPEG,ILSVRC2012_val_00015541_n04146614.JPEG,2.200119972229004,0.1123071163892746,8.282537460327148,2.0878128558397293
849,ILSVRC2012_val_00013473_n04398044.JPEG,ILSVRC2012_val_00042887_n02112137.JPEG,2.200119972229004,0.0287623014301061,8.338045120239258,2.1713576707988977
850,ILSVRC2012_val_00007298_n04399382.JPEG,ILSVRC2012_val_00044716_n02088466.JPEG,0.8878749012947083,0.000577044847887,1.4089953899383545,0.8872978564468212
850,ILSVRC2012_val_00045081_n04399382.JPEG,ILSVRC2012_val_00049589_n02091467.JPEG,0.908522129058838,0.00327241839841,5.364348411560059,0.905249710660428
850,ILSVRC2012_val_00045081_n04399382.JPEG,ILSVRC2012_val_00042706_n02114712.JPEG,0.908522129058838,0.0009423820883966,6.324210643768311,0.9075797469704414
850,ILSVRC2012_val_00018054_n04399382.JPEG,ILSVRC2012_val_00030405_n01774750.JPEG,0.9101499915122986,0.0017144280718639,3.800061225891113,0.9084355634404346
850,ILSVRC2012_val_00002673_n04399382.JPEG,ILSVRC2012_val_00011563_n02951358.JPEG,1.2120120525360107,0.0066448915749788,6.353279113769531,1.205367160961032
851,ILSVRC2012_val_00013324_n04404412.JPEG,ILSVRC2012_val_00002988_n02086646.JPEG,0.1455302238464355,0.1340065598487854,10.551417350769045,0.011523663997650091
851,ILSVRC2012_val_00037399_n04404412.JPEG,ILSVRC2012_val_00010382_n02099267.JPEG,0.1111109629273414,0.0125022726133465,7.585843086242676,0.09860869031399491
851,ILSVRC2012_val_00013324_n04404412.JPEG,ILSVRC2012_val_00012190_n01820546.JPEG,0.1455302238464355,0.0191863868385553,8.872474670410156,0.12634383700788018
851,ILSVRC2012_val_00035390_n04404412.JPEG,ILSVRC2012_val_00000356_n02007558.JPEG,0.7386581301689148,0.0043640141375362,5.060850143432617,0.7342941160313786
851,ILSVRC2012_val_00035390_n04404412.JPEG,ILSVRC2012_val_00019466_n04081281.JPEG,0.7386581301689148,0.0040659387595951,4.009270668029785,0.7345921914093196
852,ILSVRC2012_val_00025081_n04409515.JPEG,ILSVRC2012_val_00042956_n09193705.JPEG,7.688703772146255e-05,7.629103492945433e-05,8.001654624938965,5.960027920082211e-07
852,ILSVRC2012_val_00049400_n04409515.JPEG,ILSVRC2012_val_00023017_n04162706.JPEG,0.0004396664153318,0.0004344234766904,9.633532524108888,5.242938641399986e-06
852,ILSVRC2012_val_00025081_n04409515.JPEG,ILSVRC2012_val_00018834_n01694178.JPEG,7.688703772146255e-05,0.0001323135511483,4.938187599182129,5.542651342683744e-05
852,ILSVRC2012_val_00044037_n04409515.JPEG,ILSVRC2012_val_00002816_n04019541.JPEG,0.0047532422468066,0.0043135695159435,7.620509624481201,0.00043967273086309953
852,ILSVRC2012_val_00009085_n04409515.JPEG,ILSVRC2012_val_00037825_n02056570.JPEG,0.0233117155730724,0.0012567488010972,3.811079263687134,0.022054966771975198
853,ILSVRC2012_val_00028124_n04417672.JPEG,ILSVRC2012_val_00030778_n02231487.JPEG,0.001720497268252,0.0011711412807926,2.935537099838257,0.0005493559874593999
853,ILSVRC2012_val_00018611_n04417672.JPEG,ILSVRC2012_val_00010805_n02086240.JPEG,0.0099974134936928,0.0088039571419358,8.01060676574707,0.001193456351757001
853,ILSVRC2012_val_00005112_n04417672.JPEG,ILSVRC2012_val_00036094_n02454379.JPEG,0.0029553568456321,0.001712642959319,6.206902980804443,0.0012427138863131
853,ILSVRC2012_val_00004658_n04417672.JPEG,ILSVRC2012_val_00032255_n04259630.JPEG,0.0083386357873678,0.001840922399424,4.129302978515625,0.0064977133879438
853,ILSVRC2012_val_00004658_n04417672.JPEG,ILSVRC2012_val_00025481_n09399592.JPEG,0.0083386357873678,0.0008262557676061,2.078835964202881,0.0075123800197617
854,ILSVRC2012_val_00022941_n04418357.JPEG,ILSVRC2012_val_00017129_n02317335.JPEG,0.0064798006787896,0.0059337648563086,6.058742046356201,0.0005460358224810002
854,ILSVRC2012_val_00028155_n04418357.JPEG,ILSVRC2012_val_00049377_n02480495.JPEG,0.0078838607296347,0.0029257608111947,3.900335311889648,0.00495809991844
854,ILSVRC2012_val_00029189_n04418357.JPEG,ILSVRC2012_val_00022935_n01629819.JPEG,0.421049028635025,0.0294461566954851,7.931595802307129,0.3916028719395399
854,ILSVRC2012_val_00048520_n04418357.JPEG,ILSVRC2012_val_00037171_n02493793.JPEG,1.4303998947143557,0.0143571244552731,7.3042311668396,1.4160427702590825
854,ILSVRC2012_val_00007909_n04418357.JPEG,ILSVRC2012_val_00015516_n01614925.JPEG,2.4755218029022217,0.0199826918542385,6.027641296386719,2.455539111047983
855,ILSVRC2012_val_00032028_n04423845.JPEG,ILSVRC2012_val_00035590_n03016953.JPEG,0.0039432877674698,0.0035373514983803,0.8503982424736023,0.0004059362690894998
855,ILSVRC2012_val_00036482_n04423845.JPEG,ILSVRC2012_val_00040016_n04501370.JPEG,0.0057626306079328,0.0051044854335486,6.884293079376221,0.0006581451743841995
855,ILSVRC2012_val_00032028_n04423845.JPEG,ILSVRC2012_val_00029091_n02865351.JPEG,0.0039432877674698,0.0017181171569973,1.8230036497116089,0.0022251706104724996
855,ILSVRC2012_val_00036633_n04423845.JPEG,ILSVRC2012_val_00010848_n07860988.JPEG,0.0826507955789566,0.0011772138532251,1.322184443473816,0.0814735817257315
855,ILSVRC2012_val_00002820_n04423845.JPEG,ILSVRC2012_val_00019151_n02256656.JPEG,4.09513521194458,0.002056390279904,7.555789470672607,4.093078821664676
856,ILSVRC2012_val_00018120_n04428191.JPEG,ILSVRC2012_val_00040760_n03777754.JPEG,0.0909156054258346,0.0117035210132598,1.6656275987625122,0.0792120844125748
856,ILSVRC2012_val_00009176_n04428191.JPEG,ILSVRC2012_val_00036951_n02892767.JPEG,0.529114305973053,0.0196185186505317,4.207864761352539,0.5094957873225213
856,ILSVRC2012_val_00009176_n04428191.JPEG,ILSVRC2012_val_00027700_n01704323.JPEG,0.529114305973053,0.0040827975608408,3.3297548294067383,0.5250315084122121
856,ILSVRC2012_val_00009176_n04428191.JPEG,ILSVRC2012_val_00013779_n02895154.JPEG,0.529114305973053,0.0033305196557193,1.968991756439209,0.5257837863173337
856,ILSVRC2012_val_00022430_n04428191.JPEG,ILSVRC2012_val_00001754_n03916031.JPEG,1.2950387001037598,0.0027843061834573,6.509172439575195,1.2922543939203024
857,ILSVRC2012_val_00019420_n04429376.JPEG,ILSVRC2012_val_00004715_n02074367.JPEG,0.0201827213168144,0.0008908117306418,2.967402219772339,0.0192919095861726
857,ILSVRC2012_val_00033160_n04429376.JPEG,ILSVRC2012_val_00008004_n04487081.JPEG,0.1255595982074737,0.0033576085697859,4.955571174621582,0.1222019896376878
857,ILSVRC2012_val_00033160_n04429376.JPEG,ILSVRC2012_val_00049626_n10565667.JPEG,0.1255595982074737,0.0021278853528201,5.987784862518311,0.1234317128546536
857,ILSVRC2012_val_00044863_n04429376.JPEG,ILSVRC2012_val_00036075_n02111500.JPEG,4.160386085510254,0.0364846363663673,5.0104289054870605,4.123901449143887
857,ILSVRC2012_val_00049487_n04429376.JPEG,ILSVRC2012_val_00044840_n03240683.JPEG,4.746441841125488,0.0051258336752653,5.640966892242432,4.741316007450223
858,ILSVRC2012_val_00026116_n04435653.JPEG,ILSVRC2012_val_00014672_n03146219.JPEG,0.0031698716338723,0.0029287324286997,8.599936485290527,0.00024113920517259985
858,ILSVRC2012_val_00026116_n04435653.JPEG,ILSVRC2012_val_00034437_n01582220.JPEG,0.0031698716338723,0.000943096645642,6.956974983215332,0.0022267749882303
858,ILSVRC2012_val_00028676_n04435653.JPEG,ILSVRC2012_val_00022307_n03492542.JPEG,0.2184983044862747,0.0017105009173974,5.948884010314941,0.21678780356887728
858,ILSVRC2012_val_00005098_n04435653.JPEG,ILSVRC2012_val_00030245_n01855672.JPEG,1.312633752822876,0.0042729745618999,4.992682456970215,1.308360778260976
858,ILSVRC2012_val_00035761_n04435653.JPEG,ILSVRC2012_val_00047891_n01980166.JPEG,1.7462213039398191,0.0013181816320866,2.226814746856689,1.7449031223077325
859,ILSVRC2012_val_00028698_n04442312.JPEG,ILSVRC2012_val_00024444_n02992211.JPEG,0.0319166854023933,0.0014488924061879,2.950765371322632,0.0304677929962054
859,ILSVRC2012_val_00028698_n04442312.JPEG,ILSVRC2012_val_00017387_n04090263.JPEG,0.0319166854023933,3.58813522325363e-05,6.999972820281982,0.03188080405016076
859,ILSVRC2012_val_00048958_n04442312.JPEG,ILSVRC2012_val_00028397_n01687978.JPEG,0.0420921295881271,0.0047164619900286,8.059229850769043,0.0373756675980985
859,ILSVRC2012_val_00037548_n04442312.JPEG,ILSVRC2012_val_00019018_n03485794.JPEG,1.5554896593093872,0.0005291491979733,2.9056203365325928,1.554960510111414
859,ILSVRC2012_val_00038755_n04442312.JPEG,ILSVRC2012_val_00010962_n03825788.JPEG,2.4184815883636475,0.0012930613011121,7.153172016143799,2.4171885270625353
860,ILSVRC2012_val_00001820_n04443257.JPEG,ILSVRC2012_val_00048800_n01770393.JPEG,0.6715360283851624,0.0124296313151717,4.962048530578613,0.6591063970699906
860,ILSVRC2012_val_00041466_n04443257.JPEG,ILSVRC2012_val_00004564_n02490219.JPEG,0.8901998996734619,0.0128445671871304,6.052554130554199,0.8773553324863315
860,ILSVRC2012_val_00001510_n04443257.JPEG,ILSVRC2012_val_00041020_n10565667.JPEG,1.4032131433486938,0.1195634454488754,6.337846755981445,1.2836496978998184
860,ILSVRC2012_val_00022890_n04443257.JPEG,ILSVRC2012_val_00043074_n02107142.JPEG,2.9881978034973145,0.0902918130159378,6.425985813140869,2.8979059904813766
860,ILSVRC2012_val_00009808_n04443257.JPEG,ILSVRC2012_val_00021159_n03777568.JPEG,3.1047892570495605,0.0508531481027603,4.999442100524902,3.0539361089468002
861,ILSVRC2012_val_00039407_n04447861.JPEG,ILSVRC2012_val_00006671_n15075141.JPEG,0.0126882651820778,0.0014146092580631,1.826587438583374,0.0112736559240147
861,ILSVRC2012_val_00026111_n04447861.JPEG,ILSVRC2012_val_00033897_n02113799.JPEG,1.2935194969177246,0.0103668766096234,6.493843078613281,1.2831526203081012
861,ILSVRC2012_val_00017500_n04447861.JPEG,ILSVRC2012_val_00004448_n01755581.JPEG,2.377648115158081,0.0034856772981584,7.142239093780518,2.3741624378599226
861,ILSVRC2012_val_00028306_n04447861.JPEG,ILSVRC2012_val_00010439_n07802026.JPEG,3.758508920669556,0.004434632603079,6.832625389099121,3.754074288066477
861,ILSVRC2012_val_00028306_n04447861.JPEG,ILSVRC2012_val_00021388_n03297495.JPEG,3.758508920669556,0.0016377858119085,6.87339448928833,3.7568711348576476
862,ILSVRC2012_val_00020562_n04456115.JPEG,ILSVRC2012_val_00011937_n07873807.JPEG,0.0107748862355947,0.0092518180608749,6.566398620605469,0.0015230681747197983
862,ILSVRC2012_val_00020562_n04456115.JPEG,ILSVRC2012_val_00028703_n02134418.JPEG,0.0107748862355947,0.0060602007433772,3.494446992874145,0.004714685492217499
862,ILSVRC2012_val_00031777_n04456115.JPEG,ILSVRC2012_val_00030947_n04479046.JPEG,3.7903835773468018,0.0009392855572514,3.853527784347534,3.7894442917895503
862,ILSVRC2012_val_00004239_n04456115.JPEG,ILSVRC2012_val_00008019_n02786058.JPEG,3.970592498779297,0.0015241208020597,5.516696929931641,3.969068377977237
862,ILSVRC2012_val_00046509_n04456115.JPEG,ILSVRC2012_val_00030538_n04201297.JPEG,4.7240800857543945,0.0146447475999593,10.636754989624023,4.709435338154435
863,ILSVRC2012_val_00040845_n04458633.JPEG,ILSVRC2012_val_00018528_n03729826.JPEG,0.005567520391196,0.0013472299324348,6.045010566711426,0.004220290458761201
863,ILSVRC2012_val_00046643_n04458633.JPEG,ILSVRC2012_val_00002397_n02091635.JPEG,0.0228655654937028,0.002089699730277,0.8305622935295105,0.0207758657634258
863,ILSVRC2012_val_00004942_n04458633.JPEG,ILSVRC2012_val_00027347_n02088364.JPEG,0.0250795669853687,0.0006668727728538,4.720088005065918,0.0244126942125149
863,ILSVRC2012_val_00036331_n04458633.JPEG,ILSVRC2012_val_00013069_n01632458.JPEG,0.068268597126007,0.0090311616659164,1.5028467178344729,0.059237435460090596
863,ILSVRC2012_val_00007491_n04458633.JPEG,ILSVRC2012_val_00026163_n02892767.JPEG,0.0749843344092369,0.0030389102175831,6.043400764465332,0.0719454241916538
864,ILSVRC2012_val_00042732_n04461696.JPEG,ILSVRC2012_val_00038627_n04258138.JPEG,0.1815983355045318,0.0042211008258163,2.622233867645264,0.1773772346787155
864,ILSVRC2012_val_00040180_n04461696.JPEG,ILSVRC2012_val_00038966_n03041632.JPEG,0.3653914034366607,0.0308040250092744,8.239094734191895,0.3345873784273863
864,ILSVRC2012_val_00026517_n04461696.JPEG,ILSVRC2012_val_00013619_n10565667.JPEG,0.814845860004425,0.003321846248582,3.2523508071899414,0.811524013755843
864,ILSVRC2012_val_00022323_n04461696.JPEG,ILSVRC2012_val_00016208_n03417042.JPEG,2.377176284790039,0.0012275787303224,2.414107322692871,2.3759487060597166
864,ILSVRC2012_val_00031256_n04461696.JPEG,ILSVRC2012_val_00039456_n02319095.JPEG,2.57767391204834,0.0094097200781106,6.5151143074035645,2.568264191970229
865,ILSVRC2012_val_00029745_n04462240.JPEG,ILSVRC2012_val_00004139_n03485794.JPEG,0.2559628784656524,0.0102789783850312,4.401439189910889,0.24568390008062121
865,ILSVRC2012_val_00029745_n04462240.JPEG,ILSVRC2012_val_00022893_n02115913.JPEG,0.2559628784656524,0.0062674167566001,4.817144870758057,0.24969546170905232
865,ILSVRC2012_val_00007378_n04462240.JPEG,ILSVRC2012_val_00016939_n03045698.JPEG,0.3266162872314453,0.0021823656279593,0.6531264781951904,0.324433921603486
865,ILSVRC2012_val_00014073_n04462240.JPEG,ILSVRC2012_val_00036311_n06359193.JPEG,2.3723549842834477,0.0568788759410381,3.754200220108032,2.3154761083424096
865,ILSVRC2012_val_00012345_n04462240.JPEG,ILSVRC2012_val_00026914_n02978881.JPEG,2.517284393310547,0.0139589207246899,4.165584564208984,2.503325472585857
866,ILSVRC2012_val_00025769_n04465501.JPEG,ILSVRC2012_val_00025513_n04589890.JPEG,0.0454003103077411,0.0225344933569431,8.112667083740234,0.022865816950798003
866,ILSVRC2012_val_00048220_n04465501.JPEG,ILSVRC2012_val_00033932_n01695060.JPEG,0.1735341399908065,0.1365291327238083,7.472811698913574,0.03700500726699821
866,ILSVRC2012_val_00028200_n04465501.JPEG,ILSVRC2012_val_00039374_n02017213.JPEG,0.2998135983943939,0.0109610827639698,5.313593864440918,0.28885251563042413
866,ILSVRC2012_val_00028200_n04465501.JPEG,ILSVRC2012_val_00019017_n02786058.JPEG,0.2998135983943939,0.0024529388174414,6.797762393951416,0.2973606595769525
866,ILSVRC2012_val_00035447_n04465501.JPEG,ILSVRC2012_val_00047430_n03866082.JPEG,0.4664353132247925,0.0076820659451186,7.851349830627441,0.45875324727967387
867,ILSVRC2012_val_00018084_n04467665.JPEG,ILSVRC2012_val_00023017_n04162706.JPEG,0.0047140889801084,0.0026240460574626,5.012848377227783,0.0020900429226458
867,ILSVRC2012_val_00021567_n04467665.JPEG,ILSVRC2012_val_00038008_n03770439.JPEG,0.0813049748539924,0.0218120701611042,7.687078475952148,0.059492904692888204
867,ILSVRC2012_val_00044872_n04467665.JPEG,ILSVRC2012_val_00002196_n03476991.JPEG,0.1605603098869323,0.0017068117158487,3.353482961654663,0.1588534981710836
867,ILSVRC2012_val_00030748_n04467665.JPEG,ILSVRC2012_val_00039073_n02342885.JPEG,1.99653959274292,0.0151731334626674,7.522586822509766,1.9813664592802525
867,ILSVRC2012_val_00030748_n04467665.JPEG,ILSVRC2012_val_00029977_n01632458.JPEG,1.99653959274292,0.0121745811775326,4.293846607208252,1.9843650115653872
868,ILSVRC2012_val_00013317_n04476259.JPEG,ILSVRC2012_val_00034995_n03857828.JPEG,0.2012930661439895,0.0023436478804796,0.5691136717796326,0.1989494182635099
868,ILSVRC2012_val_00049269_n04476259.JPEG,ILSVRC2012_val_00025012_n03781244.JPEG,1.481547713279724,0.0090082427486777,5.759010314941406,1.4725394705310462
868,ILSVRC2012_val_00045380_n04476259.JPEG,ILSVRC2012_val_00005211_n03485407.JPEG,1.551813006401062,0.0079173315316438,5.718901634216309,1.5438956748694181
868,ILSVRC2012_val_00049336_n04476259.JPEG,ILSVRC2012_val_00006970_n02106382.JPEG,3.6918907165527344,0.0224720183759927,7.247528553009033,3.6694186981767416
868,ILSVRC2012_val_00039614_n04476259.JPEG,ILSVRC2012_val_00014516_n03388043.JPEG,4.981501579284668,0.005524605512619,4.981501579284668,4.975976973772049
869,ILSVRC2012_val_00034180_n04479046.JPEG,ILSVRC2012_val_00017349_n04592741.JPEG,0.0150161385536193,0.005716286599636,2.9283008575439453,0.0092998519539833
869,ILSVRC2012_val_00006076_n04479046.JPEG,ILSVRC2012_val_00035197_n03388183.JPEG,0.0422141887247562,0.0037317890673875,5.161951065063477,0.0384823996573687
869,ILSVRC2012_val_00017335_n04479046.JPEG,ILSVRC2012_val_00027610_n03967562.JPEG,0.3997078537940979,0.0044244257733225,5.000509262084961,0.3952834280207754
869,ILSVRC2012_val_00019995_n04479046.JPEG,ILSVRC2012_val_00043140_n07697313.JPEG,3.3744688034057617,0.0971341729164123,8.047614097595215,3.2773346304893494
869,ILSVRC2012_val_00019995_n04479046.JPEG,ILSVRC2012_val_00024291_n07718747.JPEG,3.3744688034057617,0.0069456328637897,6.607461929321289,3.367523170541972
870,ILSVRC2012_val_00038027_n04482393.JPEG,ILSVRC2012_val_00040645_n02108915.JPEG,0.0084073189646005,0.0074973874725401,3.889956951141357,0.0009099314920604003
870,ILSVRC2012_val_00043685_n04482393.JPEG,ILSVRC2012_val_00014913_n02090721.JPEG,0.1727994680404663,0.0946411043405532,8.923460006713867,0.07815836369991311
870,ILSVRC2012_val_00038399_n04482393.JPEG,ILSVRC2012_val_00031495_n06785654.JPEG,0.3442866802215576,0.1566237956285476,7.216827392578125,0.18766288459301
870,ILSVRC2012_val_00038399_n04482393.JPEG,ILSVRC2012_val_00020801_n04596742.JPEG,0.3442866802215576,0.001308657345362,3.572429895401001,0.3429780228761956
870,ILSVRC2012_val_00005167_n04482393.JPEG,ILSVRC2012_val_00005480_n03895866.JPEG,0.5492807626724243,0.0022922686766833,4.579879760742188,0.546988493995741
871,ILSVRC2012_val_00027411_n04483307.JPEG,ILSVRC2012_val_00027640_n04311174.JPEG,0.0666464641690254,0.0073785884305834,1.4375063180923462,0.05926787573844199
871,ILSVRC2012_val_00049859_n04483307.JPEG,ILSVRC2012_val_00036964_n02106550.JPEG,0.1487234979867935,0.0420812703669071,3.514158248901367,0.1066422276198864
871,ILSVRC2012_val_00035852_n04483307.JPEG,ILSVRC2012_val_00047059_n01983481.JPEG,0.2240379899740219,0.009138542227447,4.813168525695801,0.2148994477465749
871,ILSVRC2012_val_00035852_n04483307.JPEG,ILSVRC2012_val_00006224_n03666591.JPEG,0.2240379899740219,0.0046420665457844,4.983278274536133,0.21939592342823752
871,ILSVRC2012_val_00028262_n04483307.JPEG,ILSVRC2012_val_00021433_n02011460.JPEG,0.2759691476821899,0.0089826053008437,4.181901454925537,0.26698654238134617
872,ILSVRC2012_val_00002455_n04485082.JPEG,ILSVRC2012_val_00043739_n04355933.JPEG,0.0068004829809069,0.0055561396293342,7.984608173370361,0.0012443433515727
872,ILSVRC2012_val_00001547_n04485082.JPEG,ILSVRC2012_val_00030003_n03874293.JPEG,0.1800992488861084,0.0017545319860801,2.468557596206665,0.1783447169000283
872,ILSVRC2012_val_00033169_n04485082.JPEG,ILSVRC2012_val_00004806_n04476259.JPEG,0.497812271118164,0.0017277565784752,3.860016822814941,0.4960845145396888
872,ILSVRC2012_val_00008473_n04485082.JPEG,ILSVRC2012_val_00020264_n04371774.JPEG,1.6161373853683472,0.0026485386770218,4.470457553863525,1.6134888466913253
872,ILSVRC2012_val_00017603_n04485082.JPEG,ILSVRC2012_val_00045100_n04606251.JPEG,5.012424945831299,0.0022325608879327,7.292327404022217,5.010192384943366
873,ILSVRC2012_val_00044806_n04486054.JPEG,ILSVRC2012_val_00049317_n02795169.JPEG,0.0078024854883551,0.0030858539976179,4.609729290008545,0.0047166314907372
873,ILSVRC2012_val_00028357_n04486054.JPEG,ILSVRC2012_val_00012522_n03720891.JPEG,0.0085511710494756,0.0017412038287147,4.436319828033447,0.006809967220760901
873,ILSVRC2012_val_00012653_n04486054.JPEG,ILSVRC2012_val_00007526_n02115913.JPEG,0.0432388857007026,0.008578473702073,4.414873600006104,0.0346604119986296
873,ILSVRC2012_val_00012142_n04486054.JPEG,ILSVRC2012_val_00043527_n02974003.JPEG,0.2651452720165252,0.2295941412448883,7.584104537963867,0.03555113077163691
873,ILSVRC2012_val_00012653_n04486054.JPEG,ILSVRC2012_val_00005688_n02992529.JPEG,0.0432388857007026,0.0015462597366422,2.338244199752808,0.0416926259640604
874,ILSVRC2012_val_00002146_n04487081.JPEG,ILSVRC2012_val_00036027_n02894605.JPEG,0.0351033881306648,0.0148984640836715,4.90460205078125,0.020204924046993297
874,ILSVRC2012_val_00021054_n04487081.JPEG,ILSVRC2012_val_00047964_n04325704.JPEG,0.0403911061584949,0.0180964618921279,6.391008377075195,0.022294644266367
874,ILSVRC2012_val_00005140_n04487081.JPEG,ILSVRC2012_val_00004131_n04525038.JPEG,0.0583629794418811,0.028395403176546,6.381961822509766,0.029967576265335097
874,ILSVRC2012_val_00005140_n04487081.JPEG,ILSVRC2012_val_00049379_n07880968.JPEG,0.0583629794418811,0.0148124890401959,6.717682361602783,0.043550490401685196
874,ILSVRC2012_val_00034724_n04487081.JPEG,ILSVRC2012_val_00026381_n03461385.JPEG,0.1052804142236709,0.0114118680357933,7.305372714996338,0.0938685461878776
875,ILSVRC2012_val_00033048_n04487394.JPEG,ILSVRC2012_val_00011354_n02437312.JPEG,0.0498251132667064,0.0089245960116386,6.780265331268311,0.0409005172550678
875,ILSVRC2012_val_00006413_n04487394.JPEG,ILSVRC2012_val_00031129_n04026417.JPEG,0.2739374339580536,0.0410958901047706,8.696203231811523,0.23284154385328298
875,ILSVRC2012_val_00012766_n04487394.JPEG,ILSVRC2012_val_00030089_n03325584.JPEG,0.4194682836532593,0.0125163998454809,4.795053005218506,0.40695188380777836
875,ILSVRC2012_val_00013134_n04487394.JPEG,ILSVRC2012_val_00029157_n02112706.JPEG,0.8008657693862915,0.0129758985713124,7.550803184509277,0.7878898708149791
875,ILSVRC2012_val_00041246_n04487394.JPEG,ILSVRC2012_val_00035642_n03207743.JPEG,1.8077378273010252,0.7911186218261719,7.497310638427734,1.0166192054748533
876,ILSVRC2012_val_00037884_n04493381.JPEG,ILSVRC2012_val_00014191_n04037443.JPEG,0.7306775450706482,0.1871587187051773,8.20022201538086,0.5435188263654709
876,ILSVRC2012_val_00047610_n04493381.JPEG,ILSVRC2012_val_00038708_n01945685.JPEG,0.6381305456161499,0.0838243514299392,6.88565731048584,0.5543061941862107
876,ILSVRC2012_val_00047610_n04493381.JPEG,ILSVRC2012_val_00032567_n03630383.JPEG,0.6381305456161499,0.0081982994452118,2.041798591613769,0.6299322461709381
876,ILSVRC2012_val_00008932_n04493381.JPEG,ILSVRC2012_val_00001661_n03792782.JPEG,1.0099256038665771,0.1049497798085212,6.041227340698242,0.904975824058056
876,ILSVRC2012_val_00008932_n04493381.JPEG,ILSVRC2012_val_00035997_n02091134.JPEG,1.0099256038665771,0.0476707406342029,7.528257369995117,0.9622548632323742
877,ILSVRC2012_val_00043709_n04501370.JPEG,ILSVRC2012_val_00028746_n02483708.JPEG,0.0109612010419368,0.0001128848234657,6.457435607910156,0.010848316218471099
877,ILSVRC2012_val_00044881_n04501370.JPEG,ILSVRC2012_val_00014321_n02127052.JPEG,0.0180217660963535,0.0042231190018355,10.572731971740724,0.013798647094518
877,ILSVRC2012_val_00008149_n04501370.JPEG,ILSVRC2012_val_00046613_n02992529.JPEG,0.0221075844019651,0.0009270184673368,4.894047260284424,0.0211805659346283
877,ILSVRC2012_val_00008149_n04501370.JPEG,ILSVRC2012_val_00016809_n03785016.JPEG,0.0221075844019651,0.0003600664203986,4.4831156730651855,0.0217475179815665
877,ILSVRC2012_val_00009103_n04501370.JPEG,ILSVRC2012_val_00036370_n04192698.JPEG,1.3525257110595703,0.0004659997357521,6.517735004425049,1.3520597113238182
878,ILSVRC2012_val_00037986_n04505470.JPEG,ILSVRC2012_val_00010805_n02086240.JPEG,0.1643021702766418,0.1224969401955604,10.11356258392334,0.04180523008108139
878,ILSVRC2012_val_00037986_n04505470.JPEG,ILSVRC2012_val_00011956_n06785654.JPEG,0.1643021702766418,0.0034209322184324,1.3718044757843018,0.1608812380582094
878,ILSVRC2012_val_00044924_n04505470.JPEG,ILSVRC2012_val_00024798_n02437312.JPEG,0.460023820400238,0.0562757365405559,8.08436107635498,0.4037480838596821
878,ILSVRC2012_val_00009383_n04505470.JPEG,ILSVRC2012_val_00018302_n03494278.JPEG,0.6099057197570801,0.0120338397100567,5.192676067352295,0.5978718800470234
878,ILSVRC2012_val_00015929_n04505470.JPEG,ILSVRC2012_val_00035494_n02129604.JPEG,0.7697535753250122,0.0444898046553134,6.507399082183838,0.7252637706696988
879,ILSVRC2012_val_00040204_n04507155.JPEG,ILSVRC2012_val_00028959_n07831146.JPEG,0.0016955060418695,0.0015705404803156,7.563809394836426,0.00012496556155390005
879,ILSVRC2012_val_00042720_n04507155.JPEG,ILSVRC2012_val_00012929_n04039381.JPEG,0.0011111282510682,0.0008479336975142,0.469229906797409,0.00026319455355399996
879,ILSVRC2012_val_00041545_n04507155.JPEG,ILSVRC2012_val_00009568_n04067472.JPEG,0.0070477928966283,0.0018574618734419,1.4528051614761353,0.0051903310231864
879,ILSVRC2012_val_00022730_n04507155.JPEG,ILSVRC2012_val_00000800_n02113799.JPEG,0.0698556378483772,0.0013049667468294,3.110985040664673,0.0685506711015478
879,ILSVRC2012_val_00013644_n04507155.JPEG,ILSVRC2012_val_00016108_n02100735.JPEG,2.098604202270508,0.0132383909076452,6.736564636230469,2.0853658113628626
880,ILSVRC2012_val_00011412_n04509417.JPEG,ILSVRC2012_val_00025806_n01582220.JPEG,0.0080948378890752,0.001625289209187,4.02967643737793,0.0064695486798882
880,ILSVRC2012_val_00011412_n04509417.JPEG,ILSVRC2012_val_00023987_n04590129.JPEG,0.0080948378890752,0.0010489681735634,4.8629350662231445,0.0070458697155118
880,ILSVRC2012_val_00017279_n04509417.JPEG,ILSVRC2012_val_00040020_n04266014.JPEG,0.2172372043132782,0.0027852572966367,6.237772941589356,0.2144519470166415
880,ILSVRC2012_val_00023683_n04509417.JPEG,ILSVRC2012_val_00044074_n02417914.JPEG,1.0148521661758425,0.0128630436956882,7.725059986114502,1.0019891224801543
880,ILSVRC2012_val_00023683_n04509417.JPEG,ILSVRC2012_val_00007647_n07714571.JPEG,1.0148521661758425,0.0040687881410121,5.318889141082764,1.0107833780348303
881,ILSVRC2012_val_00031543_n04515003.JPEG,ILSVRC2012_val_00013849_n07716358.JPEG,0.0717455595731735,0.0498632192611694,5.375794410705566,0.021882340312004096
881,ILSVRC2012_val_00023169_n04515003.JPEG,ILSVRC2012_val_00033978_n02892201.JPEG,0.0573658309876918,0.004690833389759,7.052845001220703,0.0526749975979328
881,ILSVRC2012_val_00024228_n04515003.JPEG,ILSVRC2012_val_00032476_n03666591.JPEG,0.0712525770068168,0.0048124440945684,6.447852611541748,0.0664401329122484
881,ILSVRC2012_val_00018323_n04515003.JPEG,ILSVRC2012_val_00013580_n01985128.JPEG,0.0854948312044143,0.0073598916642367,0.6066523194313049,0.0781349395401776
881,ILSVRC2012_val_00012349_n04515003.JPEG,ILSVRC2012_val_00039148_n03272562.JPEG,0.1858783364295959,0.0184579119086265,6.4061279296875,0.1674204245209694
882,ILSVRC2012_val_00017314_n04517823.JPEG,ILSVRC2012_val_00016329_n12620546.JPEG,0.0016625404823571,0.0016480210470035,8.152172088623047,1.4519435353599905e-05
882,ILSVRC2012_val_00012596_n04517823.JPEG,ILSVRC2012_val_00044752_n02708093.JPEG,0.2599864900112152,0.004599823616445,3.6540074348449703,0.2553866663947702
882,ILSVRC2012_val_00000712_n04517823.JPEG,ILSVRC2012_val_00043021_n02105162.JPEG,1.1878302097320557,0.0144758019596338,7.667945384979248,1.1733544077724218
882,ILSVRC2012_val_00040378_n04517823.JPEG,ILSVRC2012_val_00023753_n01693334.JPEG,1.4348307847976685,0.0026327255181968,7.282973289489746,1.4321980592794716
882,ILSVRC2012_val_00021621_n04517823.JPEG,ILSVRC2012_val_00037127_n01616318.JPEG,1.8886269330978396,0.0719494819641113,7.785830497741699,1.8166774511337282
883,ILSVRC2012_val_00045714_n04522168.JPEG,ILSVRC2012_val_00018412_n01817953.JPEG,0.8096062541007996,0.0069006457924842,5.321195125579834,0.8027056083083154
883,ILSVRC2012_val_00017607_n04522168.JPEG,ILSVRC2012_val_00012435_n02018207.JPEG,0.8349784016609192,0.0064379908144474,3.077117681503296,0.8285404108464718
883,ILSVRC2012_val_00010407_n04522168.JPEG,ILSVRC2012_val_00006921_n03961711.JPEG,1.3751275539398191,0.0077590746805071,6.182628154754639,1.367368479259312
883,ILSVRC2012_val_00018977_n04522168.JPEG,ILSVRC2012_val_00048957_n01729977.JPEG,2.265718460083008,0.0065763243474066,8.31277084350586,2.259142135735601
883,ILSVRC2012_val_00005485_n04522168.JPEG,ILSVRC2012_val_00000119_n03782006.JPEG,4.575490474700928,0.0188560839742422,6.109235286712647,4.5566343907266855
884,ILSVRC2012_val_00025422_n04523525.JPEG,ILSVRC2012_val_00025546_n02488291.JPEG,0.0346612036228179,0.0230519715696573,7.24639368057251,0.011609232053160601
884,ILSVRC2012_val_00010588_n04523525.JPEG,ILSVRC2012_val_00027294_n04204238.JPEG,0.0678791552782058,0.0045650550164282,4.851812362670898,0.0633141002617776
884,ILSVRC2012_val_00024062_n04523525.JPEG,ILSVRC2012_val_00007142_n04487081.JPEG,0.333111435174942,0.0112784458324313,2.810600519180298,0.3218329893425107
884,ILSVRC2012_val_00024062_n04523525.JPEG,ILSVRC2012_val_00046838_n04258138.JPEG,0.333111435174942,0.0061065289191901,0.7431180477142334,0.3270049062557519
884,ILSVRC2012_val_00003132_n04523525.JPEG,ILSVRC2012_val_00035578_n03942813.JPEG,0.3388260304927826,0.0015660176286473,1.6556675434112549,0.3372600128641353
885,ILSVRC2012_val_00046268_n04525038.JPEG,ILSVRC2012_val_00048476_n02096177.JPEG,0.8132892847061157,0.0144241023808717,8.80123233795166,0.7988651823252441
885,ILSVRC2012_val_00009737_n04525038.JPEG,ILSVRC2012_val_00038799_n04336792.JPEG,3.020712852478028,0.0132110975682735,7.651595115661621,3.0075017549097542
885,ILSVRC2012_val_00008068_n04525038.JPEG,ILSVRC2012_val_00035934_n13052670.JPEG,3.774397611618042,0.0079652294516563,5.157856464385986,3.7664323821663857
885,ILSVRC2012_val_00029578_n04525038.JPEG,ILSVRC2012_val_00017219_n02127052.JPEG,4.184176445007324,0.0030371274333447,5.45228385925293,4.1811393175739795
885,ILSVRC2012_val_00023329_n04525038.JPEG,ILSVRC2012_val_00041214_n03933933.JPEG,4.516128540039063,0.0598960854113101,6.581176280975342,4.456232454627753
886,ILSVRC2012_val_00020237_n04525305.JPEG,ILSVRC2012_val_00015647_n03089624.JPEG,0.0123014077544212,0.0015220972709357,7.01052713394165,0.0107793104834855
886,ILSVRC2012_val_00039221_n04525305.JPEG,ILSVRC2012_val_00005159_n03775546.JPEG,0.0397499874234199,0.0064403596334159,8.060636520385742,0.033309627790003994
886,ILSVRC2012_val_00048453_n04525305.JPEG,ILSVRC2012_val_00041577_n01807496.JPEG,0.1458799540996551,0.0019025574438273,3.333672523498535,0.1439773966558278
886,ILSVRC2012_val_00023422_n04525305.JPEG,ILSVRC2012_val_00040552_n04579432.JPEG,0.1962626427412033,0.0082306955009698,5.518267631530762,0.1880319472402335
886,ILSVRC2012_val_00026897_n04525305.JPEG,ILSVRC2012_val_00012791_n02094433.JPEG,0.4016281962394714,0.0177472922950983,5.88166618347168,0.3838809039443731
887,ILSVRC2012_val_00000338_n04532106.JPEG,ILSVRC2012_val_00013275_n03743016.JPEG,1.4739587306976318,0.0045883134007453,4.484700202941895,1.4693704172968864
887,ILSVRC2012_val_00000338_n04532106.JPEG,ILSVRC2012_val_00012349_n04515003.JPEG,1.4739587306976318,0.0042656152509152,6.902953147888184,1.4696931154467165
887,ILSVRC2012_val_00000338_n04532106.JPEG,ILSVRC2012_val_00007158_n03584829.JPEG,1.4739587306976318,0.0007294139941222,2.2378363609313965,1.4732293167035095
887,ILSVRC2012_val_00000338_n04532106.JPEG,ILSVRC2012_val_00026588_n02441942.JPEG,1.4739587306976318,0.0003259842633269,2.092280626296997,1.4736327464343049
887,ILSVRC2012_val_00048657_n04532106.JPEG,ILSVRC2012_val_00039139_n04041544.JPEG,2.9776620864868164,0.0042656152509152,6.017921447753906,2.973396471235901
888,ILSVRC2012_val_00039577_n04532670.JPEG,ILSVRC2012_val_00047216_n01734418.JPEG,0.0048235957510769,0.0043672188185155,6.907388210296631,0.00045637693256140015
888,ILSVRC2012_val_00000475_n04532670.JPEG,ILSVRC2012_val_00016172_n02105162.JPEG,0.0324385613203048,0.0262670051306486,5.077240943908691,0.006171556189656202
888,ILSVRC2012_val_00000951_n04532670.JPEG,ILSVRC2012_val_00007018_n03478589.JPEG,0.009017220698297,0.0022990482393652,6.530474662780762,0.006718172458931799
888,ILSVRC2012_val_00049363_n04532670.JPEG,ILSVRC2012_val_00007619_n02481823.JPEG,0.0332916155457496,0.0065681529231369,5.813077449798584,0.0267234626226127
888,ILSVRC2012_val_00000475_n04532670.JPEG,ILSVRC2012_val_00032927_n02281787.JPEG,0.0324385613203048,0.0055576809681952,3.390528678894043,0.0268808803521096
889,ILSVRC2012_val_00047161_n04536866.JPEG,ILSVRC2012_val_00034882_n03063599.JPEG,0.1522530168294906,0.0029383602086454,5.185952186584473,0.1493146566208452
889,ILSVRC2012_val_00021943_n04536866.JPEG,ILSVRC2012_val_00016352_n01740131.JPEG,0.4517496824264526,0.0189415942877531,9.076026916503906,0.4328080881386995
889,ILSVRC2012_val_00021977_n04536866.JPEG,ILSVRC2012_val_00018816_n04579432.JPEG,0.7468975782394409,0.0036029205657541,6.503453731536865,0.7432946576736869
889,ILSVRC2012_val_00029662_n04536866.JPEG,ILSVRC2012_val_00001172_n02114367.JPEG,1.168412685394287,0.011256874538958,7.923774719238281,1.157155810855329
889,ILSVRC2012_val_00007538_n04536866.JPEG,ILSVRC2012_val_00017520_n03459775.JPEG,2.178673028945923,0.0178316105157136,10.491716384887695,2.160841418430209
890,ILSVRC2012_val_00025623_n04540053.JPEG,ILSVRC2012_val_00040239_n02264363.JPEG,0.0015175743028521,0.001437940984033,6.030968189239502,7.963331881909999e-05
890,ILSVRC2012_val_00048042_n04540053.JPEG,ILSVRC2012_val_00025876_n02123045.JPEG,0.053491223603487,0.0033578462898731,6.913088798522949,0.0501333773136139
890,ILSVRC2012_val_00048042_n04540053.JPEG,ILSVRC2012_val_00023694_n03598930.JPEG,0.053491223603487,0.0008185135084204,0.7840790152549744,0.0526727100950666
890,ILSVRC2012_val_00044431_n04540053.JPEG,ILSVRC2012_val_00000368_n03998194.JPEG,0.2311845570802688,0.0102362651377916,11.406549453735352,0.2209482919424772
890,ILSVRC2012_val_00045377_n04540053.JPEG,ILSVRC2012_val_00002919_n03733805.JPEG,0.2244393229484558,0.0025871873367577,7.03724479675293,0.22185213561169811
891,ILSVRC2012_val_00027972_n04542943.JPEG,ILSVRC2012_val_00036420_n01491361.JPEG,0.0358553826808929,0.0015798242529854,5.960249900817871,0.034275558427907506
891,ILSVRC2012_val_00034550_n04542943.JPEG,ILSVRC2012_val_00036276_n03146219.JPEG,0.3507406115531921,0.0001784403866622,3.3768272399902344,0.3505621711665299
891,ILSVRC2012_val_00045700_n04542943.JPEG,ILSVRC2012_val_00005480_n03895866.JPEG,0.4101519882678985,0.0016026759985834,8.715879440307617,0.4085493122693151
891,ILSVRC2012_val_00045700_n04542943.JPEG,ILSVRC2012_val_00022267_n03857828.JPEG,0.4101519882678985,0.0013928245753049,7.299108982086182,0.40875916369259363
891,ILSVRC2012_val_00045700_n04542943.JPEG,ILSVRC2012_val_00037281_n03775071.JPEG,0.4101519882678985,0.0006859333370812,7.448033332824707,0.4094660549308173
892,ILSVRC2012_val_00014035_n04548280.JPEG,ILSVRC2012_val_00011079_n02236044.JPEG,0.1645825058221817,0.0039816400967538,1.2178645133972168,0.1606008657254279
892,ILSVRC2012_val_00041547_n04548280.JPEG,ILSVRC2012_val_00018060_n07693725.JPEG,0.1868007779121399,0.0058739185333251,5.823075294494629,0.18092685937881478
892,ILSVRC2012_val_00033732_n04548280.JPEG,ILSVRC2012_val_00031093_n02106166.JPEG,0.4197719693183899,0.0180313680320978,5.390944480895996,0.4017406012862921
892,ILSVRC2012_val_00018143_n04548280.JPEG,ILSVRC2012_val_00046437_n07745940.JPEG,0.5218528509140015,0.0202787481248378,4.228952884674072,0.5015741027891637
892,ILSVRC2012_val_00018143_n04548280.JPEG,ILSVRC2012_val_00017780_n07831146.JPEG,0.5218528509140015,0.0133966067805886,0.63141930103302,0.5084562441334128
893,ILSVRC2012_val_00000866_n04548362.JPEG,ILSVRC2012_val_00012689_n02102040.JPEG,0.0911713689565658,0.0169626846909523,4.611703872680664,0.0742086842656135
893,ILSVRC2012_val_00049453_n04548362.JPEG,ILSVRC2012_val_00045417_n09229709.JPEG,0.1260509192943573,0.0113673172891139,6.778522491455078,0.1146836020052434
893,ILSVRC2012_val_00019233_n04548362.JPEG,ILSVRC2012_val_00009255_n03733805.JPEG,1.3523311614990234,0.0098093850538134,3.44101881980896,1.34252177644521
893,ILSVRC2012_val_00042766_n04548362.JPEG,ILSVRC2012_val_00022463_n02012849.JPEG,2.100379943847656,0.014930878765881,7.38618278503418,2.0854490650817747
893,ILSVRC2012_val_00048305_n04548362.JPEG,ILSVRC2012_val_00037831_n02007558.JPEG,2.4987423419952397,0.0064506642520427,7.104026317596436,2.492291677743197
894,ILSVRC2012_val_00039497_n04550184.JPEG,ILSVRC2012_val_00028563_n02669723.JPEG,0.239548772573471,0.0049638133496046,6.744290828704834,0.2345849592238664
894,ILSVRC2012_val_00027141_n04550184.JPEG,ILSVRC2012_val_00036116_n01737021.JPEG,0.3058144748210907,0.0020850601140409,2.924112558364868,0.3037294147070498
894,ILSVRC2012_val_00002016_n04550184.JPEG,ILSVRC2012_val_00019346_n04554684.JPEG,0.3401715755462646,0.0022636046633124,3.8967905044555664,0.3379079708829522
894,ILSVRC2012_val_00002016_n04550184.JPEG,ILSVRC2012_val_00008669_n01682714.JPEG,0.3401715755462646,0.0008731843554414,2.6795473098754883,0.33929839119082317
894,ILSVRC2012_val_00030785_n04550184.JPEG,ILSVRC2012_val_00007900_n03529860.JPEG,1.087598443031311,0.0022325608879327,4.5079426765441895,1.0853658821433783
895,ILSVRC2012_val_00028193_n04552348.JPEG,ILSVRC2012_val_00006231_n02018207.JPEG,0.1073050945997238,0.0788620933890342,4.317707538604736,0.0284430012106896
895,ILSVRC2012_val_00028193_n04552348.JPEG,ILSVRC2012_val_00003109_n07930864.JPEG,0.1073050945997238,0.0158969648182392,4.003445148468018,0.0914081297814846
895,ILSVRC2012_val_00028193_n04552348.JPEG,ILSVRC2012_val_00006899_n03832673.JPEG,0.1073050945997238,0.0047582252882421,2.195688247680664,0.1025468693114817
895,ILSVRC2012_val_00018190_n04552348.JPEG,ILSVRC2012_val_00003861_n01580077.JPEG,1.0290913581848145,0.0148706287145614,7.054059982299805,1.014220729470253
895,ILSVRC2012_val_00018190_n04552348.JPEG,ILSVRC2012_val_00014601_n02841315.JPEG,1.0290913581848145,0.0046103848144412,1.0333435535430908,1.0244809733703732
896,ILSVRC2012_val_00013523_n04553703.JPEG,ILSVRC2012_val_00013419_n02108089.JPEG,0.2001593708992004,0.0384930074214935,5.578144550323486,0.1616663634777069
896,ILSVRC2012_val_00013523_n04553703.JPEG,ILSVRC2012_val_00044547_n03895866.JPEG,0.2001593708992004,0.0075469617731869,1.9635134935379028,0.19261240912601352
896,ILSVRC2012_val_00022800_n04553703.JPEG,ILSVRC2012_val_00009056_n02917067.JPEG,0.4148063063621521,0.0061353198252618,0.4488019347190857,0.4086709865368903
896,ILSVRC2012_val_00013534_n04553703.JPEG,ILSVRC2012_val_00029524_n02236044.JPEG,0.9458622932434082,0.0014435357879847,4.275308132171631,0.9444187574554235
896,ILSVRC2012_val_00034191_n04553703.JPEG,ILSVRC2012_val_00024902_n02129165.JPEG,1.3499974012374878,0.0046579665504395,6.142362594604492,1.3453394346870482
897,ILSVRC2012_val_00049921_n04554684.JPEG,ILSVRC2012_val_00007813_n02109525.JPEG,0.0004395472351461,0.0004343043256085,4.15074348449707,5.242909537599995e-06
897,ILSVRC2012_val_00037728_n04554684.JPEG,ILSVRC2012_val_00040817_n04370456.JPEG,0.0446323230862617,0.0014510351466014,2.6029646396636963,0.0431812879396603
897,ILSVRC2012_val_00039511_n04554684.JPEG,ILSVRC2012_val_00022818_n01756291.JPEG,0.073641337454319,0.0120641095563769,5.168177127838135,0.0615772278979421
897,ILSVRC2012_val_00039511_n04554684.JPEG,ILSVRC2012_val_00040948_n01749939.JPEG,0.073641337454319,0.0015772057231515,4.148990631103516,0.0720641317311675
897,ILSVRC2012_val_00038965_n04554684.JPEG,ILSVRC2012_val_00040799_n04350905.JPEG,0.354731947183609,0.0009070096421055,3.416696786880493,0.3538249375415035
898,ILSVRC2012_val_00010135_n04557648.JPEG,ILSVRC2012_val_00043623_n02422106.JPEG,0.909689962863922,0.010754837654531,8.564432144165039,0.898935125209391
898,ILSVRC2012_val_00010459_n04557648.JPEG,ILSVRC2012_val_00036405_n02168699.JPEG,2.1638808250427246,0.0061547504737973,3.2551023960113525,2.1577260745689273
898,ILSVRC2012_val_00026262_n04557648.JPEG,ILSVRC2012_val_00018578_n02066245.JPEG,3.2743353843688965,0.0023679095320403,3.2743353843688965,3.271967474836856
898,ILSVRC2012_val_00045644_n04557648.JPEG,ILSVRC2012_val_00033595_n02108000.JPEG,4.762704849243164,0.0216542463749647,8.951080322265625,4.741050602868199
898,ILSVRC2012_val_00045644_n04557648.JPEG,ILSVRC2012_val_00023991_n01978287.JPEG,4.762704849243164,0.0071331355720758,6.235448360443115,4.755571713671088
899,ILSVRC2012_val_00033522_n04560804.JPEG,ILSVRC2012_val_00020727_n02486261.JPEG,0.6181271076202393,0.0097097493708133,5.656446933746338,0.608417358249426
899,ILSVRC2012_val_00049951_n04560804.JPEG,ILSVRC2012_val_00029475_n01945685.JPEG,0.9044137597084044,0.0146915018558502,6.859977722167969,0.8897222578525542
899,ILSVRC2012_val_00049951_n04560804.JPEG,ILSVRC2012_val_00006023_n02860847.JPEG,0.9044137597084044,0.0093145333230495,5.920998573303223,0.8950992263853549
899,ILSVRC2012_val_00013347_n04560804.JPEG,ILSVRC2012_val_00027038_n02100583.JPEG,1.0314983129501345,0.065558522939682,7.372551441192627,0.9659397900104525
899,ILSVRC2012_val_00031504_n04560804.JPEG,ILSVRC2012_val_00041537_n03717622.JPEG,4.223007678985596,0.0421695038676261,6.33978271484375,4.1808381751179695
900,ILSVRC2012_val_00008486_n04562935.JPEG,ILSVRC2012_val_00049448_n01748264.JPEG,0.005652752239257,0.0054397182539105,8.705375671386719,0.0002130339853465002
900,ILSVRC2012_val_00033898_n04562935.JPEG,ILSVRC2012_val_00042897_n02233338.JPEG,0.0042701261118054,0.0038157526869326,6.37186336517334,0.0004543734248727998
900,ILSVRC2012_val_00046961_n04562935.JPEG,ILSVRC2012_val_00042038_n01797886.JPEG,0.0105609353631734,0.0091608678922057,2.401937246322632,0.0014000674709677002
900,ILSVRC2012_val_00039721_n04562935.JPEG,ILSVRC2012_val_00046908_n01877812.JPEG,0.0164778102189302,0.0143558317795395,7.141339302062988,0.0021219784393906992
900,ILSVRC2012_val_00039721_n04562935.JPEG,ILSVRC2012_val_00035792_n03447721.JPEG,0.0164778102189302,0.0020143948495388,4.121446132659912,0.0144634153693914
901,ILSVRC2012_val_00042683_n04579145.JPEG,ILSVRC2012_val_00016337_n03100240.JPEG,0.0185487233102321,0.0180540811270475,7.926863193511963,0.0004946421831845994
901,ILSVRC2012_val_00031554_n04579145.JPEG,ILSVRC2012_val_00000662_n03452741.JPEG,0.07399532943964,0.0653634592890739,6.800187110900879,0.008631870150566101
901,ILSVRC2012_val_00042297_n04579145.JPEG,ILSVRC2012_val_00046764_n03000684.JPEG,0.0138941453769803,0.0028650211170315,4.222383499145508,0.0110291242599488
901,ILSVRC2012_val_00042683_n04579145.JPEG,ILSVRC2012_val_00033147_n01806143.JPEG,0.0185487233102321,0.0068461848422884,2.9854867458343506,0.0117025384679437
901,ILSVRC2012_val_00002867_n04579145.JPEG,ILSVRC2012_val_00001275_n03255030.JPEG,0.8487738370895386,0.0083582596853375,1.899988412857056,0.840415577404201
902,ILSVRC2012_val_00035948_n04579432.JPEG,ILSVRC2012_val_00039526_n04070727.JPEG,0.0056177834048867,0.0048594232648611,4.218542098999023,0.0007583601400256001
902,ILSVRC2012_val_00035948_n04579432.JPEG,ILSVRC2012_val_00032294_n03770439.JPEG,0.0056177834048867,0.0024732735473662,1.4295507669448853,0.0031445098575205
902,ILSVRC2012_val_00031358_n04579432.JPEG,ILSVRC2012_val_00041256_n03345487.JPEG,0.0592142082750797,0.0542795434594154,5.714041709899902,0.004934664815664298
902,ILSVRC2012_val_00044828_n04579432.JPEG,ILSVRC2012_val_00044341_n01667114.JPEG,0.0789921954274177,0.0024500847794115,3.1723129749298096,0.0765421106480062
902,ILSVRC2012_val_00035203_n04579432.JPEG,ILSVRC2012_val_00019727_n02497673.JPEG,0.4184141457080841,0.0135159865021705,8.231963157653809,0.4048981592059136
903,ILSVRC2012_val_00027984_n04584207.JPEG,ILSVRC2012_val_00001883_n02795169.JPEG,0.2856871485710144,0.0091477567330002,5.663693428039551,0.2765393918380142
903,ILSVRC2012_val_00040311_n04584207.JPEG,ILSVRC2012_val_00040104_n01694178.JPEG,0.2916913628578186,0.0136419376358389,6.541191577911377,0.27804942522197973
903,ILSVRC2012_val_00006204_n04584207.JPEG,ILSVRC2012_val_00000273_n02445715.JPEG,0.3326497972011566,0.0032458023633807,3.9758689403533936,0.32940399483777594
903,ILSVRC2012_val_00026020_n04584207.JPEG,ILSVRC2012_val_00042126_n02643566.JPEG,0.4222795963287353,0.0105146951973438,8.542765617370605,0.41176490113139147
903,ILSVRC2012_val_00002155_n04584207.JPEG,ILSVRC2012_val_00042863_n02992211.JPEG,1.057464838027954,0.0052037509158253,2.631166934967041,1.0522610871121287
904,ILSVRC2012_val_00028315_n04589890.JPEG,ILSVRC2012_val_00038321_n04347754.JPEG,0.0607279501855373,0.0049557471647858,1.007948398590088,0.0557722030207515
904,ILSVRC2012_val_00004889_n04589890.JPEG,ILSVRC2012_val_00004207_n07714990.JPEG,0.2887001931667328,0.0292005036026239,3.1934683322906494,0.2594996895641089
904,ILSVRC2012_val_00039300_n04589890.JPEG,ILSVRC2012_val_00015830_n01532829.JPEG,0.8430903553962708,0.0020409247372299,0.9926273822784424,0.8410494306590408
904,ILSVRC2012_val_00025513_n04589890.JPEG,ILSVRC2012_val_00047021_n02130308.JPEG,1.0373011827468872,0.0212051384150981,5.6066975593566895,1.016096044331789
904,ILSVRC2012_val_00000351_n04589890.JPEG,ILSVRC2012_val_00006220_n02814533.JPEG,2.2748188972473145,0.0178091265261173,4.900106430053711,2.257009770721197
905,ILSVRC2012_val_00029933_n04590129.JPEG,ILSVRC2012_val_00030758_n07749582.JPEG,0.0045487978495657,0.0042904238216578,2.4364378452301025,0.0002583740279079004
905,ILSVRC2012_val_00011244_n04590129.JPEG,ILSVRC2012_val_00033915_n02107574.JPEG,0.3553200364112854,0.0100876977667212,6.865997791290283,0.3452323386445642
905,ILSVRC2012_val_00015581_n04590129.JPEG,ILSVRC2012_val_00025589_n02264363.JPEG,0.9931126236915588,0.0037435467820614,4.980335712432861,0.9893690769094975
905,ILSVRC2012_val_00029185_n04590129.JPEG,ILSVRC2012_val_00024966_n03690938.JPEG,1.8961153030395508,0.0052733607590198,4.1875,1.890841942280531
905,ILSVRC2012_val_00036111_n04590129.JPEG,ILSVRC2012_val_00005452_n04317175.JPEG,2.266364574432373,0.0105840545147657,7.215950489044189,2.2557805199176073
906,ILSVRC2012_val_00045863_n04591157.JPEG,ILSVRC2012_val_00002314_n03445777.JPEG,0.6382173299789429,0.0335680805146694,4.280511856079102,0.6046492494642735
906,ILSVRC2012_val_00008047_n04591157.JPEG,ILSVRC2012_val_00007481_n03891332.JPEG,0.9255014061927797,0.0059830611571669,6.628952026367188,0.9195183450356128
906,ILSVRC2012_val_00021972_n04591157.JPEG,ILSVRC2012_val_00017629_n04332243.JPEG,1.495206356048584,0.014606449753046,10.16802978515625,1.480599906295538
906,ILSVRC2012_val_00035334_n04591157.JPEG,ILSVRC2012_val_00023521_n04040759.JPEG,1.7877557277679443,0.003408933058381,1.7877557277679443,1.7843467947095633
906,ILSVRC2012_val_00001181_n04591157.JPEG,ILSVRC2012_val_00026931_n03424325.JPEG,1.809575438499451,0.0041337287984788,4.3546013832092285,1.805441709700972
907,ILSVRC2012_val_00043394_n04591713.JPEG,ILSVRC2012_val_00031297_n02119022.JPEG,0.1348233968019485,0.0287796761840581,6.203541278839111,0.10604372061789039
907,ILSVRC2012_val_00039811_n04591713.JPEG,ILSVRC2012_val_00018149_n02190166.JPEG,0.2756494879722595,0.0119573958218097,9.259414672851562,0.2636920921504498
907,ILSVRC2012_val_00019274_n04591713.JPEG,ILSVRC2012_val_00029100_n04579145.JPEG,1.1178767681121826,0.0053114253096282,2.504051685333252,1.1125653428025544
907,ILSVRC2012_val_00013247_n04591713.JPEG,ILSVRC2012_val_00021484_n03127747.JPEG,1.6271215677261353,0.0111275576055049,4.811941146850586,1.6159940101206303
907,ILSVRC2012_val_00013247_n04591713.JPEG,ILSVRC2012_val_00000558_n02910353.JPEG,1.6271215677261353,0.0076077729463577,2.0356264114379883,1.6195137947797775
908,ILSVRC2012_val_00017349_n04592741.JPEG,ILSVRC2012_val_00037262_n01695060.JPEG,0.0732602998614311,0.0158659890294075,3.981199979782105,0.05739431083202359
908,ILSVRC2012_val_00017349_n04592741.JPEG,ILSVRC2012_val_00043705_n02165105.JPEG,0.0732602998614311,0.0106997611001133,3.799672365188599,0.0625605387613178
908,ILSVRC2012_val_00026026_n04592741.JPEG,ILSVRC2012_val_00049620_n03109150.JPEG,0.0929523929953575,0.0025533000007271,2.6790387630462646,0.0903990929946304
908,ILSVRC2012_val_00019627_n04592741.JPEG,ILSVRC2012_val_00031303_n03476991.JPEG,1.0708659887313845,0.175096109509468,9.416516304016112,0.8957698792219165
908,ILSVRC2012_val_00037222_n04592741.JPEG,ILSVRC2012_val_00014583_n03131574.JPEG,1.3161640167236328,0.0046889353543519,7.273846626281738,1.3114750813692808
909,ILSVRC2012_val_00014298_n04596742.JPEG,ILSVRC2012_val_00021051_n02110063.JPEG,0.1097378805279731,0.0225964970886707,6.583093643188477,0.0871413834393024
909,ILSVRC2012_val_00023337_n04596742.JPEG,ILSVRC2012_val_00035405_n01491361.JPEG,0.4401218295097351,0.002698948374018,4.910583972930908,0.4374228811357171
909,ILSVRC2012_val_00014677_n04596742.JPEG,ILSVRC2012_val_00039962_n02025239.JPEG,0.984963834285736,0.0151781821623444,5.752382278442383,0.9697856521233916
909,ILSVRC2012_val_00047482_n04596742.JPEG,ILSVRC2012_val_00044090_n03085013.JPEG,1.07807195186615,0.0205381624400615,7.748265266418457,1.0575337894260883
909,ILSVRC2012_val_00003240_n04596742.JPEG,ILSVRC2012_val_00038941_n03125729.JPEG,1.2732120752334597,0.0041499929502606,5.181219100952148,1.269062082283199
910,ILSVRC2012_val_00041670_n04597913.JPEG,ILSVRC2012_val_00031789_n03785016.JPEG,0.0318960137665271,0.0038665786851197,6.710607528686523,0.0280294350814074
910,ILSVRC2012_val_00041670_n04597913.JPEG,ILSVRC2012_val_00049080_n07716358.JPEG,0.0318960137665271,0.0007398966699838,0.97177255153656,0.031156117096543298
910,ILSVRC2012_val_00041290_n04597913.JPEG,ILSVRC2012_val_00011977_n02417914.JPEG,0.0402703136205673,0.0020429471042007,6.88109302520752,0.0382273665163666
910,ILSVRC2012_val_00021930_n04597913.JPEG,ILSVRC2012_val_00044432_n03141823.JPEG,0.2204826027154922,0.0010064542293548,4.317969799041748,0.2194761484861374
910,ILSVRC2012_val_00007881_n04597913.JPEG,ILSVRC2012_val_00031487_n04592741.JPEG,1.6319056749343872,0.0023626766633242,4.775608062744141,1.629542998271063
911,ILSVRC2012_val_00001208_n04599235.JPEG,ILSVRC2012_val_00025312_n02487347.JPEG,1.7371158599853516,0.0202189367264509,7.603073596954346,1.7168969232589006
911,ILSVRC2012_val_00001208_n04599235.JPEG,ILSVRC2012_val_00048303_n03394916.JPEG,1.7371158599853516,0.0116147967055439,7.523101329803467,1.7255010632798076
911,ILSVRC2012_val_00028150_n04599235.JPEG,ILSVRC2012_val_00012582_n07753275.JPEG,3.081555128097534,0.01536978315562,6.315701007843018,3.066185344941914
911,ILSVRC2012_val_00015838_n04599235.JPEG,ILSVRC2012_val_00030795_n02177972.JPEG,3.6501173973083496,0.0034696399234235,4.78179931640625,3.646647757384926
911,ILSVRC2012_val_00032340_n04599235.JPEG,ILSVRC2012_val_00006726_n03000684.JPEG,4.474457740783691,0.0085075572133064,7.877819538116455,4.465950183570385
912,ILSVRC2012_val_00015677_n04604644.JPEG,ILSVRC2012_val_00005930_n02206856.JPEG,0.000494000443723,0.000485183292767,3.5281178951263428,8.817150956000027e-06
912,ILSVRC2012_val_00012751_n04604644.JPEG,ILSVRC2012_val_00005090_n02488291.JPEG,0.0004060635983478,0.0008444795385003,5.5682244300842285,0.0004384159401525
912,ILSVRC2012_val_00006623_n04604644.JPEG,ILSVRC2012_val_00037754_n07718472.JPEG,0.0071330172941088,0.0044881566427648,5.614521026611328,0.002644860651344
912,ILSVRC2012_val_00043217_n04604644.JPEG,ILSVRC2012_val_00027519_n01622779.JPEG,0.1278338879346847,0.1120980530977249,8.597981452941895,0.015735834836959797
912,ILSVRC2012_val_00036475_n04604644.JPEG,ILSVRC2012_val_00014377_n03208938.JPEG,0.1682432889938354,0.098755694925785,8.579575538635254,0.0694875940680504
913,ILSVRC2012_val_00037254_n04606251.JPEG,ILSVRC2012_val_00046252_n01440764.JPEG,0.0026949062012135,0.0013423488708212,3.8897409439086914,0.0013525573303922998
913,ILSVRC2012_val_00040924_n04606251.JPEG,ILSVRC2012_val_00034744_n02113978.JPEG,0.2159993946552276,0.0020534161012619,2.967542886734009,0.21394597855396572
913,ILSVRC2012_val_00047076_n04606251.JPEG,ILSVRC2012_val_00003825_n03710637.JPEG,0.4033539891242981,0.0571145564317703,6.950690746307373,0.34623943269252777
913,ILSVRC2012_val_00028404_n04606251.JPEG,ILSVRC2012_val_00030917_n02704792.JPEG,0.7214815020561218,0.0004861365014221,4.495604038238525,0.7209953655546997
913,ILSVRC2012_val_00045100_n04606251.JPEG,ILSVRC2012_val_00029700_n02086240.JPEG,1.204461932182312,0.0032927363645285,4.107545852661133,1.2011691958177835
914,ILSVRC2012_val_00040974_n04612504.JPEG,ILSVRC2012_val_00032929_n04067472.JPEG,0.5991142988204956,0.2222714126110077,6.328920841217041,0.3768428862094879
914,ILSVRC2012_val_00040974_n04612504.JPEG,ILSVRC2012_val_00042339_n02107908.JPEG,0.5991142988204956,0.0212191436439752,8.242125511169434,0.5778951551765205
914,ILSVRC2012_val_00023020_n04612504.JPEG,ILSVRC2012_val_00047525_n02488702.JPEG,1.0416985750198364,0.0179458949714899,7.094939231872559,1.0237526800483465
914,ILSVRC2012_val_00023020_n04612504.JPEG,ILSVRC2012_val_00018444_n03929855.JPEG,1.0416985750198364,0.0069033685140311,3.6717875003814697,1.0347952065058053
914,ILSVRC2012_val_00020544_n04612504.JPEG,ILSVRC2012_val_00014255_n12985857.JPEG,1.0910614728927612,0.0134597681462764,7.782973289489746,1.0776017047464848
915,ILSVRC2012_val_00000460_n04613696.JPEG,ILSVRC2012_val_00023894_n03208938.JPEG,0.0010762381134554,0.0010288427583873,5.255382537841797,4.739535506809991e-05
915,ILSVRC2012_val_00000460_n04613696.JPEG,ILSVRC2012_val_00045656_n01632777.JPEG,0.0010762381134554,0.000961675599683,2.3231916427612305,0.00011456251377239997
915,ILSVRC2012_val_00008571_n04613696.JPEG,ILSVRC2012_val_00026600_n01773797.JPEG,0.0154283596202731,0.0094900205731391,7.330671310424805,0.005938339047133999
915,ILSVRC2012_val_00038908_n04613696.JPEG,ILSVRC2012_val_00011754_n02086240.JPEG,0.019146392121911,0.0023727854713797,5.371823310852051,0.0167736066505313
915,ILSVRC2012_val_00038908_n04613696.JPEG,ILSVRC2012_val_00034764_n02264363.JPEG,0.019146392121911,0.0005671561229974,3.4443650245666504,0.0185792359989136
916,ILSVRC2012_val_00001396_n06359193.JPEG,ILSVRC2012_val_00019928_n03623198.JPEG,0.0029728286899626,0.0028254371136426,3.482163429260254,0.00014739157631999972
916,ILSVRC2012_val_00042921_n06359193.JPEG,ILSVRC2012_val_00023986_n01494475.JPEG,0.0076065897010266,0.0055545987561345,2.080550193786621,0.0020519909448921004
916,ILSVRC2012_val_00026544_n06359193.JPEG,ILSVRC2012_val_00026837_n04443257.JPEG,0.0124355182051658,0.0013210388133302,2.2692201137542725,0.0111144793918356
916,ILSVRC2012_val_00013443_n06359193.JPEG,ILSVRC2012_val_00001242_n03089624.JPEG,0.0323569700121879,0.0058839921839535,3.0794661045074463,0.026472977828234403
916,ILSVRC2012_val_00022114_n06359193.JPEG,ILSVRC2012_val_00036068_n01753488.JPEG,0.4629842340946197,0.04940652474761,7.540096759796143,0.4135777093470097
917,ILSVRC2012_val_00047158_n06596364.JPEG,ILSVRC2012_val_00030556_n04355933.JPEG,0.2036128789186477,0.0135212792083621,2.506801128387451,0.1900915997102856
917,ILSVRC2012_val_00037140_n06596364.JPEG,ILSVRC2012_val_00032178_n03095699.JPEG,0.5052900314331055,0.0077170813456177,5.789208889007568,0.49757295008748775
917,ILSVRC2012_val_00007624_n06596364.JPEG,ILSVRC2012_val_00029483_n02859443.JPEG,0.647802472114563,0.0410217493772506,4.592001914978027,0.6067807227373124
917,ILSVRC2012_val_00009053_n06596364.JPEG,ILSVRC2012_val_00046772_n04192698.JPEG,0.7188825607299805,0.0216333661228418,5.967018127441406,0.6972491946071386
917,ILSVRC2012_val_00011310_n06596364.JPEG,ILSVRC2012_val_00034590_n02443484.JPEG,1.561556100845337,0.0175255741924047,8.788257598876953,1.5440305266529322
918,ILSVRC2012_val_00023037_n06785654.JPEG,ILSVRC2012_val_00008235_n02791270.JPEG,7.617183291586116e-05,7.581423415103927e-05,6.506718635559082,3.57598764821887e-07
918,ILSVRC2012_val_00015949_n06785654.JPEG,ILSVRC2012_val_00003353_n01773797.JPEG,0.0006082591717131,0.0005812147865071,5.96040678024292,2.7044385205999958e-05
918,ILSVRC2012_val_00029344_n06785654.JPEG,ILSVRC2012_val_00038687_n02782093.JPEG,0.0009745377465151,0.0008904544520191,4.5132341384887695,8.408329449599995e-05
918,ILSVRC2012_val_00029344_n06785654.JPEG,ILSVRC2012_val_00026854_n02100583.JPEG,0.0009745377465151,0.0008655615965835,1.898151159286499,0.00010897614993160001
918,ILSVRC2012_val_00045918_n06785654.JPEG,ILSVRC2012_val_00011589_n02280649.JPEG,0.7947717308998108,0.0014019908849149,4.570219039916992,0.7933697400148959
919,ILSVRC2012_val_00019897_n06794110.JPEG,ILSVRC2012_val_00036225_n01795545.JPEG,0.200531393289566,0.0461113639175891,5.149003505706787,0.1544200293719769
919,ILSVRC2012_val_00019897_n06794110.JPEG,ILSVRC2012_val_00026440_n07579787.JPEG,0.200531393289566,0.014189071021974,3.321249961853028,0.186342322267592
919,ILSVRC2012_val_00020350_n06794110.JPEG,ILSVRC2012_val_00023435_n02099601.JPEG,0.6373500227928162,0.0582384876906871,6.908047676086426,0.5791115351021291
919,ILSVRC2012_val_00020350_n06794110.JPEG,ILSVRC2012_val_00033308_n02098413.JPEG,0.6373500227928162,0.0182134080678224,6.207902431488037,0.6191366147249937
919,ILSVRC2012_val_00020350_n06794110.JPEG,ILSVRC2012_val_00043435_n02835271.JPEG,0.6373500227928162,0.0047437506727874,2.9933383464813232,0.6326062721200287
920,ILSVRC2012_val_00022510_n06874185.JPEG,ILSVRC2012_val_00004252_n04517823.JPEG,0.0054320115596055,0.0013910388806834,6.961953163146973,0.004040972678922099
920,ILSVRC2012_val_00031519_n06874185.JPEG,ILSVRC2012_val_00012975_n02123045.JPEG,0.0407467670738697,0.0115550532937049,5.444313049316406,0.0291917137801648
920,ILSVRC2012_val_00031519_n06874185.JPEG,ILSVRC2012_val_00027006_n02783161.JPEG,0.0407467670738697,0.0069596017710864,8.810380935668945,0.0337871653027833
920,ILSVRC2012_val_00048314_n06874185.JPEG,ILSVRC2012_val_00029202_n04154565.JPEG,0.0504277348518371,0.0006360176485031,6.384139060974121,0.049791717203334
920,ILSVRC2012_val_00023841_n06874185.JPEG,ILSVRC2012_val_00000859_n03788365.JPEG,0.3075661361217499,0.004459555260837,4.812340259552002,0.30310658086091286
921,ILSVRC2012_val_00021443_n07248320.JPEG,ILSVRC2012_val_00045833_n11939491.JPEG,0.7039350271224976,0.0210087001323699,3.6197915077209473,0.6829263269901277
921,ILSVRC2012_val_00021443_n07248320.JPEG,ILSVRC2012_val_00008110_n03873416.JPEG,0.7039350271224976,0.0124116176739335,3.4027624130249023,0.691523409448564
921,ILSVRC2012_val_00021443_n07248320.JPEG,ILSVRC2012_val_00032600_n02951358.JPEG,0.7039350271224976,0.007489223498851,4.533033847808838,0.6964458036236466
921,ILSVRC2012_val_00021443_n07248320.JPEG,ILSVRC2012_val_00025477_n03995372.JPEG,0.7039350271224976,0.0034606112167239,2.1093969345092773,0.7004744159057736
921,ILSVRC2012_val_00007521_n07248320.JPEG,ILSVRC2012_val_00020668_n02447366.JPEG,1.974012851715088,0.0101207410916686,4.175220489501953,1.9638921106234193
922,ILSVRC2012_val_00049622_n07565083.JPEG,ILSVRC2012_val_00038147_n04067472.JPEG,0.00342259532772,0.0031194856856018,5.229185581207275,0.00030310964211819995
922,ILSVRC2012_val_00010366_n07565083.JPEG,ILSVRC2012_val_00011007_n02865351.JPEG,0.0278623662889003,0.0039553991518914,1.269031047821045,0.0239069671370089
922,ILSVRC2012_val_00010366_n07565083.JPEG,ILSVRC2012_val_00007745_n03075370.JPEG,0.0278623662889003,0.0021873614750802,4.037555694580078,0.0256750048138201
922,ILSVRC2012_val_00010527_n07565083.JPEG,ILSVRC2012_val_00046331_n03065424.JPEG,0.345733493566513,0.2754563689231872,7.025192737579346,0.0702771246433258
922,ILSVRC2012_val_00048976_n07565083.JPEG,ILSVRC2012_val_00017117_n02105056.JPEG,0.0973767787218093,0.0049840970896184,0.8759987354278564,0.0923926816321909
923,ILSVRC2012_val_00033117_n07579787.JPEG,ILSVRC2012_val_00025081_n04409515.JPEG,0.4016293883323669,0.0273393671959638,5.058111190795898,0.3742900211364031
923,ILSVRC2012_val_00033117_n07579787.JPEG,ILSVRC2012_val_00041585_n03976467.JPEG,0.4016293883323669,0.0210771020501852,2.892879009246826,0.3805522862821817
923,ILSVRC2012_val_00014581_n07579787.JPEG,ILSVRC2012_val_00031596_n01728920.JPEG,1.0188238620758057,0.0115267718210816,5.525906085968018,1.007297090254724
923,ILSVRC2012_val_00014581_n07579787.JPEG,ILSVRC2012_val_00021609_n02840245.JPEG,1.0188238620758057,0.0071765733882784,4.68074893951416,1.0116472886875272
923,ILSVRC2012_val_00023009_n07579787.JPEG,ILSVRC2012_val_00002643_n03902125.JPEG,2.7507753372192383,0.0535993613302707,5.695918083190918,2.6971759758889675
924,ILSVRC2012_val_00001785_n07583066.JPEG,ILSVRC2012_val_00016210_n07717410.JPEG,0.0073061659932136,0.0007396584260277,1.1195988655090332,0.0065665075671859
924,ILSVRC2012_val_00024611_n07583066.JPEG,ILSVRC2012_val_00031292_n06874185.JPEG,0.0509158000349998,0.0408876426517963,7.2104339599609375,0.0100281573832035
924,ILSVRC2012_val_00028461_n07583066.JPEG,ILSVRC2012_val_00037040_n04356056.JPEG,0.0699431225657463,0.0583891794085502,6.066519260406494,0.011553943157196093
924,ILSVRC2012_val_00015678_n07583066.JPEG,ILSVRC2012_val_00027341_n03825788.JPEG,0.2629232704639435,0.0043050236999988,5.127671241760254,0.2586182467639447
924,ILSVRC2012_val_00040141_n07583066.JPEG,ILSVRC2012_val_00015154_n01768244.JPEG,0.3806056678295135,0.0022092477884143,6.579391002655029,0.3783964200410992
925,ILSVRC2012_val_00002605_n07584110.JPEG,ILSVRC2012_val_00039526_n04070727.JPEG,0.1419972330331802,0.0093626007437706,4.857928276062012,0.1326346322894096
925,ILSVRC2012_val_00002605_n07584110.JPEG,ILSVRC2012_val_00002871_n03249569.JPEG,0.1419972330331802,0.0069328472018241,3.2187178134918213,0.1350643858313561
925,ILSVRC2012_val_00002605_n07584110.JPEG,ILSVRC2012_val_00016623_n01833805.JPEG,0.1419972330331802,0.0023531622719019,0.1719297617673874,0.1396440707612783
925,ILSVRC2012_val_00011392_n07584110.JPEG,ILSVRC2012_val_00032725_n02091467.JPEG,1.4001303911209106,0.0271361246705055,7.702076435089111,1.3729942664504051
925,ILSVRC2012_val_00020385_n07584110.JPEG,ILSVRC2012_val_00000702_n03933933.JPEG,2.085058212280273,0.0136695718392729,4.273724555969238,2.071388640441
926,ILSVRC2012_val_00041062_n07590611.JPEG,ILSVRC2012_val_00023491_n04590129.JPEG,0.3237982094287872,0.2122113704681396,6.879950046539307,0.11158683896064758
926,ILSVRC2012_val_00024997_n07590611.JPEG,ILSVRC2012_val_00012263_n02690373.JPEG,0.4371636509895324,0.0393995903432369,8.949956893920898,0.3977640606462955
926,ILSVRC2012_val_00024997_n07590611.JPEG,ILSVRC2012_val_00003492_n07836838.JPEG,0.4371636509895324,0.0020507988519966,2.1700830459594727,0.4351128521375358
926,ILSVRC2012_val_00038936_n07590611.JPEG,ILSVRC2012_val_00033577_n02098413.JPEG,0.8548781275749207,0.0730823576450347,6.288484573364258,0.781795769929886
926,ILSVRC2012_val_00038847_n07590611.JPEG,ILSVRC2012_val_00009483_n02883205.JPEG,1.2650312185287476,0.3496885895729065,7.031810283660889,0.9153426289558411
927,ILSVRC2012_val_00026853_n07613480.JPEG,ILSVRC2012_val_00044631_n04141975.JPEG,0.0023985921870917,0.0008357845945283,1.106571912765503,0.0015628075925634
927,ILSVRC2012_val_00000928_n07613480.JPEG,ILSVRC2012_val_00026920_n04462240.JPEG,0.0085245771333575,0.0026878917124122,2.365358591079712,0.005836685420945301
927,ILSVRC2012_val_00022382_n07613480.JPEG,ILSVRC2012_val_00032141_n01817953.JPEG,0.0085427798330783,0.0015764916315674,4.258749961853027,0.006966288201510899
927,ILSVRC2012_val_00009809_n07613480.JPEG,ILSVRC2012_val_00027813_n02834397.JPEG,0.0268465019762516,0.0008026715368032,0.4947141110897064,0.026043830439448398
927,ILSVRC2012_val_00042963_n07613480.JPEG,ILSVRC2012_val_00018333_n02483708.JPEG,0.1607913672924041,0.0056548858992755,4.586250305175781,0.15513648139312858
928,ILSVRC2012_val_00038852_n07614500.JPEG,ILSVRC2012_val_00006428_n03126707.JPEG,0.0396354161202907,0.0122533636167645,6.175877571105957,0.0273820525035262
928,ILSVRC2012_val_00001415_n07614500.JPEG,ILSVRC2012_val_00018342_n04467665.JPEG,0.3284745812416076,0.0061092539690434,3.0491747856140137,0.32236532727256423
928,ILSVRC2012_val_00009969_n07614500.JPEG,ILSVRC2012_val_00006897_n03134739.JPEG,1.065173864364624,0.004159371368587,4.366113662719727,1.061014492996037
928,ILSVRC2012_val_00049832_n07614500.JPEG,ILSVRC2012_val_00009862_n02106166.JPEG,1.8324434757232664,0.003181517124176,2.277638912200928,1.8292619585990904
928,ILSVRC2012_val_00049832_n07614500.JPEG,ILSVRC2012_val_00031524_n02264363.JPEG,1.8324434757232664,0.0023432911839336,3.3100802898406982,1.8301001845393328
929,ILSVRC2012_val_00048328_n07615774.JPEG,ILSVRC2012_val_00032944_n04285008.JPEG,0.0148137817159295,0.0124986227601766,6.477491855621338,0.0023151589557529
929,ILSVRC2012_val_00033375_n07615774.JPEG,ILSVRC2012_val_00039187_n03627232.JPEG,0.0366662219166755,0.0022123402450233,6.40910005569458,0.0344538816716522
929,ILSVRC2012_val_00024443_n07615774.JPEG,ILSVRC2012_val_00015236_n02417914.JPEG,0.9343133568763732,0.002709767082706,5.716515064239502,0.9316035897936672
929,ILSVRC2012_val_00024443_n07615774.JPEG,ILSVRC2012_val_00022592_n03223299.JPEG,0.9343133568763732,0.0010244365548714,6.04247522354126,0.9332889203215018
929,ILSVRC2012_val_00031657_n07615774.JPEG,ILSVRC2012_val_00011801_n03929855.JPEG,1.1911280155181885,0.0038307157810777,9.178342819213867,1.1872972997371107
930,ILSVRC2012_val_00048399_n07684084.JPEG,ILSVRC2012_val_00038557_n01592084.JPEG,0.099062904715538,0.052909217774868,5.844447612762451,0.04615368694067
930,ILSVRC2012_val_00043611_n07684084.JPEG,ILSVRC2012_val_00026741_n04273569.JPEG,0.3507145047187805,0.0362532399594783,5.657484531402588,0.3144612647593022
930,ILSVRC2012_val_00045653_n07684084.JPEG,ILSVRC2012_val_00004352_n04141327.JPEG,0.3306067287921905,0.0016192194307222,3.2578368186950684,0.3289875093614683
930,ILSVRC2012_val_00006967_n07684084.JPEG,ILSVRC2012_val_00017135_n04335435.JPEG,0.382735401391983,0.0109940972179174,7.526281356811523,0.3717413041740656
930,ILSVRC2012_val_00042395_n07684084.JPEG,ILSVRC2012_val_00010822_n03877472.JPEG,0.6004294753074646,0.009530403651297,6.880157470703125,0.5908990716561676
931,ILSVRC2012_val_00033939_n07693725.JPEG,ILSVRC2012_val_00036979_n03016953.JPEG,0.0167288351804018,0.004905569832772,5.0015153884887695,0.0118232653476298
931,ILSVRC2012_val_00022802_n07693725.JPEG,ILSVRC2012_val_00030554_n03482405.JPEG,0.0552069023251533,0.0091064125299453,4.653975963592529,0.046100489795208005
931,ILSVRC2012_val_00032119_n07693725.JPEG,ILSVRC2012_val_00049090_n01518878.JPEG,0.0663001239299774,0.0054173097014427,6.681296348571777,0.060882814228534705
931,ILSVRC2012_val_00028873_n07693725.JPEG,ILSVRC2012_val_00012552_n03250847.JPEG,0.0767525508999824,0.0044542145915329,8.12070369720459,0.07229833630844949
931,ILSVRC2012_val_00005619_n07693725.JPEG,ILSVRC2012_val_00002274_n03942813.JPEG,0.7244164943695068,0.0098973251879215,6.405989170074463,0.7145191691815853
932,ILSVRC2012_val_00024522_n07695742.JPEG,ILSVRC2012_val_00000568_n04228054.JPEG,0.0331607349216938,0.0077483104541897,7.0216569900512695,0.0254124244675041
932,ILSVRC2012_val_00024522_n07695742.JPEG,ILSVRC2012_val_00022935_n01629819.JPEG,0.0331607349216938,0.0047419709153473,8.135186195373535,0.028418764006346502
932,ILSVRC2012_val_00019823_n07695742.JPEG,ILSVRC2012_val_00019073_n01829413.JPEG,0.431837648153305,0.0013659204123541,5.5975518226623535,0.4304717277409509
932,ILSVRC2012_val_00018194_n07695742.JPEG,ILSVRC2012_val_00039962_n02025239.JPEG,1.3211050033569336,0.0371624268591403,7.040637016296387,1.2839425764977932
932,ILSVRC2012_val_00008100_n07695742.JPEG,ILSVRC2012_val_00024996_n02916936.JPEG,4.249319553375244,0.0011863820254802,5.633821487426758,4.248133171349764
933,ILSVRC2012_val_00038724_n07697313.JPEG,ILSVRC2012_val_00009837_n03259280.JPEG,0.027945602312684,0.0023384150117635,2.099373817443848,0.0256071873009205
933,ILSVRC2012_val_00038724_n07697313.JPEG,ILSVRC2012_val_00046303_n07873807.JPEG,0.027945602312684,0.0007119028596207,1.81381094455719,0.0272336994530633
933,ILSVRC2012_val_00035256_n07697313.JPEG,ILSVRC2012_val_00043138_n01798484.JPEG,0.2265939861536026,0.0035693051759153,4.680085182189941,0.2230246809776873
933,ILSVRC2012_val_00043140_n07697313.JPEG,ILSVRC2012_val_00044022_n03929660.JPEG,0.2323892712593078,0.0021046886686235,6.223944187164307,0.2302845825906843
933,ILSVRC2012_val_00008200_n07697313.JPEG,ILSVRC2012_val_00031659_n02666196.JPEG,0.3449769616127014,0.0296238157898187,4.789303779602051,0.3153531458228827
934,ILSVRC2012_val_00024032_n07697537.JPEG,ILSVRC2012_val_00030081_n02389026.JPEG,0.048450369387865,0.0055132242850959,7.534018039703369,0.042937145102769095
934,ILSVRC2012_val_00003908_n07697537.JPEG,ILSVRC2012_val_00026214_n02106550.JPEG,0.2795159518718719,0.0090256091207265,6.5026936531066895,0.2704903427511454
934,ILSVRC2012_val_00003908_n07697537.JPEG,ILSVRC2012_val_00006504_n04376876.JPEG,0.2795159518718719,0.0040230778977274,4.860530853271484,0.2754928739741445
934,ILSVRC2012_val_00044831_n07697537.JPEG,ILSVRC2012_val_00001688_n09246464.JPEG,0.3757305145263672,0.003193162381649,4.331694602966309,0.37253735214471817
934,ILSVRC2012_val_00000309_n07697537.JPEG,ILSVRC2012_val_00049172_n03782006.JPEG,0.4610189199447632,0.0039599114097654,4.5373854637146,0.45705900853499776
935,ILSVRC2012_val_00013227_n07711569.JPEG,ILSVRC2012_val_00019390_n02835271.JPEG,0.0441597700119018,0.0348069705069065,8.758238792419434,0.009352799504995297
935,ILSVRC2012_val_00016546_n07711569.JPEG,ILSVRC2012_val_00011279_n03983396.JPEG,0.2325234413146972,0.0051552462391555,6.971988201141357,0.2273681950755417
935,ILSVRC2012_val_00043265_n07711569.JPEG,ILSVRC2012_val_00005299_n03065424.JPEG,1.2568355798721311,0.0462303161621093,7.430124759674072,1.2106052637100218
935,ILSVRC2012_val_00043265_n07711569.JPEG,ILSVRC2012_val_00034911_n03498962.JPEG,1.2568355798721311,0.0178843047469854,7.353299617767334,1.2389512751251457
935,ILSVRC2012_val_00022599_n07711569.JPEG,ILSVRC2012_val_00010046_n02097209.JPEG,4.120208740234375,0.3113695085048675,7.907278060913086,3.8088392317295074
936,ILSVRC2012_val_00037934_n07714571.JPEG,ILSVRC2012_val_00028924_n01930112.JPEG,0.0067644882947206,0.0025669739115983,4.854881286621094,0.004197514383122301
936,ILSVRC2012_val_00001826_n07714571.JPEG,ILSVRC2012_val_00044982_n04604644.JPEG,0.0099545707926154,0.0025195302441716,3.5973615646362305,0.0074350405484437995
936,ILSVRC2012_val_00026463_n07714571.JPEG,ILSVRC2012_val_00037455_n02099601.JPEG,0.0731434077024459,0.0063823205418884,6.876436710357666,0.0667610871605575
936,ILSVRC2012_val_00045744_n07714571.JPEG,ILSVRC2012_val_00018975_n02835271.JPEG,0.2427246421575546,0.0204409919679164,7.275156021118164,0.2222836501896382
936,ILSVRC2012_val_00024224_n07714571.JPEG,ILSVRC2012_val_00023128_n01608432.JPEG,3.8303611278533936,0.0011861439561471,4.283930778503418,3.8291749838972464
937,ILSVRC2012_val_00023008_n07714990.JPEG,ILSVRC2012_val_00030609_n02423022.JPEG,0.0018987499643117,0.0012886562617495,6.74775505065918,0.0006100937025622002
937,ILSVRC2012_val_00028003_n07714990.JPEG,ILSVRC2012_val_00019253_n07745940.JPEG,0.0071565709076821,0.0021584564819931,6.640146732330322,0.004998114425688999
937,ILSVRC2012_val_00004207_n07714990.JPEG,ILSVRC2012_val_00023323_n03977966.JPEG,0.0189831182360649,0.0052504744380712,6.847344398498535,0.013732643797993702
937,ILSVRC2012_val_00004207_n07714990.JPEG,ILSVRC2012_val_00016634_n02236044.JPEG,0.0189831182360649,0.001192930736579,4.299711227416992,0.0177901874994859
937,ILSVRC2012_val_00004207_n07714990.JPEG,ILSVRC2012_val_00000625_n02165456.JPEG,0.0189831182360649,0.0009809688199311,0.7940884232521057,0.0180021494161338
938,ILSVRC2012_val_00028796_n07715103.JPEG,ILSVRC2012_val_00027403_n07871810.JPEG,0.0002338612830499,0.0002298090985277,2.306549310684204,4.052184522200004e-06
938,ILSVRC2012_val_00015218_n07715103.JPEG,ILSVRC2012_val_00010502_n07768694.JPEG,0.0009396428358741,0.0009028411004692,2.257985115051269,3.6801735404900105e-05
938,ILSVRC2012_val_00044712_n07715103.JPEG,ILSVRC2012_val_00031320_n02817516.JPEG,0.0036372474860399,0.0035640785936266,6.68047571182251,7.31688924132997e-05
938,ILSVRC2012_val_00042805_n07715103.JPEG,ILSVRC2012_val_00010940_n03733131.JPEG,0.0116283474490046,0.0011431594612076,5.161436080932617,0.010485187987797
938,ILSVRC2012_val_00025272_n07715103.JPEG,ILSVRC2012_val_00017738_n02999410.JPEG,0.0318439379334449,0.0020261728204786,2.593149185180664,0.0298177651129663
939,ILSVRC2012_val_00011259_n07716358.JPEG,ILSVRC2012_val_00016965_n02815834.JPEG,0.0093088643625378,0.0090037528425455,10.568799018859863,0.0003051115199922995
939,ILSVRC2012_val_00017362_n07716358.JPEG,ILSVRC2012_val_00049866_n02408429.JPEG,0.0786491185426712,0.0061707450076937,7.859496116638184,0.0724783735349775
939,ILSVRC2012_val_00017362_n07716358.JPEG,ILSVRC2012_val_00033991_n04090263.JPEG,0.0786491185426712,0.0042487592436373,2.955351591110229,0.07440035929903391
939,ILSVRC2012_val_00040497_n07716358.JPEG,ILSVRC2012_val_00034206_n07753275.JPEG,0.1564612090587616,0.0065141478553414,4.911088466644287,0.1499470612034202
939,ILSVRC2012_val_00033681_n07716358.JPEG,ILSVRC2012_val_00006161_n02490219.JPEG,0.917641282081604,0.0103222792968153,10.397345542907717,0.9073190027847887
940,ILSVRC2012_val_00022678_n07716906.JPEG,ILSVRC2012_val_00023751_n02894605.JPEG,0.4627319574356079,0.0081149395555257,6.480395793914795,0.4546170178800822
940,ILSVRC2012_val_00043959_n07716906.JPEG,ILSVRC2012_val_00027819_n02437312.JPEG,0.6558464765548706,0.0041834702715277,5.776859283447266,0.651663006283343
940,ILSVRC2012_val_00013692_n07716906.JPEG,ILSVRC2012_val_00011338_n11879895.JPEG,0.9672693014144896,0.0052759698592126,5.951255798339844,0.961993331555277
940,ILSVRC2012_val_00013692_n07716906.JPEG,ILSVRC2012_val_00048970_n04133789.JPEG,0.9672693014144896,0.00198310543783,5.299182891845703,0.9652861959766597
940,ILSVRC2012_val_00013755_n07716906.JPEG,ILSVRC2012_val_00009503_n02119789.JPEG,1.138325810432434,0.0019249258330091,6.171176433563232,1.136400884599425
941,ILSVRC2012_val_00042453_n07717410.JPEG,ILSVRC2012_val_00021180_n04344873.JPEG,0.0003929558151867,0.0003908108919858,3.4537007808685303,2.1449232008999893e-06
941,ILSVRC2012_val_00042453_n07717410.JPEG,ILSVRC2012_val_00028985_n02099429.JPEG,0.0003929558151867,0.0004366874636616,8.427947998046875,4.3731648474900004e-05
941,ILSVRC2012_val_00027369_n07717410.JPEG,ILSVRC2012_val_00012353_n02129165.JPEG,0.0196921583265066,0.0099882083013653,7.435320854187012,0.009703950025141302
941,ILSVRC2012_val_00027369_n07717410.JPEG,ILSVRC2012_val_00008853_n04371774.JPEG,0.0196921583265066,0.0035820149350911,7.804815292358398,0.0161101433914155
941,ILSVRC2012_val_00004022_n07717410.JPEG,ILSVRC2012_val_00045583_n02666196.JPEG,0.0646955817937851,0.0119682326912879,5.923423767089844,0.0527273491024972
942,ILSVRC2012_val_00017449_n07717556.JPEG,ILSVRC2012_val_00044956_n04435653.JPEG,0.0307612549513578,0.0283176489174366,9.092232704162598,0.0024436060339212
942,ILSVRC2012_val_00035220_n07717556.JPEG,ILSVRC2012_val_00007162_n04325704.JPEG,0.2682714462280273,0.0018245016690343,4.490142345428467,0.266446944558993
942,ILSVRC2012_val_00021097_n07717556.JPEG,ILSVRC2012_val_00019254_n04552348.JPEG,0.2947713732719421,0.0134879956021904,8.065179824829102,0.2812833776697517
942,ILSVRC2012_val_00049875_n07717556.JPEG,ILSVRC2012_val_00041887_n01692333.JPEG,0.5411776304244995,0.0031540668569505,4.487781524658203,0.538023563567549
942,ILSVRC2012_val_00037287_n07717556.JPEG,ILSVRC2012_val_00001537_n01795545.JPEG,0.6182332038879395,0.0088626826182007,9.292695999145508,0.6093705212697388
943,ILSVRC2012_val_00025145_n07718472.JPEG,ILSVRC2012_val_00045490_n03796401.JPEG,0.0267198830842971,0.016891187056899,3.874658346176148,0.009828696027398099
943,ILSVRC2012_val_00030797_n07718472.JPEG,ILSVRC2012_val_00030921_n02165456.JPEG,0.333494633436203,0.0017490579048171,5.040786266326904,0.3317455755313859
943,ILSVRC2012_val_00000463_n07718472.JPEG,ILSVRC2012_val_00006962_n04090263.JPEG,0.5875155329704285,0.0150247104465961,3.6405727863311768,0.5724908225238323
943,ILSVRC2012_val_00000463_n07718472.JPEG,ILSVRC2012_val_00018783_n04398044.JPEG,0.5875155329704285,0.0149392168968915,5.028106689453125,0.572576316073537
943,ILSVRC2012_val_00000463_n07718472.JPEG,ILSVRC2012_val_00039324_n03920288.JPEG,0.5875155329704285,0.0026383136864751,4.22825813293457,0.5848772192839534
944,ILSVRC2012_val_00047856_n07718747.JPEG,ILSVRC2012_val_00016122_n04296562.JPEG,0.0024930131621658,0.0021509623620659,3.324369192123413,0.00034205080009989995
944,ILSVRC2012_val_00025282_n07718747.JPEG,ILSVRC2012_val_00037249_n03388549.JPEG,0.0154622830450534,0.003798414254561,7.212981224060059,0.011663868790492402
944,ILSVRC2012_val_00043376_n07718747.JPEG,ILSVRC2012_val_00028463_n04467665.JPEG,0.6627535223960876,0.4937169253826141,8.823264122009277,0.16903659701347357
944,ILSVRC2012_val_00008266_n07718747.JPEG,ILSVRC2012_val_00035417_n02112350.JPEG,0.2813826203346252,0.0061610299162566,7.448170185089111,0.2752215904183686
944,ILSVRC2012_val_00043376_n07718747.JPEG,ILSVRC2012_val_00007440_n02326432.JPEG,0.6627535223960876,0.0017343016806989,3.689101696014404,0.6610192207153888
945,ILSVRC2012_val_00019281_n07720875.JPEG,ILSVRC2012_val_00021225_n12768682.JPEG,0.0013741345610469,0.0011457790387794,1.2492717504501345,0.00022835552226750004
945,ILSVRC2012_val_00028373_n07720875.JPEG,ILSVRC2012_val_00033446_n02950826.JPEG,0.0098954364657402,0.0021609545219689,6.852981090545654,0.0077344819437713
945,ILSVRC2012_val_00005981_n07720875.JPEG,ILSVRC2012_val_00040729_n03938244.JPEG,0.0614416413009166,0.0532472282648086,6.57429313659668,0.008194413036108003
945,ILSVRC2012_val_00004918_n07720875.JPEG,ILSVRC2012_val_00048948_n02105162.JPEG,0.1520087122917175,0.0022331557702273,4.200356483459473,0.1497755565214902
945,ILSVRC2012_val_00028969_n07720875.JPEG,ILSVRC2012_val_00041489_n03874293.JPEG,0.3420336842536926,0.0169795621186494,9.344343185424805,0.32505412213504326
946,ILSVRC2012_val_00027223_n07730033.JPEG,ILSVRC2012_val_00029324_n01665541.JPEG,0.0783221200108528,0.0093701584264636,4.766726970672607,0.0689519615843892
946,ILSVRC2012_val_00042427_n07730033.JPEG,ILSVRC2012_val_00031116_n01945685.JPEG,0.1870430409908294,0.0150605272501707,0.8527708649635315,0.1719825137406587
946,ILSVRC2012_val_00046503_n07730033.JPEG,ILSVRC2012_val_00031473_n03976657.JPEG,0.182837039232254,0.0061538028530776,3.962879657745361,0.1766832363791764
946,ILSVRC2012_val_00016921_n07730033.JPEG,ILSVRC2012_val_00023851_n03982430.JPEG,0.7326566576957703,0.0179960094392299,1.6232752799987793,0.7146606482565404
946,ILSVRC2012_val_00016921_n07730033.JPEG,ILSVRC2012_val_00033323_n02389026.JPEG,0.7326566576957703,0.0167448949068784,3.652675628662109,0.7159117627888919
947,ILSVRC2012_val_00040796_n07734744.JPEG,ILSVRC2012_val_00010496_n02906734.JPEG,0.5989154577255249,0.0078294537961483,4.9859700202941895,0.5910860039293766
947,ILSVRC2012_val_00021531_n07734744.JPEG,ILSVRC2012_val_00021029_n03109150.JPEG,1.3697038888931274,0.0198206063359975,7.700297832489014,1.3498832825571299
947,ILSVRC2012_val_00031175_n07734744.JPEG,ILSVRC2012_val_00027919_n03089624.JPEG,1.3784785270690918,0.0122019024565815,9.673038482666016,1.3662766246125102
947,ILSVRC2012_val_00009766_n07734744.JPEG,ILSVRC2012_val_00016466_n07932039.JPEG,1.9546926021575928,0.0133729642257094,8.23420238494873,1.9413196379318833
947,ILSVRC2012_val_00009766_n07734744.JPEG,ILSVRC2012_val_00002127_n02190166.JPEG,1.9546926021575928,0.0117014003917574,4.901012420654297,1.9429912017658353
948,ILSVRC2012_val_00038187_n07742313.JPEG,ILSVRC2012_val_00041871_n02264363.JPEG,0.0008611546363681,0.0007990981102921,0.0097744427621364,6.205652607599993e-05
948,ILSVRC2012_val_00046718_n07742313.JPEG,ILSVRC2012_val_00019480_n02120505.JPEG,0.0563234016299247,0.0389095358550548,6.499299049377441,0.017413865774869898
948,ILSVRC2012_val_00038184_n07742313.JPEG,ILSVRC2012_val_00024447_n02489166.JPEG,0.0432283841073513,0.010564237833023,8.998576164245605,0.0326641462743283
948,ILSVRC2012_val_00046718_n07742313.JPEG,ILSVRC2012_val_00021360_n02101556.JPEG,0.0563234016299247,0.0129522457718849,5.893982887268066,0.0433711558580398
948,ILSVRC2012_val_00046718_n07742313.JPEG,ILSVRC2012_val_00048684_n04350905.JPEG,0.0563234016299247,0.0013316344702616,2.835678100585937,0.0549917671596631
949,ILSVRC2012_val_00042197_n07745940.JPEG,ILSVRC2012_val_00018177_n04553703.JPEG,0.0227788742631673,0.0179354753345251,8.888928413391113,0.0048433989286422
949,ILSVRC2012_val_00012216_n07745940.JPEG,ILSVRC2012_val_00010657_n02092339.JPEG,0.1746851801872253,0.1245815083384513,8.57717514038086,0.050103671848773984
949,ILSVRC2012_val_00012216_n07745940.JPEG,ILSVRC2012_val_00045901_n02089078.JPEG,0.1746851801872253,0.0013996100751683,2.189898729324341,0.17328557011205697
949,ILSVRC2012_val_00032276_n07745940.JPEG,ILSVRC2012_val_00013155_n02108915.JPEG,0.7655239105224609,0.0157364457845687,5.768484115600586,0.7497874647378923
949,ILSVRC2012_val_00032276_n07745940.JPEG,ILSVRC2012_val_00048436_n02112706.JPEG,0.7655239105224609,0.0026507975999265,3.624504804611206,0.7628731129225345
950,ILSVRC2012_val_00014311_n07747607.JPEG,ILSVRC2012_val_00012122_n01806143.JPEG,0.2190519422292709,0.0226982366293668,7.518327713012695,0.19635370559990412
950,ILSVRC2012_val_00001406_n07747607.JPEG,ILSVRC2012_val_00038458_n03141823.JPEG,0.366858422756195,0.0249487683176994,6.771925449371338,0.34190965443849564
950,ILSVRC2012_val_00036854_n07747607.JPEG,ILSVRC2012_val_00011444_n01664065.JPEG,0.7636016011238098,0.0201092325150966,8.236929893493652,0.7434923686087133
950,ILSVRC2012_val_00036854_n07747607.JPEG,ILSVRC2012_val_00045194_n04443257.JPEG,0.7636016011238098,0.0072168139740824,5.17806339263916,0.7563847871497275
950,ILSVRC2012_val_00017016_n07747607.JPEG,ILSVRC2012_val_00032179_n02791270.JPEG,1.1301226615905762,0.0129081169143319,7.011777400970459,1.1172145446762443
951,ILSVRC2012_val_00007458_n07749582.JPEG,ILSVRC2012_val_00048912_n03868242.JPEG,0.0426295176148414,0.0201357547193765,8.732007026672363,0.022493762895464897
951,ILSVRC2012_val_00048264_n07749582.JPEG,ILSVRC2012_val_00007209_n07920052.JPEG,0.0666117817163467,0.0143500734120607,5.0870041847229,0.052261708304286
951,ILSVRC2012_val_00030758_n07749582.JPEG,ILSVRC2012_val_00018991_n02002556.JPEG,0.1334426701068878,0.0545040965080261,9.957270622253418,0.0789385735988617
951,ILSVRC2012_val_00018338_n07749582.JPEG,ILSVRC2012_val_00003504_n02415577.JPEG,0.4277497828006744,0.0092905573546886,4.518185615539551,0.4184592254459858
951,ILSVRC2012_val_00035888_n07749582.JPEG,ILSVRC2012_val_00029597_n02814860.JPEG,1.2633187770843506,0.0679963231086731,5.550843238830566,1.1953224539756775
952,ILSVRC2012_val_00017371_n07753113.JPEG,ILSVRC2012_val_00002761_n03271574.JPEG,0.0227250382304191,0.0036386728752404,7.568190097808838,0.0190863653551787
952,ILSVRC2012_val_00040759_n07753113.JPEG,ILSVRC2012_val_00020345_n02823428.JPEG,0.0242236666381359,0.0038022145163267,5.92597770690918,0.0204214521218092
952,ILSVRC2012_val_00019372_n07753113.JPEG,ILSVRC2012_val_00010033_n04254680.JPEG,0.0731016397476196,0.0024009707849472,3.8511288166046143,0.07070066896267241
952,ILSVRC2012_val_00025158_n07753113.JPEG,ILSVRC2012_val_00022659_n02137549.JPEG,0.0891980156302452,0.004021059256047,3.374642372131348,0.0851769563741982
952,ILSVRC2012_val_00028665_n07753113.JPEG,ILSVRC2012_val_00038807_n03291819.JPEG,0.1795943528413772,0.0021489402279257,6.3962812423706055,0.1774454126134515
953,ILSVRC2012_val_00015406_n07753275.JPEG,ILSVRC2012_val_00045001_n02865351.JPEG,0.0135616175830364,0.0066943899728357,6.817383289337158,0.0068672276102007
953,ILSVRC2012_val_00015406_n07753275.JPEG,ILSVRC2012_val_00000982_n02963159.JPEG,0.0135616175830364,0.0023876512423157,9.980411529541016,0.0111739663407207
953,ILSVRC2012_val_00029522_n07753275.JPEG,ILSVRC2012_val_00021347_n03902125.JPEG,0.0725733935832977,0.0564803518354892,5.858843803405762,0.016093041747808505
953,ILSVRC2012_val_00031767_n07753275.JPEG,ILSVRC2012_val_00048941_n04208210.JPEG,0.1923093795776367,0.001617910224013,4.024319648742676,0.1906914693536237
953,ILSVRC2012_val_00031427_n07753275.JPEG,ILSVRC2012_val_00040069_n02089973.JPEG,0.2767744660377502,0.0076535562984645,7.15993070602417,0.2691209097392857
954,ILSVRC2012_val_00038080_n07753592.JPEG,ILSVRC2012_val_00007520_n02168699.JPEG,0.0004206011071801,0.0004055869649164,4.850215911865234,1.5014142263699995e-05
954,ILSVRC2012_val_00006728_n07753592.JPEG,ILSVRC2012_val_00034489_n07836838.JPEG,0.0757761225104332,0.0067946813069283,7.293740749359131,0.0689814412035049
954,ILSVRC2012_val_00026836_n07753592.JPEG,ILSVRC2012_val_00006947_n02102177.JPEG,0.1941731125116348,0.0146986674517393,8.20814323425293,0.1794744450598955
954,ILSVRC2012_val_00026836_n07753592.JPEG,ILSVRC2012_val_00002516_n02108422.JPEG,0.1941731125116348,0.000518187705893,6.331264019012451,0.1936549248057418
954,ILSVRC2012_val_00012444_n07753592.JPEG,ILSVRC2012_val_00027327_n04330267.JPEG,0.3286182582378387,0.0012749646557494,7.315176486968994,0.3273432935820893
955,ILSVRC2012_val_00048803_n07754684.JPEG,ILSVRC2012_val_00049330_n03793489.JPEG,0.0038142087869346,0.0036098097916692,5.201491355895996,0.00020439899526539978
955,ILSVRC2012_val_00048803_n07754684.JPEG,ILSVRC2012_val_00032570_n03271574.JPEG,0.0038142087869346,0.0035957936197519,5.977165222167969,0.0002184151671827
955,ILSVRC2012_val_00026658_n07754684.JPEG,ILSVRC2012_val_00010115_n04330267.JPEG,0.0158056784421205,0.0038501911330968,4.083070755004883,0.0119554873090237
955,ILSVRC2012_val_00026658_n07754684.JPEG,ILSVRC2012_val_00004298_n02444819.JPEG,0.0158056784421205,0.0014780559577047,3.328972339630127,0.0143276224844158
955,ILSVRC2012_val_00037665_n07754684.JPEG,ILSVRC2012_val_00036461_n02445715.JPEG,0.0162271913141012,0.0015344761777669,11.186224937438965,0.014692715136334298
956,ILSVRC2012_val_00032941_n07760859.JPEG,ILSVRC2012_val_00028685_n04371430.JPEG,0.0006084974738769,0.000565369031392,4.271975994110107,4.312844248489998e-05
956,ILSVRC2012_val_00001692_n07760859.JPEG,ILSVRC2012_val_00012204_n02488702.JPEG,0.0083647621795535,0.0013191340258345,4.518226146697998,0.007045628153719
956,ILSVRC2012_val_00003228_n07760859.JPEG,ILSVRC2012_val_00024206_n02094433.JPEG,0.0131365079432725,0.0045765656977891,5.490965843200684,0.0085599422454834
956,ILSVRC2012_val_00007584_n07760859.JPEG,ILSVRC2012_val_00033276_n04254680.JPEG,0.0224326197057962,0.0126049257814884,5.03746509552002,0.0098276939243078
956,ILSVRC2012_val_00012440_n07760859.JPEG,ILSVRC2012_val_00042312_n01728920.JPEG,0.0116281118243932,0.0017868995200842,6.791231155395508,0.009841212304309
957,ILSVRC2012_val_00021310_n07768694.JPEG,ILSVRC2012_val_00010742_n02134084.JPEG,0.0010749283246695,0.0010645681759342,5.410527229309082,1.0360148735299958e-05
957,ILSVRC2012_val_00021310_n07768694.JPEG,ILSVRC2012_val_00030316_n02442845.JPEG,0.0010749283246695,0.0010623055277392,4.462089538574219,1.2622796930300073e-05
957,ILSVRC2012_val_00041999_n07768694.JPEG,ILSVRC2012_val_00049570_n02108089.JPEG,0.0309630688279867,0.0035915174521505,8.445839881896973,0.0273715513758362
957,ILSVRC2012_val_00012753_n07768694.JPEG,ILSVRC2012_val_00040318_n02841315.JPEG,0.0394845083355903,0.0034560970962047,7.494942665100098,0.0360284112393856
957,ILSVRC2012_val_00044738_n07768694.JPEG,ILSVRC2012_val_00017034_n03895866.JPEG,0.1346983760595321,0.0229393169283866,7.362923622131348,0.1117590591311455
958,ILSVRC2012_val_00034579_n07802026.JPEG,ILSVRC2012_val_00000134_n02107142.JPEG,0.0228851400315761,0.0017094297800213,5.827613830566406,0.0211757102515548
958,ILSVRC2012_val_00026159_n07802026.JPEG,ILSVRC2012_val_00033706_n01692333.JPEG,0.0495326854288578,0.0006700892699882,9.31085968017578,0.048862596158869606
958,ILSVRC2012_val_00003019_n07802026.JPEG,ILSVRC2012_val_00012056_n03598930.JPEG,0.446188747882843,0.0270329806953668,10.696171760559082,0.4191557671874762
958,ILSVRC2012_val_00002184_n07802026.JPEG,ILSVRC2012_val_00045101_n01630670.JPEG,0.4789847135543823,0.0004484839737415,8.140037536621094,0.47853622958064085
958,ILSVRC2012_val_00029143_n07802026.JPEG,ILSVRC2012_val_00042358_n02883205.JPEG,0.5740869641304016,0.0512568615376949,6.931370735168457,0.5228301025927067
959,ILSVRC2012_val_00026783_n07831146.JPEG,ILSVRC2012_val_00016479_n02769748.JPEG,0.0096080964431166,0.00907286349684,6.498045444488525,0.0005352329462766005
959,ILSVRC2012_val_00033336_n07831146.JPEG,ILSVRC2012_val_00002626_n03180011.JPEG,0.144351914525032,0.1237289682030677,7.2210869789123535,0.02062294632196429
959,ILSVRC2012_val_00021338_n07831146.JPEG,ILSVRC2012_val_00009080_n03786901.JPEG,0.055570300668478,0.0103485900908708,5.599936485290527,0.045221710577607196
959,ILSVRC2012_val_00021338_n07831146.JPEG,ILSVRC2012_val_00039516_n02130308.JPEG,0.055570300668478,0.0003302744007669,2.2571496963500977,0.0552400262677111
959,ILSVRC2012_val_00033336_n07831146.JPEG,ILSVRC2012_val_00015912_n03874599.JPEG,0.144351914525032,0.021281462162733,8.418444633483887,0.123070452362299
960,ILSVRC2012_val_00030686_n07836838.JPEG,ILSVRC2012_val_00043556_n02093428.JPEG,0.0396504253149032,0.0034202192910015,5.034160137176514,0.036230206023901694
960,ILSVRC2012_val_00000782_n07836838.JPEG,ILSVRC2012_val_00008390_n03832673.JPEG,0.3203770816326141,0.0122951669618487,5.646602153778076,0.3080819146707654
960,ILSVRC2012_val_00032701_n07836838.JPEG,ILSVRC2012_val_00035786_n04254680.JPEG,0.8980429172515869,0.0037893885746598,6.176112174987793,0.8942535286769271
960,ILSVRC2012_val_00003492_n07836838.JPEG,ILSVRC2012_val_00028089_n02088632.JPEG,1.7290196418762207,0.0275060385465621,8.758966445922852,1.7015136033296585
960,ILSVRC2012_val_00005714_n07836838.JPEG,ILSVRC2012_val_00048095_n03065424.JPEG,1.7947676181793213,0.0471658520400524,6.917767524719238,1.7476017661392689
961,ILSVRC2012_val_00044608_n07860988.JPEG,ILSVRC2012_val_00032340_n04599235.JPEG,0.2391475439071655,0.0080419788137078,0.9994131922721864,0.2311055650934577
961,ILSVRC2012_val_00044608_n07860988.JPEG,ILSVRC2012_val_00034360_n02025239.JPEG,0.2391475439071655,0.0011999557027593,4.650085926055908,0.2379475882044062
961,ILSVRC2012_val_00037332_n07860988.JPEG,ILSVRC2012_val_00021227_n03218198.JPEG,0.3716814815998077,0.0036828566808253,5.389056205749512,0.3679986249189824
961,ILSVRC2012_val_00001949_n07860988.JPEG,ILSVRC2012_val_00002169_n03871628.JPEG,2.769442081451416,0.0018018929986283,8.14297866821289,2.7676401884527877
961,ILSVRC2012_val_00003018_n07860988.JPEG,ILSVRC2012_val_00046502_n03781244.JPEG,3.520522117614746,0.0009024838218465,6.76585578918457,3.5196196337928995
962,ILSVRC2012_val_00021763_n07871810.JPEG,ILSVRC2012_val_00019481_n02088632.JPEG,0.0046751713380217,0.0043446677736938,7.42855167388916,0.00033050356432789973
962,ILSVRC2012_val_00021763_n07871810.JPEG,ILSVRC2012_val_00036906_n04482393.JPEG,0.0046751713380217,0.0035493490286171,7.707741737365723,0.0011258223094045999
962,ILSVRC2012_val_00031643_n07871810.JPEG,ILSVRC2012_val_00034305_n02105162.JPEG,0.185195967555046,0.0320135541260242,6.43412971496582,0.1531824134290218
962,ILSVRC2012_val_00031643_n07871810.JPEG,ILSVRC2012_val_00019322_n03075370.JPEG,0.185195967555046,0.0189404245465993,5.315528869628906,0.1662555430084467
962,ILSVRC2012_val_00008075_n07871810.JPEG,ILSVRC2012_val_00029786_n02395406.JPEG,2.067427635192871,0.005710004363209,3.993863582611084,2.061717630829662
963,ILSVRC2012_val_00004281_n07873807.JPEG,ILSVRC2012_val_00036421_n03706229.JPEG,0.0346320681273937,0.0237098224461078,10.475058555603027,0.010922245681285903
963,ILSVRC2012_val_00048685_n07873807.JPEG,ILSVRC2012_val_00013383_n02437312.JPEG,0.0179135780781507,0.0022018731106072,5.266908168792725,0.0157117049675435
963,ILSVRC2012_val_00015340_n07873807.JPEG,ILSVRC2012_val_00006325_n02939185.JPEG,0.0303843338042497,0.0031596519984304,2.240656852722168,0.0272246818058193
963,ILSVRC2012_val_00015340_n07873807.JPEG,ILSVRC2012_val_00016852_n01860187.JPEG,0.0303843338042497,0.0029221950098872,5.698235034942627,0.0274621387943625
963,ILSVRC2012_val_00010984_n07873807.JPEG,ILSVRC2012_val_00035246_n02641379.JPEG,0.0497906357049942,0.0032448519486933,8.42343521118164,0.046545783756300904
964,ILSVRC2012_val_00006789_n07875152.JPEG,ILSVRC2012_val_00008214_n02108551.JPEG,0.2001017034053802,0.1087793558835983,6.343504905700684,0.0913223475217819
964,ILSVRC2012_val_00019064_n07875152.JPEG,ILSVRC2012_val_00006991_n02398521.JPEG,0.7232921123504639,0.0043915500864386,6.167634963989258,0.7189005622640252
964,ILSVRC2012_val_00046279_n07875152.JPEG,ILSVRC2012_val_00004846_n03498962.JPEG,2.846266269683838,0.0020650746300816,6.935041427612305,2.8442011950537562
964,ILSVRC2012_val_00025994_n07875152.JPEG,ILSVRC2012_val_00032347_n02747177.JPEG,2.8782224655151367,0.0055794934742152,6.718838691711426,2.8726429720409214
964,ILSVRC2012_val_00003969_n07875152.JPEG,ILSVRC2012_val_00013848_n02110341.JPEG,3.048509120941162,0.0244613550603389,9.608206748962402,3.024047765880823
965,ILSVRC2012_val_00021317_n07880968.JPEG,ILSVRC2012_val_00029042_n11879895.JPEG,0.0401277467608451,0.0026918151415884,4.519221305847168,0.0374359316192567
965,ILSVRC2012_val_00021317_n07880968.JPEG,ILSVRC2012_val_00043916_n01756291.JPEG,0.0401277467608451,0.0007839705212973,4.629071235656738,0.0393437762395478
965,ILSVRC2012_val_00039976_n07880968.JPEG,ILSVRC2012_val_00039555_n02114855.JPEG,0.0460766442120075,0.0002674698771443,0.4244324266910553,0.0458091743348632
965,ILSVRC2012_val_00006565_n07880968.JPEG,ILSVRC2012_val_00024163_n02483708.JPEG,0.0754361376166343,0.008004137314856,6.517790794372559,0.0674320003017783
965,ILSVRC2012_val_00009412_n07880968.JPEG,ILSVRC2012_val_00046766_n02777292.JPEG,4.0744404792785645,0.0017348966794088,5.989731311798096,4.072705582599156
966,ILSVRC2012_val_00029025_n07892512.JPEG,ILSVRC2012_val_00002329_n02134418.JPEG,0.0731805264949798,0.0142816798761487,6.334508895874023,0.0588988466188311
966,ILSVRC2012_val_00020506_n07892512.JPEG,ILSVRC2012_val_00027167_n01930112.JPEG,0.1572997570037841,0.0077242972329258,2.387087345123291,0.1495754597708583
966,ILSVRC2012_val_00011695_n07892512.JPEG,ILSVRC2012_val_00043347_n07714990.JPEG,0.4958606958389282,0.0379699170589447,9.949974060058594,0.4578907787799835
966,ILSVRC2012_val_00043894_n07892512.JPEG,ILSVRC2012_val_00015608_n02277742.JPEG,2.321550846099853,0.0195883587002754,6.667846202850342,2.3019624873995777
966,ILSVRC2012_val_00012481_n07892512.JPEG,ILSVRC2012_val_00013828_n02110185.JPEG,2.6715478897094727,0.0204439125955104,7.460814952850342,2.651103977113962
967,ILSVRC2012_val_00032545_n07920052.JPEG,ILSVRC2012_val_00035203_n04579432.JPEG,0.0709662362933158,0.0384639836847782,5.1208906173706055,0.032502252608537605
967,ILSVRC2012_val_00045386_n07920052.JPEG,ILSVRC2012_val_00024879_n03179701.JPEG,0.0563379377126693,0.0082156797870993,5.375176429748535,0.048122257925570004
967,ILSVRC2012_val_00015693_n07920052.JPEG,ILSVRC2012_val_00029424_n02129165.JPEG,0.1634883135557174,0.0289215538650751,9.617716789245604,0.1345667596906423
967,ILSVRC2012_val_00018968_n07920052.JPEG,ILSVRC2012_val_00020727_n02486261.JPEG,0.1619405299425125,0.0032657645642757,5.80256462097168,0.15867476537823683
967,ILSVRC2012_val_00029604_n07920052.JPEG,ILSVRC2012_val_00013916_n04346328.JPEG,0.2338733673095703,0.0309472344815731,8.400081634521484,0.2029261328279972
968,ILSVRC2012_val_00021321_n07930864.JPEG,ILSVRC2012_val_00049988_n01796340.JPEG,1.0636544227600098,0.006147168111056,7.617493629455566,1.0575072546489537
968,ILSVRC2012_val_00043890_n07930864.JPEG,ILSVRC2012_val_00039220_n02027492.JPEG,1.0862863063812256,0.0113783963024616,6.159456253051758,1.074907910078764
968,ILSVRC2012_val_00043890_n07930864.JPEG,ILSVRC2012_val_00049752_n03180011.JPEG,1.0862863063812256,0.0101922517642378,5.507594585418701,1.0760940546169877
968,ILSVRC2012_val_00038293_n07930864.JPEG,ILSVRC2012_val_00018120_n04428191.JPEG,1.4572402238845823,0.0080840773880481,7.081830024719238,1.4491561464965341
968,ILSVRC2012_val_00008181_n07930864.JPEG,ILSVRC2012_val_00024029_n02640242.JPEG,2.094647169113159,0.0072862841188907,7.30889892578125,2.0873608849942684
969,ILSVRC2012_val_00018693_n07932039.JPEG,ILSVRC2012_val_00013619_n10565667.JPEG,0.0678810477256774,0.0038959092926234,6.455043792724609,0.06398513843305399
969,ILSVRC2012_val_00035443_n07932039.JPEG,ILSVRC2012_val_00036111_n04590129.JPEG,0.6372351050376892,0.0023754017893224,2.3603298664093018,0.6348597032483668
969,ILSVRC2012_val_00044539_n07932039.JPEG,ILSVRC2012_val_00048644_n02051845.JPEG,1.0808900594711304,0.0024092951789498,3.129101514816284,1.0784807642921805
969,ILSVRC2012_val_00016466_n07932039.JPEG,ILSVRC2012_val_00006884_n01873310.JPEG,3.497487545013428,0.0025449765380471,8.144603729248047,3.494942568475381
969,ILSVRC2012_val_00022583_n07932039.JPEG,ILSVRC2012_val_00031042_n02457408.JPEG,3.862811803817749,0.0229619182646274,7.760651588439941,3.8398498855531216
970,ILSVRC2012_val_00048674_n09193705.JPEG,ILSVRC2012_val_00046956_n03032252.JPEG,0.5143070220947266,0.0392361506819725,6.5977935791015625,0.47507087141275406
970,ILSVRC2012_val_00048674_n09193705.JPEG,ILSVRC2012_val_00022173_n04200800.JPEG,0.5143070220947266,0.0084947915747761,5.346102237701416,0.5058122305199505
970,ILSVRC2012_val_00029172_n09193705.JPEG,ILSVRC2012_val_00019685_n02992529.JPEG,0.606431782245636,0.0338448137044906,3.81533145904541,0.5725869685411454
970,ILSVRC2012_val_00001986_n09193705.JPEG,ILSVRC2012_val_00012455_n01984695.JPEG,1.4000694751739502,0.0051099411211907,3.277700424194336,1.3949595340527594
970,ILSVRC2012_val_00001986_n09193705.JPEG,ILSVRC2012_val_00034322_n02492035.JPEG,1.4000694751739502,0.0040082363411784,2.630034685134888,1.3960612388327718
971,ILSVRC2012_val_00014212_n09229709.JPEG,ILSVRC2012_val_00010436_n02123597.JPEG,0.0005388000281527,0.0005322470096871,6.094573020935059,6.553018465599997e-06
971,ILSVRC2012_val_00006702_n09229709.JPEG,ILSVRC2012_val_00041290_n04597913.JPEG,0.0011724510695785,0.0007223857101053,0.3345532417297363,0.00045006535947320005
971,ILSVRC2012_val_00014767_n09229709.JPEG,ILSVRC2012_val_00007243_n02500267.JPEG,0.4499585032463074,5.423875700216741e-05,3.25004506111145,0.4499042644893052
971,ILSVRC2012_val_00002889_n09229709.JPEG,ILSVRC2012_val_00017176_n03344393.JPEG,0.8140928745269775,0.0061856727115809,4.836456298828125,0.8079072018153967
971,ILSVRC2012_val_00002889_n09229709.JPEG,ILSVRC2012_val_00002784_n02098286.JPEG,0.8140928745269775,0.0009671539301052,4.714376926422119,0.8131257205968724
972,ILSVRC2012_val_00008680_n09246464.JPEG,ILSVRC2012_val_00006926_n04019541.JPEG,0.4642996191978454,0.0096890889108181,5.007158756256104,0.4546105302870273
972,ILSVRC2012_val_00008680_n09246464.JPEG,ILSVRC2012_val_00020652_n02169497.JPEG,0.4642996191978454,0.0070883939042687,5.666678428649902,0.4572112252935767
972,ILSVRC2012_val_00024591_n09246464.JPEG,ILSVRC2012_val_00049365_n04118538.JPEG,0.9919783473014832,0.0088155372068285,3.505521059036255,0.9831628100946547
972,ILSVRC2012_val_00044389_n09246464.JPEG,ILSVRC2012_val_00002910_n04074963.JPEG,1.2299158573150637,0.0087531451135873,8.18660831451416,1.2211627122014763
972,ILSVRC2012_val_00040558_n09246464.JPEG,ILSVRC2012_val_00047489_n03710193.JPEG,2.410560131072998,0.0418670549988746,7.932615280151367,2.3686930760741234
973,ILSVRC2012_val_00000235_n09256479.JPEG,ILSVRC2012_val_00028659_n04389033.JPEG,0.0661880001425743,0.0361796580255031,3.425394296646118,0.030008342117071193
973,ILSVRC2012_val_00033935_n09256479.JPEG,ILSVRC2012_val_00041128_n03843555.JPEG,0.1639264374971389,0.0379965417087078,8.721292495727539,0.12592989578843108
973,ILSVRC2012_val_00026162_n09256479.JPEG,ILSVRC2012_val_00025536_n02108422.JPEG,0.4311110973358154,0.0207041017711162,4.064134120941162,0.4104069955646992
973,ILSVRC2012_val_00021830_n09256479.JPEG,ILSVRC2012_val_00020663_n03590841.JPEG,1.572948932647705,0.2239536643028259,12.166645050048828,1.3489952683448792
973,ILSVRC2012_val_00007613_n09256479.JPEG,ILSVRC2012_val_00030615_n07614500.JPEG,3.686784267425537,0.0119715305045247,4.788063049316406,3.6748127369210124
974,ILSVRC2012_val_00032546_n09288635.JPEG,ILSVRC2012_val_00049216_n02607072.JPEG,0.0298002883791923,0.0285168290138244,10.390289306640623,0.0012834593653678998
974,ILSVRC2012_val_00019190_n09288635.JPEG,ILSVRC2012_val_00032206_n02510455.JPEG,0.0057906019501388,0.0043395636603236,5.807834625244141,0.0014510382898152005
974,ILSVRC2012_val_00004430_n09288635.JPEG,ILSVRC2012_val_00021827_n03146219.JPEG,0.1891886591911316,0.0138034988194704,7.129658222198486,0.1753851603716612
974,ILSVRC2012_val_00035544_n09288635.JPEG,ILSVRC2012_val_00011754_n02086240.JPEG,0.4045906066894531,0.0064879730343818,2.868623733520508,0.3981026336550713
974,ILSVRC2012_val_00037151_n09288635.JPEG,ILSVRC2012_val_00015648_n03887697.JPEG,0.7667551636695862,0.0053819762542843,7.275702953338623,0.7613731874153019
975,ILSVRC2012_val_00046543_n09332890.JPEG,ILSVRC2012_val_00028898_n07920052.JPEG,0.1250093430280685,0.0305550061166286,5.759608268737793,0.0944543369114399
975,ILSVRC2012_val_00003311_n09332890.JPEG,ILSVRC2012_val_00030546_n02971356.JPEG,0.3682684004306793,0.092990405857563,6.596435546875,0.2752779945731163
975,ILSVRC2012_val_00011449_n09332890.JPEG,ILSVRC2012_val_00036987_n07749582.JPEG,0.5218268036842346,0.1676827669143676,6.4500041007995605,0.35414403676986705
975,ILSVRC2012_val_00012936_n09332890.JPEG,ILSVRC2012_val_00043213_n04238763.JPEG,0.3786080777645111,0.0097033744677901,4.335710525512695,0.368904703296721
975,ILSVRC2012_val_00032715_n09332890.JPEG,ILSVRC2012_val_00003504_n02415577.JPEG,0.4292274415493011,0.0151705499738454,3.173468828201294,0.41405689157545567
976,ILSVRC2012_val_00038307_n09399592.JPEG,ILSVRC2012_val_00021159_n03777568.JPEG,0.4201908111572265,0.252941220998764,8.73755931854248,0.16724959015846252
976,ILSVRC2012_val_00038307_n09399592.JPEG,ILSVRC2012_val_00046396_n04370456.JPEG,0.4201908111572265,0.0553269200026989,8.111108779907227,0.3648638911545276
976,ILSVRC2012_val_00038307_n09399592.JPEG,ILSVRC2012_val_00032085_n03179701.JPEG,0.4201908111572265,0.034877773374319,3.651181936264038,0.3853130377829075
976,ILSVRC2012_val_00003866_n09399592.JPEG,ILSVRC2012_val_00019833_n03584829.JPEG,0.8309267163276672,0.1515630781650543,6.930759906768799,0.6793636381626129
976,ILSVRC2012_val_00012389_n09399592.JPEG,ILSVRC2012_val_00011512_n02454379.JPEG,1.269627571105957,0.0444432832300663,6.072315216064453,1.2251842878758907
977,ILSVRC2012_val_00048465_n09421951.JPEG,ILSVRC2012_val_00028801_n01833805.JPEG,0.872229814529419,0.1048642322421073,5.920472621917725,0.7673655822873117
977,ILSVRC2012_val_00048465_n09421951.JPEG,ILSVRC2012_val_00042124_n01695060.JPEG,0.872229814529419,0.0504963062703609,6.091035842895508,0.821733508259058
977,ILSVRC2012_val_00025746_n09421951.JPEG,ILSVRC2012_val_00005442_n02493793.JPEG,1.5716495513916016,0.107803001999855,8.303040504455566,1.4638465493917465
977,ILSVRC2012_val_00025746_n09421951.JPEG,ILSVRC2012_val_00018286_n02870880.JPEG,1.5716495513916016,0.0957100167870521,7.946369171142578,1.4759395346045494
977,ILSVRC2012_val_00018154_n09421951.JPEG,ILSVRC2012_val_00017500_n04447861.JPEG,1.5681532621383667,0.0064051812514662,4.288085460662842,1.5617480808869004
978,ILSVRC2012_val_00008791_n09428293.JPEG,ILSVRC2012_val_00010464_n12985857.JPEG,1.8055449724197388,0.0364915318787097,7.033589839935303,1.769053440541029
978,ILSVRC2012_val_00008791_n09428293.JPEG,ILSVRC2012_val_00018756_n04008634.JPEG,1.8055449724197388,0.0084536569193005,5.072549819946289,1.7970913155004382
978,ILSVRC2012_val_00008791_n09428293.JPEG,ILSVRC2012_val_00007015_n01704323.JPEG,1.8055449724197388,0.0042638345621526,5.446058750152588,1.8012811378575861
978,ILSVRC2012_val_00003056_n09428293.JPEG,ILSVRC2012_val_00001853_n03961711.JPEG,4.205488204956055,0.0152143444865942,7.324404239654541,4.1902738604694605
978,ILSVRC2012_val_00000214_n09428293.JPEG,ILSVRC2012_val_00048915_n02088094.JPEG,4.272917747497559,0.024748295545578,8.932676315307617,4.248169451951981
979,ILSVRC2012_val_00008318_n09468604.JPEG,ILSVRC2012_val_00034801_n03956157.JPEG,0.1291990131139755,0.0973610952496528,7.416262626647949,0.031837917864322704
979,ILSVRC2012_val_00048786_n09468604.JPEG,ILSVRC2012_val_00028289_n02916936.JPEG,0.3168814480304718,0.1077345013618469,7.888559341430664,0.2091469466686249
979,ILSVRC2012_val_00010344_n09468604.JPEG,ILSVRC2012_val_00031503_n03773504.JPEG,0.2560760974884033,0.030861472710967,6.804364204406738,0.2252146247774363
979,ILSVRC2012_val_00044856_n09468604.JPEG,ILSVRC2012_val_00015523_n01744401.JPEG,0.341589868068695,0.0130529711022973,3.1783018112182617,0.3285368969663977
979,ILSVRC2012_val_00039403_n09468604.JPEG,ILSVRC2012_val_00037251_n03961711.JPEG,2.7655837535858154,2.4314351081848145,9.416293144226074,0.334148645401001
980,ILSVRC2012_val_00034472_n09472597.JPEG,ILSVRC2012_val_00035048_n01930112.JPEG,0.0118102617561817,0.0008765193051658,0.0734714418649673,0.0109337424510159
980,ILSVRC2012_val_00036419_n09472597.JPEG,ILSVRC2012_val_00030538_n04201297.JPEG,0.1185427159070968,0.0294749774038791,9.5681734085083,0.0890677385032177
980,ILSVRC2012_val_00036419_n09472597.JPEG,ILSVRC2012_val_00018584_n02086646.JPEG,0.1185427159070968,0.0079056229442358,6.3074140548706055,0.11063709296286099
980,ILSVRC2012_val_00019071_n09472597.JPEG,ILSVRC2012_val_00019026_n01943899.JPEG,0.2164372950792312,0.0004410962865222,2.5142712593078613,0.215996198792709
980,ILSVRC2012_val_00027621_n09472597.JPEG,ILSVRC2012_val_00019888_n02268853.JPEG,0.3780804872512817,0.0106617826968431,7.061923980712891,0.3674187045544386
981,ILSVRC2012_val_00047413_n09835506.JPEG,ILSVRC2012_val_00040753_n02134084.JPEG,0.0938033461570739,0.0051024691201746,6.465852737426758,0.0887008770368993
981,ILSVRC2012_val_00047413_n09835506.JPEG,ILSVRC2012_val_00044229_n03478589.JPEG,0.0938033461570739,0.0041215009987354,4.602617263793945,0.0896818451583385
981,ILSVRC2012_val_00036213_n09835506.JPEG,ILSVRC2012_val_00018659_n03840681.JPEG,0.2141745835542678,0.0066322204656898,5.462797164916992,0.20754236308857799
981,ILSVRC2012_val_00002289_n09835506.JPEG,ILSVRC2012_val_00041972_n04355338.JPEG,0.6578983068466187,0.0058915764093399,6.708970069885254,0.6520067304372787
981,ILSVRC2012_val_00043086_n09835506.JPEG,ILSVRC2012_val_00012589_n03063689.JPEG,0.90528804063797,0.0025121578946709,6.150156021118164,0.9027758827432991
982,ILSVRC2012_val_00011319_n10148035.JPEG,ILSVRC2012_val_00007499_n02457408.JPEG,0.0148350410163402,0.0089209331199526,3.067546129226685,0.0059141078963876
982,ILSVRC2012_val_00011319_n10148035.JPEG,ILSVRC2012_val_00011520_n02483708.JPEG,0.0148350410163402,0.0023129635956138,7.762025356292725,0.012522077420726401
982,ILSVRC2012_val_00011980_n10148035.JPEG,ILSVRC2012_val_00012376_n02870880.JPEG,0.0688030049204826,0.0199927408248186,6.93405818939209,0.048810264095664
982,ILSVRC2012_val_00005113_n10148035.JPEG,ILSVRC2012_val_00040493_n03110669.JPEG,0.1086984127759933,0.0021117071155458,4.378020286560059,0.1065867056604475
982,ILSVRC2012_val_00032577_n10148035.JPEG,ILSVRC2012_val_00040630_n02129604.JPEG,3.45398473739624,0.0265850033611059,9.042396545410156,3.427399734035134
983,ILSVRC2012_val_00026867_n10565667.JPEG,ILSVRC2012_val_00031145_n02113023.JPEG,0.0190722439438104,0.0184545181691646,4.902200698852539,0.0006177257746458019
983,ILSVRC2012_val_00003811_n10565667.JPEG,ILSVRC2012_val_00031297_n02119022.JPEG,0.3942069411277771,0.0933488011360168,7.714849948883057,0.3008581399917603
983,ILSVRC2012_val_00049626_n10565667.JPEG,ILSVRC2012_val_00021884_n03743016.JPEG,0.5245522260665894,0.0242653209716081,6.157723426818848,0.5002869050949813
983,ILSVRC2012_val_00046799_n10565667.JPEG,ILSVRC2012_val_00000684_n03633091.JPEG,0.7238790988922119,0.0158079080283641,6.044748783111572,0.7080711908638478
983,ILSVRC2012_val_00016884_n10565667.JPEG,ILSVRC2012_val_00009002_n02174001.JPEG,1.3131613731384275,0.0107516534626483,4.966010093688965,1.3024097196757791
984,ILSVRC2012_val_00002321_n11879895.JPEG,ILSVRC2012_val_00005347_n02797295.JPEG,0.0003934324486181,0.0003908108919858,5.831748962402344,2.6215566323000003e-06
984,ILSVRC2012_val_00011338_n11879895.JPEG,ILSVRC2012_val_00002397_n02091635.JPEG,0.0017032414907589,0.001659803208895,7.042979717254639,4.343828186389987e-05
984,ILSVRC2012_val_00011338_n11879895.JPEG,ILSVRC2012_val_00006537_n02112137.JPEG,0.0017032414907589,0.0016301688738167,5.709049224853516,7.30726169422e-05
984,ILSVRC2012_val_00021912_n11879895.JPEG,ILSVRC2012_val_00005737_n04335435.JPEG,0.0102880634367465,0.0091626401990652,3.100698471069336,0.0011254232376813004
984,ILSVRC2012_val_00021912_n11879895.JPEG,ILSVRC2012_val_00035290_n12985857.JPEG,0.0102880634367465,0.0061224056407809,1.4926835298538208,0.0041656577959656
985,ILSVRC2012_val_00036790_n11939491.JPEG,ILSVRC2012_val_00037565_n02493793.JPEG,0.0168325789272785,0.0148270539939403,5.3699798583984375,0.0020055249333382017
985,ILSVRC2012_val_00035413_n11939491.JPEG,ILSVRC2012_val_00011619_n04263257.JPEG,0.0495248585939407,0.0313565246760845,5.2508087158203125,0.018168333917856203
985,ILSVRC2012_val_00035413_n11939491.JPEG,ILSVRC2012_val_00004606_n03787032.JPEG,0.0495248585939407,0.0028615738265216,5.871381759643555,0.0466632847674191
985,ILSVRC2012_val_00036060_n11939491.JPEG,ILSVRC2012_val_00003437_n02490219.JPEG,0.1459531038999557,0.005069260019809,4.673029899597168,0.1408838438801467
985,ILSVRC2012_val_00034896_n11939491.JPEG,ILSVRC2012_val_00043100_n02457408.JPEG,0.2188232392072677,0.0457827746868133,5.045709609985352,0.1730404645204544
986,ILSVRC2012_val_00028265_n12057211.JPEG,ILSVRC2012_val_00016598_n02123394.JPEG,0.0103878770023584,0.0095273340120911,8.131153106689453,0.0008605429902672993
986,ILSVRC2012_val_00015582_n12057211.JPEG,ILSVRC2012_val_00026248_n02007558.JPEG,0.0063089965842664,0.0030020668637007,5.438943862915039,0.0033069297205657
986,ILSVRC2012_val_00001130_n12057211.JPEG,ILSVRC2012_val_00013876_n02107908.JPEG,0.029609465971589,0.0261685326695442,8.083428382873535,0.0034409333020448025
986,ILSVRC2012_val_00028265_n12057211.JPEG,ILSVRC2012_val_00028736_n02106550.JPEG,0.0103878770023584,0.0068539991043508,3.310753345489502,0.0035338778980076
986,ILSVRC2012_val_00001130_n12057211.JPEG,ILSVRC2012_val_00014137_n07614500.JPEG,0.029609465971589,0.0009944260818883,0.7202973365783691,0.0286150398897007
987,ILSVRC2012_val_00017074_n12144580.JPEG,ILSVRC2012_val_00022944_n03598930.JPEG,0.474727988243103,0.022254142910242,5.866482734680176,0.452473845332861
987,ILSVRC2012_val_00020295_n12144580.JPEG,ILSVRC2012_val_00005112_n04417672.JPEG,0.8624776005744934,0.0972664579749107,7.282745361328125,0.7652111425995827
987,ILSVRC2012_val_00020295_n12144580.JPEG,ILSVRC2012_val_00016119_n04317175.JPEG,0.8624776005744934,0.0238356590270996,3.7409088611602783,0.8386419415473938
987,ILSVRC2012_val_00036775_n12144580.JPEG,ILSVRC2012_val_00001792_n04162706.JPEG,1.2728121280670166,0.0178337190300226,4.795354843139648,1.254978409036994
987,ILSVRC2012_val_00007468_n12144580.JPEG,ILSVRC2012_val_00033352_n13052670.JPEG,1.4907101392745972,0.0092061078175902,1.634232759475708,1.481504031457007
988,ILSVRC2012_val_00032669_n12267677.JPEG,ILSVRC2012_val_00023688_n04442312.JPEG,0.0061102020554244,0.0031355286482721,5.805419921875,0.0029746734071523
988,ILSVRC2012_val_00024413_n12267677.JPEG,ILSVRC2012_val_00029681_n03788195.JPEG,0.0678543150424957,0.0049418685957789,6.809283256530762,0.0629124464467168
988,ILSVRC2012_val_00024413_n12267677.JPEG,ILSVRC2012_val_00029036_n02104365.JPEG,0.0678543150424957,0.0011079132091253,8.04346752166748,0.0667464018333704
988,ILSVRC2012_val_00015942_n12267677.JPEG,ILSVRC2012_val_00026920_n04462240.JPEG,0.0779930353164672,0.0003777029050979,3.9067587852478023,0.07761533241136931
988,ILSVRC2012_val_00028961_n12267677.JPEG,ILSVRC2012_val_00015063_n02098413.JPEG,0.2749316692352295,0.0083100264891982,6.823685169219971,0.2666216427460313
989,ILSVRC2012_val_00042794_n12620546.JPEG,ILSVRC2012_val_00017253_n01796340.JPEG,0.0273252166807651,0.0249420255422592,9.242303848266602,0.002383191138505901
989,ILSVRC2012_val_00000251_n12620546.JPEG,ILSVRC2012_val_00015667_n01694178.JPEG,0.0086818858981132,0.0034759361296892,4.106487274169922,0.005205949768424
989,ILSVRC2012_val_00026680_n12620546.JPEG,ILSVRC2012_val_00039184_n04409515.JPEG,0.0230546500533819,0.0016333822859451,2.456066131591797,0.0214212677674368
989,ILSVRC2012_val_00018180_n12620546.JPEG,ILSVRC2012_val_00047216_n01734418.JPEG,0.0869743600487709,0.0187931451946496,9.492292404174805,0.0681812148541213
989,ILSVRC2012_val_00040304_n12620546.JPEG,ILSVRC2012_val_00018675_n01687978.JPEG,0.199882686138153,0.0019155264599248,3.506493330001831,0.1979671596782282
990,ILSVRC2012_val_00036532_n12768682.JPEG,ILSVRC2012_val_00004631_n02105855.JPEG,5.7338023907504976e-05,5.721882189391181e-05,5.72130823135376,1.1920201359316707e-07
990,ILSVRC2012_val_00045215_n12768682.JPEG,ILSVRC2012_val_00031734_n01943899.JPEG,0.0005698964232578,0.0005422552349045,1.783665895462036,2.7641188353299986e-05
990,ILSVRC2012_val_00005297_n12768682.JPEG,ILSVRC2012_val_00032118_n04597913.JPEG,0.0014144902816042,0.0006576997111551,4.135237693786621,0.0007567905704491001
990,ILSVRC2012_val_00021225_n12768682.JPEG,ILSVRC2012_val_00013145_n02097209.JPEG,0.0186368338763713,0.0165329203009605,5.639560699462891,0.0021039135754108013
990,ILSVRC2012_val_00003021_n12768682.JPEG,ILSVRC2012_val_00024717_n04550184.JPEG,0.0113684963434934,0.0038658662233501,5.208109855651856,0.0075026301201432995
991,ILSVRC2012_val_00004437_n12985857.JPEG,ILSVRC2012_val_00010532_n04041544.JPEG,0.0360209830105304,0.0331329405307769,7.437089920043945,0.002888042479753501
991,ILSVRC2012_val_00040193_n12985857.JPEG,ILSVRC2012_val_00038865_n03958227.JPEG,0.0179786793887615,0.00201534666121,3.1857028007507324,0.0159633327275515
991,ILSVRC2012_val_00004437_n12985857.JPEG,ILSVRC2012_val_00046319_n04515003.JPEG,0.0360209830105304,0.0054665128700435,4.840278148651123,0.030554470140486904
991,ILSVRC2012_val_00016522_n12985857.JPEG,ILSVRC2012_val_00029412_n03899768.JPEG,0.0370829403400421,0.0044822227209806,6.211007118225098,0.0326007176190615
991,ILSVRC2012_val_00025385_n12985857.JPEG,ILSVRC2012_val_00025589_n02264363.JPEG,0.165887102484703,0.0047870553098618,3.175677299499512,0.16110004717484122
992,ILSVRC2012_val_00015658_n12998815.JPEG,ILSVRC2012_val_00008207_n02097130.JPEG,0.1033398956060409,0.0138079663738608,7.849489212036133,0.0895319292321801
992,ILSVRC2012_val_00015658_n12998815.JPEG,ILSVRC2012_val_00037065_n07693725.JPEG,0.1033398956060409,0.0064355037175118,5.608804225921631,0.0969043918885291
992,ILSVRC2012_val_00002153_n12998815.JPEG,ILSVRC2012_val_00043015_n02443114.JPEG,0.1755636930465698,0.0326101556420326,7.136820793151856,0.1429535374045372
992,ILSVRC2012_val_00043681_n12998815.JPEG,ILSVRC2012_val_00039504_n02099267.JPEG,0.4348176121711731,0.0100514674559235,2.368399381637573,0.4247661447152496
992,ILSVRC2012_val_00032638_n12998815.JPEG,ILSVRC2012_val_00037645_n02687172.JPEG,0.4676037728786468,0.0116924457252025,6.599709510803223,0.4559113271534443
993,ILSVRC2012_val_00011040_n13037406.JPEG,ILSVRC2012_val_00011371_n04252077.JPEG,0.0316984318196773,0.0037353520747274,4.505290985107422,0.0279630797449499
993,ILSVRC2012_val_00011040_n13037406.JPEG,ILSVRC2012_val_00024624_n02105855.JPEG,0.0316984318196773,0.0020114206708967,6.501247406005859,0.029687011148780598
993,ILSVRC2012_val_00042292_n13037406.JPEG,ILSVRC2012_val_00015395_n02110958.JPEG,0.1800584346055984,0.0170560907572507,7.420499801635742,0.1630023438483477
993,ILSVRC2012_val_00042292_n13037406.JPEG,ILSVRC2012_val_00039028_n04350905.JPEG,0.1800584346055984,0.0041750418022274,6.915010452270508,0.175883392803371
993,ILSVRC2012_val_00031593_n13037406.JPEG,ILSVRC2012_val_00010587_n03770679.JPEG,0.2808810770511627,0.0026959760580211,7.4928388595581055,0.27818510099314164
994,ILSVRC2012_val_00000705_n13040303.JPEG,ILSVRC2012_val_00038664_n01820546.JPEG,0.0211169030517339,0.0019396792631596,8.274842262268066,0.0191772237885743
994,ILSVRC2012_val_00008821_n13040303.JPEG,ILSVRC2012_val_00037731_n02138441.JPEG,0.0615343488752841,0.0123233096674084,8.96568489074707,0.0492110392078757
994,ILSVRC2012_val_00008821_n13040303.JPEG,ILSVRC2012_val_00037319_n02917067.JPEG,0.0615343488752841,0.0037279885727912,6.765069961547852,0.0578063603024929
994,ILSVRC2012_val_00021034_n13040303.JPEG,ILSVRC2012_val_00015279_n03680355.JPEG,0.0703697577118873,0.0003877126437146,5.717300415039063,0.06998204506817271
994,ILSVRC2012_val_00001743_n13040303.JPEG,ILSVRC2012_val_00021497_n01698640.JPEG,0.131404310464859,0.0016714662779122,1.2943798303604126,0.1297328441869468
995,ILSVRC2012_val_00041738_n13044778.JPEG,ILSVRC2012_val_00024002_n03970156.JPEG,0.0002478054084349,0.000244349183049,6.085719585418701,3.456225385900036e-06
995,ILSVRC2012_val_00014349_n13044778.JPEG,ILSVRC2012_val_00042296_n01828970.JPEG,0.0043847849592566,0.0043070414103567,8.019166946411133,7.77435488998994e-05
995,ILSVRC2012_val_00041738_n13044778.JPEG,ILSVRC2012_val_00032600_n02951358.JPEG,0.0002478054084349,0.0004254866216797,9.74533748626709,0.00017768121324479997
995,ILSVRC2012_val_00008750_n13044778.JPEG,ILSVRC2012_val_00015993_n07718472.JPEG,0.0197933763265609,0.0022550409194082,2.8931264877319336,0.017538335407152703
995,ILSVRC2012_val_00009322_n13044778.JPEG,ILSVRC2012_val_00046231_n02268443.JPEG,0.0324822999536991,0.0026503219269216,5.132359027862549,0.0298319780267775
996,ILSVRC2012_val_00033352_n13052670.JPEG,ILSVRC2012_val_00048638_n03690938.JPEG,0.1293415874242782,0.0802024006843566,7.367476940155029,0.0491391867399216
996,ILSVRC2012_val_00020231_n13052670.JPEG,ILSVRC2012_val_00045235_n03776460.JPEG,0.0929153487086296,0.0173578187823295,6.4228949546813965,0.07555752992630009
996,ILSVRC2012_val_00020231_n13052670.JPEG,ILSVRC2012_val_00024153_n03179701.JPEG,0.0929153487086296,0.0015316194621846,5.841316223144531,0.091383729246445
996,ILSVRC2012_val_00033352_n13052670.JPEG,ILSVRC2012_val_00033045_n01860187.JPEG,0.1293415874242782,0.006127381697297,5.725765705108643,0.1232142057269812
996,ILSVRC2012_val_00040758_n13052670.JPEG,ILSVRC2012_val_00048726_n03016953.JPEG,0.2727612555027008,0.0090507715940475,6.829629421234131,0.2637104839086533
997,ILSVRC2012_val_00022839_n13054560.JPEG,ILSVRC2012_val_00046502_n03781244.JPEG,0.1306087374687194,0.0060112634673714,8.823225975036621,0.124597474001348
997,ILSVRC2012_val_00022839_n13054560.JPEG,ILSVRC2012_val_00027046_n04041544.JPEG,0.1306087374687194,0.0057282578200101,6.474347114562988,0.1248804796487093
997,ILSVRC2012_val_00015530_n13054560.JPEG,ILSVRC2012_val_00000785_n02115641.JPEG,0.6964941024780273,0.0108938720077276,7.503168106079102,0.6856002304702997
997,ILSVRC2012_val_00021491_n13054560.JPEG,ILSVRC2012_val_00011406_n02013706.JPEG,0.9825347065925598,0.0063297268934547,7.962686061859131,0.9762049796991051
997,ILSVRC2012_val_00015978_n13054560.JPEG,ILSVRC2012_val_00008915_n02776631.JPEG,1.0297677516937256,0.0078289806842803,7.388271331787109,1.0219387710094452
998,ILSVRC2012_val_00019877_n13133613.JPEG,ILSVRC2012_val_00006283_n02445715.JPEG,0.3497922718524933,0.0201254729181528,1.5517247915267944,0.3296667989343405
998,ILSVRC2012_val_00019877_n13133613.JPEG,ILSVRC2012_val_00045157_n01682714.JPEG,0.3497922718524933,0.0130768558010458,2.4346790313720703,0.3367154160514475
998,ILSVRC2012_val_00039373_n13133613.JPEG,ILSVRC2012_val_00035355_n03929855.JPEG,0.6108354926109314,0.0301923509687185,7.965798854827881,0.5806431416422129
998,ILSVRC2012_val_00013238_n13133613.JPEG,ILSVRC2012_val_00003095_n01739381.JPEG,0.7756631374359131,0.0108000049367547,6.03098726272583,0.7648631324991584
998,ILSVRC2012_val_00025191_n13133613.JPEG,ILSVRC2012_val_00014677_n04596742.JPEG,0.9304513931274414,0.0218605902045965,4.860344409942627,0.9085908029228449
999,ILSVRC2012_val_00021975_n15075141.JPEG,ILSVRC2012_val_00041893_n02979186.JPEG,1.093449354171753,0.0617879889905452,6.657577037811279,1.0316613651812077
999,ILSVRC2012_val_00006055_n15075141.JPEG,ILSVRC2012_val_00018034_n01728920.JPEG,1.0545179843902588,0.0151219395920634,5.577414512634277,1.0393960447981954
999,ILSVRC2012_val_00045266_n15075141.JPEG,ILSVRC2012_val_00024817_n04442312.JPEG,1.087988257408142,0.0031407573260366,6.294195652008057,1.0848475000821054
999,ILSVRC2012_val_00044368_n15075141.JPEG,ILSVRC2012_val_00011998_n02489166.JPEG,5.903453826904297,0.0245397575199604,6.520630359649658,5.8789140693843365
999,ILSVRC2012_val_00044368_n15075141.JPEG,ILSVRC2012_val_00010777_n02276258.JPEG,5.903453826904297,0.0095881428569555,7.615439414978027,5.893865684047341
