Class,Image1,Image2,Loss1,Loss2,Max Interpolated Loss,Abs_Loss_Diff
0,ILSVRC2012_val_00046252_n01440764.JPEG,ILSVRC2012_val_00030740_n01440764.JPEG,0.0311379171907901,0.0398333854973316,2.456169366836548,0.008695468306541498
0,ILSVRC2012_val_00037596_n01440764.JPEG,ILSVRC2012_val_00031333_n01440764.JPEG,0.0664957836270332,0.0108312554657459,0.0761048346757888,0.05566452816128731
0,ILSVRC2012_val_00002138_n01440764.JPEG,ILSVRC2012_val_00017995_n01440764.JPEG,0.1365653276443481,0.0412202440202236,3.3649771213531494,0.0953450836241245
0,ILSVRC2012_val_00024235_n01440764.JPEG,ILSVRC2012_val_00009379_n01440764.JPEG,0.1788088977336883,0.3673603236675262,0.4199585616588592,0.1885514259338379
0,ILSVRC2012_val_00025129_n01440764.JPEG,ILSVRC2012_val_00017700_n01440764.JPEG,0.4224522113800049,0.0684623122215271,0.4337296485900879,0.3539898991584778
1,ILSVRC2012_val_00010363_n01443537.JPEG,ILSVRC2012_val_00044095_n01443537.JPEG,0.0024892080109566,0.1939470916986465,0.2031811028718948,0.1914578836876899
1,ILSVRC2012_val_00032675_n01443537.JPEG,ILSVRC2012_val_00003150_n01443537.JPEG,0.0198717936873435,0.5879898071289062,0.5879898071289062,0.5681180134415628
1,ILSVRC2012_val_00038057_n01443537.JPEG,ILSVRC2012_val_00031138_n01443537.JPEG,1.2777113914489746,0.007778828497976,1.35327410697937,1.2699325629509985
1,ILSVRC2012_val_00004677_n01443537.JPEG,ILSVRC2012_val_00034386_n01443537.JPEG,2.550767660140991,0.0123502733185887,2.550767660140991,2.5384173868224025
1,ILSVRC2012_val_00030060_n01443537.JPEG,ILSVRC2012_val_00011914_n01443537.JPEG,2.742976427078247,0.1401626914739608,2.8057727813720703,2.602813735604286
2,ILSVRC2012_val_00040710_n01484850.JPEG,ILSVRC2012_val_00004311_n01484850.JPEG,0.0459014251828193,0.3947088420391083,3.02021598815918,0.34880741685628897
2,ILSVRC2012_val_00034950_n01484850.JPEG,ILSVRC2012_val_00044896_n01484850.JPEG,0.1222455874085426,0.6307732462882996,0.7920207977294922,0.5085276588797569
2,ILSVRC2012_val_00023185_n01484850.JPEG,ILSVRC2012_val_00019409_n01484850.JPEG,1.353819727897644,0.4247068762779236,2.028162956237793,0.9291128516197205
2,ILSVRC2012_val_00040098_n01484850.JPEG,ILSVRC2012_val_00046171_n01484850.JPEG,2.2534570693969727,0.3691392242908478,2.579914331436157,1.8843178451061249
2,ILSVRC2012_val_00044052_n01484850.JPEG,ILSVRC2012_val_00039534_n01484850.JPEG,2.0423407554626465,0.1560127735137939,2.396240711212158,1.8863279819488525
3,ILSVRC2012_val_00031071_n01491361.JPEG,ILSVRC2012_val_00029568_n01491361.JPEG,0.4033195972442627,0.4294762015342712,0.9463080167770386,0.02615660429000849
3,ILSVRC2012_val_00025969_n01491361.JPEG,ILSVRC2012_val_00002922_n01491361.JPEG,0.5119196176528931,0.2015129327774047,0.8984361290931702,0.3104066848754884
3,ILSVRC2012_val_00028564_n01491361.JPEG,ILSVRC2012_val_00019424_n01491361.JPEG,4.698692321777344,3.646394729614258,5.49650239944458,1.052297592163086
3,ILSVRC2012_val_00024895_n01491361.JPEG,ILSVRC2012_val_00026001_n01491361.JPEG,0.1761301159858703,1.3031327724456787,1.3031327724456787,1.1270026564598083
3,ILSVRC2012_val_00036420_n01491361.JPEG,ILSVRC2012_val_00025133_n01491361.JPEG,0.0910240188241005,1.3256734609603882,1.3256734609603882,1.2346494421362877
4,ILSVRC2012_val_00045133_n01494475.JPEG,ILSVRC2012_val_00045580_n01494475.JPEG,0.0549162700772285,0.0679591298103332,0.9608168005943298,0.013042859733104699
4,ILSVRC2012_val_00009978_n01494475.JPEG,ILSVRC2012_val_00041400_n01494475.JPEG,0.9518593549728394,0.9808475375175476,1.3962149620056152,0.028988182544708252
4,ILSVRC2012_val_00016347_n01494475.JPEG,ILSVRC2012_val_00022552_n01494475.JPEG,0.237174391746521,0.6444168090820312,0.6643170714378357,0.40724241733551025
4,ILSVRC2012_val_00047431_n01494475.JPEG,ILSVRC2012_val_00023986_n01494475.JPEG,0.8104845285415649,0.2674619853496551,3.646491527557373,0.5430225431919098
4,ILSVRC2012_val_00007405_n01494475.JPEG,ILSVRC2012_val_00035367_n01494475.JPEG,0.8413153290748596,0.1836825311183929,2.555741786956787,0.6576327979564667
5,ILSVRC2012_val_00021461_n01496331.JPEG,ILSVRC2012_val_00019988_n01496331.JPEG,1.0594968795776367,1.156722068786621,1.817228078842163,0.09722518920898438
5,ILSVRC2012_val_00034971_n01496331.JPEG,ILSVRC2012_val_00027633_n01496331.JPEG,0.0702229738235473,0.508453369140625,0.8879081010818481,0.4382303953170777
5,ILSVRC2012_val_00022387_n01496331.JPEG,ILSVRC2012_val_00033070_n01496331.JPEG,0.5662221908569336,0.0264244507998228,0.8416355848312378,0.5397977400571108
5,ILSVRC2012_val_00004969_n01496331.JPEG,ILSVRC2012_val_00022865_n01496331.JPEG,0.9486068487167358,0.0012468667700886,1.643647074699402,0.9473599819466473
5,ILSVRC2012_val_00041248_n01496331.JPEG,ILSVRC2012_val_00011782_n01496331.JPEG,2.36134934425354,0.0177447162568569,2.365044593811035,2.343604627996683
6,ILSVRC2012_val_00002480_n01498041.JPEG,ILSVRC2012_val_00015373_n01498041.JPEG,0.0911180451512336,0.1292469948530197,0.978308081626892,0.03812894970178608
6,ILSVRC2012_val_00003518_n01498041.JPEG,ILSVRC2012_val_00024204_n01498041.JPEG,0.5857994556427002,0.727270245552063,1.7695854902267456,0.1414707899093628
6,ILSVRC2012_val_00038935_n01498041.JPEG,ILSVRC2012_val_00038215_n01498041.JPEG,0.2017638385295868,0.0261404272168874,0.2677551805973053,0.1756234113126994
6,ILSVRC2012_val_00046497_n01498041.JPEG,ILSVRC2012_val_00043702_n01498041.JPEG,0.928100883960724,1.1177237033843994,1.5263456106185913,0.18962281942367543
6,ILSVRC2012_val_00049253_n01498041.JPEG,ILSVRC2012_val_00029169_n01498041.JPEG,0.048470813781023,0.5467846393585205,0.903856873512268,0.4983138255774975
7,ILSVRC2012_val_00046524_n01514668.JPEG,ILSVRC2012_val_00049181_n01514668.JPEG,0.0848614051938057,0.1632698327302932,0.286127895116806,0.0784084275364875
7,ILSVRC2012_val_00036368_n01514668.JPEG,ILSVRC2012_val_00043751_n01514668.JPEG,0.5701395869255066,0.423247367143631,1.1696721315383911,0.1468922197818756
7,ILSVRC2012_val_00014090_n01514668.JPEG,ILSVRC2012_val_00019101_n01514668.JPEG,0.033988282084465,0.4553586840629577,0.5210061073303223,0.42137040197849274
7,ILSVRC2012_val_00025431_n01514668.JPEG,ILSVRC2012_val_00027351_n01514668.JPEG,0.7398200035095215,0.0875234454870224,2.077317237854004,0.6522965580224991
7,ILSVRC2012_val_00009219_n01514668.JPEG,ILSVRC2012_val_00048952_n01514668.JPEG,0.7895025014877319,2.6419942378997803,2.748913526535034,1.8524917364120483
8,ILSVRC2012_val_00007530_n01514859.JPEG,ILSVRC2012_val_00011171_n01514859.JPEG,0.0677177459001541,0.070780448615551,0.1286009699106216,0.003062702715396895
8,ILSVRC2012_val_00049833_n01514859.JPEG,ILSVRC2012_val_00012528_n01514859.JPEG,0.1792196333408355,0.2126800268888473,1.0956296920776367,0.03346039354801181
8,ILSVRC2012_val_00041334_n01514859.JPEG,ILSVRC2012_val_00042135_n01514859.JPEG,0.5110628604888916,0.4501262903213501,0.9463233947753906,0.060936570167541504
8,ILSVRC2012_val_00014917_n01514859.JPEG,ILSVRC2012_val_00029619_n01514859.JPEG,0.1837314516305923,0.3303439915180206,1.3342429399490356,0.14661253988742828
8,ILSVRC2012_val_00028107_n01514859.JPEG,ILSVRC2012_val_00032169_n01514859.JPEG,0.7653946876525879,0.1352573931217193,2.9662981033325195,0.6301372945308685
9,ILSVRC2012_val_00042926_n01518878.JPEG,ILSVRC2012_val_00001398_n01518878.JPEG,0.0138328922912478,0.0098110372200608,0.0437442809343338,0.004021855071187
9,ILSVRC2012_val_00023778_n01518878.JPEG,ILSVRC2012_val_00023214_n01518878.JPEG,0.0320597328245639,0.0098803276196122,0.1762869358062744,0.022179405204951697
9,ILSVRC2012_val_00032849_n01518878.JPEG,ILSVRC2012_val_00019184_n01518878.JPEG,0.0116925630718469,0.0431088432669639,1.7068325281143188,0.031416280195117004
9,ILSVRC2012_val_00014328_n01518878.JPEG,ILSVRC2012_val_00036749_n01518878.JPEG,0.0075928661972284,0.0751565247774124,0.396968275308609,0.067563658580184
9,ILSVRC2012_val_00010763_n01518878.JPEG,ILSVRC2012_val_00044975_n01518878.JPEG,0.0111780129373073,0.2200435996055603,3.4892587661743164,0.208865586668253
10,ILSVRC2012_val_00002023_n01530575.JPEG,ILSVRC2012_val_00023441_n01530575.JPEG,0.0366856455802917,0.0285791587084531,0.0366856455802917,0.0081064868718386
10,ILSVRC2012_val_00002425_n01530575.JPEG,ILSVRC2012_val_00028902_n01530575.JPEG,0.0504352152347564,0.1013218089938163,4.396403789520264,0.050886593759059906
10,ILSVRC2012_val_00037116_n01530575.JPEG,ILSVRC2012_val_00035872_n01530575.JPEG,0.0703900903463363,0.0140051199123263,0.7198094725608826,0.056384970434009994
10,ILSVRC2012_val_00037748_n01530575.JPEG,ILSVRC2012_val_00002730_n01530575.JPEG,1.7260980606079102,0.0255200825631618,2.0749430656433105,1.7005779780447483
10,ILSVRC2012_val_00043788_n01530575.JPEG,ILSVRC2012_val_00004006_n01530575.JPEG,0.3348207473754883,2.2899575233459477,6.1297101974487305,1.9551367759704594
11,ILSVRC2012_val_00004243_n01531178.JPEG,ILSVRC2012_val_00019236_n01531178.JPEG,0.0410698056221008,0.0464846789836883,0.1035380065441131,0.005414873361587497
11,ILSVRC2012_val_00003816_n01531178.JPEG,ILSVRC2012_val_00037611_n01531178.JPEG,0.372967779636383,0.1422575414180755,0.5506354570388794,0.2307102382183075
11,ILSVRC2012_val_00010409_n01531178.JPEG,ILSVRC2012_val_00030071_n01531178.JPEG,0.3779627084732055,0.0285593476146459,0.3779627084732055,0.3494033608585596
11,ILSVRC2012_val_00013998_n01531178.JPEG,ILSVRC2012_val_00048710_n01531178.JPEG,0.4790773391723633,0.0426274612545967,0.9778116941452026,0.43644987791776657
11,ILSVRC2012_val_00025888_n01531178.JPEG,ILSVRC2012_val_00015431_n01531178.JPEG,0.6003936529159546,0.0615444369614124,0.708513081073761,0.5388492159545422
12,ILSVRC2012_val_00004747_n01532829.JPEG,ILSVRC2012_val_00047688_n01532829.JPEG,0.1626310348510742,0.1650563478469848,0.6911519169807434,0.0024253129959106168
12,ILSVRC2012_val_00031171_n01532829.JPEG,ILSVRC2012_val_00038091_n01532829.JPEG,0.0427302680909633,0.0359336994588375,0.1315004825592041,0.006796568632125799
12,ILSVRC2012_val_00006835_n01532829.JPEG,ILSVRC2012_val_00015830_n01532829.JPEG,0.1160299181938171,0.0143399676308035,0.2221981137990951,0.1016899505630136
12,ILSVRC2012_val_00038160_n01532829.JPEG,ILSVRC2012_val_00015964_n01532829.JPEG,0.2388166487216949,0.0051356772892177,0.589219331741333,0.23368097143247718
12,ILSVRC2012_val_00029709_n01532829.JPEG,ILSVRC2012_val_00048437_n01532829.JPEG,0.5571445822715759,0.0988162755966186,0.6161873936653137,0.45832830667495733
13,ILSVRC2012_val_00007853_n01534433.JPEG,ILSVRC2012_val_00014108_n01534433.JPEG,0.0337135456502437,0.0220744684338569,1.0576378107070925,0.011639077216386795
13,ILSVRC2012_val_00035389_n01534433.JPEG,ILSVRC2012_val_00014139_n01534433.JPEG,0.1133758425712585,0.1008815616369247,0.1133758425712585,0.012494280934333801
13,ILSVRC2012_val_00007872_n01534433.JPEG,ILSVRC2012_val_00030657_n01534433.JPEG,0.0115445656701922,0.0337243787944316,0.0343751348555088,0.022179813124239403
13,ILSVRC2012_val_00013945_n01534433.JPEG,ILSVRC2012_val_00006326_n01534433.JPEG,0.5785822868347168,0.6008837223052979,1.968127012252808,0.022301435470581055
13,ILSVRC2012_val_00012058_n01534433.JPEG,ILSVRC2012_val_00000713_n01534433.JPEG,0.0555406399071216,0.0134532991796731,0.1283410787582397,0.042087340727448505
14,ILSVRC2012_val_00040071_n01537544.JPEG,ILSVRC2012_val_00001462_n01537544.JPEG,0.0644876062870025,0.0570562332868576,0.8869694471359253,0.007431373000144896
14,ILSVRC2012_val_00044540_n01537544.JPEG,ILSVRC2012_val_00002071_n01537544.JPEG,0.1194692999124527,0.0895822942256927,0.7526805400848389,0.029887005686760004
14,ILSVRC2012_val_00031987_n01537544.JPEG,ILSVRC2012_val_00003557_n01537544.JPEG,0.0717973783612251,0.021744767203927,0.6184841394424438,0.0500526111572981
14,ILSVRC2012_val_00046071_n01537544.JPEG,ILSVRC2012_val_00021300_n01537544.JPEG,0.100233219563961,0.0098148146644234,0.7204580307006836,0.0904184048995376
14,ILSVRC2012_val_00027498_n01537544.JPEG,ILSVRC2012_val_00026259_n01537544.JPEG,0.1059771701693534,0.2151075452566146,0.2151075452566146,0.1091303750872612
15,ILSVRC2012_val_00005412_n01558993.JPEG,ILSVRC2012_val_00035131_n01558993.JPEG,0.0343554355204105,0.0311748944222927,0.0413185060024261,0.003180541098117804
15,ILSVRC2012_val_00030701_n01558993.JPEG,ILSVRC2012_val_00012651_n01558993.JPEG,0.0333794727921485,0.0375666543841362,5.878576278686523,0.0041871815919877
15,ILSVRC2012_val_00039913_n01558993.JPEG,ILSVRC2012_val_00027535_n01558993.JPEG,0.0427189581096172,0.0323775112628936,0.5869458913803101,0.010341446846723598
15,ILSVRC2012_val_00019208_n01558993.JPEG,ILSVRC2012_val_00029417_n01558993.JPEG,0.0079085789620876,0.0357569269835948,0.1096830815076828,0.027848348021507197
15,ILSVRC2012_val_00029495_n01558993.JPEG,ILSVRC2012_val_00019038_n01558993.JPEG,0.0546374060213565,0.0202546827495098,0.2985473275184631,0.0343827232718467
16,ILSVRC2012_val_00046173_n01560419.JPEG,ILSVRC2012_val_00028230_n01560419.JPEG,0.0082633271813392,0.0053503178060054,0.0082633271813392,0.0029130093753338
16,ILSVRC2012_val_00026010_n01560419.JPEG,ILSVRC2012_val_00012870_n01560419.JPEG,0.0058634895831346,0.0535048954188823,0.0782061517238617,0.0476414058357477
16,ILSVRC2012_val_00018680_n01560419.JPEG,ILSVRC2012_val_00011420_n01560419.JPEG,0.7321736812591553,0.0402714572846889,2.7166905403137207,0.6919022239744663
16,ILSVRC2012_val_00049803_n01560419.JPEG,ILSVRC2012_val_00020788_n01560419.JPEG,0.0185527019202709,1.0739494562149048,1.770287036895752,1.0553967542946339
16,ILSVRC2012_val_00000217_n01560419.JPEG,ILSVRC2012_val_00042600_n01560419.JPEG,0.0526079647243022,1.9491641521453855,2.08854079246521,1.8965561874210832
17,ILSVRC2012_val_00041308_n01580077.JPEG,ILSVRC2012_val_00003861_n01580077.JPEG,0.0173828899860382,0.0084868716076016,0.1387779116630554,0.008896018378436602
17,ILSVRC2012_val_00026136_n01580077.JPEG,ILSVRC2012_val_00010272_n01580077.JPEG,0.0863823294639587,0.013596897944808,0.0863823294639587,0.0727854315191507
17,ILSVRC2012_val_00033515_n01580077.JPEG,ILSVRC2012_val_00010240_n01580077.JPEG,0.1533109992742538,0.0644042268395423,0.3850994110107422,0.08890677243471148
17,ILSVRC2012_val_00009535_n01580077.JPEG,ILSVRC2012_val_00046280_n01580077.JPEG,0.0470174401998519,0.4332593381404876,0.4332593381404876,0.38624189794063574
17,ILSVRC2012_val_00017975_n01580077.JPEG,ILSVRC2012_val_00048360_n01580077.JPEG,0.3957450687885284,0.922415018081665,1.0637669563293457,0.5266699492931366
18,ILSVRC2012_val_00002536_n01582220.JPEG,ILSVRC2012_val_00037436_n01582220.JPEG,0.0195286236703395,0.0202966202050447,1.8287904262542725,0.0007679965347052002
18,ILSVRC2012_val_00034437_n01582220.JPEG,ILSVRC2012_val_00006171_n01582220.JPEG,0.0124965040013194,0.020363787189126,1.6800631284713743,0.007867283187806601
18,ILSVRC2012_val_00045948_n01582220.JPEG,ILSVRC2012_val_00041206_n01582220.JPEG,0.3646211326122284,0.4907971024513244,3.042628765106201,0.126175969839096
18,ILSVRC2012_val_00036015_n01582220.JPEG,ILSVRC2012_val_00024044_n01582220.JPEG,0.2033982276916504,0.0033868353348225,0.8591923117637634,0.20001139235682788
18,ILSVRC2012_val_00030017_n01582220.JPEG,ILSVRC2012_val_00010501_n01582220.JPEG,1.184311866760254,0.5363982915878296,3.883512258529663,0.6479135751724243
19,ILSVRC2012_val_00048107_n01592084.JPEG,ILSVRC2012_val_00034095_n01592084.JPEG,0.0327242650091648,0.0210971776396036,0.0889065191149711,0.011627087369561202
19,ILSVRC2012_val_00018280_n01592084.JPEG,ILSVRC2012_val_00044038_n01592084.JPEG,0.022729817777872,0.0071615423075854,1.3233137130737305,0.015568275470286599
19,ILSVRC2012_val_00040783_n01592084.JPEG,ILSVRC2012_val_00019788_n01592084.JPEG,0.0632389783859252,0.0184040777385234,0.5564991235733032,0.044834900647401796
19,ILSVRC2012_val_00010861_n01592084.JPEG,ILSVRC2012_val_00046415_n01592084.JPEG,0.0961969420313835,0.0027134525589644,2.681195974349976,0.0934834894724191
19,ILSVRC2012_val_00038557_n01592084.JPEG,ILSVRC2012_val_00045568_n01592084.JPEG,0.2400304079055786,0.0383458249270916,5.440166473388672,0.20168458297848701
20,ILSVRC2012_val_00043566_n01601694.JPEG,ILSVRC2012_val_00025214_n01601694.JPEG,0.2033759504556656,0.2143101543188095,0.3447456657886505,0.010934203863143921
20,ILSVRC2012_val_00017028_n01601694.JPEG,ILSVRC2012_val_00040903_n01601694.JPEG,0.0141112627461552,0.0380070991814136,0.0699923634529113,0.023895836435258402
20,ILSVRC2012_val_00028181_n01601694.JPEG,ILSVRC2012_val_00013223_n01601694.JPEG,0.0968997329473495,0.0338403210043907,0.2204354554414749,0.0630594119429588
20,ILSVRC2012_val_00030011_n01601694.JPEG,ILSVRC2012_val_00028099_n01601694.JPEG,0.749613344669342,0.4407829344272613,4.73541259765625,0.30883041024208074
20,ILSVRC2012_val_00022972_n01601694.JPEG,ILSVRC2012_val_00045581_n01601694.JPEG,0.6161383390426636,0.0181849636137485,0.6161383390426636,0.597953375428915
21,ILSVRC2012_val_00030483_n01608432.JPEG,ILSVRC2012_val_00000888_n01608432.JPEG,0.1819065660238266,0.117917813360691,0.4886536598205566,0.0639887526631356
21,ILSVRC2012_val_00038111_n01608432.JPEG,ILSVRC2012_val_00026444_n01608432.JPEG,0.1384152919054031,1.4629169702529907,3.485705614089966,1.3245016783475876
21,ILSVRC2012_val_00047191_n01608432.JPEG,ILSVRC2012_val_00015107_n01608432.JPEG,4.199493408203125,2.380436420440674,6.303210735321045,1.8190569877624512
21,ILSVRC2012_val_00033214_n01608432.JPEG,ILSVRC2012_val_00047637_n01608432.JPEG,0.0582446753978729,2.559511423110962,2.9310622215271,2.501266747713089
21,ILSVRC2012_val_00036356_n01608432.JPEG,ILSVRC2012_val_00001488_n01608432.JPEG,0.0100513491779565,3.871168851852417,4.435735702514648,3.8611175026744604
22,ILSVRC2012_val_00038804_n01614925.JPEG,ILSVRC2012_val_00049531_n01614925.JPEG,0.0051380493678152,0.0148797901347279,0.1236522793769836,0.009741740766912699
22,ILSVRC2012_val_00008481_n01614925.JPEG,ILSVRC2012_val_00015516_n01614925.JPEG,0.0418982654809951,0.0818965062499046,0.1261953115463256,0.0399982407689095
22,ILSVRC2012_val_00040404_n01614925.JPEG,ILSVRC2012_val_00048960_n01614925.JPEG,0.3241741955280304,0.0154735511168837,1.1577342748641968,0.3087006444111467
22,ILSVRC2012_val_00031465_n01614925.JPEG,ILSVRC2012_val_00013702_n01614925.JPEG,0.0336280204355716,0.7006394863128662,0.7045825123786926,0.6670114658772947
22,ILSVRC2012_val_00026614_n01614925.JPEG,ILSVRC2012_val_00003330_n01614925.JPEG,0.7355042099952698,0.0102177392691373,0.782410204410553,0.7252864707261325
23,ILSVRC2012_val_00002168_n01616318.JPEG,ILSVRC2012_val_00032389_n01616318.JPEG,0.0410039015114307,0.1081068068742752,0.3520269691944122,0.0671029053628445
23,ILSVRC2012_val_00023247_n01616318.JPEG,ILSVRC2012_val_00040425_n01616318.JPEG,0.1848237514495849,0.0471805185079574,0.7829868793487549,0.1376432329416275
23,ILSVRC2012_val_00031653_n01616318.JPEG,ILSVRC2012_val_00012178_n01616318.JPEG,0.552497923374176,0.2680546343326568,3.457167625427246,0.2844432890415192
23,ILSVRC2012_val_00006213_n01616318.JPEG,ILSVRC2012_val_00042788_n01616318.JPEG,1.0240217447280884,0.1952638775110244,1.2738301753997805,0.828757867217064
23,ILSVRC2012_val_00004554_n01616318.JPEG,ILSVRC2012_val_00030515_n01616318.JPEG,1.1415117979049685,0.1242919340729713,4.002406597137451,1.0172198638319971
24,ILSVRC2012_val_00025523_n01622779.JPEG,ILSVRC2012_val_00018062_n01622779.JPEG,0.0666096657514572,0.0715137496590614,0.0767112597823143,0.004904083907604204
24,ILSVRC2012_val_00004859_n01622779.JPEG,ILSVRC2012_val_00027519_n01622779.JPEG,0.0529880225658416,0.0822580233216285,1.6797237396240234,0.029270000755786903
24,ILSVRC2012_val_00040434_n01622779.JPEG,ILSVRC2012_val_00031144_n01622779.JPEG,0.0191113073378801,0.0516746789216995,0.0759338065981864,0.0325633715838194
24,ILSVRC2012_val_00011414_n01622779.JPEG,ILSVRC2012_val_00008209_n01622779.JPEG,0.006837660446763,0.0603255704045295,0.0606494173407554,0.053487909957766505
24,ILSVRC2012_val_00008178_n01622779.JPEG,ILSVRC2012_val_00014982_n01622779.JPEG,0.018017902970314,0.1422775983810424,2.3836424350738525,0.1242596954107284
25,ILSVRC2012_val_00022935_n01629819.JPEG,ILSVRC2012_val_00033081_n01629819.JPEG,0.0851781666278839,0.0781666859984397,0.8885318636894226,0.007011480629444192
25,ILSVRC2012_val_00000225_n01629819.JPEG,ILSVRC2012_val_00009674_n01629819.JPEG,0.0900203585624694,0.1454861164093017,0.1622144430875778,0.0554657578468323
25,ILSVRC2012_val_00039753_n01629819.JPEG,ILSVRC2012_val_00002883_n01629819.JPEG,0.2100064158439636,0.083171546459198,0.2148535102605819,0.1268348693847656
25,ILSVRC2012_val_00045120_n01629819.JPEG,ILSVRC2012_val_00001033_n01629819.JPEG,0.0336320549249649,0.196976363658905,2.062236785888672,0.1633443087339401
25,ILSVRC2012_val_00009616_n01629819.JPEG,ILSVRC2012_val_00046162_n01629819.JPEG,0.278029054403305,0.063870258629322,0.2809900045394897,0.214158795773983
26,ILSVRC2012_val_00033261_n01630670.JPEG,ILSVRC2012_val_00046430_n01630670.JPEG,2.9288296699523926,3.1070120334625244,3.129203081130981,0.17818236351013184
26,ILSVRC2012_val_00021083_n01630670.JPEG,ILSVRC2012_val_00029511_n01630670.JPEG,0.5017041563987732,0.9888538718223572,2.784733533859253,0.487149715423584
26,ILSVRC2012_val_00003189_n01630670.JPEG,ILSVRC2012_val_00005868_n01630670.JPEG,2.4918508529663086,1.7565011978149414,2.994581699371338,0.7353496551513672
26,ILSVRC2012_val_00000498_n01630670.JPEG,ILSVRC2012_val_00049997_n01630670.JPEG,0.4684200286865234,1.6441879272460938,2.987011432647705,1.1757678985595703
26,ILSVRC2012_val_00007257_n01630670.JPEG,ILSVRC2012_val_00045101_n01630670.JPEG,0.0738040134310722,1.37384831905365,2.9797770977020264,1.3000443056225777
27,ILSVRC2012_val_00014009_n01631663.JPEG,ILSVRC2012_val_00033492_n01631663.JPEG,0.1370238214731216,0.199103444814682,0.2705743908882141,0.06207962334156042
27,ILSVRC2012_val_00006737_n01631663.JPEG,ILSVRC2012_val_00028601_n01631663.JPEG,0.1218037903308868,0.0425263606011867,0.1239691004157066,0.0792774297297001
27,ILSVRC2012_val_00000807_n01631663.JPEG,ILSVRC2012_val_00012765_n01631663.JPEG,0.1840828508138656,0.02997487783432,1.0888248682022097,0.1541079729795456
27,ILSVRC2012_val_00001728_n01631663.JPEG,ILSVRC2012_val_00006149_n01631663.JPEG,0.3764068782329559,0.6480858325958252,1.3648862838745115,0.2716789543628693
27,ILSVRC2012_val_00006319_n01631663.JPEG,ILSVRC2012_val_00011131_n01631663.JPEG,3.316495656967163,0.1815607547760009,6.248262882232666,3.134934902191162
28,ILSVRC2012_val_00013069_n01632458.JPEG,ILSVRC2012_val_00029977_n01632458.JPEG,0.0421021878719329,0.0250894483178854,0.0422514453530311,0.0170127395540475
28,ILSVRC2012_val_00018008_n01632458.JPEG,ILSVRC2012_val_00009779_n01632458.JPEG,0.5456092357635498,0.6594505906105042,2.092469453811645,0.11384135484695435
28,ILSVRC2012_val_00033767_n01632458.JPEG,ILSVRC2012_val_00021906_n01632458.JPEG,0.338790625333786,0.1024463400244712,0.7407172322273254,0.2363442853093148
28,ILSVRC2012_val_00030418_n01632458.JPEG,ILSVRC2012_val_00039933_n01632458.JPEG,0.352590262889862,0.0443715564906597,3.170454263687134,0.3082187063992023
28,ILSVRC2012_val_00010675_n01632458.JPEG,ILSVRC2012_val_00046616_n01632458.JPEG,0.7842608690261841,0.3828771710395813,1.605570673942566,0.4013836979866028
29,ILSVRC2012_val_00042302_n01632777.JPEG,ILSVRC2012_val_00044504_n01632777.JPEG,0.0038076771888881,0.0805390104651451,0.091232419013977,0.076731333276257
29,ILSVRC2012_val_00022925_n01632777.JPEG,ILSVRC2012_val_00017372_n01632777.JPEG,0.1119641959667205,0.1962955594062805,2.0060386657714844,0.08433136343955999
29,ILSVRC2012_val_00034583_n01632777.JPEG,ILSVRC2012_val_00037046_n01632777.JPEG,0.0043977214954793,0.0934754088521003,0.6005198955535889,0.089077687356621
29,ILSVRC2012_val_00016514_n01632777.JPEG,ILSVRC2012_val_00025438_n01632777.JPEG,0.2243450284004211,0.0478755347430706,3.7259366512298575,0.17646949365735048
29,ILSVRC2012_val_00027929_n01632777.JPEG,ILSVRC2012_val_00039922_n01632777.JPEG,0.0041839447803795,0.2860476672649383,0.6242502927780151,0.2818637224845588
30,ILSVRC2012_val_00013974_n01641577.JPEG,ILSVRC2012_val_00012151_n01641577.JPEG,0.0580427795648574,0.0467905141413211,0.0746328011155128,0.0112522654235363
30,ILSVRC2012_val_00022052_n01641577.JPEG,ILSVRC2012_val_00003748_n01641577.JPEG,0.0985265970230102,0.1293850541114807,0.1420250684022903,0.030858457088470514
30,ILSVRC2012_val_00011664_n01641577.JPEG,ILSVRC2012_val_00036102_n01641577.JPEG,0.0188302304595708,0.0661452636122703,0.2244336158037185,0.0473150331526995
30,ILSVRC2012_val_00047498_n01641577.JPEG,ILSVRC2012_val_00018481_n01641577.JPEG,0.2795601189136505,0.3392699062824249,0.3678925335407257,0.059709787368774414
30,ILSVRC2012_val_00049119_n01641577.JPEG,ILSVRC2012_val_00017669_n01641577.JPEG,0.3748679459095001,0.2215975970029831,1.7794557809829712,0.15327034890651703
31,ILSVRC2012_val_00044855_n01644373.JPEG,ILSVRC2012_val_00043303_n01644373.JPEG,3.281933069229126,3.303420305252075,5.816047191619873,0.02148723602294922
31,ILSVRC2012_val_00000944_n01644373.JPEG,ILSVRC2012_val_00036066_n01644373.JPEG,0.0228547286242246,0.0563538260757923,0.5357125997543335,0.0334990974515677
31,ILSVRC2012_val_00048482_n01644373.JPEG,ILSVRC2012_val_00033084_n01644373.JPEG,0.4889430403709411,0.0764486789703369,0.6388887763023376,0.4124943614006042
31,ILSVRC2012_val_00007398_n01644373.JPEG,ILSVRC2012_val_00012428_n01644373.JPEG,1.0939284563064575,0.4809255599975586,4.316353797912598,0.6130028963088989
31,ILSVRC2012_val_00020059_n01644373.JPEG,ILSVRC2012_val_00034290_n01644373.JPEG,3.652933835983277,1.9296048879623413,4.967565059661865,1.7233289480209355
32,ILSVRC2012_val_00044262_n01644900.JPEG,ILSVRC2012_val_00044288_n01644900.JPEG,4.970230102539063,5.6048431396484375,7.338690757751465,0.6346130371093741
32,ILSVRC2012_val_00040420_n01644900.JPEG,ILSVRC2012_val_00023758_n01644900.JPEG,1.1056652069091797,0.1653899252414703,1.4208524227142334,0.9402752816677094
32,ILSVRC2012_val_00001938_n01644900.JPEG,ILSVRC2012_val_00041919_n01644900.JPEG,2.80062198638916,1.5091137886047363,5.9372076988220215,1.2915081977844238
32,ILSVRC2012_val_00004427_n01644900.JPEG,ILSVRC2012_val_00032966_n01644900.JPEG,2.576300859451294,0.840709388256073,2.678351163864136,1.735591471195221
32,ILSVRC2012_val_00030478_n01644900.JPEG,ILSVRC2012_val_00028629_n01644900.JPEG,0.3881112039089203,2.50364351272583,5.14030647277832,2.11553230881691
33,ILSVRC2012_val_00028760_n01664065.JPEG,ILSVRC2012_val_00036202_n01664065.JPEG,0.1281902939081192,0.246703952550888,0.3410039842128753,0.1185136586427688
33,ILSVRC2012_val_00041641_n01664065.JPEG,ILSVRC2012_val_00024221_n01664065.JPEG,0.0501526035368442,0.2441391348838806,0.2695692479610443,0.1939865313470364
33,ILSVRC2012_val_00015924_n01664065.JPEG,ILSVRC2012_val_00047105_n01664065.JPEG,1.2871153354644775,0.6726803183555603,2.015711069107056,0.6144350171089172
33,ILSVRC2012_val_00043118_n01664065.JPEG,ILSVRC2012_val_00022469_n01664065.JPEG,1.2932544946670532,0.0616883561015129,1.2932544946670532,1.2315661385655403
33,ILSVRC2012_val_00021983_n01664065.JPEG,ILSVRC2012_val_00048257_n01664065.JPEG,2.2818191051483154,3.904348850250244,3.9330451488494873,1.6225297451019287
34,ILSVRC2012_val_00026049_n01665541.JPEG,ILSVRC2012_val_00004221_n01665541.JPEG,0.057842306792736,0.1310414224863052,0.1325519233942031,0.07319911569356921
34,ILSVRC2012_val_00020907_n01665541.JPEG,ILSVRC2012_val_00030406_n01665541.JPEG,0.4936477541923523,1.7252192497253418,3.74149227142334,1.2315714955329895
34,ILSVRC2012_val_00023654_n01665541.JPEG,ILSVRC2012_val_00047832_n01665541.JPEG,2.148034811019897,0.3557583093643188,2.148034811019897,1.7922765016555782
34,ILSVRC2012_val_00007044_n01665541.JPEG,ILSVRC2012_val_00036195_n01665541.JPEG,2.6365106105804443,0.0332989953458309,3.4057228565216064,2.6032116152346134
34,ILSVRC2012_val_00009889_n01665541.JPEG,ILSVRC2012_val_00009639_n01665541.JPEG,0.0661564245820045,3.578221082687378,3.637298345565796,3.5120646581053734
35,ILSVRC2012_val_00048991_n01667114.JPEG,ILSVRC2012_val_00044341_n01667114.JPEG,0.69268399477005,0.8235695362091064,1.051376461982727,0.1308855414390564
35,ILSVRC2012_val_00041017_n01667114.JPEG,ILSVRC2012_val_00039441_n01667114.JPEG,0.5358529090881348,0.6852145195007324,0.9989314079284668,0.14936161041259766
35,ILSVRC2012_val_00036815_n01667114.JPEG,ILSVRC2012_val_00001636_n01667114.JPEG,1.3935434818267822,1.1714740991592407,3.604796886444092,0.2220693826675415
35,ILSVRC2012_val_00016550_n01667114.JPEG,ILSVRC2012_val_00023703_n01667114.JPEG,0.7501320242881775,0.2861928939819336,1.146404266357422,0.4639391303062439
35,ILSVRC2012_val_00036345_n01667114.JPEG,ILSVRC2012_val_00038527_n01667114.JPEG,2.1377878189086914,1.43364155292511,2.9825384616851807,0.7041462659835813
36,ILSVRC2012_val_00042664_n01667778.JPEG,ILSVRC2012_val_00008333_n01667778.JPEG,0.5008127689361572,0.0354307852685451,0.8907036781311035,0.46538198366761213
36,ILSVRC2012_val_00031674_n01667778.JPEG,ILSVRC2012_val_00031793_n01667778.JPEG,0.3209649622440338,0.8302494883537292,1.105049967765808,0.5092845261096954
36,ILSVRC2012_val_00029806_n01667778.JPEG,ILSVRC2012_val_00032805_n01667778.JPEG,0.2826754152774811,1.3174285888671875,1.4483482837677002,1.0347531735897064
36,ILSVRC2012_val_00015193_n01667778.JPEG,ILSVRC2012_val_00037154_n01667778.JPEG,0.3247359991073608,1.4290735721588137,1.436373591423035,1.1043375730514529
36,ILSVRC2012_val_00031774_n01667778.JPEG,ILSVRC2012_val_00022350_n01667778.JPEG,0.1211816594004631,1.911115646362305,4.546627998352051,1.7899339869618418
37,ILSVRC2012_val_00003273_n01669191.JPEG,ILSVRC2012_val_00037739_n01669191.JPEG,0.0602684430778026,0.1009818837046623,0.3384669125080108,0.04071344062685969
37,ILSVRC2012_val_00012087_n01669191.JPEG,ILSVRC2012_val_00028162_n01669191.JPEG,0.3213532865047455,0.3729329109191894,2.2324235439300537,0.051579624414443914
37,ILSVRC2012_val_00049782_n01669191.JPEG,ILSVRC2012_val_00017222_n01669191.JPEG,0.082441471517086,0.1403153091669082,0.2595163881778717,0.05787383764982221
37,ILSVRC2012_val_00001662_n01669191.JPEG,ILSVRC2012_val_00002512_n01669191.JPEG,0.4981750249862671,0.2378324419260025,0.868715763092041,0.2603425830602646
37,ILSVRC2012_val_00001649_n01669191.JPEG,ILSVRC2012_val_00002232_n01669191.JPEG,0.0532857701182365,0.5046152472496033,0.5046152472496033,0.4513294771313668
38,ILSVRC2012_val_00033858_n01675722.JPEG,ILSVRC2012_val_00048909_n01675722.JPEG,0.008036539889872,0.0430530086159706,0.5268004536628723,0.0350164687260986
38,ILSVRC2012_val_00009966_n01675722.JPEG,ILSVRC2012_val_00014790_n01675722.JPEG,0.2443372756242752,0.1193590611219406,0.4380077719688415,0.12497821450233461
38,ILSVRC2012_val_00021683_n01675722.JPEG,ILSVRC2012_val_00026793_n01675722.JPEG,0.1854393184185028,0.4378187358379364,2.242806911468506,0.2523794174194336
38,ILSVRC2012_val_00039886_n01675722.JPEG,ILSVRC2012_val_00020453_n01675722.JPEG,0.5721397399902344,0.2518908679485321,6.360629081726074,0.32024887204170227
38,ILSVRC2012_val_00042331_n01675722.JPEG,ILSVRC2012_val_00021055_n01675722.JPEG,0.8420118093490601,0.5002076029777527,2.080170154571533,0.3418042063713074
39,ILSVRC2012_val_00046407_n01677366.JPEG,ILSVRC2012_val_00004622_n01677366.JPEG,0.0832601711153984,0.0240849610418081,0.3412735760211944,0.05917521007359029
39,ILSVRC2012_val_00001950_n01677366.JPEG,ILSVRC2012_val_00007896_n01677366.JPEG,0.3583053648471832,0.2342002391815185,0.6163732409477234,0.12410512566566473
39,ILSVRC2012_val_00014317_n01677366.JPEG,ILSVRC2012_val_00006717_n01677366.JPEG,0.028197705745697,0.2669292390346527,0.3003946542739868,0.23873153328895572
39,ILSVRC2012_val_00033058_n01677366.JPEG,ILSVRC2012_val_00003319_n01677366.JPEG,0.4353975653648376,0.0588710159063339,0.4969121813774109,0.37652654945850367
39,ILSVRC2012_val_00023555_n01677366.JPEG,ILSVRC2012_val_00027750_n01677366.JPEG,0.4373294115066528,0.0306036826223135,0.5392172932624817,0.4067257288843393
40,ILSVRC2012_val_00008669_n01682714.JPEG,ILSVRC2012_val_00045669_n01682714.JPEG,0.9525573253631592,0.9192586541175842,2.134056568145752,0.03329867124557495
40,ILSVRC2012_val_00014308_n01682714.JPEG,ILSVRC2012_val_00007258_n01682714.JPEG,0.3801835477352142,0.4800513684749603,0.532153844833374,0.09986782073974615
40,ILSVRC2012_val_00044996_n01682714.JPEG,ILSVRC2012_val_00015721_n01682714.JPEG,1.065340280532837,1.2567797899246216,4.281429290771484,0.19143950939178467
40,ILSVRC2012_val_00031816_n01682714.JPEG,ILSVRC2012_val_00011702_n01682714.JPEG,0.8514367341995239,0.6288881897926331,1.2904492616653442,0.22254854440689087
40,ILSVRC2012_val_00039282_n01682714.JPEG,ILSVRC2012_val_00020154_n01682714.JPEG,0.305471122264862,1.7343645095825195,4.956563949584961,1.4288933873176575
41,ILSVRC2012_val_00022731_n01685808.JPEG,ILSVRC2012_val_00029909_n01685808.JPEG,0.0177674368023872,0.0131227429956197,0.0293462593108415,0.0046446938067675
41,ILSVRC2012_val_00008407_n01685808.JPEG,ILSVRC2012_val_00039618_n01685808.JPEG,0.0767953842878341,0.0539467372000217,1.0449215173721311,0.022848647087812396
41,ILSVRC2012_val_00016379_n01685808.JPEG,ILSVRC2012_val_00046349_n01685808.JPEG,0.1420525759458542,0.0181884746998548,1.0229297876358032,0.12386410124599939
41,ILSVRC2012_val_00018430_n01685808.JPEG,ILSVRC2012_val_00000908_n01685808.JPEG,0.0338541492819786,0.1787424981594085,0.2784037292003631,0.1448883488774299
41,ILSVRC2012_val_00006764_n01685808.JPEG,ILSVRC2012_val_00020356_n01685808.JPEG,0.0380744636058807,0.1876919418573379,0.4702030718326568,0.1496174782514572
42,ILSVRC2012_val_00037200_n01687978.JPEG,ILSVRC2012_val_00033218_n01687978.JPEG,0.0134547101333737,0.0933506488800048,1.2557144165039062,0.0798959387466311
42,ILSVRC2012_val_00046258_n01687978.JPEG,ILSVRC2012_val_00044934_n01687978.JPEG,0.321641206741333,0.4912252426147461,1.054068088531494,0.16958403587341309
42,ILSVRC2012_val_00041253_n01687978.JPEG,ILSVRC2012_val_00018675_n01687978.JPEG,0.6842399835586548,0.0228317752480506,1.1594263315200806,0.6614082083106042
42,ILSVRC2012_val_00035717_n01687978.JPEG,ILSVRC2012_val_00011158_n01687978.JPEG,2.032426357269287,1.249598741531372,2.780500888824463,0.782827615737915
42,ILSVRC2012_val_00028397_n01687978.JPEG,ILSVRC2012_val_00040444_n01687978.JPEG,0.5084962248802185,1.9453574419021609,1.9453574419021609,1.4368612170219424
43,ILSVRC2012_val_00003124_n01688243.JPEG,ILSVRC2012_val_00047224_n01688243.JPEG,0.0248406305909156,0.0421216189861297,0.4267272353172302,0.017280988395214098
43,ILSVRC2012_val_00044980_n01688243.JPEG,ILSVRC2012_val_00012820_n01688243.JPEG,0.0058274613693356,0.0384645573794841,0.0397421941161155,0.0326370960101485
43,ILSVRC2012_val_00045510_n01688243.JPEG,ILSVRC2012_val_00018095_n01688243.JPEG,0.0377369113266468,0.0904959067702293,0.1738716065883636,0.0527589954435825
43,ILSVRC2012_val_00034793_n01688243.JPEG,ILSVRC2012_val_00043798_n01688243.JPEG,0.1532407402992248,0.0132245095446705,0.2727916538715362,0.1400162307545543
43,ILSVRC2012_val_00030873_n01688243.JPEG,ILSVRC2012_val_00017002_n01688243.JPEG,0.023009218275547,0.1663665771484375,1.198600172996521,0.1433573588728905
44,ILSVRC2012_val_00031114_n01689811.JPEG,ILSVRC2012_val_00004915_n01689811.JPEG,0.1052245125174522,0.0763985440135002,1.690880537033081,0.028825968503952
44,ILSVRC2012_val_00032744_n01689811.JPEG,ILSVRC2012_val_00020598_n01689811.JPEG,2.1197078227996826,2.3096420764923096,6.5894622802734375,0.18993425369262695
44,ILSVRC2012_val_00041730_n01689811.JPEG,ILSVRC2012_val_00026526_n01689811.JPEG,0.0046105035580694,0.4067798256874084,2.707402229309082,0.402169322129339
44,ILSVRC2012_val_00032640_n01689811.JPEG,ILSVRC2012_val_00044698_n01689811.JPEG,0.2952683866024017,1.7108598947525024,3.0470335483551025,1.4155915081501007
44,ILSVRC2012_val_00044822_n01689811.JPEG,ILSVRC2012_val_00001645_n01689811.JPEG,3.6423428058624263,0.1861766427755355,3.850153923034668,3.4561661630868907
45,ILSVRC2012_val_00044987_n01692333.JPEG,ILSVRC2012_val_00006927_n01692333.JPEG,0.0736600533127784,0.1758836805820465,0.9304904341697692,0.1022236272692681
45,ILSVRC2012_val_00043110_n01692333.JPEG,ILSVRC2012_val_00037417_n01692333.JPEG,0.0074250921607017,0.4971973001956939,3.3387322425842285,0.4897722080349922
45,ILSVRC2012_val_00047675_n01692333.JPEG,ILSVRC2012_val_00033706_n01692333.JPEG,0.0012103144545108,0.5121710300445557,0.5121710300445557,0.5109607155900449
45,ILSVRC2012_val_00028284_n01692333.JPEG,ILSVRC2012_val_00030371_n01692333.JPEG,0.0634315460920333,0.5875288248062134,1.3500478267669678,0.5240972787141801
45,ILSVRC2012_val_00046106_n01692333.JPEG,ILSVRC2012_val_00036849_n01692333.JPEG,0.1876737475395202,1.8236323595047,3.5708937644958496,1.6359586119651797
46,ILSVRC2012_val_00034369_n01693334.JPEG,ILSVRC2012_val_00005332_n01693334.JPEG,0.82774418592453,0.2807414531707763,1.0278440713882446,0.5470027327537537
46,ILSVRC2012_val_00043214_n01693334.JPEG,ILSVRC2012_val_00026648_n01693334.JPEG,0.9990344047546388,0.3767201602458954,1.149933934211731,0.6223142445087434
46,ILSVRC2012_val_00013392_n01693334.JPEG,ILSVRC2012_val_00023690_n01693334.JPEG,1.959888219833374,0.5862720608711243,4.059933185577393,1.3736161589622498
46,ILSVRC2012_val_00042142_n01693334.JPEG,ILSVRC2012_val_00018857_n01693334.JPEG,2.571380138397217,1.1641786098480225,2.906428098678589,1.4072015285491943
46,ILSVRC2012_val_00026705_n01693334.JPEG,ILSVRC2012_val_00000683_n01693334.JPEG,0.7279133796691895,3.106825351715088,3.168259382247925,2.3789119720458984
47,ILSVRC2012_val_00048675_n01694178.JPEG,ILSVRC2012_val_00018834_n01694178.JPEG,0.0119224106892943,0.0818476304411888,0.2702272832393646,0.0699252197518945
47,ILSVRC2012_val_00037261_n01694178.JPEG,ILSVRC2012_val_00003070_n01694178.JPEG,0.1241133660078048,0.0395526885986328,0.1267104595899582,0.084560677409172
47,ILSVRC2012_val_00040104_n01694178.JPEG,ILSVRC2012_val_00015667_n01694178.JPEG,0.2495723962783813,0.5454307198524475,0.6170028448104858,0.2958583235740662
47,ILSVRC2012_val_00005078_n01694178.JPEG,ILSVRC2012_val_00039106_n01694178.JPEG,0.1668819487094879,0.5957369208335876,1.506557822227478,0.42885497212409973
47,ILSVRC2012_val_00029225_n01694178.JPEG,ILSVRC2012_val_00004555_n01694178.JPEG,0.0116554480046033,0.5313725471496582,0.6080867648124695,0.5197170991450549
48,ILSVRC2012_val_00042124_n01695060.JPEG,ILSVRC2012_val_00036512_n01695060.JPEG,0.0099186887964606,0.0543048344552516,0.1312200129032135,0.044386145658790996
48,ILSVRC2012_val_00019652_n01695060.JPEG,ILSVRC2012_val_00038248_n01695060.JPEG,0.3157878816127777,0.4010860323905945,1.447155475616455,0.08529815077781677
48,ILSVRC2012_val_00014794_n01695060.JPEG,ILSVRC2012_val_00037262_n01695060.JPEG,0.1878397464752197,0.0110834660008549,0.1926632821559906,0.1767562804743648
48,ILSVRC2012_val_00010523_n01695060.JPEG,ILSVRC2012_val_00006301_n01695060.JPEG,0.1478225141763687,0.4868223667144775,2.2877659797668457,0.33899985253810877
48,ILSVRC2012_val_00034346_n01695060.JPEG,ILSVRC2012_val_00033932_n01695060.JPEG,0.0687987804412841,0.6510698795318604,0.6510698795318604,0.5822710990905763
49,ILSVRC2012_val_00001573_n01697457.JPEG,ILSVRC2012_val_00003101_n01697457.JPEG,0.0787883922457695,0.1169491782784462,0.5674149990081787,0.0381607860326767
49,ILSVRC2012_val_00027263_n01697457.JPEG,ILSVRC2012_val_00033030_n01697457.JPEG,0.250581294298172,0.1110753342509269,0.250581294298172,0.13950596004724508
49,ILSVRC2012_val_00037392_n01697457.JPEG,ILSVRC2012_val_00045077_n01697457.JPEG,2.120795965194702,2.8779306411743164,3.64722752571106,0.7571346759796143
49,ILSVRC2012_val_00035286_n01697457.JPEG,ILSVRC2012_val_00008146_n01697457.JPEG,1.7940603494644165,0.1730474531650543,2.9046170711517334,1.6210128962993622
49,ILSVRC2012_val_00020667_n01697457.JPEG,ILSVRC2012_val_00032587_n01697457.JPEG,6.248268127441406,0.1863326877355575,8.27456283569336,6.061935439705849
50,ILSVRC2012_val_00024146_n01698640.JPEG,ILSVRC2012_val_00021497_n01698640.JPEG,0.2268932312726974,0.2611386477947235,1.3309797048568726,0.03424541652202612
50,ILSVRC2012_val_00045362_n01698640.JPEG,ILSVRC2012_val_00038620_n01698640.JPEG,0.0190764535218477,0.260459840297699,0.7083038687705994,0.24138338677585128
50,ILSVRC2012_val_00006377_n01698640.JPEG,ILSVRC2012_val_00027134_n01698640.JPEG,0.4787727892398834,1.2707104682922363,1.2707104682922363,0.7919376790523529
50,ILSVRC2012_val_00039888_n01698640.JPEG,ILSVRC2012_val_00001338_n01698640.JPEG,1.258694767951965,0.1798004209995269,1.4606887102127075,1.0788943469524381
50,ILSVRC2012_val_00041665_n01698640.JPEG,ILSVRC2012_val_00000090_n01698640.JPEG,2.129512071609497,0.1458702683448791,2.5146639347076416,1.983641803264618
51,ILSVRC2012_val_00004310_n01704323.JPEG,ILSVRC2012_val_00006120_n01704323.JPEG,0.0171074215322732,0.093259759247303,0.5491064786911011,0.0761523377150298
51,ILSVRC2012_val_00047970_n01704323.JPEG,ILSVRC2012_val_00010061_n01704323.JPEG,0.004481391981244,0.1008972898125648,2.2443621158599854,0.09641589783132079
51,ILSVRC2012_val_00049495_n01704323.JPEG,ILSVRC2012_val_00027483_n01704323.JPEG,9.655486064730212e-05,0.1435019224882125,0.3036264479160309,0.1434053676275652
51,ILSVRC2012_val_00027700_n01704323.JPEG,ILSVRC2012_val_00024993_n01704323.JPEG,0.6392261385917664,0.278825968503952,1.9953012466430664,0.36040017008781433
51,ILSVRC2012_val_00017061_n01704323.JPEG,ILSVRC2012_val_00038815_n01704323.JPEG,0.3819393217563629,1.4799821376800537,1.8804514408111568,1.0980428159236908
52,ILSVRC2012_val_00012331_n01728572.JPEG,ILSVRC2012_val_00004927_n01728572.JPEG,0.1547529101371765,0.0368701815605163,2.0388474464416504,0.11788272857666021
52,ILSVRC2012_val_00003569_n01728572.JPEG,ILSVRC2012_val_00008399_n01728572.JPEG,1.342430591583252,0.4737644791603088,5.509487628936768,0.8686661124229431
52,ILSVRC2012_val_00020383_n01728572.JPEG,ILSVRC2012_val_00024301_n01728572.JPEG,0.0705804005265235,1.0225958824157717,3.0613393783569336,0.9520154818892482
52,ILSVRC2012_val_00037469_n01728572.JPEG,ILSVRC2012_val_00027680_n01728572.JPEG,1.2369470596313477,0.2690127491950989,3.005439281463623,0.9679343104362488
52,ILSVRC2012_val_00016095_n01728572.JPEG,ILSVRC2012_val_00042352_n01728572.JPEG,0.8467504978179932,2.0100107192993164,5.238133430480957,1.1632602214813232
53,ILSVRC2012_val_00049143_n01728920.JPEG,ILSVRC2012_val_00020543_n01728920.JPEG,0.0594087876379489,0.0255904998630285,2.567288398742676,0.0338182877749204
53,ILSVRC2012_val_00040777_n01728920.JPEG,ILSVRC2012_val_00019966_n01728920.JPEG,0.1063357666134834,0.04070395976305,0.3456508219242096,0.0656318068504334
53,ILSVRC2012_val_00013992_n01728920.JPEG,ILSVRC2012_val_00002890_n01728920.JPEG,0.1063337326049804,0.0120162898674607,0.1063583865761756,0.0943174427375197
53,ILSVRC2012_val_00047238_n01728920.JPEG,ILSVRC2012_val_00026548_n01728920.JPEG,0.8404548168182373,1.1439149379730225,5.327022075653076,0.30346012115478516
53,ILSVRC2012_val_00014069_n01728920.JPEG,ILSVRC2012_val_00014021_n01728920.JPEG,0.366357147693634,0.0413060374557971,1.239174246788025,0.3250511102378369
54,ILSVRC2012_val_00044534_n01729322.JPEG,ILSVRC2012_val_00045045_n01729322.JPEG,1.62863290309906,1.5841206312179563,2.9008302688598637,0.04451227188110374
54,ILSVRC2012_val_00033305_n01729322.JPEG,ILSVRC2012_val_00045188_n01729322.JPEG,1.5296053886413574,1.6804826259613037,2.765528440475464,0.1508772373199463
54,ILSVRC2012_val_00006440_n01729322.JPEG,ILSVRC2012_val_00020999_n01729322.JPEG,1.0867239236831665,0.4736679792404175,1.4975310564041138,0.613055944442749
54,ILSVRC2012_val_00013400_n01729322.JPEG,ILSVRC2012_val_00011467_n01729322.JPEG,0.1174731478095054,1.1391113996505735,2.835825204849243,1.021638251841068
54,ILSVRC2012_val_00035784_n01729322.JPEG,ILSVRC2012_val_00038823_n01729322.JPEG,0.9707313776016236,3.196959972381592,3.247921943664551,2.2262285947799683
55,ILSVRC2012_val_00003768_n01729977.JPEG,ILSVRC2012_val_00008714_n01729977.JPEG,1.6152008771896362,1.880699634552002,3.6785364151000977,0.2654987573623657
55,ILSVRC2012_val_00014472_n01729977.JPEG,ILSVRC2012_val_00002131_n01729977.JPEG,1.423134684562683,0.6778751015663147,1.710998296737671,0.7452595829963684
55,ILSVRC2012_val_00017215_n01729977.JPEG,ILSVRC2012_val_00006360_n01729977.JPEG,1.9016979932785036,0.9724677801132202,2.319766998291016,0.9292302131652834
55,ILSVRC2012_val_00011169_n01729977.JPEG,ILSVRC2012_val_00048957_n01729977.JPEG,1.3804746866226196,0.0387910865247249,1.3804746866226196,1.3416836000978947
55,ILSVRC2012_val_00016712_n01729977.JPEG,ILSVRC2012_val_00021203_n01729977.JPEG,4.378429412841797,2.8756587505340576,4.381085395812988,1.5027706623077393
56,ILSVRC2012_val_00027747_n01734418.JPEG,ILSVRC2012_val_00036893_n01734418.JPEG,0.0600629188120365,0.0485456511378288,0.3097626864910126,0.011517267674207701
56,ILSVRC2012_val_00041202_n01734418.JPEG,ILSVRC2012_val_00028301_n01734418.JPEG,0.1055759713053703,0.1835713237524032,1.7879122495651243,0.0779953524470329
56,ILSVRC2012_val_00032754_n01734418.JPEG,ILSVRC2012_val_00038915_n01734418.JPEG,0.7281132340431213,0.2278330028057098,2.0276918411254883,0.5002802312374115
56,ILSVRC2012_val_00007761_n01734418.JPEG,ILSVRC2012_val_00026589_n01734418.JPEG,0.1485399007797241,0.9097360372543336,2.705172538757324,0.7611961364746095
56,ILSVRC2012_val_00008534_n01734418.JPEG,ILSVRC2012_val_00047216_n01734418.JPEG,1.1636877059936523,0.0351584032177925,3.022897243499756,1.1285293027758598
57,ILSVRC2012_val_00034587_n01735189.JPEG,ILSVRC2012_val_00034054_n01735189.JPEG,0.1194046586751937,0.1377268731594085,1.8884395360946653,0.01832221448421481
57,ILSVRC2012_val_00009492_n01735189.JPEG,ILSVRC2012_val_00019982_n01735189.JPEG,0.6507411003112793,0.254240870475769,2.821110248565674,0.3965002298355103
57,ILSVRC2012_val_00041743_n01735189.JPEG,ILSVRC2012_val_00018284_n01735189.JPEG,1.03623366355896,0.3527497947216034,5.298995018005371,0.6834838688373566
57,ILSVRC2012_val_00029712_n01735189.JPEG,ILSVRC2012_val_00009169_n01735189.JPEG,0.7817951440811157,0.0122839799150824,3.5508477687835693,0.7695111641660333
57,ILSVRC2012_val_00032997_n01735189.JPEG,ILSVRC2012_val_00021496_n01735189.JPEG,1.317826747894287,0.1343635767698288,1.4823412895202637,1.1834631711244583
58,ILSVRC2012_val_00034970_n01737021.JPEG,ILSVRC2012_val_00046131_n01737021.JPEG,0.0661418065428733,0.0383537411689758,2.768774509429932,0.027788065373897497
58,ILSVRC2012_val_00040447_n01737021.JPEG,ILSVRC2012_val_00013820_n01737021.JPEG,0.909485399723053,1.2597192525863647,2.3997225761413574,0.35023385286331177
58,ILSVRC2012_val_00006011_n01737021.JPEG,ILSVRC2012_val_00037800_n01737021.JPEG,0.6311817765235901,0.2270861715078354,1.2245759963989258,0.4040956050157547
58,ILSVRC2012_val_00042105_n01737021.JPEG,ILSVRC2012_val_00000084_n01737021.JPEG,3.710262775421143,4.3200883865356445,5.386099338531494,0.6098256111145015
58,ILSVRC2012_val_00045831_n01737021.JPEG,ILSVRC2012_val_00036587_n01737021.JPEG,1.356904149055481,0.3983171880245209,3.4502413272857666,0.9585869610309601
59,ILSVRC2012_val_00034668_n01739381.JPEG,ILSVRC2012_val_00008888_n01739381.JPEG,0.3584493994712829,0.0461952574551105,0.3584493994712829,0.3122541420161724
59,ILSVRC2012_val_00007242_n01739381.JPEG,ILSVRC2012_val_00029979_n01739381.JPEG,0.6762462854385376,0.1558211147785186,0.6762462854385376,0.520425170660019
59,ILSVRC2012_val_00046539_n01739381.JPEG,ILSVRC2012_val_00021457_n01739381.JPEG,1.6956779956817627,0.1605045795440673,1.737879514694214,1.5351734161376953
59,ILSVRC2012_val_00013397_n01739381.JPEG,ILSVRC2012_val_00018204_n01739381.JPEG,0.3200528919696808,2.942767143249512,2.942767143249512,2.6227142512798314
59,ILSVRC2012_val_00024092_n01739381.JPEG,ILSVRC2012_val_00003095_n01739381.JPEG,4.679832935333252,1.534830093383789,4.922939300537109,3.145002841949463
60,ILSVRC2012_val_00027829_n01740131.JPEG,ILSVRC2012_val_00047845_n01740131.JPEG,0.8230494260787964,1.0908381938934326,1.741003155708313,0.26778876781463623
60,ILSVRC2012_val_00009329_n01740131.JPEG,ILSVRC2012_val_00040781_n01740131.JPEG,3.654695510864258,2.80989670753479,4.3935418128967285,0.8447988033294678
60,ILSVRC2012_val_00047071_n01740131.JPEG,ILSVRC2012_val_00033547_n01740131.JPEG,1.809195160865784,0.3106440901756286,3.145229816436768,1.4985510706901553
60,ILSVRC2012_val_00034000_n01740131.JPEG,ILSVRC2012_val_00004652_n01740131.JPEG,3.224290370941162,0.5434075593948364,3.2808916568756104,2.6808828115463257
60,ILSVRC2012_val_00016352_n01740131.JPEG,ILSVRC2012_val_00011776_n01740131.JPEG,4.871967792510986,1.2962532043457031,5.408148765563965,3.575714588165283
61,ILSVRC2012_val_00035842_n01742172.JPEG,ILSVRC2012_val_00028810_n01742172.JPEG,0.0592916198074817,0.0422064177691936,0.160497561097145,0.017085202038288103
61,ILSVRC2012_val_00007488_n01742172.JPEG,ILSVRC2012_val_00012329_n01742172.JPEG,0.3258017599582672,0.0372651070356369,0.3258017599582672,0.2885366529226303
61,ILSVRC2012_val_00003298_n01742172.JPEG,ILSVRC2012_val_00018456_n01742172.JPEG,0.1595986932516098,0.6572142243385315,1.2513989210128784,0.4976155310869217
61,ILSVRC2012_val_00002106_n01742172.JPEG,ILSVRC2012_val_00026766_n01742172.JPEG,1.4482736587524414,4.123764514923096,4.161243438720703,2.6754908561706543
61,ILSVRC2012_val_00008849_n01742172.JPEG,ILSVRC2012_val_00010797_n01742172.JPEG,0.4985899329185486,3.2153475284576416,3.635512351989746,2.716757595539093
62,ILSVRC2012_val_00011971_n01744401.JPEG,ILSVRC2012_val_00009890_n01744401.JPEG,0.3590482175350189,0.3304090201854706,1.4324138164520264,0.02863919734954834
62,ILSVRC2012_val_00015523_n01744401.JPEG,ILSVRC2012_val_00002231_n01744401.JPEG,0.9516665935516356,1.2005045413970947,2.0706000328063965,0.2488379478454591
62,ILSVRC2012_val_00046489_n01744401.JPEG,ILSVRC2012_val_00044112_n01744401.JPEG,0.1914506703615188,0.8645927906036377,1.963700294494629,0.6731421202421188
62,ILSVRC2012_val_00041159_n01744401.JPEG,ILSVRC2012_val_00049162_n01744401.JPEG,2.4355428218841557,1.1761234998703003,2.774910449981689,1.2594193220138554
62,ILSVRC2012_val_00049723_n01744401.JPEG,ILSVRC2012_val_00037464_n01744401.JPEG,2.807525396347046,4.350119590759277,4.360960006713867,1.5425941944122314
63,ILSVRC2012_val_00017753_n01748264.JPEG,ILSVRC2012_val_00021215_n01748264.JPEG,0.0171630829572677,0.000158059032401,1.9293800592422483,0.017005023924866698
63,ILSVRC2012_val_00022956_n01748264.JPEG,ILSVRC2012_val_00045019_n01748264.JPEG,0.1086359620094299,0.0509113818407058,0.8490822315216064,0.0577245801687241
63,ILSVRC2012_val_00049448_n01748264.JPEG,ILSVRC2012_val_00006426_n01748264.JPEG,2.551525592803955,2.840085506439209,7.451187610626221,0.2885599136352539
63,ILSVRC2012_val_00030306_n01748264.JPEG,ILSVRC2012_val_00024969_n01748264.JPEG,0.6851586103439331,0.1456948071718216,0.6851586103439331,0.5394638031721115
63,ILSVRC2012_val_00038671_n01748264.JPEG,ILSVRC2012_val_00042111_n01748264.JPEG,0.0715097561478614,0.7316451072692871,2.8663172721862797,0.6601353511214257
64,ILSVRC2012_val_00032220_n01749939.JPEG,ILSVRC2012_val_00040948_n01749939.JPEG,0.2963030934333801,0.3689390122890472,0.829842209815979,0.07263591885566706
64,ILSVRC2012_val_00045594_n01749939.JPEG,ILSVRC2012_val_00044577_n01749939.JPEG,0.4412397444248199,0.2006544023752212,0.8664337396621704,0.2405853420495987
64,ILSVRC2012_val_00021076_n01749939.JPEG,ILSVRC2012_val_00003785_n01749939.JPEG,0.8745741248130798,2.15058708190918,2.15058708190918,1.2760129570961003
64,ILSVRC2012_val_00014252_n01749939.JPEG,ILSVRC2012_val_00016564_n01749939.JPEG,3.5922775268554688,2.056804656982422,5.383123874664307,1.5354728698730469
64,ILSVRC2012_val_00043850_n01749939.JPEG,ILSVRC2012_val_00025938_n01749939.JPEG,0.5947005152702332,3.1976332664489746,4.302285194396973,2.6029327511787415
65,ILSVRC2012_val_00023138_n01751748.JPEG,ILSVRC2012_val_00015374_n01751748.JPEG,0.142074704170227,0.05922656878829,0.142074704170227,0.082848135381937
65,ILSVRC2012_val_00036291_n01751748.JPEG,ILSVRC2012_val_00033903_n01751748.JPEG,0.1598964184522628,0.0756880417466163,0.2959145903587341,0.0842083767056465
65,ILSVRC2012_val_00041755_n01751748.JPEG,ILSVRC2012_val_00046465_n01751748.JPEG,0.7204156517982483,1.145560622215271,3.1076159477233887,0.4251449704170227
65,ILSVRC2012_val_00047384_n01751748.JPEG,ILSVRC2012_val_00007558_n01751748.JPEG,0.4522186517715454,0.0038258468266576,0.4818722605705261,0.4483928049448878
65,ILSVRC2012_val_00020910_n01751748.JPEG,ILSVRC2012_val_00033242_n01751748.JPEG,2.691436529159546,0.0539483167231082,2.9995105266571045,2.6374882124364376
66,ILSVRC2012_val_00038078_n01753488.JPEG,ILSVRC2012_val_00017531_n01753488.JPEG,0.6210864186286926,0.6008744239807129,0.6226793527603149,0.020211994647979736
66,ILSVRC2012_val_00036068_n01753488.JPEG,ILSVRC2012_val_00002852_n01753488.JPEG,0.8555541634559631,0.5210260152816772,0.9315492510795592,0.3345281481742859
66,ILSVRC2012_val_00044048_n01753488.JPEG,ILSVRC2012_val_00007873_n01753488.JPEG,0.0544337667524814,0.7285894751548767,1.061205267906189,0.6741557084023954
66,ILSVRC2012_val_00043310_n01753488.JPEG,ILSVRC2012_val_00033125_n01753488.JPEG,0.8454285860061646,1.5953134298324585,1.6016147136688232,0.749884843826294
66,ILSVRC2012_val_00015221_n01753488.JPEG,ILSVRC2012_val_00041616_n01753488.JPEG,2.1966629028320312,0.6215500235557556,2.243631601333618,1.5751128792762756
67,ILSVRC2012_val_00029615_n01755581.JPEG,ILSVRC2012_val_00019097_n01755581.JPEG,0.2226045876741409,0.2033634036779403,3.881003379821777,0.01924118399620059
67,ILSVRC2012_val_00026487_n01755581.JPEG,ILSVRC2012_val_00049975_n01755581.JPEG,0.4298307299613952,1.1329913139343262,1.6566083431243896,0.7031605839729309
67,ILSVRC2012_val_00001593_n01755581.JPEG,ILSVRC2012_val_00026805_n01755581.JPEG,0.252644419670105,1.3409574031829834,7.257721424102783,1.0883129835128784
67,ILSVRC2012_val_00032714_n01755581.JPEG,ILSVRC2012_val_00046370_n01755581.JPEG,3.878693819046021,2.223134756088257,3.901146411895752,1.6555590629577641
67,ILSVRC2012_val_00048750_n01755581.JPEG,ILSVRC2012_val_00004448_n01755581.JPEG,0.1218640506267547,2.56318736076355,3.466334819793701,2.441323310136795
68,ILSVRC2012_val_00006480_n01756291.JPEG,ILSVRC2012_val_00022529_n01756291.JPEG,1.1182262897491455,0.7760952711105347,1.4556729793548584,0.34213101863861084
68,ILSVRC2012_val_00048978_n01756291.JPEG,ILSVRC2012_val_00010465_n01756291.JPEG,0.8520460724830627,1.4678150415420532,1.6131502389907837,0.6157689690589905
68,ILSVRC2012_val_00028598_n01756291.JPEG,ILSVRC2012_val_00001706_n01756291.JPEG,1.204609990119934,2.31471586227417,3.2514994144439697,1.1101058721542358
68,ILSVRC2012_val_00021873_n01756291.JPEG,ILSVRC2012_val_00022818_n01756291.JPEG,2.3813910484313965,0.7386294007301331,2.3813910484313965,1.6427616477012634
68,ILSVRC2012_val_00042225_n01756291.JPEG,ILSVRC2012_val_00024609_n01756291.JPEG,2.6219937801361084,0.7880358099937439,4.655072212219238,1.8339579701423645
69,ILSVRC2012_val_00011634_n01768244.JPEG,ILSVRC2012_val_00030958_n01768244.JPEG,0.0126865003257989,0.0080399690195918,0.2368460446596145,0.0046465313062071
69,ILSVRC2012_val_00004580_n01768244.JPEG,ILSVRC2012_val_00008410_n01768244.JPEG,0.00900883320719,0.0264675226062536,0.0324107483029365,0.0174586893990636
69,ILSVRC2012_val_00015439_n01768244.JPEG,ILSVRC2012_val_00026903_n01768244.JPEG,0.0577272064983844,0.0022666971199214,0.1399024724960327,0.055460509378463
69,ILSVRC2012_val_00013101_n01768244.JPEG,ILSVRC2012_val_00020236_n01768244.JPEG,0.1226561814546585,0.0006286313873715,0.1351618021726608,0.122027550067287
69,ILSVRC2012_val_00015154_n01768244.JPEG,ILSVRC2012_val_00031802_n01768244.JPEG,0.0018212889553979,0.1271349787712097,0.1300570666790008,0.12531368981581179
70,ILSVRC2012_val_00016318_n01770081.JPEG,ILSVRC2012_val_00032766_n01770081.JPEG,0.0563746690750122,0.033177338540554,0.6337906122207642,0.023197330534458202
70,ILSVRC2012_val_00042630_n01770081.JPEG,ILSVRC2012_val_00022039_n01770081.JPEG,0.568961501121521,0.8726627230644226,1.0128114223480225,0.3037012219429016
70,ILSVRC2012_val_00033817_n01770081.JPEG,ILSVRC2012_val_00038467_n01770081.JPEG,5.245019435882568,4.703061103820801,5.38171911239624,0.5419583320617676
70,ILSVRC2012_val_00038440_n01770081.JPEG,ILSVRC2012_val_00037787_n01770081.JPEG,0.1833917200565338,0.7968487739562988,5.968989849090576,0.613457053899765
70,ILSVRC2012_val_00017153_n01770081.JPEG,ILSVRC2012_val_00004172_n01770081.JPEG,0.0057065668515861,0.8275846242904663,0.9920955896377563,0.8218780574388802
71,ILSVRC2012_val_00033658_n01770393.JPEG,ILSVRC2012_val_00027439_n01770393.JPEG,0.0161732360720634,0.0001078785862773,1.0843918323516846,0.0160653574857861
71,ILSVRC2012_val_00028814_n01770393.JPEG,ILSVRC2012_val_00027224_n01770393.JPEG,0.0028443378396332,0.0405921339988708,0.4482489824295044,0.0377477961592376
71,ILSVRC2012_val_00042281_n01770393.JPEG,ILSVRC2012_val_00015757_n01770393.JPEG,0.2394696921110153,0.4078297913074493,2.6089720726013184,0.168360099196434
71,ILSVRC2012_val_00014120_n01770393.JPEG,ILSVRC2012_val_00027788_n01770393.JPEG,0.7016534209251404,0.0130035504698753,1.605413794517517,0.688649870455265
71,ILSVRC2012_val_00031540_n01770393.JPEG,ILSVRC2012_val_00020507_n01770393.JPEG,0.001179595128633,2.140784978866577,3.128048896789551,2.139605383737944
72,ILSVRC2012_val_00025831_n01773157.JPEG,ILSVRC2012_val_00043063_n01773157.JPEG,0.4493368864059448,0.4689571261405945,0.6971213221549988,0.019620239734649658
72,ILSVRC2012_val_00033987_n01773157.JPEG,ILSVRC2012_val_00001053_n01773157.JPEG,0.3160574734210968,0.5157784819602966,1.09922456741333,0.19972100853919983
72,ILSVRC2012_val_00001037_n01773157.JPEG,ILSVRC2012_val_00026006_n01773157.JPEG,0.438220739364624,0.7514023184776306,1.0869826078414917,0.3131815791130066
72,ILSVRC2012_val_00004140_n01773157.JPEG,ILSVRC2012_val_00035451_n01773157.JPEG,0.4008984565734863,0.811143696308136,1.055646896362305,0.4102452397346497
72,ILSVRC2012_val_00024685_n01773157.JPEG,ILSVRC2012_val_00009854_n01773157.JPEG,0.1832259893417358,0.6395605206489563,1.133068323135376,0.45633453130722046
73,ILSVRC2012_val_00011638_n01773549.JPEG,ILSVRC2012_val_00012895_n01773549.JPEG,1.9601688385009768,1.8769140243530276,1.993391752243042,0.08325481414794922
73,ILSVRC2012_val_00019989_n01773549.JPEG,ILSVRC2012_val_00003431_n01773549.JPEG,0.0932423844933509,0.2204442620277404,0.5436127185821533,0.1272018775343895
73,ILSVRC2012_val_00019042_n01773549.JPEG,ILSVRC2012_val_00007882_n01773549.JPEG,1.3993122577667236,1.680842399597168,2.809567451477051,0.28153014183044434
73,ILSVRC2012_val_00026542_n01773549.JPEG,ILSVRC2012_val_00023692_n01773549.JPEG,1.0054680109024048,0.1314875185489654,1.1235175132751465,0.8739804923534393
73,ILSVRC2012_val_00043771_n01773549.JPEG,ILSVRC2012_val_00002688_n01773549.JPEG,1.2146146297454834,3.383223533630371,3.7287228107452393,2.1686089038848877
74,ILSVRC2012_val_00038272_n01773797.JPEG,ILSVRC2012_val_00047551_n01773797.JPEG,0.471279501914978,0.3389874398708343,0.4782344698905945,0.13229206204414373
74,ILSVRC2012_val_00007677_n01773797.JPEG,ILSVRC2012_val_00003353_n01773797.JPEG,1.8663971424102783,2.0433363914489746,2.1627588272094727,0.1769392490386963
74,ILSVRC2012_val_00049478_n01773797.JPEG,ILSVRC2012_val_00048714_n01773797.JPEG,1.805617094039917,1.5648313760757446,1.805617094039917,0.24078571796417236
74,ILSVRC2012_val_00015795_n01773797.JPEG,ILSVRC2012_val_00026600_n01773797.JPEG,0.3001277446746826,0.6216228604316711,0.7568452954292297,0.3214951157569885
74,ILSVRC2012_val_00023464_n01773797.JPEG,ILSVRC2012_val_00001493_n01773797.JPEG,1.5195627212524414,0.617948591709137,1.568869709968567,0.9016141295433044
75,ILSVRC2012_val_00001454_n01774384.JPEG,ILSVRC2012_val_00017294_n01774384.JPEG,0.06645417958498,0.0579865351319313,1.0709377527236938,0.008467644453048699
75,ILSVRC2012_val_00038183_n01774384.JPEG,ILSVRC2012_val_00038283_n01774384.JPEG,0.0629291832447052,0.04599080234766,1.8657264709472656,0.016938380897045198
75,ILSVRC2012_val_00022205_n01774384.JPEG,ILSVRC2012_val_00006437_n01774384.JPEG,0.0559855289757251,0.0378744266927242,0.0699062198400497,0.018111102283000897
75,ILSVRC2012_val_00048406_n01774384.JPEG,ILSVRC2012_val_00030333_n01774384.JPEG,0.237952634692192,0.1475290060043335,0.8138961791992188,0.0904236286878585
75,ILSVRC2012_val_00007201_n01774384.JPEG,ILSVRC2012_val_00024962_n01774384.JPEG,0.5644432306289673,0.9526913166046144,2.5081210136413574,0.3882480859756471
76,ILSVRC2012_val_00011712_n01774750.JPEG,ILSVRC2012_val_00037717_n01774750.JPEG,0.01440189499408,0.0422933846712112,0.2440919727087021,0.0278914896771312
76,ILSVRC2012_val_00018169_n01774750.JPEG,ILSVRC2012_val_00003838_n01774750.JPEG,0.0029254043474793,0.1015443429350853,0.5455988049507141,0.098618938587606
76,ILSVRC2012_val_00034406_n01774750.JPEG,ILSVRC2012_val_00037576_n01774750.JPEG,0.0682100281119346,0.2015969306230545,0.2070624530315399,0.1333869025111199
76,ILSVRC2012_val_00024109_n01774750.JPEG,ILSVRC2012_val_00030405_n01774750.JPEG,0.3274997472763061,0.5006107687950134,0.6676024198532104,0.17311102151870733
76,ILSVRC2012_val_00002855_n01774750.JPEG,ILSVRC2012_val_00041311_n01774750.JPEG,0.0497991405427455,0.343630850315094,0.343630850315094,0.2938317097723485
77,ILSVRC2012_val_00036980_n01775062.JPEG,ILSVRC2012_val_00014540_n01775062.JPEG,0.0316315591335296,0.0596007481217384,0.2334775775671005,0.0279691889882088
77,ILSVRC2012_val_00010225_n01775062.JPEG,ILSVRC2012_val_00039557_n01775062.JPEG,0.1083412021398544,0.0311016328632831,0.2986451387405395,0.0772395692765713
77,ILSVRC2012_val_00000218_n01775062.JPEG,ILSVRC2012_val_00029156_n01775062.JPEG,0.1141558960080146,0.1952700614929199,0.3158056735992431,0.0811141654849053
77,ILSVRC2012_val_00037280_n01775062.JPEG,ILSVRC2012_val_00014727_n01775062.JPEG,0.735152542591095,0.8411645293235779,1.1379050016403198,0.10601198673248291
77,ILSVRC2012_val_00026935_n01775062.JPEG,ILSVRC2012_val_00040214_n01775062.JPEG,0.8797599077224731,0.1587401181459427,1.403307318687439,0.7210197895765305
78,ILSVRC2012_val_00020115_n01776313.JPEG,ILSVRC2012_val_00042899_n01776313.JPEG,0.0146646006032824,0.012741114012897,0.6727951169013977,0.0019234865903853988
78,ILSVRC2012_val_00009192_n01776313.JPEG,ILSVRC2012_val_00015564_n01776313.JPEG,0.0089449174702167,0.0167899094521999,0.0575444512069225,0.0078449919819832
78,ILSVRC2012_val_00008054_n01776313.JPEG,ILSVRC2012_val_00014587_n01776313.JPEG,0.0060049830935895,0.0705421864986419,0.348391979932785,0.0645372034050524
78,ILSVRC2012_val_00046868_n01776313.JPEG,ILSVRC2012_val_00001283_n01776313.JPEG,0.0094099566340446,0.1601334065198898,1.1543627977371216,0.1507234498858452
78,ILSVRC2012_val_00001760_n01776313.JPEG,ILSVRC2012_val_00031374_n01776313.JPEG,1.314749240875244,0.2142889946699142,1.3515675067901611,1.1004602462053297
79,ILSVRC2012_val_00018119_n01784675.JPEG,ILSVRC2012_val_00011704_n01784675.JPEG,0.0861929282546043,0.0012154342839494,0.1065756157040596,0.0849774939706549
79,ILSVRC2012_val_00038504_n01784675.JPEG,ILSVRC2012_val_00033423_n01784675.JPEG,0.0084427818655967,0.0948043018579483,0.3928530514240265,0.0863615199923516
79,ILSVRC2012_val_00004841_n01784675.JPEG,ILSVRC2012_val_00013388_n01784675.JPEG,0.0153883304446935,0.410396546125412,2.835669040679932,0.3950082156807185
79,ILSVRC2012_val_00030825_n01784675.JPEG,ILSVRC2012_val_00039488_n01784675.JPEG,0.7156965732574463,0.0235491544008255,0.7156965732574463,0.6921474188566208
79,ILSVRC2012_val_00003981_n01784675.JPEG,ILSVRC2012_val_00011629_n01784675.JPEG,2.6560964584350586,1.7939529418945312,4.188810348510742,0.8621435165405273
80,ILSVRC2012_val_00007312_n01795545.JPEG,ILSVRC2012_val_00003122_n01795545.JPEG,0.0998571142554283,0.1381310522556305,0.3696479201316833,0.03827393800020219
80,ILSVRC2012_val_00018393_n01795545.JPEG,ILSVRC2012_val_00028600_n01795545.JPEG,0.0368999391794204,0.0865125507116317,0.6248339414596558,0.049612611532211304
80,ILSVRC2012_val_00012123_n01795545.JPEG,ILSVRC2012_val_00044393_n01795545.JPEG,0.2102368474006652,0.3573860228061676,0.5140552520751953,0.1471491754055024
80,ILSVRC2012_val_00012024_n01795545.JPEG,ILSVRC2012_val_00049235_n01795545.JPEG,0.0197012759745121,0.5449726581573486,1.126625657081604,0.5252713821828365
80,ILSVRC2012_val_00001537_n01795545.JPEG,ILSVRC2012_val_00017143_n01795545.JPEG,0.6507169604301453,0.0716277211904525,0.695911169052124,0.5790892392396928
81,ILSVRC2012_val_00017253_n01796340.JPEG,ILSVRC2012_val_00026138_n01796340.JPEG,0.0158729124814271,0.032761987298727,1.2897261381149292,0.016889074817299902
81,ILSVRC2012_val_00006847_n01796340.JPEG,ILSVRC2012_val_00001596_n01796340.JPEG,0.1551944762468338,0.1223636269569397,0.295112669467926,0.032830849289894104
81,ILSVRC2012_val_00022189_n01796340.JPEG,ILSVRC2012_val_00011787_n01796340.JPEG,0.0942037627100944,0.1790302842855453,0.5919104814529419,0.0848265215754509
81,ILSVRC2012_val_00024630_n01796340.JPEG,ILSVRC2012_val_00022769_n01796340.JPEG,0.0077919582836329,0.0933436974883079,0.4239382445812225,0.085551739204675
81,ILSVRC2012_val_00009647_n01796340.JPEG,ILSVRC2012_val_00049988_n01796340.JPEG,0.8858957290649414,0.0456313118338584,0.9128219485282898,0.840264417231083
82,ILSVRC2012_val_00041909_n01797886.JPEG,ILSVRC2012_val_00041329_n01797886.JPEG,0.4587673544883728,0.3335260450839996,0.6038718223571777,0.12524130940437322
82,ILSVRC2012_val_00022115_n01797886.JPEG,ILSVRC2012_val_00033393_n01797886.JPEG,0.1838261783123016,0.0253614503890275,0.5175179243087769,0.1584647279232741
82,ILSVRC2012_val_00007986_n01797886.JPEG,ILSVRC2012_val_00005675_n01797886.JPEG,0.3081200122833252,0.143121600151062,1.1753979921340942,0.16499841213226318
82,ILSVRC2012_val_00039021_n01797886.JPEG,ILSVRC2012_val_00021954_n01797886.JPEG,0.429268479347229,0.2011823207139969,2.465519428253174,0.22808615863323212
82,ILSVRC2012_val_00042038_n01797886.JPEG,ILSVRC2012_val_00009679_n01797886.JPEG,0.1633523553609848,0.472805380821228,1.1782342195510864,0.3094530254602432
83,ILSVRC2012_val_00040513_n01798484.JPEG,ILSVRC2012_val_00041021_n01798484.JPEG,0.0684762299060821,0.0690950825810432,0.1747089922428131,0.000618852674961104
83,ILSVRC2012_val_00033098_n01798484.JPEG,ILSVRC2012_val_00035638_n01798484.JPEG,0.7391039133071899,0.771726667881012,2.928123712539673,0.03262275457382202
83,ILSVRC2012_val_00020239_n01798484.JPEG,ILSVRC2012_val_00025999_n01798484.JPEG,0.456930935382843,0.3275804221630096,0.512042760848999,0.12935051321983343
83,ILSVRC2012_val_00023099_n01798484.JPEG,ILSVRC2012_val_00042509_n01798484.JPEG,0.2968211472034454,0.1488426774740219,2.025773286819458,0.14797846972942347
83,ILSVRC2012_val_00023097_n01798484.JPEG,ILSVRC2012_val_00041197_n01798484.JPEG,0.4924482107162475,0.0451521687209606,0.8204639554023743,0.4472960419952869
84,ILSVRC2012_val_00012122_n01806143.JPEG,ILSVRC2012_val_00024040_n01806143.JPEG,0.0408394671976566,0.0170614831149578,0.0631154328584671,0.023777984082698798
84,ILSVRC2012_val_00033147_n01806143.JPEG,ILSVRC2012_val_00046958_n01806143.JPEG,0.0082500856369733,0.0792841762304306,0.1004034876823425,0.0710340905934573
84,ILSVRC2012_val_00040701_n01806143.JPEG,ILSVRC2012_val_00039299_n01806143.JPEG,0.1683071553707122,0.0043640141375362,0.5105578899383545,0.163943141233176
84,ILSVRC2012_val_00035287_n01806143.JPEG,ILSVRC2012_val_00014023_n01806143.JPEG,0.0981708094477653,0.329080730676651,0.3330473601818084,0.2309099212288857
84,ILSVRC2012_val_00042998_n01806143.JPEG,ILSVRC2012_val_00023973_n01806143.JPEG,0.1983525156974792,0.4679197072982788,0.4679197072982788,0.2695671916007996
85,ILSVRC2012_val_00028529_n01806567.JPEG,ILSVRC2012_val_00035250_n01806567.JPEG,0.0471727885305881,0.0100537091493606,0.0615920759737491,0.0371190793812275
85,ILSVRC2012_val_00024172_n01806567.JPEG,ILSVRC2012_val_00003833_n01806567.JPEG,0.4029810428619385,0.353169322013855,1.2607508897781372,0.049811720848083496
85,ILSVRC2012_val_00040056_n01806567.JPEG,ILSVRC2012_val_00036874_n01806567.JPEG,0.1108088195323944,0.053525123745203,1.1232342720031738,0.0572836957871914
85,ILSVRC2012_val_00018248_n01806567.JPEG,ILSVRC2012_val_00018134_n01806567.JPEG,0.0053472351282835,0.1608626097440719,0.3263836503028869,0.1555153746157884
85,ILSVRC2012_val_00043990_n01806567.JPEG,ILSVRC2012_val_00016421_n01806567.JPEG,0.0084514105692505,0.2104891538619995,0.2913297712802887,0.202037743292749
86,ILSVRC2012_val_00029297_n01807496.JPEG,ILSVRC2012_val_00021474_n01807496.JPEG,0.3584520518779754,0.3584213852882385,0.4987123608589172,3.0666589736882965e-05
86,ILSVRC2012_val_00042564_n01807496.JPEG,ILSVRC2012_val_00028573_n01807496.JPEG,0.5866423845291138,0.5257424116134644,1.1876131296157837,0.060899972915649414
86,ILSVRC2012_val_00030837_n01807496.JPEG,ILSVRC2012_val_00035476_n01807496.JPEG,0.4718868136405945,0.5850564241409302,0.686952531337738,0.1131696105003357
86,ILSVRC2012_val_00038023_n01807496.JPEG,ILSVRC2012_val_00013111_n01807496.JPEG,0.9390772581100464,0.5057492256164551,2.22374963760376,0.4333280324935913
86,ILSVRC2012_val_00048846_n01807496.JPEG,ILSVRC2012_val_00006075_n01807496.JPEG,1.3997265100479126,0.5310908555984497,4.661125183105469,0.8686356544494629
87,ILSVRC2012_val_00022691_n01817953.JPEG,ILSVRC2012_val_00008566_n01817953.JPEG,0.0094268433749675,0.0024585279170423,0.0887467190623283,0.0069683154579252005
87,ILSVRC2012_val_00023500_n01817953.JPEG,ILSVRC2012_val_00026244_n01817953.JPEG,0.0059057977050542,0.0152418185025453,0.5548447966575623,0.0093360207974911
87,ILSVRC2012_val_00013220_n01817953.JPEG,ILSVRC2012_val_00018412_n01817953.JPEG,0.0110424375161528,0.0574965067207813,0.0659268796443939,0.046454069204628495
87,ILSVRC2012_val_00012003_n01817953.JPEG,ILSVRC2012_val_00034652_n01817953.JPEG,0.0907685384154319,0.0236183144152164,5.097695350646973,0.0671502240002155
87,ILSVRC2012_val_00044505_n01817953.JPEG,ILSVRC2012_val_00042226_n01817953.JPEG,0.0004300146538298,0.0966649129986763,4.279500961303711,0.0962348983448465
88,ILSVRC2012_val_00018993_n01818515.JPEG,ILSVRC2012_val_00009091_n01818515.JPEG,0.0202651973813772,0.0133079150691628,0.0237845592200756,0.006957282312214399
88,ILSVRC2012_val_00036744_n01818515.JPEG,ILSVRC2012_val_00009146_n01818515.JPEG,0.0038088648580014,0.0112750269472599,0.0816391333937645,0.0074661620892585
88,ILSVRC2012_val_00007168_n01818515.JPEG,ILSVRC2012_val_00048265_n01818515.JPEG,0.0171600375324487,0.0573021173477172,0.0573021173477172,0.0401420798152685
88,ILSVRC2012_val_00030148_n01818515.JPEG,ILSVRC2012_val_00042071_n01818515.JPEG,0.0867340266704559,0.0209516175091266,0.8632193803787231,0.0657824091613293
88,ILSVRC2012_val_00031392_n01818515.JPEG,ILSVRC2012_val_00003987_n01818515.JPEG,0.026870060712099,0.1527331322431564,0.3043001592159271,0.1258630715310574
89,ILSVRC2012_val_00011554_n01819313.JPEG,ILSVRC2012_val_00011222_n01819313.JPEG,0.0128405662253499,0.0210326295346021,0.1623266339302063,0.0081920633092522
89,ILSVRC2012_val_00047106_n01819313.JPEG,ILSVRC2012_val_00019328_n01819313.JPEG,0.0091228317469358,0.0503899902105331,0.1421359330415725,0.0412671584635973
89,ILSVRC2012_val_00048234_n01819313.JPEG,ILSVRC2012_val_00036835_n01819313.JPEG,0.1028912812471389,0.0190496705472469,2.906665325164795,0.08384161069989199
89,ILSVRC2012_val_00001288_n01819313.JPEG,ILSVRC2012_val_00018156_n01819313.JPEG,0.0596120916306972,0.6202179789543152,2.1145968437194824,0.5606058873236179
89,ILSVRC2012_val_00043975_n01819313.JPEG,ILSVRC2012_val_00030734_n01819313.JPEG,1.4179670810699463,0.0072579998522996,2.458923101425171,1.4107090812176466
90,ILSVRC2012_val_00020109_n01820546.JPEG,ILSVRC2012_val_00038664_n01820546.JPEG,0.0496765300631523,0.0415987074375152,0.1043457463383674,0.008077822625637096
90,ILSVRC2012_val_00018195_n01820546.JPEG,ILSVRC2012_val_00024467_n01820546.JPEG,0.0288075897842645,0.0136706298217177,0.0381481349468231,0.0151369599625468
90,ILSVRC2012_val_00012190_n01820546.JPEG,ILSVRC2012_val_00003884_n01820546.JPEG,0.013663575053215,0.0335295759141445,0.0526528619229793,0.019866000860929503
90,ILSVRC2012_val_00020744_n01820546.JPEG,ILSVRC2012_val_00044440_n01820546.JPEG,0.0396723076701164,0.0124556506052613,0.0396723076701164,0.0272166570648551
90,ILSVRC2012_val_00001749_n01820546.JPEG,ILSVRC2012_val_00028522_n01820546.JPEG,0.0408997721970081,0.0103836301714181,0.1800610274076461,0.03051614202559
91,ILSVRC2012_val_00033815_n01824575.JPEG,ILSVRC2012_val_00039531_n01824575.JPEG,0.117602564394474,0.1151999086141586,1.023400902748108,0.002402655780315399
91,ILSVRC2012_val_00015690_n01824575.JPEG,ILSVRC2012_val_00041028_n01824575.JPEG,0.4007303714752197,0.0063708308152854,2.9715073108673096,0.39435954065993434
91,ILSVRC2012_val_00003450_n01824575.JPEG,ILSVRC2012_val_00041864_n01824575.JPEG,1.2789866924285889,0.0106024546548724,3.2182047367095947,1.2683842377737164
91,ILSVRC2012_val_00008593_n01824575.JPEG,ILSVRC2012_val_00021564_n01824575.JPEG,2.939210891723633,0.0981114879250526,4.09177303314209,2.84109940379858
91,ILSVRC2012_val_00027555_n01824575.JPEG,ILSVRC2012_val_00033888_n01824575.JPEG,0.0317107886075973,3.4245309829711914,4.558464050292969,3.392820194363594
92,ILSVRC2012_val_00002388_n01828970.JPEG,ILSVRC2012_val_00025360_n01828970.JPEG,0.0065938513725996,0.0168328136205673,0.1116696670651435,0.010238962247967701
92,ILSVRC2012_val_00046307_n01828970.JPEG,ILSVRC2012_val_00034631_n01828970.JPEG,0.0787194147706031,0.0357339233160018,0.1192815154790878,0.042985491454601295
92,ILSVRC2012_val_00000278_n01828970.JPEG,ILSVRC2012_val_00047229_n01828970.JPEG,0.0328238233923912,0.1530412882566452,0.2004983276128769,0.120217464864254
92,ILSVRC2012_val_00040266_n01828970.JPEG,ILSVRC2012_val_00009649_n01828970.JPEG,0.0946054235100746,0.3300837874412536,1.8760957717895508,0.235478363931179
92,ILSVRC2012_val_00024106_n01828970.JPEG,ILSVRC2012_val_00042296_n01828970.JPEG,0.3245900571346283,0.033066164702177,0.449004590511322,0.2915238924324513
93,ILSVRC2012_val_00026085_n01829413.JPEG,ILSVRC2012_val_00046141_n01829413.JPEG,0.0119930859655141,0.0107207540422678,2.131873846054077,0.0012723319232463004
93,ILSVRC2012_val_00036044_n01829413.JPEG,ILSVRC2012_val_00019073_n01829413.JPEG,0.0136752165853977,0.0176521930843591,0.364014059305191,0.0039769764989614
93,ILSVRC2012_val_00007664_n01829413.JPEG,ILSVRC2012_val_00020284_n01829413.JPEG,0.0516111701726913,0.0394462309777736,0.4230095446109772,0.0121649391949177
93,ILSVRC2012_val_00003687_n01829413.JPEG,ILSVRC2012_val_00007387_n01829413.JPEG,0.074706807732582,0.1453626304864883,0.7871909141540527,0.07065582275390629
93,ILSVRC2012_val_00033259_n01829413.JPEG,ILSVRC2012_val_00005908_n01829413.JPEG,0.4673380851745605,0.588719367980957,3.330779790878296,0.12138128280639654
94,ILSVRC2012_val_00041200_n01833805.JPEG,ILSVRC2012_val_00005150_n01833805.JPEG,0.0314775891602039,0.0074417758733034,0.065919741988182,0.0240358132869005
94,ILSVRC2012_val_00030278_n01833805.JPEG,ILSVRC2012_val_00016623_n01833805.JPEG,0.0025251191109418,0.100386768579483,0.1457121074199676,0.0978616494685412
94,ILSVRC2012_val_00028801_n01833805.JPEG,ILSVRC2012_val_00037002_n01833805.JPEG,0.2945350408554077,0.0019283762667328,0.3148427605628967,0.2926066645886749
94,ILSVRC2012_val_00038443_n01833805.JPEG,ILSVRC2012_val_00025928_n01833805.JPEG,0.1708221733570099,0.517665684223175,0.5716328024864197,0.34684351086616516
94,ILSVRC2012_val_00021281_n01833805.JPEG,ILSVRC2012_val_00013610_n01833805.JPEG,0.5434690713882446,1.1218652725219729,1.1842453479766846,0.5783962011337282
95,ILSVRC2012_val_00025658_n01843065.JPEG,ILSVRC2012_val_00019251_n01843065.JPEG,0.0344646237790584,0.0203760508447885,0.1511383652687072,0.014088572934269902
95,ILSVRC2012_val_00039281_n01843065.JPEG,ILSVRC2012_val_00038766_n01843065.JPEG,0.0699477866291999,0.0546006076037883,0.0715090855956077,0.015347179025411599
95,ILSVRC2012_val_00048229_n01843065.JPEG,ILSVRC2012_val_00014942_n01843065.JPEG,0.0933539047837257,0.1346694231033325,0.2348645776510238,0.041315518319606795
95,ILSVRC2012_val_00024058_n01843065.JPEG,ILSVRC2012_val_00003672_n01843065.JPEG,0.0419913157820701,0.0889768674969673,0.6564525365829468,0.046985551714897204
95,ILSVRC2012_val_00010156_n01843065.JPEG,ILSVRC2012_val_00014808_n01843065.JPEG,0.0612785145640373,0.0123123582452535,0.0623145624995231,0.0489661563187838
96,ILSVRC2012_val_00031298_n01843383.JPEG,ILSVRC2012_val_00023390_n01843383.JPEG,0.0241558291018009,0.010124871507287,0.0280048381537199,0.014030957594513902
96,ILSVRC2012_val_00020909_n01843383.JPEG,ILSVRC2012_val_00024525_n01843383.JPEG,0.0760673806071281,0.1019213199615478,0.137416660785675,0.025853939354419694
96,ILSVRC2012_val_00012601_n01843383.JPEG,ILSVRC2012_val_00000952_n01843383.JPEG,0.040448922663927,0.0093233911320567,0.0411524064838886,0.031125531531870303
96,ILSVRC2012_val_00008549_n01843383.JPEG,ILSVRC2012_val_00034194_n01843383.JPEG,0.0188194662332534,0.1415369808673858,0.1415369808673858,0.12271751463413241
96,ILSVRC2012_val_00046755_n01843383.JPEG,ILSVRC2012_val_00030000_n01843383.JPEG,0.0639185681939125,0.2281748652458191,0.2296146154403686,0.16425629705190659
97,ILSVRC2012_val_00046903_n01847000.JPEG,ILSVRC2012_val_00000744_n01847000.JPEG,0.1070473194122314,0.085283912718296,0.216772586107254,0.021763406693935408
97,ILSVRC2012_val_00036169_n01847000.JPEG,ILSVRC2012_val_00029245_n01847000.JPEG,0.1524901837110519,0.3555981814861297,1.7015963792800903,0.2031079977750778
97,ILSVRC2012_val_00040897_n01847000.JPEG,ILSVRC2012_val_00043484_n01847000.JPEG,0.0158589482307434,1.0483442544937134,1.2664929628372192,1.03248530626297
97,ILSVRC2012_val_00045837_n01847000.JPEG,ILSVRC2012_val_00029022_n01847000.JPEG,0.0142285600304603,1.0896083116531372,2.4562478065490723,1.0753797516226768
97,ILSVRC2012_val_00010388_n01847000.JPEG,ILSVRC2012_val_00040849_n01847000.JPEG,1.3922892808914185,0.038971796631813,2.875994920730591,1.3533174842596054
98,ILSVRC2012_val_00013343_n01855032.JPEG,ILSVRC2012_val_00041850_n01855032.JPEG,0.0386210121214389,0.0522596687078475,0.4137305319309234,0.013638656586408601
98,ILSVRC2012_val_00033716_n01855032.JPEG,ILSVRC2012_val_00034315_n01855032.JPEG,0.0584942027926445,0.0113126281648874,0.1287491768598556,0.0471815746277571
98,ILSVRC2012_val_00014478_n01855032.JPEG,ILSVRC2012_val_00024273_n01855032.JPEG,0.1085449531674385,0.2069901525974273,0.2119725197553634,0.09844519942998882
98,ILSVRC2012_val_00012488_n01855032.JPEG,ILSVRC2012_val_00006555_n01855032.JPEG,0.1608936637639999,0.0323310010135173,0.1608936637639999,0.12856266275048261
98,ILSVRC2012_val_00031847_n01855032.JPEG,ILSVRC2012_val_00024726_n01855032.JPEG,0.0051334239542484,0.1638152301311493,0.3122742772102356,0.1586818061769009
99,ILSVRC2012_val_00029226_n01855672.JPEG,ILSVRC2012_val_00029785_n01855672.JPEG,0.6607782244682312,0.6890698075294495,1.0958305597305298,0.02829158306121826
99,ILSVRC2012_val_00047073_n01855672.JPEG,ILSVRC2012_val_00036968_n01855672.JPEG,0.0039879330433905,0.0952469110488891,4.792816162109375,0.0912589780054986
99,ILSVRC2012_val_00004226_n01855672.JPEG,ILSVRC2012_val_00030245_n01855672.JPEG,0.0103405667468905,0.2621515393257141,1.6014097929000854,0.2518109725788236
99,ILSVRC2012_val_00029698_n01855672.JPEG,ILSVRC2012_val_00049352_n01855672.JPEG,0.6176517009735107,0.0009815642843022,0.6176517009735107,0.6166701366892086
99,ILSVRC2012_val_00029351_n01855672.JPEG,ILSVRC2012_val_00035183_n01855672.JPEG,1.571453332901001,0.0213469285517931,2.4280247688293457,1.5501064043492079
100,ILSVRC2012_val_00033045_n01860187.JPEG,ILSVRC2012_val_00017280_n01860187.JPEG,0.0168963447213172,0.0120588093996047,0.2217339873313903,0.004837535321712501
100,ILSVRC2012_val_00029298_n01860187.JPEG,ILSVRC2012_val_00044515_n01860187.JPEG,0.0870177447795867,0.0270180124789476,0.1430901885032653,0.0599997323006391
100,ILSVRC2012_val_00017207_n01860187.JPEG,ILSVRC2012_val_00044933_n01860187.JPEG,0.0689610168337822,0.004014529287815,0.5069262981414795,0.0649464875459672
100,ILSVRC2012_val_00034984_n01860187.JPEG,ILSVRC2012_val_00042480_n01860187.JPEG,0.1313995122909546,0.0037234756164252,1.397125244140625,0.1276760366745294
100,ILSVRC2012_val_00048039_n01860187.JPEG,ILSVRC2012_val_00004627_n01860187.JPEG,0.2181726843118667,0.0210386998951435,0.316908985376358,0.1971339844167232
101,ILSVRC2012_val_00043508_n01871265.JPEG,ILSVRC2012_val_00034307_n01871265.JPEG,0.7187691926956177,0.779758095741272,1.5479960441589355,0.0609889030456543
101,ILSVRC2012_val_00012976_n01871265.JPEG,ILSVRC2012_val_00008127_n01871265.JPEG,0.1507594883441925,0.2330195158720016,0.2464385479688644,0.08226002752780909
101,ILSVRC2012_val_00033088_n01871265.JPEG,ILSVRC2012_val_00044320_n01871265.JPEG,1.41937518119812,1.1427758932113647,4.162045478820801,0.27659928798675515
101,ILSVRC2012_val_00031269_n01871265.JPEG,ILSVRC2012_val_00036826_n01871265.JPEG,0.1312788724899292,0.4104810655117035,0.5006350874900818,0.2792021930217743
101,ILSVRC2012_val_00045814_n01871265.JPEG,ILSVRC2012_val_00041516_n01871265.JPEG,0.5121762156486511,0.864736795425415,0.8825916647911072,0.3525605797767639
102,ILSVRC2012_val_00049052_n01872401.JPEG,ILSVRC2012_val_00030500_n01872401.JPEG,0.0040363757871091,0.0050135133787989,1.357757568359375,0.0009771375916898
102,ILSVRC2012_val_00049107_n01872401.JPEG,ILSVRC2012_val_00026471_n01872401.JPEG,0.0737906098365783,0.0715594738721847,0.1756310015916824,0.002231135964393602
102,ILSVRC2012_val_00017827_n01872401.JPEG,ILSVRC2012_val_00048393_n01872401.JPEG,0.0631629973649978,0.0312591269612312,0.4384390711784363,0.0319038704037666
102,ILSVRC2012_val_00021068_n01872401.JPEG,ILSVRC2012_val_00031907_n01872401.JPEG,0.010163577273488,0.0625096634030342,0.0699723586440086,0.05234608612954619
102,ILSVRC2012_val_00038572_n01872401.JPEG,ILSVRC2012_val_00047972_n01872401.JPEG,0.0708404183387756,0.1422554701566696,0.1423381865024566,0.071415051817894
103,ILSVRC2012_val_00016096_n01873310.JPEG,ILSVRC2012_val_00041141_n01873310.JPEG,0.0017087158048525,0.0300470665097236,0.0934552103281021,0.0283383507048711
103,ILSVRC2012_val_00006884_n01873310.JPEG,ILSVRC2012_val_00019085_n01873310.JPEG,4.744427680969238,4.890271186828613,5.866463661193848,0.145843505859375
103,ILSVRC2012_val_00007800_n01873310.JPEG,ILSVRC2012_val_00022278_n01873310.JPEG,2.4260900020599365,0.9255406856536864,5.5538482666015625,1.50054931640625
103,ILSVRC2012_val_00000940_n01873310.JPEG,ILSVRC2012_val_00005301_n01873310.JPEG,2.28127384185791,0.0160947628319263,4.427325248718262,2.265179079025984
103,ILSVRC2012_val_00042448_n01873310.JPEG,ILSVRC2012_val_00024992_n01873310.JPEG,0.0627436861395835,3.3016951084136963,3.504244089126587,3.2389514222741127
104,ILSVRC2012_val_00004349_n01877812.JPEG,ILSVRC2012_val_00047622_n01877812.JPEG,0.0400189459323883,0.0251294393092393,0.5942845344543457,0.014889506623148998
104,ILSVRC2012_val_00040619_n01877812.JPEG,ILSVRC2012_val_00005975_n01877812.JPEG,0.2039089649915695,0.0942918509244918,3.2675602436065674,0.10961711406707769
104,ILSVRC2012_val_00014040_n01877812.JPEG,ILSVRC2012_val_00006821_n01877812.JPEG,0.3267912566661834,0.0446007438004016,1.4883346557617188,0.28219051286578184
104,ILSVRC2012_val_00041445_n01877812.JPEG,ILSVRC2012_val_00042917_n01877812.JPEG,0.0571479946374893,0.8594582676887512,3.5552871227264404,0.8023102730512619
104,ILSVRC2012_val_00046908_n01877812.JPEG,ILSVRC2012_val_00008736_n01877812.JPEG,0.0289705414324998,1.8320482969284055,2.2140817642211914,1.8030777554959057
105,ILSVRC2012_val_00045070_n01882714.JPEG,ILSVRC2012_val_00028424_n01882714.JPEG,0.000814106373582,0.0113173425197601,0.0490698255598545,0.0105032361461781
105,ILSVRC2012_val_00010137_n01882714.JPEG,ILSVRC2012_val_00036778_n01882714.JPEG,0.0399315543472766,0.0043336292728781,0.2884961664676666,0.0355979250743985
105,ILSVRC2012_val_00008498_n01882714.JPEG,ILSVRC2012_val_00039946_n01882714.JPEG,0.0128373885527253,0.051556259393692,0.2588613331317901,0.0387188708409667
105,ILSVRC2012_val_00042930_n01882714.JPEG,ILSVRC2012_val_00003097_n01882714.JPEG,0.0872580111026763,0.0270268302410841,0.4620230793952942,0.060231180861592196
105,ILSVRC2012_val_00035140_n01882714.JPEG,ILSVRC2012_val_00012271_n01882714.JPEG,0.1033129096031189,0.0313737355172634,0.1223250180482864,0.0719391740858555
106,ILSVRC2012_val_00023260_n01883070.JPEG,ILSVRC2012_val_00027352_n01883070.JPEG,0.0869385153055191,0.0692671760916709,0.0881360918283462,0.017671339213848197
106,ILSVRC2012_val_00040774_n01883070.JPEG,ILSVRC2012_val_00014458_n01883070.JPEG,0.5349497199058533,0.9386792182922364,0.9471752643585204,0.40372949838638317
106,ILSVRC2012_val_00015717_n01883070.JPEG,ILSVRC2012_val_00027195_n01883070.JPEG,0.1811865866184234,0.8598133325576782,3.680225372314453,0.6786267459392548
106,ILSVRC2012_val_00047619_n01883070.JPEG,ILSVRC2012_val_00002030_n01883070.JPEG,0.2132148444652557,1.9028441905975344,4.992574214935303,1.6896293461322787
106,ILSVRC2012_val_00013821_n01883070.JPEG,ILSVRC2012_val_00022887_n01883070.JPEG,2.6827571392059326,0.0910221636295318,3.4047908782958984,2.5917349755764008
107,ILSVRC2012_val_00034716_n01910747.JPEG,ILSVRC2012_val_00003955_n01910747.JPEG,0.2013704478740692,0.0010855264263227,0.2703782021999359,0.2002849214477465
107,ILSVRC2012_val_00028644_n01910747.JPEG,ILSVRC2012_val_00046918_n01910747.JPEG,1.3503926992416382,1.6011617183685305,5.717936992645264,0.2507690191268923
107,ILSVRC2012_val_00044127_n01910747.JPEG,ILSVRC2012_val_00000063_n01910747.JPEG,0.0766889601945877,0.3418290019035339,0.4705299735069275,0.2651400417089462
107,ILSVRC2012_val_00007283_n01910747.JPEG,ILSVRC2012_val_00012777_n01910747.JPEG,0.5944759845733643,0.0066388524137437,0.8119128942489624,0.5878371321596205
107,ILSVRC2012_val_00012499_n01910747.JPEG,ILSVRC2012_val_00035728_n01910747.JPEG,2.2105233669281006,0.4478680491447449,2.2105233669281006,1.7626553177833557
108,ILSVRC2012_val_00040958_n01914609.JPEG,ILSVRC2012_val_00017099_n01914609.JPEG,0.0708829537034034,0.213557481765747,0.213557481765747,0.1426745280623436
108,ILSVRC2012_val_00005058_n01914609.JPEG,ILSVRC2012_val_00034484_n01914609.JPEG,5.778992652893066,5.256148338317871,5.780214309692383,0.5228443145751953
108,ILSVRC2012_val_00027878_n01914609.JPEG,ILSVRC2012_val_00028889_n01914609.JPEG,0.7421171069145203,0.1241440102458,1.3454469442367554,0.6179730966687202
108,ILSVRC2012_val_00009151_n01914609.JPEG,ILSVRC2012_val_00031110_n01914609.JPEG,0.3771928250789642,2.5660195350646973,2.992806911468506,2.188826709985733
108,ILSVRC2012_val_00047488_n01914609.JPEG,ILSVRC2012_val_00037668_n01914609.JPEG,3.7487096786499023,0.8532236814498901,3.7487096786499023,2.895485997200012
109,ILSVRC2012_val_00007027_n01917289.JPEG,ILSVRC2012_val_00037660_n01917289.JPEG,0.2093743532896042,0.2429308295249939,0.3109107315540313,0.03355647623538971
109,ILSVRC2012_val_00026144_n01917289.JPEG,ILSVRC2012_val_00007345_n01917289.JPEG,0.3100144267082214,0.3878393769264221,0.9954288601875304,0.07782495021820074
109,ILSVRC2012_val_00044533_n01917289.JPEG,ILSVRC2012_val_00014410_n01917289.JPEG,0.0224706195294857,0.1003343686461448,0.2466851323843002,0.0778637491166591
109,ILSVRC2012_val_00022983_n01917289.JPEG,ILSVRC2012_val_00032351_n01917289.JPEG,0.0591697171330452,0.2409241050481796,0.3099406361579895,0.1817543879151344
109,ILSVRC2012_val_00001057_n01917289.JPEG,ILSVRC2012_val_00021843_n01917289.JPEG,0.6167548298835754,0.0525509603321552,0.6167548298835754,0.5642038695514202
110,ILSVRC2012_val_00014882_n01924916.JPEG,ILSVRC2012_val_00044839_n01924916.JPEG,0.0290683917701244,0.0176521930843591,0.3639838993549347,0.011416198685765301
110,ILSVRC2012_val_00032764_n01924916.JPEG,ILSVRC2012_val_00045429_n01924916.JPEG,0.094833143055439,0.0029363394714891,0.6749622225761414,0.0918968035839499
110,ILSVRC2012_val_00041450_n01924916.JPEG,ILSVRC2012_val_00037245_n01924916.JPEG,0.2037105113267898,0.0110015254467725,1.6741185188293457,0.1927089858800173
110,ILSVRC2012_val_00008211_n01924916.JPEG,ILSVRC2012_val_00019425_n01924916.JPEG,0.5180764198303223,0.032496839761734,2.2975478172302246,0.48557958006858826
110,ILSVRC2012_val_00018855_n01924916.JPEG,ILSVRC2012_val_00046894_n01924916.JPEG,1.2670700550079346,0.0627708882093429,1.2670700550079346,1.2042991667985916
111,ILSVRC2012_val_00027167_n01930112.JPEG,ILSVRC2012_val_00005429_n01930112.JPEG,0.0579960979521274,0.0104286968708038,0.0579960979521274,0.0475674010813236
111,ILSVRC2012_val_00028924_n01930112.JPEG,ILSVRC2012_val_00036635_n01930112.JPEG,0.1009462177753448,0.018689602613449,0.4045099318027496,0.0822566151618958
111,ILSVRC2012_val_00043302_n01930112.JPEG,ILSVRC2012_val_00026308_n01930112.JPEG,0.2171231359243393,0.0001006075763143,3.0763235092163086,0.217022528348025
111,ILSVRC2012_val_00038464_n01930112.JPEG,ILSVRC2012_val_00038062_n01930112.JPEG,0.0020016650669276,1.5075112581253052,3.827439308166504,1.5055095930583775
111,ILSVRC2012_val_00004923_n01930112.JPEG,ILSVRC2012_val_00015650_n01930112.JPEG,5.483612312673358e-06,4.663589477539063,5.318572044372559,4.663583993926751
112,ILSVRC2012_val_00038299_n01943899.JPEG,ILSVRC2012_val_00035762_n01943899.JPEG,0.4725725054740906,0.4529529213905334,1.0926486253738403,0.019619584083557184
112,ILSVRC2012_val_00010955_n01943899.JPEG,ILSVRC2012_val_00028615_n01943899.JPEG,4.046455383300781,3.903758764266968,4.620480537414551,0.14269661903381303
112,ILSVRC2012_val_00029891_n01943899.JPEG,ILSVRC2012_val_00028654_n01943899.JPEG,0.0224536024034023,0.1721035093069076,0.3008013367652893,0.1496499069035053
112,ILSVRC2012_val_00019373_n01943899.JPEG,ILSVRC2012_val_00019026_n01943899.JPEG,0.6215771436691284,1.0242493152618408,3.337565422058105,0.4026721715927124
112,ILSVRC2012_val_00031734_n01943899.JPEG,ILSVRC2012_val_00038001_n01943899.JPEG,2.590500831604004,0.6136268973350525,3.0998222827911377,1.9768739342689514
113,ILSVRC2012_val_00046883_n01944390.JPEG,ILSVRC2012_val_00046551_n01944390.JPEG,0.014210108667612,0.0381868034601211,0.1516443192958831,0.0239766947925091
113,ILSVRC2012_val_00036200_n01944390.JPEG,ILSVRC2012_val_00002602_n01944390.JPEG,0.1535630375146865,0.1222332417964935,1.7295949459075928,0.031329795718193
113,ILSVRC2012_val_00001959_n01944390.JPEG,ILSVRC2012_val_00010312_n01944390.JPEG,0.0357380621135234,8.511180931236595e-05,0.0704274252057075,0.035652950304211034
113,ILSVRC2012_val_00003604_n01944390.JPEG,ILSVRC2012_val_00030395_n01944390.JPEG,0.0014465117128565,0.201359137892723,0.202336847782135,0.1999126261798665
113,ILSVRC2012_val_00010996_n01944390.JPEG,ILSVRC2012_val_00007377_n01944390.JPEG,0.0123295504599809,1.7546178102493286,2.5366673469543457,1.7422882597893476
114,ILSVRC2012_val_00041593_n01945685.JPEG,ILSVRC2012_val_00038708_n01945685.JPEG,0.0307116620242595,0.0321108773350715,4.790246963500977,0.001399215310812
114,ILSVRC2012_val_00029475_n01945685.JPEG,ILSVRC2012_val_00007975_n01945685.JPEG,0.1748893558979034,0.3775932490825653,5.289856910705566,0.20270389318466192
114,ILSVRC2012_val_00031116_n01945685.JPEG,ILSVRC2012_val_00000546_n01945685.JPEG,0.1760006546974182,0.5557453632354736,5.27225399017334,0.3797447085380554
114,ILSVRC2012_val_00036192_n01945685.JPEG,ILSVRC2012_val_00028401_n01945685.JPEG,1.8369461297988887,1.0472230911254885,6.802674770355225,0.7897230386734002
114,ILSVRC2012_val_00014130_n01945685.JPEG,ILSVRC2012_val_00008468_n01945685.JPEG,0.0097066797316074,1.7401888370513916,1.7401888370513916,1.7304821573197842
115,ILSVRC2012_val_00036188_n01950731.JPEG,ILSVRC2012_val_00019684_n01950731.JPEG,2.693945407867432,2.819329261779785,5.657148361206055,0.12538385391235307
115,ILSVRC2012_val_00021059_n01950731.JPEG,ILSVRC2012_val_00003875_n01950731.JPEG,0.2870047986507416,0.5384644269943237,4.547933578491211,0.25145962834358215
115,ILSVRC2012_val_00028918_n01950731.JPEG,ILSVRC2012_val_00004632_n01950731.JPEG,0.3308809399604797,0.5863604545593262,2.19016695022583,0.2554795145988465
115,ILSVRC2012_val_00033786_n01950731.JPEG,ILSVRC2012_val_00022321_n01950731.JPEG,0.1617580205202102,0.4297132790088653,2.1420769691467285,0.2679552584886551
115,ILSVRC2012_val_00034076_n01950731.JPEG,ILSVRC2012_val_00037044_n01950731.JPEG,0.5484168529510498,0.9941027164459229,1.5428669452667236,0.44568586349487305
116,ILSVRC2012_val_00035856_n01955084.JPEG,ILSVRC2012_val_00001818_n01955084.JPEG,0.0011062461417168,0.0010041915811598,0.0291150547564029,0.00010205456055699998
116,ILSVRC2012_val_00017974_n01955084.JPEG,ILSVRC2012_val_00043301_n01955084.JPEG,0.1720391660928726,0.2948340475559234,1.3925946950912476,0.12279488146305081
116,ILSVRC2012_val_00015408_n01955084.JPEG,ILSVRC2012_val_00015932_n01955084.JPEG,0.0991721600294113,0.4474115073680877,1.9219305515289309,0.3482393473386764
116,ILSVRC2012_val_00018435_n01955084.JPEG,ILSVRC2012_val_00032797_n01955084.JPEG,0.0547485761344432,1.1797871589660645,1.593454360961914,1.1250385828316212
116,ILSVRC2012_val_00019110_n01955084.JPEG,ILSVRC2012_val_00036828_n01955084.JPEG,0.0007902836659923,1.7215687036514282,1.7215687036514282,1.720778419985436
117,ILSVRC2012_val_00032056_n01968897.JPEG,ILSVRC2012_val_00037009_n01968897.JPEG,0.0896749347448349,0.0625822246074676,0.3602530062198639,0.027092710137367304
117,ILSVRC2012_val_00005945_n01968897.JPEG,ILSVRC2012_val_00035619_n01968897.JPEG,0.0042529138736426,0.034817561507225,0.792378842830658,0.030564647633582402
117,ILSVRC2012_val_00034644_n01968897.JPEG,ILSVRC2012_val_00040448_n01968897.JPEG,0.0201082993298769,0.0586030334234237,0.2755391895771026,0.0384947340935468
117,ILSVRC2012_val_00007454_n01968897.JPEG,ILSVRC2012_val_00008289_n01968897.JPEG,0.0806871503591537,0.0127395838499069,0.0831986367702484,0.0679475665092468
117,ILSVRC2012_val_00041316_n01968897.JPEG,ILSVRC2012_val_00040877_n01968897.JPEG,0.0486763529479503,1.2462987899780271,1.2462987899780271,1.1976224370300768
118,ILSVRC2012_val_00003074_n01978287.JPEG,ILSVRC2012_val_00026925_n01978287.JPEG,0.2838993966579437,0.1978411078453064,0.4792003929615021,0.08605828881263733
118,ILSVRC2012_val_00019368_n01978287.JPEG,ILSVRC2012_val_00040764_n01978287.JPEG,1.4325640201568604,1.2316436767578125,5.106560707092285,0.20092034339904785
118,ILSVRC2012_val_00038309_n01978287.JPEG,ILSVRC2012_val_00023991_n01978287.JPEG,0.7072096467018127,0.3277364075183868,3.242440223693848,0.37947323918342596
118,ILSVRC2012_val_00047370_n01978287.JPEG,ILSVRC2012_val_00015526_n01978287.JPEG,0.9466468691825868,0.0823847204446792,0.951306164264679,0.8642621487379076
118,ILSVRC2012_val_00020511_n01978287.JPEG,ILSVRC2012_val_00014132_n01978287.JPEG,1.5417568683624268,0.2991784811019897,2.6752705574035645,1.242578387260437
119,ILSVRC2012_val_00011137_n01978455.JPEG,ILSVRC2012_val_00034448_n01978455.JPEG,0.9381155967712402,0.7736940979957581,1.6333757638931274,0.16442149877548218
119,ILSVRC2012_val_00007769_n01978455.JPEG,ILSVRC2012_val_00044836_n01978455.JPEG,0.0759051889181137,0.4446212947368622,0.8713117837905884,0.3687161058187485
119,ILSVRC2012_val_00034605_n01978455.JPEG,ILSVRC2012_val_00047476_n01978455.JPEG,0.4009034633636474,0.9865276217460632,2.7147345542907715,0.5856241583824158
119,ILSVRC2012_val_00033808_n01978455.JPEG,ILSVRC2012_val_00048052_n01978455.JPEG,2.5998008251190186,1.6022628545761108,3.762105703353882,0.9975379705429077
119,ILSVRC2012_val_00004254_n01978455.JPEG,ILSVRC2012_val_00024885_n01978455.JPEG,2.6695187091827397,0.9722623825073242,3.2363433837890625,1.6972563266754155
120,ILSVRC2012_val_00001122_n01980166.JPEG,ILSVRC2012_val_00003776_n01980166.JPEG,0.0141933020204305,0.0246561858803033,0.4033345580101013,0.010462883859872799
120,ILSVRC2012_val_00047891_n01980166.JPEG,ILSVRC2012_val_00013183_n01980166.JPEG,0.0429828949272632,0.2952600717544555,0.4003735482692718,0.2522771768271923
120,ILSVRC2012_val_00010051_n01980166.JPEG,ILSVRC2012_val_00000818_n01980166.JPEG,0.116577073931694,2.67585563659668,2.8410818576812744,2.559278562664986
120,ILSVRC2012_val_00049598_n01980166.JPEG,ILSVRC2012_val_00013999_n01980166.JPEG,3.9561569690704346,6.914229869842529,6.97500467300415,2.9580729007720947
120,ILSVRC2012_val_00012779_n01980166.JPEG,ILSVRC2012_val_00038534_n01980166.JPEG,3.324925422668457,0.0007120219524949,3.674487590789795,3.324213400715962
121,ILSVRC2012_val_00039138_n01981276.JPEG,ILSVRC2012_val_00005084_n01981276.JPEG,0.0292225014418363,0.121912807226181,0.3524306416511535,0.0926903057843447
121,ILSVRC2012_val_00011070_n01981276.JPEG,ILSVRC2012_val_00047532_n01981276.JPEG,0.0330826565623283,0.3128885924816131,2.245577573776245,0.2798059359192848
121,ILSVRC2012_val_00029605_n01981276.JPEG,ILSVRC2012_val_00046611_n01981276.JPEG,0.0507958158850669,0.7232593894004822,2.7944931983947754,0.6724635735154153
121,ILSVRC2012_val_00037684_n01981276.JPEG,ILSVRC2012_val_00023251_n01981276.JPEG,1.8272632360458372,0.9490448236465454,2.426703929901123,0.8782184123992918
121,ILSVRC2012_val_00004965_n01981276.JPEG,ILSVRC2012_val_00006315_n01981276.JPEG,1.1156680583953855,0.0396160520613193,2.8421874046325684,1.0760520063340662
122,ILSVRC2012_val_00016493_n01983481.JPEG,ILSVRC2012_val_00000111_n01983481.JPEG,0.0288810189813375,0.0726117566227912,1.1349174976348877,0.043730737641453694
122,ILSVRC2012_val_00002502_n01983481.JPEG,ILSVRC2012_val_00037880_n01983481.JPEG,0.2845966517925262,0.0406905710697174,2.5020394325256348,0.24390608072280878
122,ILSVRC2012_val_00006179_n01983481.JPEG,ILSVRC2012_val_00034402_n01983481.JPEG,0.1508191674947738,0.5587793588638306,2.6717920303344727,0.40796019136905676
122,ILSVRC2012_val_00024727_n01983481.JPEG,ILSVRC2012_val_00047059_n01983481.JPEG,0.7190073132514954,0.1644849330186844,4.085826396942139,0.554522380232811
122,ILSVRC2012_val_00002515_n01983481.JPEG,ILSVRC2012_val_00012183_n01983481.JPEG,0.2536020278930664,0.8310666084289551,1.7660558223724363,0.5774645805358887
123,ILSVRC2012_val_00027227_n01984695.JPEG,ILSVRC2012_val_00035310_n01984695.JPEG,0.0539311505854129,0.0590440891683101,0.1631072163581848,0.0051129385828972
123,ILSVRC2012_val_00042536_n01984695.JPEG,ILSVRC2012_val_00004219_n01984695.JPEG,0.2586860954761505,0.0414431765675544,0.2588027119636535,0.21724291890859612
123,ILSVRC2012_val_00042677_n01984695.JPEG,ILSVRC2012_val_00040806_n01984695.JPEG,0.538368821144104,1.1166880130767822,2.415400505065918,0.5783191919326782
123,ILSVRC2012_val_00017162_n01984695.JPEG,ILSVRC2012_val_00012455_n01984695.JPEG,0.7461568117141724,0.0073602464981377,2.1306073665618896,0.7387965652160347
123,ILSVRC2012_val_00018716_n01984695.JPEG,ILSVRC2012_val_00008144_n01984695.JPEG,3.1056313514709477,0.2249970138072967,5.0433349609375,2.880634337663651
124,ILSVRC2012_val_00005682_n01985128.JPEG,ILSVRC2012_val_00027920_n01985128.JPEG,0.4591425061225891,0.2385164499282837,0.8161840438842773,0.22062605619430542
124,ILSVRC2012_val_00001956_n01985128.JPEG,ILSVRC2012_val_00007938_n01985128.JPEG,0.1388106942176818,0.8797172904014587,2.5373005867004395,0.740906596183777
124,ILSVRC2012_val_00033188_n01985128.JPEG,ILSVRC2012_val_00028073_n01985128.JPEG,0.2582766413688659,1.1552186012268066,1.9081891775131223,0.8969419598579407
124,ILSVRC2012_val_00022260_n01985128.JPEG,ILSVRC2012_val_00001744_n01985128.JPEG,0.6147404313087463,2.1963894367218018,2.198517322540283,1.5816490054130554
124,ILSVRC2012_val_00046274_n01985128.JPEG,ILSVRC2012_val_00045022_n01985128.JPEG,3.2750375270843506,1.1794277429580688,4.956501007080078,2.0956097841262817
125,ILSVRC2012_val_00045463_n01986214.JPEG,ILSVRC2012_val_00046606_n01986214.JPEG,0.0002561479632277,0.007414205931127,0.007486383896321,0.0071580579678993
125,ILSVRC2012_val_00037765_n01986214.JPEG,ILSVRC2012_val_00000231_n01986214.JPEG,0.0614490397274494,0.133253201842308,0.133253201842308,0.07180416211485859
125,ILSVRC2012_val_00031943_n01986214.JPEG,ILSVRC2012_val_00040913_n01986214.JPEG,0.0012880609137937,0.1598325073719024,0.2090011686086654,0.15854444645810872
125,ILSVRC2012_val_00032372_n01986214.JPEG,ILSVRC2012_val_00017555_n01986214.JPEG,0.3221196830272674,0.0010488491971045,2.5662052631378174,0.3210708338301629
125,ILSVRC2012_val_00029243_n01986214.JPEG,ILSVRC2012_val_00020968_n01986214.JPEG,0.0661174803972244,0.6550657749176025,0.7865793704986572,0.5889482945203781
126,ILSVRC2012_val_00003738_n01990800.JPEG,ILSVRC2012_val_00005954_n01990800.JPEG,0.0086803492158651,0.1013333350419998,0.3124206662178039,0.09265298582613471
126,ILSVRC2012_val_00003858_n01990800.JPEG,ILSVRC2012_val_00038119_n01990800.JPEG,0.1987044066190719,0.3066268265247345,2.140895366668701,0.10792241990566259
126,ILSVRC2012_val_00020769_n01990800.JPEG,ILSVRC2012_val_00033427_n01990800.JPEG,0.6402276754379272,0.4417714476585388,1.1962617635726929,0.19845622777938843
126,ILSVRC2012_val_00042774_n01990800.JPEG,ILSVRC2012_val_00009213_n01990800.JPEG,0.0709877759218216,4.579358577728272,4.584007263183594,4.508370801806451
126,ILSVRC2012_val_00024924_n01990800.JPEG,ILSVRC2012_val_00015874_n01990800.JPEG,0.2334763556718826,5.658590316772461,5.995993614196777,5.425113961100578
127,ILSVRC2012_val_00046533_n02002556.JPEG,ILSVRC2012_val_00018991_n02002556.JPEG,0.0747884511947631,0.0740789100527763,1.0696678161621094,0.0007095411419868053
127,ILSVRC2012_val_00008411_n02002556.JPEG,ILSVRC2012_val_00027926_n02002556.JPEG,0.1089022010564804,0.0517629757523536,0.1296053081750869,0.057139225304126795
127,ILSVRC2012_val_00038245_n02002556.JPEG,ILSVRC2012_val_00041881_n02002556.JPEG,0.1227031052112579,0.0157150868326425,0.1806849986314773,0.10698801837861541
127,ILSVRC2012_val_00031575_n02002556.JPEG,ILSVRC2012_val_00034013_n02002556.JPEG,0.0118758799508214,0.2032885104417801,0.3429786562919616,0.1914126304909587
127,ILSVRC2012_val_00010539_n02002556.JPEG,ILSVRC2012_val_00008857_n02002556.JPEG,0.6781091690063477,0.1467524319887161,1.6025575399398804,0.5313567370176315
128,ILSVRC2012_val_00006116_n02002724.JPEG,ILSVRC2012_val_00018159_n02002724.JPEG,0.0899050831794738,0.0944653004407882,0.0996206104755401,0.004560217261314406
128,ILSVRC2012_val_00013896_n02002724.JPEG,ILSVRC2012_val_00015893_n02002724.JPEG,0.1547331064939499,0.7310669422149658,0.9489320516586304,0.5763338357210159
128,ILSVRC2012_val_00029692_n02002724.JPEG,ILSVRC2012_val_00012639_n02002724.JPEG,1.1601195335388184,0.0600846968591213,1.1601195335388184,1.100034836679697
128,ILSVRC2012_val_00037766_n02002724.JPEG,ILSVRC2012_val_00022687_n02002724.JPEG,0.2840088605880737,2.0605783462524414,6.5517683029174805,1.7765694856643677
128,ILSVRC2012_val_00038579_n02002724.JPEG,ILSVRC2012_val_00017388_n02002724.JPEG,0.513090968132019,3.60425329208374,3.836513042449951,3.0911623239517207
129,ILSVRC2012_val_00013256_n02006656.JPEG,ILSVRC2012_val_00040455_n02006656.JPEG,0.0702157542109489,0.0749163180589675,0.5195989608764648,0.004700563848018591
129,ILSVRC2012_val_00021933_n02006656.JPEG,ILSVRC2012_val_00005186_n02006656.JPEG,0.0371720753610134,0.0259377546608448,0.0371720753610134,0.0112343207001686
129,ILSVRC2012_val_00013110_n02006656.JPEG,ILSVRC2012_val_00000878_n02006656.JPEG,0.021108616143465,0.0556625351309776,0.3840373158454895,0.0345539189875126
129,ILSVRC2012_val_00018192_n02006656.JPEG,ILSVRC2012_val_00048666_n02006656.JPEG,0.014757165685296,0.0524138659238815,0.2686515152454376,0.0376567002385855
129,ILSVRC2012_val_00044522_n02006656.JPEG,ILSVRC2012_val_00029736_n02006656.JPEG,0.2775430977344513,0.0436687394976615,0.4362387061119079,0.2338743582367898
130,ILSVRC2012_val_00024551_n02007558.JPEG,ILSVRC2012_val_00036302_n02007558.JPEG,0.0324035957455635,0.035197302699089,0.0367543622851371,0.0027937069535255016
130,ILSVRC2012_val_00049783_n02007558.JPEG,ILSVRC2012_val_00026248_n02007558.JPEG,0.0310349538922309,0.001661469344981,0.0324431806802749,0.0293734845472499
130,ILSVRC2012_val_00000939_n02007558.JPEG,ILSVRC2012_val_00027871_n02007558.JPEG,0.0741377994418144,0.0109273605048656,2.359673500061035,0.06321043893694879
130,ILSVRC2012_val_00035984_n02007558.JPEG,ILSVRC2012_val_00039514_n02007558.JPEG,0.001214362680912,0.1873536556959152,5.838086128234863,0.1861392930150032
130,ILSVRC2012_val_00000356_n02007558.JPEG,ILSVRC2012_val_00023866_n02007558.JPEG,0.2981628775596618,0.0366608202457428,0.5648743510246277,0.261502057313919
131,ILSVRC2012_val_00016684_n02009229.JPEG,ILSVRC2012_val_00025183_n02009229.JPEG,0.0125833833590149,0.0239674169570207,0.3400232791900635,0.011384033598005801
131,ILSVRC2012_val_00025744_n02009229.JPEG,ILSVRC2012_val_00041564_n02009229.JPEG,0.0429737605154514,0.0868034362792968,0.1991573572158813,0.04382967576384541
131,ILSVRC2012_val_00003659_n02009229.JPEG,ILSVRC2012_val_00018197_n02009229.JPEG,0.253962367773056,0.3867336809635162,0.4590582251548767,0.1327713131904602
131,ILSVRC2012_val_00022954_n02009229.JPEG,ILSVRC2012_val_00030843_n02009229.JPEG,0.3256959915161133,0.1378384232521057,2.1674933433532715,0.18785756826400757
131,ILSVRC2012_val_00020194_n02009229.JPEG,ILSVRC2012_val_00002003_n02009229.JPEG,0.3113657534122467,1.3850204944610596,3.8975439071655273,1.0736547410488129
132,ILSVRC2012_val_00046932_n02009912.JPEG,ILSVRC2012_val_00001067_n02009912.JPEG,0.0691514834761619,0.0327318795025348,0.2222451716661453,0.036419603973627104
132,ILSVRC2012_val_00019019_n02009912.JPEG,ILSVRC2012_val_00017874_n02009912.JPEG,0.8634413480758667,0.7945225238800049,1.0367478132247925,0.06891882419586182
132,ILSVRC2012_val_00005474_n02009912.JPEG,ILSVRC2012_val_00032469_n02009912.JPEG,0.1248092353343963,0.2195121496915817,0.3225871622562408,0.09470291435718539
132,ILSVRC2012_val_00021875_n02009912.JPEG,ILSVRC2012_val_00032830_n02009912.JPEG,0.0672144070267677,0.2520576417446136,0.4596848785877228,0.1848432347178459
132,ILSVRC2012_val_00009393_n02009912.JPEG,ILSVRC2012_val_00024166_n02009912.JPEG,0.2192359715700149,0.4674932360649109,1.5048623085021973,0.248257264494896
133,ILSVRC2012_val_00001046_n02011460.JPEG,ILSVRC2012_val_00007294_n02011460.JPEG,0.0060417163185775,0.0171872228384017,0.1613269448280334,0.0111455065198242
133,ILSVRC2012_val_00004572_n02011460.JPEG,ILSVRC2012_val_00015510_n02011460.JPEG,0.0121079226955771,0.0264786668121814,0.026500841602683,0.0143707441166043
133,ILSVRC2012_val_00047736_n02011460.JPEG,ILSVRC2012_val_00049711_n02011460.JPEG,0.0735518485307693,0.0032927363645285,0.1787032186985016,0.07025911216624081
133,ILSVRC2012_val_00011401_n02011460.JPEG,ILSVRC2012_val_00013929_n02011460.JPEG,0.0304666683077812,0.1689511090517044,0.1862709373235702,0.13848444074392322
133,ILSVRC2012_val_00000390_n02011460.JPEG,ILSVRC2012_val_00021433_n02011460.JPEG,0.5406684279441833,0.1022548973560333,1.629805564880371,0.43841353058815
134,ILSVRC2012_val_00022463_n02012849.JPEG,ILSVRC2012_val_00046408_n02012849.JPEG,0.0762611404061317,0.0632160380482673,0.2140827775001526,0.013045102357864408
134,ILSVRC2012_val_00016463_n02012849.JPEG,ILSVRC2012_val_00002002_n02012849.JPEG,0.2739690542221069,0.0304626207798719,2.0733585357666016,0.243506433442235
134,ILSVRC2012_val_00037379_n02012849.JPEG,ILSVRC2012_val_00000648_n02012849.JPEG,0.0557010993361473,0.3652120530605316,0.4712281227111816,0.3095109537243843
134,ILSVRC2012_val_00034198_n02012849.JPEG,ILSVRC2012_val_00015450_n02012849.JPEG,0.8803079128265381,0.4127511084079742,3.4548137187957764,0.4675568044185639
134,ILSVRC2012_val_00028854_n02012849.JPEG,ILSVRC2012_val_00000389_n02012849.JPEG,0.3587902784347534,1.741016149520874,6.788414001464844,1.3822258710861206
135,ILSVRC2012_val_00035722_n02013706.JPEG,ILSVRC2012_val_00029885_n02013706.JPEG,0.0115713151171803,0.0088652828708291,0.1324141919612884,0.0027060322463512004
135,ILSVRC2012_val_00024162_n02013706.JPEG,ILSVRC2012_val_00022862_n02013706.JPEG,0.0144879044964909,0.0085079111158847,0.1570609658956527,0.0059799933806062005
135,ILSVRC2012_val_00003208_n02013706.JPEG,ILSVRC2012_val_00021124_n02013706.JPEG,0.0316935814917087,0.0191026516258716,1.4648815393447876,0.0125909298658371
135,ILSVRC2012_val_00005203_n02013706.JPEG,ILSVRC2012_val_00011406_n02013706.JPEG,0.0253959670662879,0.0120846033096313,0.0551409088075161,0.0133113637566566
135,ILSVRC2012_val_00007564_n02013706.JPEG,ILSVRC2012_val_00006805_n02013706.JPEG,0.0021265766117721,0.0595587417483329,0.3033532202243805,0.0574321651365608
136,ILSVRC2012_val_00021135_n02017213.JPEG,ILSVRC2012_val_00039374_n02017213.JPEG,0.0409979522228241,0.0162533465772867,0.0701580718159675,0.024744605645537397
136,ILSVRC2012_val_00014599_n02017213.JPEG,ILSVRC2012_val_00042332_n02017213.JPEG,0.030119827017188,0.057848609983921,0.0617034882307052,0.027728782966733003
136,ILSVRC2012_val_00020612_n02017213.JPEG,ILSVRC2012_val_00019382_n02017213.JPEG,0.0442467965185642,0.0895980969071388,0.4733616411685943,0.04535130038857459
136,ILSVRC2012_val_00035085_n02017213.JPEG,ILSVRC2012_val_00042156_n02017213.JPEG,0.009755790233612,0.0750524625182151,0.2328397035598755,0.06529667228460309
136,ILSVRC2012_val_00014083_n02017213.JPEG,ILSVRC2012_val_00024020_n02017213.JPEG,0.007546252105385,0.1340792179107666,4.274552822113037,0.1265329658053816
137,ILSVRC2012_val_00008388_n02018207.JPEG,ILSVRC2012_val_00048163_n02018207.JPEG,0.0230254102498292,0.0135028138756752,0.1612265110015869,0.009522596374153999
137,ILSVRC2012_val_00022926_n02018207.JPEG,ILSVRC2012_val_00012435_n02018207.JPEG,0.0512438379228115,0.0027921521104872,0.2360099852085113,0.0484516858123243
137,ILSVRC2012_val_00009270_n02018207.JPEG,ILSVRC2012_val_00006231_n02018207.JPEG,0.3148589432239532,0.2244034260511398,3.435697317123413,0.09045551717281339
137,ILSVRC2012_val_00046599_n02018207.JPEG,ILSVRC2012_val_00002370_n02018207.JPEG,0.1806254088878631,0.007268177345395,2.8339428901672363,0.1733572315424681
137,ILSVRC2012_val_00010990_n02018207.JPEG,ILSVRC2012_val_00024270_n02018207.JPEG,0.4518956542015075,0.2731595635414123,3.976226568222046,0.17873609066009521
138,ILSVRC2012_val_00048575_n02018795.JPEG,ILSVRC2012_val_00017178_n02018795.JPEG,0.0102709550410509,0.0166339892894029,0.4235179424285888,0.006363034248351999
138,ILSVRC2012_val_00042825_n02018795.JPEG,ILSVRC2012_val_00031866_n02018795.JPEG,0.0201903134584426,0.0452208742499351,0.0461686216294765,0.0250305607914925
138,ILSVRC2012_val_00043095_n02018795.JPEG,ILSVRC2012_val_00006613_n02018795.JPEG,0.3439253568649292,0.0220344718545675,0.8315852284431458,0.32189088501036167
138,ILSVRC2012_val_00025273_n02018795.JPEG,ILSVRC2012_val_00008222_n02018795.JPEG,0.1552279591560363,0.5188161134719849,0.5319835543632507,0.3635881543159486
138,ILSVRC2012_val_00040664_n02018795.JPEG,ILSVRC2012_val_00024635_n02018795.JPEG,0.281044989824295,0.8031318783760071,2.9031214714050293,0.522086888551712
139,ILSVRC2012_val_00038798_n02025239.JPEG,ILSVRC2012_val_00039962_n02025239.JPEG,0.0424460396170616,0.0301731508225202,3.209279060363769,0.0122728887945414
139,ILSVRC2012_val_00046323_n02025239.JPEG,ILSVRC2012_val_00030571_n02025239.JPEG,0.0202615763992071,0.0060737081803381,0.0554444454610347,0.014187868218869002
139,ILSVRC2012_val_00013509_n02025239.JPEG,ILSVRC2012_val_00034360_n02025239.JPEG,0.0440404564142227,0.0261932667344808,1.0782545804977417,0.017847189679741905
139,ILSVRC2012_val_00048735_n02025239.JPEG,ILSVRC2012_val_00028115_n02025239.JPEG,0.0334266275167465,0.0569985806941986,0.7956650853157043,0.0235719531774521
139,ILSVRC2012_val_00042705_n02025239.JPEG,ILSVRC2012_val_00044385_n02025239.JPEG,0.052157949656248,0.0770767480134964,1.57499361038208,0.024918798357248396
140,ILSVRC2012_val_00045323_n02027492.JPEG,ILSVRC2012_val_00039220_n02027492.JPEG,0.0827635005116462,0.0901117622852325,0.2372476458549499,0.007348261773586301
140,ILSVRC2012_val_00026510_n02027492.JPEG,ILSVRC2012_val_00029198_n02027492.JPEG,0.0268777199089527,0.1384598314762115,2.8112735748291016,0.1115821115672588
140,ILSVRC2012_val_00015908_n02027492.JPEG,ILSVRC2012_val_00000177_n02027492.JPEG,0.1591000109910965,0.0274842344224452,1.133528709411621,0.1316157765686513
140,ILSVRC2012_val_00016981_n02027492.JPEG,ILSVRC2012_val_00001643_n02027492.JPEG,1.474868893623352,1.698422074317932,3.523085117340088,0.22355318069457986
140,ILSVRC2012_val_00030545_n02027492.JPEG,ILSVRC2012_val_00022207_n02027492.JPEG,0.1237589865922927,1.4905842542648315,1.5023711919784546,1.3668252676725388
141,ILSVRC2012_val_00044481_n02028035.JPEG,ILSVRC2012_val_00004451_n02028035.JPEG,0.2350079268217086,0.2295316010713577,0.8942283391952515,0.005476325750350897
141,ILSVRC2012_val_00007651_n02028035.JPEG,ILSVRC2012_val_00006580_n02028035.JPEG,0.0305745471268892,0.0171525366604328,0.0472970716655254,0.0134220104664564
141,ILSVRC2012_val_00047784_n02028035.JPEG,ILSVRC2012_val_00033216_n02028035.JPEG,0.032986007630825,0.0110315904021263,0.8690868616104126,0.021954417228698703
141,ILSVRC2012_val_00038002_n02028035.JPEG,ILSVRC2012_val_00023990_n02028035.JPEG,0.4791620969772339,0.0640492886304855,0.5213741660118103,0.41511280834674835
141,ILSVRC2012_val_00026302_n02028035.JPEG,ILSVRC2012_val_00013192_n02028035.JPEG,0.6938881278038025,0.0850909128785133,0.8993971347808838,0.6087972149252892
142,ILSVRC2012_val_00045116_n02033041.JPEG,ILSVRC2012_val_00030125_n02033041.JPEG,0.0810130387544632,0.0304833184927701,0.1483929455280304,0.0505297202616931
142,ILSVRC2012_val_00041285_n02033041.JPEG,ILSVRC2012_val_00020205_n02033041.JPEG,0.5191223621368408,0.3337733447551727,1.0656682252883911,0.18534901738166815
142,ILSVRC2012_val_00035563_n02033041.JPEG,ILSVRC2012_val_00038614_n02033041.JPEG,0.2120952755212783,0.4693096876144409,0.4693096876144409,0.25721441209316265
142,ILSVRC2012_val_00009138_n02033041.JPEG,ILSVRC2012_val_00029913_n02033041.JPEG,0.6149253845214844,0.2364898324012756,1.5773940086364746,0.37843555212020874
142,ILSVRC2012_val_00030590_n02033041.JPEG,ILSVRC2012_val_00024093_n02033041.JPEG,0.6081180572509766,1.2625353336334229,3.269146680831909,0.6544172763824463
143,ILSVRC2012_val_00028025_n02037110.JPEG,ILSVRC2012_val_00049746_n02037110.JPEG,0.0902379006147384,0.1031923815608024,0.2267009019851684,0.01295448094606401
143,ILSVRC2012_val_00031760_n02037110.JPEG,ILSVRC2012_val_00020025_n02037110.JPEG,0.0365445166826248,0.0193450674414634,0.1433066129684448,0.017199449241161402
143,ILSVRC2012_val_00041535_n02037110.JPEG,ILSVRC2012_val_00011052_n02037110.JPEG,0.0412528477609157,0.0606595128774642,0.1840430796146392,0.019406665116548497
143,ILSVRC2012_val_00009923_n02037110.JPEG,ILSVRC2012_val_00005178_n02037110.JPEG,0.1141498312354087,0.0756705775856971,1.84244704246521,0.038479253649711595
143,ILSVRC2012_val_00039042_n02037110.JPEG,ILSVRC2012_val_00029817_n02037110.JPEG,0.1698897927999496,0.012737818993628,0.197187602519989,0.1571519738063216
144,ILSVRC2012_val_00014594_n02051845.JPEG,ILSVRC2012_val_00019198_n02051845.JPEG,0.0155348209664225,0.0028351848013699,0.4610658288002014,0.0126996361650526
144,ILSVRC2012_val_00021509_n02051845.JPEG,ILSVRC2012_val_00003153_n02051845.JPEG,0.0617511160671711,0.0105313276872038,1.9653539657592771,0.051219788379967296
144,ILSVRC2012_val_00038118_n02051845.JPEG,ILSVRC2012_val_00041469_n02051845.JPEG,0.0645785853266716,0.1764851063489914,0.6994950175285339,0.1119065210223198
144,ILSVRC2012_val_00048346_n02051845.JPEG,ILSVRC2012_val_00038981_n02051845.JPEG,0.0064308843575417,0.1988613456487655,0.4380552172660827,0.19243046129122382
144,ILSVRC2012_val_00047047_n02051845.JPEG,ILSVRC2012_val_00011642_n02051845.JPEG,1.0175063610076904,0.0083145182579755,1.210628867149353,1.0091918427497149
145,ILSVRC2012_val_00010355_n02056570.JPEG,ILSVRC2012_val_00015933_n02056570.JPEG,0.0008051729528233,0.003311034059152,0.160776138305664,0.0025058611063287
145,ILSVRC2012_val_00008279_n02056570.JPEG,ILSVRC2012_val_00037825_n02056570.JPEG,0.0009757286752574,0.0290344636887311,2.4805896282196045,0.0280587350134737
145,ILSVRC2012_val_00040303_n02056570.JPEG,ILSVRC2012_val_00028670_n02056570.JPEG,0.1719031631946563,0.0511943474411964,0.6473044157028198,0.12070881575345989
145,ILSVRC2012_val_00045742_n02056570.JPEG,ILSVRC2012_val_00027559_n02056570.JPEG,0.2365026324987411,0.00095905555645,0.5863355994224548,0.23554357694229108
145,ILSVRC2012_val_00001056_n02056570.JPEG,ILSVRC2012_val_00039171_n02056570.JPEG,0.5393133163452148,0.0124850841239094,1.082630276679993,0.5268282322213055
146,ILSVRC2012_val_00018871_n02058221.JPEG,ILSVRC2012_val_00043108_n02058221.JPEG,0.0073614297434687,0.0200559552758932,0.0211714096367359,0.012694525532424502
146,ILSVRC2012_val_00035766_n02058221.JPEG,ILSVRC2012_val_00031023_n02058221.JPEG,0.0603526197373867,0.037860881537199,0.1115459874272346,0.022491738200187697
146,ILSVRC2012_val_00008106_n02058221.JPEG,ILSVRC2012_val_00026733_n02058221.JPEG,0.0290368944406509,0.0911185890436172,0.0911185890436172,0.06208169460296631
146,ILSVRC2012_val_00009908_n02058221.JPEG,ILSVRC2012_val_00003845_n02058221.JPEG,0.1216771379113197,0.0250067878514528,0.1366291791200637,0.0966703500598669
146,ILSVRC2012_val_00035517_n02058221.JPEG,ILSVRC2012_val_00013901_n02058221.JPEG,0.1727801114320755,0.0753752216696739,0.4732778072357178,0.0974048897624016
147,ILSVRC2012_val_00001271_n02066245.JPEG,ILSVRC2012_val_00047167_n02066245.JPEG,0.1131229251623153,0.114607349038124,0.1500509977340698,0.001484423875808702
147,ILSVRC2012_val_00004105_n02066245.JPEG,ILSVRC2012_val_00035700_n02066245.JPEG,0.0040464675985276,0.0338313318789005,0.0526507161557674,0.0297848642803729
147,ILSVRC2012_val_00028770_n02066245.JPEG,ILSVRC2012_val_00013025_n02066245.JPEG,0.0996903106570243,0.0037209815345704,0.1137101948261261,0.0959693291224539
147,ILSVRC2012_val_00016771_n02066245.JPEG,ILSVRC2012_val_00045222_n02066245.JPEG,0.3578836321830749,0.2224930226802826,0.6351268887519836,0.1353906095027923
147,ILSVRC2012_val_00023319_n02066245.JPEG,ILSVRC2012_val_00017716_n02066245.JPEG,0.1213385760784149,1.871221899986267,1.871221899986267,1.7498833239078522
148,ILSVRC2012_val_00024324_n02071294.JPEG,ILSVRC2012_val_00003275_n02071294.JPEG,0.0026908640284091,0.0116717079654335,0.1404384970664978,0.008980843937024401
148,ILSVRC2012_val_00023208_n02071294.JPEG,ILSVRC2012_val_00005597_n02071294.JPEG,0.0065901800990104,0.0215076003223657,1.252838373184204,0.014917420223355298
148,ILSVRC2012_val_00014819_n02071294.JPEG,ILSVRC2012_val_00007184_n02071294.JPEG,0.0027382995467633,0.0383341237902641,3.005100011825561,0.0355958242435008
148,ILSVRC2012_val_00038995_n02071294.JPEG,ILSVRC2012_val_00044061_n02071294.JPEG,0.0247891154140234,0.1029237583279609,0.8344218134880066,0.0781346429139375
148,ILSVRC2012_val_00015145_n02071294.JPEG,ILSVRC2012_val_00033565_n02071294.JPEG,0.7793586850166321,0.465097427368164,1.8194348812103271,0.3142612576484681
149,ILSVRC2012_val_00049726_n02074367.JPEG,ILSVRC2012_val_00016820_n02074367.JPEG,0.0381283983588218,0.0340721607208251,0.0581457018852233,0.004056237637996701
149,ILSVRC2012_val_00043544_n02074367.JPEG,ILSVRC2012_val_00004600_n02074367.JPEG,0.071024976670742,0.2610173523426056,1.2286839485168457,0.1899923756718636
149,ILSVRC2012_val_00032779_n02074367.JPEG,ILSVRC2012_val_00037474_n02074367.JPEG,0.0232582576572895,0.3289143741130829,0.3289143741130829,0.3056561164557934
149,ILSVRC2012_val_00004715_n02074367.JPEG,ILSVRC2012_val_00022669_n02074367.JPEG,0.7370578050613403,0.1107334792613983,0.7421729564666748,0.626324325799942
149,ILSVRC2012_val_00035207_n02074367.JPEG,ILSVRC2012_val_00000578_n02074367.JPEG,0.0133626125752925,0.6550155282020569,0.6550155282020569,0.6416529156267644
150,ILSVRC2012_val_00005360_n02077923.JPEG,ILSVRC2012_val_00012330_n02077923.JPEG,0.0821123123168945,0.0102196270599961,0.3869217932224273,0.0718926852568984
150,ILSVRC2012_val_00023070_n02077923.JPEG,ILSVRC2012_val_00029409_n02077923.JPEG,0.0088178999722003,0.4960156679153442,1.3314054012298584,0.4871977679431439
150,ILSVRC2012_val_00022358_n02077923.JPEG,ILSVRC2012_val_00022732_n02077923.JPEG,0.0378107205033302,0.7288179397583008,2.0119950771331787,0.6910072192549706
150,ILSVRC2012_val_00038217_n02077923.JPEG,ILSVRC2012_val_00026125_n02077923.JPEG,0.0351206548511981,1.8608381748199463,4.324182510375977,1.825717519968748
150,ILSVRC2012_val_00001472_n02077923.JPEG,ILSVRC2012_val_00026339_n02077923.JPEG,0.2662677764892578,2.7489161491394043,3.5946812629699707,2.4826483726501465
151,ILSVRC2012_val_00039188_n02085620.JPEG,ILSVRC2012_val_00006892_n02085620.JPEG,1.5650373697280884,1.6316882371902466,4.606083393096924,0.0666508674621582
151,ILSVRC2012_val_00024126_n02085620.JPEG,ILSVRC2012_val_00001049_n02085620.JPEG,0.3939871788024902,0.0160368103533983,0.4965281188488006,0.37795036844909186
151,ILSVRC2012_val_00023234_n02085620.JPEG,ILSVRC2012_val_00030519_n02085620.JPEG,0.555187463760376,0.1575509011745453,0.555187463760376,0.3976365625858307
151,ILSVRC2012_val_00031597_n02085620.JPEG,ILSVRC2012_val_00020016_n02085620.JPEG,0.7850775122642517,0.2792171835899353,2.3105874061584477,0.5058603286743164
151,ILSVRC2012_val_00014409_n02085620.JPEG,ILSVRC2012_val_00040731_n02085620.JPEG,3.8005642890930176,1.0791361331939695,3.8005642890930176,2.721428155899048
152,ILSVRC2012_val_00025098_n02085782.JPEG,ILSVRC2012_val_00007088_n02085782.JPEG,0.7232803106307983,0.5766689777374268,2.444643974304199,0.14661133289337158
152,ILSVRC2012_val_00001779_n02085782.JPEG,ILSVRC2012_val_00047276_n02085782.JPEG,0.3548434674739837,0.5278323888778687,1.3805012702941897,0.17298892140388494
152,ILSVRC2012_val_00026017_n02085782.JPEG,ILSVRC2012_val_00019130_n02085782.JPEG,0.4518441557884216,0.1620717197656631,4.843970775604248,0.2897724360227585
152,ILSVRC2012_val_00037230_n02085782.JPEG,ILSVRC2012_val_00028706_n02085782.JPEG,0.087841659784317,0.6478984951972961,1.119072437286377,0.5600568354129791
152,ILSVRC2012_val_00034040_n02085782.JPEG,ILSVRC2012_val_00014911_n02085782.JPEG,0.8894504308700562,0.0822557136416435,0.8894504308700562,0.8071947172284126
153,ILSVRC2012_val_00029546_n02085936.JPEG,ILSVRC2012_val_00002683_n02085936.JPEG,0.1901219487190246,0.0711350068449974,0.8261675834655762,0.1189869418740272
153,ILSVRC2012_val_00018695_n02085936.JPEG,ILSVRC2012_val_00015807_n02085936.JPEG,0.0462035685777664,0.2284270375967025,0.2285549044609069,0.1822234690189361
153,ILSVRC2012_val_00021452_n02085936.JPEG,ILSVRC2012_val_00041529_n02085936.JPEG,0.2210360914468765,0.5469540357589722,4.041970729827881,0.32591794431209564
153,ILSVRC2012_val_00048280_n02085936.JPEG,ILSVRC2012_val_00036350_n02085936.JPEG,0.447670578956604,0.0581752806901931,0.5362080931663513,0.3894952982664109
153,ILSVRC2012_val_00039146_n02085936.JPEG,ILSVRC2012_val_00007652_n02085936.JPEG,2.1916708946228027,0.6274567246437073,6.529027938842773,1.5642141699790955
154,ILSVRC2012_val_00043851_n02086079.JPEG,ILSVRC2012_val_00009403_n02086079.JPEG,0.1102499514818191,0.1287465542554855,3.8970911502838135,0.01849660277366641
154,ILSVRC2012_val_00003136_n02086079.JPEG,ILSVRC2012_val_00024836_n02086079.JPEG,0.0951450318098068,0.0382066555321216,0.5306902527809143,0.05693837627768519
154,ILSVRC2012_val_00043457_n02086079.JPEG,ILSVRC2012_val_00022630_n02086079.JPEG,0.1817565858364105,0.0206753779202699,2.700721263885498,0.16108120791614058
154,ILSVRC2012_val_00045155_n02086079.JPEG,ILSVRC2012_val_00027838_n02086079.JPEG,0.0370745547115802,0.3107635378837585,0.3440238237380981,0.27368898317217827
154,ILSVRC2012_val_00041955_n02086079.JPEG,ILSVRC2012_val_00007057_n02086079.JPEG,0.091310329735279,0.6240492463111877,0.6240492463111877,0.5327389165759088
155,ILSVRC2012_val_00010805_n02086240.JPEG,ILSVRC2012_val_00017268_n02086240.JPEG,0.0799214765429496,0.0991440936923027,0.2547584474086761,0.01922261714935311
155,ILSVRC2012_val_00042556_n02086240.JPEG,ILSVRC2012_val_00014174_n02086240.JPEG,0.845200777053833,0.7682288289070129,1.122111678123474,0.07697194814682007
155,ILSVRC2012_val_00011754_n02086240.JPEG,ILSVRC2012_val_00022799_n02086240.JPEG,0.5316675305366516,0.1905595064163208,1.1931763887405396,0.3411080241203308
155,ILSVRC2012_val_00000907_n02086240.JPEG,ILSVRC2012_val_00029700_n02086240.JPEG,0.4232234060764313,1.4507927894592283,1.9190977811813357,1.027569383382797
155,ILSVRC2012_val_00024776_n02086240.JPEG,ILSVRC2012_val_00004359_n02086240.JPEG,1.8820395469665527,0.305011123418808,1.8820395469665527,1.5770284235477448
156,ILSVRC2012_val_00008975_n02086646.JPEG,ILSVRC2012_val_00022868_n02086646.JPEG,0.1469511836767196,0.1151736676692962,0.404430478811264,0.031777516007423415
156,ILSVRC2012_val_00028992_n02086646.JPEG,ILSVRC2012_val_00018584_n02086646.JPEG,0.0826208293437957,0.0391314961016178,0.3309641778469085,0.043489333242177894
156,ILSVRC2012_val_00045091_n02086646.JPEG,ILSVRC2012_val_00001164_n02086646.JPEG,0.1189852133393287,0.0636499226093292,0.287524551153183,0.0553352907299995
156,ILSVRC2012_val_00004085_n02086646.JPEG,ILSVRC2012_val_00012074_n02086646.JPEG,0.3002024292945862,0.2095161974430084,0.6903728246688843,0.09068623185157779
156,ILSVRC2012_val_00022264_n02086646.JPEG,ILSVRC2012_val_00011473_n02086646.JPEG,0.3679799139499664,0.2502461969852447,4.4291510581970215,0.11773371696472168
157,ILSVRC2012_val_00047202_n02086910.JPEG,ILSVRC2012_val_00017980_n02086910.JPEG,0.1051166653633117,0.1585619002580642,5.040592670440674,0.05344523489475249
157,ILSVRC2012_val_00030141_n02086910.JPEG,ILSVRC2012_val_00028429_n02086910.JPEG,0.2031850963830948,0.0180173180997371,0.2146306931972503,0.18516777828335768
157,ILSVRC2012_val_00009688_n02086910.JPEG,ILSVRC2012_val_00023729_n02086910.JPEG,0.4459282159805298,0.0282240137457847,0.8835471868515015,0.4177042022347451
157,ILSVRC2012_val_00020473_n02086910.JPEG,ILSVRC2012_val_00021961_n02086910.JPEG,1.162635087966919,1.6146448850631714,4.690055847167969,0.45200979709625244
157,ILSVRC2012_val_00032120_n02086910.JPEG,ILSVRC2012_val_00019603_n02086910.JPEG,0.5952285528182983,0.041058249771595,1.0184895992279053,0.5541703030467033
158,ILSVRC2012_val_00017869_n02087046.JPEG,ILSVRC2012_val_00025550_n02087046.JPEG,1.0860881805419922,1.3698880672454834,3.1972827911376958,0.2837998867034912
158,ILSVRC2012_val_00019566_n02087046.JPEG,ILSVRC2012_val_00022182_n02087046.JPEG,1.936225175857544,1.3806811571121216,2.294445514678955,0.5555440187454224
158,ILSVRC2012_val_00039622_n02087046.JPEG,ILSVRC2012_val_00004717_n02087046.JPEG,1.81127405166626,2.632453441619873,4.802048683166504,0.8211793899536131
158,ILSVRC2012_val_00015110_n02087046.JPEG,ILSVRC2012_val_00029090_n02087046.JPEG,0.0257797688245773,1.4136890172958374,4.00054931640625,1.38790924847126
158,ILSVRC2012_val_00019261_n02087046.JPEG,ILSVRC2012_val_00004325_n02087046.JPEG,3.4445767402648926,2.0046706199646,4.003872871398926,1.4399061203002925
159,ILSVRC2012_val_00035893_n02087394.JPEG,ILSVRC2012_val_00021666_n02087394.JPEG,0.1497361660003662,0.4180703163146972,2.3690357208251958,0.268334150314331
159,ILSVRC2012_val_00034160_n02087394.JPEG,ILSVRC2012_val_00027290_n02087394.JPEG,1.48087739944458,1.1311674118041992,2.4332680702209477,0.34970998764038086
159,ILSVRC2012_val_00005364_n02087394.JPEG,ILSVRC2012_val_00006900_n02087394.JPEG,0.0860660597681999,0.9509648084640504,3.2521791458129883,0.8648987486958505
159,ILSVRC2012_val_00004992_n02087394.JPEG,ILSVRC2012_val_00044094_n02087394.JPEG,1.430843472480774,0.1504024267196655,3.400155544281006,1.2804410457611084
159,ILSVRC2012_val_00019209_n02087394.JPEG,ILSVRC2012_val_00021365_n02087394.JPEG,0.1675192415714264,1.5696208477020264,4.570555686950684,1.4021016061306
160,ILSVRC2012_val_00000082_n02088094.JPEG,ILSVRC2012_val_00049878_n02088094.JPEG,0.0226240009069442,0.0367525219917297,3.76513147354126,0.014128521084785503
160,ILSVRC2012_val_00043825_n02088094.JPEG,ILSVRC2012_val_00014386_n02088094.JPEG,0.3168568611145019,0.6376926898956299,2.113608837127685,0.320835828781128
160,ILSVRC2012_val_00031439_n02088094.JPEG,ILSVRC2012_val_00035315_n02088094.JPEG,0.1283264011144638,0.6811867356300354,3.305230140686035,0.5528603345155716
160,ILSVRC2012_val_00031345_n02088094.JPEG,ILSVRC2012_val_00015249_n02088094.JPEG,0.0316344499588012,0.6414514183998108,8.197402954101562,0.6098169684410096
160,ILSVRC2012_val_00040396_n02088094.JPEG,ILSVRC2012_val_00048915_n02088094.JPEG,0.8838109970092773,0.0227456651628017,4.11628532409668,0.8610653318464756
161,ILSVRC2012_val_00000992_n02088238.JPEG,ILSVRC2012_val_00020460_n02088238.JPEG,0.6552988290786743,0.5895163416862488,2.004655361175537,0.06578248739242554
161,ILSVRC2012_val_00047981_n02088238.JPEG,ILSVRC2012_val_00014234_n02088238.JPEG,0.6400609016418457,0.0517947822809219,0.6410925984382629,0.5882661193609238
161,ILSVRC2012_val_00023250_n02088238.JPEG,ILSVRC2012_val_00026622_n02088238.JPEG,0.0685318857431411,0.8545522689819336,3.491196632385254,0.7860203832387925
161,ILSVRC2012_val_00020930_n02088238.JPEG,ILSVRC2012_val_00020535_n02088238.JPEG,1.0235908031463623,0.0964404270052909,1.1927841901779177,0.9271503761410714
161,ILSVRC2012_val_00049931_n02088238.JPEG,ILSVRC2012_val_00033003_n02088238.JPEG,4.39841890335083,1.5435423851013184,4.422321319580078,2.8548765182495117
162,ILSVRC2012_val_00048167_n02088364.JPEG,ILSVRC2012_val_00037353_n02088364.JPEG,0.7096946239471436,0.0739021077752113,0.7096946239471436,0.6357925161719322
162,ILSVRC2012_val_00025393_n02088364.JPEG,ILSVRC2012_val_00035414_n02088364.JPEG,1.328547716140747,0.6772050261497498,1.4651535749435425,0.6513426899909973
162,ILSVRC2012_val_00020553_n02088364.JPEG,ILSVRC2012_val_00005291_n02088364.JPEG,1.219768524169922,0.3866045176982879,3.551064729690552,0.8331640064716341
162,ILSVRC2012_val_00047125_n02088364.JPEG,ILSVRC2012_val_00016656_n02088364.JPEG,0.2502971589565277,1.219099998474121,3.307092666625977,0.9688028395175934
162,ILSVRC2012_val_00009664_n02088364.JPEG,ILSVRC2012_val_00025613_n02088364.JPEG,0.5273872017860413,1.6223580837249756,2.046543598175049,1.0949708819389343
163,ILSVRC2012_val_00039741_n02088466.JPEG,ILSVRC2012_val_00003954_n02088466.JPEG,0.6029623746871948,0.2520525455474853,0.6129880547523499,0.35090982913970953
163,ILSVRC2012_val_00025718_n02088466.JPEG,ILSVRC2012_val_00049762_n02088466.JPEG,2.909362554550171,1.2735192775726318,3.9498019218444815,1.635843276977539
163,ILSVRC2012_val_00006895_n02088466.JPEG,ILSVRC2012_val_00044716_n02088466.JPEG,4.22172737121582,6.140678405761719,7.048169136047363,1.9189510345458984
163,ILSVRC2012_val_00017226_n02088466.JPEG,ILSVRC2012_val_00038054_n02088466.JPEG,3.3817100524902344,5.664541244506836,6.0148444175720215,2.2828311920166016
163,ILSVRC2012_val_00044605_n02088466.JPEG,ILSVRC2012_val_00024046_n02088466.JPEG,0.1246950626373291,4.658846855163574,4.763643741607666,4.534151792526245
164,ILSVRC2012_val_00028089_n02088632.JPEG,ILSVRC2012_val_00036002_n02088632.JPEG,0.0634777545928955,0.0066194310784339,0.0832331925630569,0.056858323514461594
164,ILSVRC2012_val_00022785_n02088632.JPEG,ILSVRC2012_val_00046158_n02088632.JPEG,1.324867606163025,1.26398503780365,2.170230865478516,0.060882568359375
164,ILSVRC2012_val_00012702_n02088632.JPEG,ILSVRC2012_val_00037797_n02088632.JPEG,0.0629356727004051,0.2287399470806121,0.2287399470806121,0.165804274380207
164,ILSVRC2012_val_00038761_n02088632.JPEG,ILSVRC2012_val_00040590_n02088632.JPEG,0.651496946811676,0.3334324657917022,1.3265631198883057,0.3180644810199738
164,ILSVRC2012_val_00025655_n02088632.JPEG,ILSVRC2012_val_00017281_n02088632.JPEG,1.920557141304016,2.314593315124512,6.9689812660217285,0.39403617382049627
165,ILSVRC2012_val_00003905_n02089078.JPEG,ILSVRC2012_val_00039934_n02089078.JPEG,0.4527816772460937,0.3260646760463714,2.4781394004821777,0.1267170011997223
165,ILSVRC2012_val_00025165_n02089078.JPEG,ILSVRC2012_val_00006415_n02089078.JPEG,1.3236494064331057,1.1696295738220217,3.800920248031616,0.15401983261108398
165,ILSVRC2012_val_00018840_n02089078.JPEG,ILSVRC2012_val_00005397_n02089078.JPEG,0.960414171218872,1.3587141036987305,2.56003475189209,0.3982999324798585
165,ILSVRC2012_val_00012293_n02089078.JPEG,ILSVRC2012_val_00009405_n02089078.JPEG,1.491359829902649,0.7117242217063904,3.1154589653015137,0.7796356081962585
165,ILSVRC2012_val_00017673_n02089078.JPEG,ILSVRC2012_val_00037559_n02089078.JPEG,1.4743537902832031,3.8901267051696777,3.936436176300049,2.4157729148864746
166,ILSVRC2012_val_00025562_n02089867.JPEG,ILSVRC2012_val_00038779_n02089867.JPEG,0.8931211233139038,0.8783094882965088,3.769679307937622,0.01481163501739502
166,ILSVRC2012_val_00005831_n02089867.JPEG,ILSVRC2012_val_00000511_n02089867.JPEG,0.2644165456295013,0.3432894051074981,3.483290910720825,0.07887285947799683
166,ILSVRC2012_val_00031823_n02089867.JPEG,ILSVRC2012_val_00035767_n02089867.JPEG,0.8614927530288696,1.22568678855896,1.9386649131774905,0.36419403553009033
166,ILSVRC2012_val_00013818_n02089867.JPEG,ILSVRC2012_val_00036492_n02089867.JPEG,0.9010379314422609,0.4172527194023132,1.7121334075927734,0.4837852120399477
166,ILSVRC2012_val_00025773_n02089867.JPEG,ILSVRC2012_val_00007945_n02089867.JPEG,1.543532133102417,0.9279804229736328,2.4961929321289062,0.6155517101287842
167,ILSVRC2012_val_00000237_n02089973.JPEG,ILSVRC2012_val_00038676_n02089973.JPEG,0.8542429208755493,1.2346844673156738,1.2346844673156738,0.3804415464401245
167,ILSVRC2012_val_00004774_n02089973.JPEG,ILSVRC2012_val_00036938_n02089973.JPEG,3.179232120513916,3.763894557952881,3.763894557952881,0.5846624374389648
167,ILSVRC2012_val_00029164_n02089973.JPEG,ILSVRC2012_val_00001128_n02089973.JPEG,2.394181966781616,1.7449405193328855,2.410721063613892,0.6492414474487307
167,ILSVRC2012_val_00043580_n02089973.JPEG,ILSVRC2012_val_00004795_n02089973.JPEG,0.7193583250045776,1.3762754201889038,1.588999629020691,0.6569170951843262
167,ILSVRC2012_val_00010168_n02089973.JPEG,ILSVRC2012_val_00036913_n02089973.JPEG,0.9919577836990356,0.2784486711025238,1.0002940893173218,0.7135091125965118
168,ILSVRC2012_val_00017003_n02090379.JPEG,ILSVRC2012_val_00011176_n02090379.JPEG,0.7789548635482788,0.3894893825054168,2.248077869415283,0.389465481042862
168,ILSVRC2012_val_00018327_n02090379.JPEG,ILSVRC2012_val_00034024_n02090379.JPEG,1.6908035278320312,0.8405133485794067,4.050946235656738,0.8502901792526245
168,ILSVRC2012_val_00001363_n02090379.JPEG,ILSVRC2012_val_00044444_n02090379.JPEG,2.3748767375946045,3.5245954990386963,3.5245954990386963,1.1497187614440918
168,ILSVRC2012_val_00030696_n02090379.JPEG,ILSVRC2012_val_00043388_n02090379.JPEG,1.9398168325424197,0.353606104850769,3.133937120437622,1.5862107276916506
168,ILSVRC2012_val_00024486_n02090379.JPEG,ILSVRC2012_val_00008166_n02090379.JPEG,0.5053289532661438,2.6331822872161865,7.247400283813477,2.1278533339500427
169,ILSVRC2012_val_00016996_n02090622.JPEG,ILSVRC2012_val_00037820_n02090622.JPEG,0.0195126067847013,0.0849840492010116,0.2736587524414062,0.06547144241631031
169,ILSVRC2012_val_00020810_n02090622.JPEG,ILSVRC2012_val_00009378_n02090622.JPEG,0.7047982811927795,0.4817787408828735,2.66886568069458,0.22301954030990606
169,ILSVRC2012_val_00024351_n02090622.JPEG,ILSVRC2012_val_00021450_n02090622.JPEG,0.6534265279769897,0.4088243544101715,0.7255373001098633,0.24460217356681824
169,ILSVRC2012_val_00045735_n02090622.JPEG,ILSVRC2012_val_00031051_n02090622.JPEG,0.0243022050708532,0.4039482474327087,0.4165147840976715,0.3796460423618555
169,ILSVRC2012_val_00009057_n02090622.JPEG,ILSVRC2012_val_00018234_n02090622.JPEG,1.2124634981155396,1.5994714498519895,5.848357200622559,0.38700795173645
170,ILSVRC2012_val_00011494_n02090721.JPEG,ILSVRC2012_val_00030412_n02090721.JPEG,1.989623785018921,1.947047233581543,2.602212429046631,0.04257655143737793
170,ILSVRC2012_val_00042317_n02090721.JPEG,ILSVRC2012_val_00017041_n02090721.JPEG,0.5126606225967407,0.3871816992759704,0.8904677033424377,0.12547892332077032
170,ILSVRC2012_val_00011311_n02090721.JPEG,ILSVRC2012_val_00014913_n02090721.JPEG,1.1195013523101809,0.987509310245514,5.1205644607543945,0.13199204206466686
170,ILSVRC2012_val_00008739_n02090721.JPEG,ILSVRC2012_val_00028881_n02090721.JPEG,1.7957639694213867,1.2525471448898315,1.7957639694213867,0.5432168245315552
170,ILSVRC2012_val_00042118_n02090721.JPEG,ILSVRC2012_val_00027682_n02090721.JPEG,4.43046760559082,3.856649398803711,4.567282199859619,0.5738182067871094
171,ILSVRC2012_val_00038196_n02091032.JPEG,ILSVRC2012_val_00032493_n02091032.JPEG,0.2128673493862152,0.1279677301645279,2.1847853660583496,0.08489961922168732
171,ILSVRC2012_val_00011356_n02091032.JPEG,ILSVRC2012_val_00012416_n02091032.JPEG,0.310862272977829,0.0319781079888343,1.4418972730636597,0.2788841649889947
171,ILSVRC2012_val_00019743_n02091032.JPEG,ILSVRC2012_val_00002325_n02091032.JPEG,0.0890083834528923,0.4026861488819122,0.5684178471565247,0.3136777654290199
171,ILSVRC2012_val_00022684_n02091032.JPEG,ILSVRC2012_val_00046897_n02091032.JPEG,0.774411141872406,0.1231660023331642,1.1823480129241943,0.6512451395392418
171,ILSVRC2012_val_00004231_n02091032.JPEG,ILSVRC2012_val_00049324_n02091032.JPEG,1.1694695949554443,0.1655963212251663,1.3390498161315918,1.003873273730278
172,ILSVRC2012_val_00016886_n02091134.JPEG,ILSVRC2012_val_00028379_n02091134.JPEG,0.5275979042053223,0.584709644317627,1.581370830535889,0.05711174011230469
172,ILSVRC2012_val_00036765_n02091134.JPEG,ILSVRC2012_val_00037101_n02091134.JPEG,1.7878378629684448,1.632259726524353,2.281836748123169,0.1555781364440918
172,ILSVRC2012_val_00018035_n02091134.JPEG,ILSVRC2012_val_00004823_n02091134.JPEG,0.393890380859375,0.165264219045639,0.903745174407959,0.228626161813736
172,ILSVRC2012_val_00035997_n02091134.JPEG,ILSVRC2012_val_00007445_n02091134.JPEG,0.2929838895797729,0.5869066119194031,1.0455634593963623,0.2939227223396302
172,ILSVRC2012_val_00036700_n02091134.JPEG,ILSVRC2012_val_00023235_n02091134.JPEG,0.0385565534234046,0.9345335960388184,1.204709768295288,0.8959770426154138
173,ILSVRC2012_val_00036181_n02091244.JPEG,ILSVRC2012_val_00047507_n02091244.JPEG,0.0754383504390716,0.0492181591689586,0.0754383504390716,0.026220191270113
173,ILSVRC2012_val_00012149_n02091244.JPEG,ILSVRC2012_val_00001548_n02091244.JPEG,0.3126788735389709,0.0456244759261608,1.2999218702316284,0.2670543976128101
173,ILSVRC2012_val_00018421_n02091244.JPEG,ILSVRC2012_val_00020147_n02091244.JPEG,0.7004051804542542,0.1863454431295395,2.428748607635498,0.5140597373247147
173,ILSVRC2012_val_00046329_n02091244.JPEG,ILSVRC2012_val_00004776_n02091244.JPEG,1.900828838348389,0.0072068725712597,1.900828838348389,1.8936219657771292
173,ILSVRC2012_val_00039847_n02091244.JPEG,ILSVRC2012_val_00026008_n02091244.JPEG,0.9907401204109192,3.000858783721924,7.182753086090088,2.0101186633110046
174,ILSVRC2012_val_00012351_n02091467.JPEG,ILSVRC2012_val_00027011_n02091467.JPEG,0.0368737429380416,0.0655801817774772,1.079222559928894,0.028706438839435598
174,ILSVRC2012_val_00040052_n02091467.JPEG,ILSVRC2012_val_00008042_n02091467.JPEG,0.0213267412036657,0.0563205853104591,0.8267131447792053,0.034993844106793404
174,ILSVRC2012_val_00030433_n02091467.JPEG,ILSVRC2012_val_00028788_n02091467.JPEG,0.3491438329219818,0.1670931726694107,3.0340561866760254,0.1820506602525711
174,ILSVRC2012_val_00049589_n02091467.JPEG,ILSVRC2012_val_00009932_n02091467.JPEG,1.2898950576782229,0.975152313709259,1.6721274852752686,0.31474274396896385
174,ILSVRC2012_val_00015804_n02091467.JPEG,ILSVRC2012_val_00013860_n02091467.JPEG,0.1201039180159568,0.524841845035553,4.244338512420654,0.4047379270195962
175,ILSVRC2012_val_00022593_n02091635.JPEG,ILSVRC2012_val_00041735_n02091635.JPEG,0.0163979511708021,0.0517619587481021,1.0579663515090942,0.0353640075773
175,ILSVRC2012_val_00036247_n02091635.JPEG,ILSVRC2012_val_00000079_n02091635.JPEG,0.8130242228507996,0.6129410862922668,0.9585890769958496,0.20008313655853271
175,ILSVRC2012_val_00022137_n02091635.JPEG,ILSVRC2012_val_00019861_n02091635.JPEG,0.201067179441452,0.6881654262542725,3.1304712295532227,0.48709824681282043
175,ILSVRC2012_val_00041912_n02091635.JPEG,ILSVRC2012_val_00044766_n02091635.JPEG,1.622968673706055,0.7348896265029907,2.4949285984039307,0.8880790472030642
175,ILSVRC2012_val_00031508_n02091635.JPEG,ILSVRC2012_val_00002397_n02091635.JPEG,0.0776679217815399,2.161829710006714,3.03814697265625,2.084161788225174
176,ILSVRC2012_val_00009326_n02091831.JPEG,ILSVRC2012_val_00005217_n02091831.JPEG,0.5810441970825195,1.1131770610809326,3.383819103240967,0.5321328639984131
176,ILSVRC2012_val_00044031_n02091831.JPEG,ILSVRC2012_val_00006935_n02091831.JPEG,0.0613939985632896,0.6188464164733887,0.7061157822608948,0.557452417910099
176,ILSVRC2012_val_00019498_n02091831.JPEG,ILSVRC2012_val_00027267_n02091831.JPEG,2.2569997310638428,1.1147050857543943,6.020331382751465,1.1422946453094485
176,ILSVRC2012_val_00031817_n02091831.JPEG,ILSVRC2012_val_00034334_n02091831.JPEG,1.205968141555786,0.0601792111992836,2.722022533416748,1.1457889303565023
176,ILSVRC2012_val_00027058_n02091831.JPEG,ILSVRC2012_val_00040201_n02091831.JPEG,1.8392986059188845,0.5816754698753357,1.8392986059188845,1.2576231360435488
177,ILSVRC2012_val_00024335_n02092002.JPEG,ILSVRC2012_val_00026985_n02092002.JPEG,0.0873031318187713,0.0666520446538925,0.6393615007400513,0.020651087164878804
177,ILSVRC2012_val_00025644_n02092002.JPEG,ILSVRC2012_val_00017594_n02092002.JPEG,0.0351302064955234,0.0611130073666572,0.0991806909441948,0.025982800871133804
177,ILSVRC2012_val_00024831_n02092002.JPEG,ILSVRC2012_val_00004288_n02092002.JPEG,0.0668314695358276,0.1457985639572143,0.6647505164146423,0.0789670944213867
177,ILSVRC2012_val_00020679_n02092002.JPEG,ILSVRC2012_val_00013361_n02092002.JPEG,0.2051558941602707,0.0591155551373958,0.2051558941602707,0.1460403390228749
177,ILSVRC2012_val_00003725_n02092002.JPEG,ILSVRC2012_val_00038406_n02092002.JPEG,0.0480580180883407,0.4577500820159912,0.4577500820159912,0.4096920639276505
178,ILSVRC2012_val_00044897_n02092339.JPEG,ILSVRC2012_val_00006676_n02092339.JPEG,0.0023918135557323,0.0035042089875787,0.8333494663238525,0.0011123954318463997
178,ILSVRC2012_val_00030285_n02092339.JPEG,ILSVRC2012_val_00049196_n02092339.JPEG,0.0071634356863796,0.0202219728380441,0.0459049567580223,0.0130585371516645
178,ILSVRC2012_val_00010657_n02092339.JPEG,ILSVRC2012_val_00032957_n02092339.JPEG,0.1728374809026718,0.1493011265993118,1.0636284351348877,0.023536354303359985
178,ILSVRC2012_val_00018536_n02092339.JPEG,ILSVRC2012_val_00001385_n02092339.JPEG,0.0676930099725723,0.0268931537866592,0.5158312320709229,0.0407998561859131
178,ILSVRC2012_val_00025015_n02092339.JPEG,ILSVRC2012_val_00030591_n02092339.JPEG,0.2894489169120788,0.0369016602635383,0.3940412104129791,0.2525472566485405
179,ILSVRC2012_val_00039743_n02093256.JPEG,ILSVRC2012_val_00011925_n02093256.JPEG,1.2996623516082764,1.6062477827072144,3.430147886276245,0.306585431098938
179,ILSVRC2012_val_00036989_n02093256.JPEG,ILSVRC2012_val_00034790_n02093256.JPEG,0.607501745223999,0.972366988658905,5.171083450317383,0.364865243434906
179,ILSVRC2012_val_00047652_n02093256.JPEG,ILSVRC2012_val_00004077_n02093256.JPEG,0.1142161935567855,0.570156455039978,2.8668129444122314,0.45594026148319255
179,ILSVRC2012_val_00009642_n02093256.JPEG,ILSVRC2012_val_00044717_n02093256.JPEG,1.0767381191253662,0.5712700486183167,3.1864418983459477,0.5054680705070496
179,ILSVRC2012_val_00033683_n02093256.JPEG,ILSVRC2012_val_00008532_n02093256.JPEG,0.1318256855010986,2.562580347061157,4.858617782592773,2.430754661560058
180,ILSVRC2012_val_00004926_n02093428.JPEG,ILSVRC2012_val_00019276_n02093428.JPEG,1.0387890338897705,1.108529806137085,3.021528720855713,0.06974077224731445
180,ILSVRC2012_val_00035793_n02093428.JPEG,ILSVRC2012_val_00030407_n02093428.JPEG,0.6483561396598816,0.5304807424545288,1.7468342781066897,0.11787539720535278
180,ILSVRC2012_val_00026978_n02093428.JPEG,ILSVRC2012_val_00043556_n02093428.JPEG,1.514835238456726,1.2869939804077148,1.514835238456726,0.22784125804901123
180,ILSVRC2012_val_00022502_n02093428.JPEG,ILSVRC2012_val_00040673_n02093428.JPEG,0.4793129563331604,0.227461040019989,1.442177653312683,0.2518519163131714
180,ILSVRC2012_val_00026525_n02093428.JPEG,ILSVRC2012_val_00029175_n02093428.JPEG,0.3642102777957916,1.1085177659988403,4.181211948394775,0.7443074882030487
181,ILSVRC2012_val_00013873_n02093647.JPEG,ILSVRC2012_val_00002616_n02093647.JPEG,0.2536461651325226,0.2736932933330536,0.4487913846969604,0.020047128200531006
181,ILSVRC2012_val_00032132_n02093647.JPEG,ILSVRC2012_val_00036152_n02093647.JPEG,0.0866146609187126,0.057548951357603,0.4837526082992553,0.029065709561109605
181,ILSVRC2012_val_00009636_n02093647.JPEG,ILSVRC2012_val_00024072_n02093647.JPEG,0.5018668174743652,0.1117970645427703,6.12935209274292,0.39006975293159496
181,ILSVRC2012_val_00037111_n02093647.JPEG,ILSVRC2012_val_00024144_n02093647.JPEG,0.0591278038918972,0.5642842650413513,0.5642842650413513,0.5051564611494541
181,ILSVRC2012_val_00023179_n02093647.JPEG,ILSVRC2012_val_00033269_n02093647.JPEG,0.2444964498281479,0.8674276471138,2.1006174087524414,0.6229311972856522
182,ILSVRC2012_val_00014318_n02093754.JPEG,ILSVRC2012_val_00012605_n02093754.JPEG,0.0659338012337684,0.0425641722977161,1.4608473777770996,0.023369628936052295
182,ILSVRC2012_val_00004511_n02093754.JPEG,ILSVRC2012_val_00004374_n02093754.JPEG,0.0182679556310176,0.0784652978181839,0.986276924610138,0.0601973421871663
182,ILSVRC2012_val_00030770_n02093754.JPEG,ILSVRC2012_val_00004053_n02093754.JPEG,0.5582347512245178,0.8318074941635132,1.278895139694214,0.27357274293899536
182,ILSVRC2012_val_00000832_n02093754.JPEG,ILSVRC2012_val_00024681_n02093754.JPEG,2.287458896636963,1.829952359199524,7.82231330871582,0.45750653743743896
182,ILSVRC2012_val_00035173_n02093754.JPEG,ILSVRC2012_val_00014730_n02093754.JPEG,0.6963100433349609,0.216711938381195,1.2311904430389404,0.4795981049537659
183,ILSVRC2012_val_00012635_n02093859.JPEG,ILSVRC2012_val_00000429_n02093859.JPEG,0.423952043056488,0.2600433826446533,4.558399200439453,0.16390866041183466
183,ILSVRC2012_val_00039960_n02093859.JPEG,ILSVRC2012_val_00034352_n02093859.JPEG,0.8258473873138428,0.5033729076385498,2.7841453552246094,0.32247447967529297
183,ILSVRC2012_val_00032468_n02093859.JPEG,ILSVRC2012_val_00025206_n02093859.JPEG,1.2836605310440063,0.4240074455738067,2.0548765659332275,0.8596530854701996
183,ILSVRC2012_val_00049667_n02093859.JPEG,ILSVRC2012_val_00008502_n02093859.JPEG,2.0587480068206787,0.8212115168571472,3.742765665054321,1.2375364899635315
183,ILSVRC2012_val_00020043_n02093859.JPEG,ILSVRC2012_val_00020773_n02093859.JPEG,1.9857763051986692,0.7079932689666748,2.382978200912476,1.2777830362319944
184,ILSVRC2012_val_00027992_n02093991.JPEG,ILSVRC2012_val_00012516_n02093991.JPEG,0.7665503025054932,0.8212125301361084,1.7272940874099731,0.054662227630615234
184,ILSVRC2012_val_00040926_n02093991.JPEG,ILSVRC2012_val_00046443_n02093991.JPEG,3.256079912185669,3.3692986965179443,3.934338569641113,0.11321878433227539
184,ILSVRC2012_val_00026828_n02093991.JPEG,ILSVRC2012_val_00016668_n02093991.JPEG,0.0390984788537025,0.4716424643993377,0.8854093551635742,0.4325439855456352
184,ILSVRC2012_val_00007327_n02093991.JPEG,ILSVRC2012_val_00047711_n02093991.JPEG,0.6552616953849792,1.1786473989486694,2.420510768890381,0.5233857035636902
184,ILSVRC2012_val_00024875_n02093991.JPEG,ILSVRC2012_val_00039668_n02093991.JPEG,1.0795183181762695,0.2108104228973388,1.0795183181762695,0.8687078952789307
185,ILSVRC2012_val_00043364_n02094114.JPEG,ILSVRC2012_val_00014810_n02094114.JPEG,0.434622973203659,0.3278259038925171,0.5993133783340454,0.10679706931114191
185,ILSVRC2012_val_00045755_n02094114.JPEG,ILSVRC2012_val_00000391_n02094114.JPEG,1.8040155172348025,0.3455042541027069,2.535052537918091,1.4585112631320956
185,ILSVRC2012_val_00001555_n02094114.JPEG,ILSVRC2012_val_00026313_n02094114.JPEG,0.0330465584993362,1.8186732530593872,2.3644161224365234,1.785626694560051
185,ILSVRC2012_val_00019305_n02094114.JPEG,ILSVRC2012_val_00049926_n02094114.JPEG,5.110733509063721,3.1114096641540527,5.800137519836426,1.999323844909668
185,ILSVRC2012_val_00047331_n02094114.JPEG,ILSVRC2012_val_00010798_n02094114.JPEG,1.0129719972610474,3.127800941467285,5.26456356048584,2.114828944206238
186,ILSVRC2012_val_00023458_n02094258.JPEG,ILSVRC2012_val_00045518_n02094258.JPEG,0.2263051271438598,0.0855599418282508,0.9665403962135316,0.140745185315609
186,ILSVRC2012_val_00007906_n02094258.JPEG,ILSVRC2012_val_00018460_n02094258.JPEG,0.0610527843236923,0.2146567553281784,0.5483397245407104,0.1536039710044861
186,ILSVRC2012_val_00008703_n02094258.JPEG,ILSVRC2012_val_00015967_n02094258.JPEG,0.8992396593093872,1.1444745063781738,2.301286220550537,0.24523484706878662
186,ILSVRC2012_val_00040058_n02094258.JPEG,ILSVRC2012_val_00017817_n02094258.JPEG,1.5098000764846802,1.1295278072357178,4.00067949295044,0.3802722692489624
186,ILSVRC2012_val_00026042_n02094258.JPEG,ILSVRC2012_val_00043451_n02094258.JPEG,1.7485915422439575,2.254633665084839,4.80109977722168,0.5060421228408813
187,ILSVRC2012_val_00045790_n02094433.JPEG,ILSVRC2012_val_00000949_n02094433.JPEG,0.1239524632692337,0.3349144756793976,1.2145458459854126,0.21096201241016388
187,ILSVRC2012_val_00012791_n02094433.JPEG,ILSVRC2012_val_00027517_n02094433.JPEG,0.545450747013092,0.1905121058225631,0.910400390625,0.354938641190529
187,ILSVRC2012_val_00024206_n02094433.JPEG,ILSVRC2012_val_00037529_n02094433.JPEG,0.0443756617605686,1.732630491256714,3.295952081680298,1.6882548294961455
187,ILSVRC2012_val_00024241_n02094433.JPEG,ILSVRC2012_val_00017964_n02094433.JPEG,2.6141107082366943,0.7676042914390564,4.249565601348877,1.846506416797638
187,ILSVRC2012_val_00045818_n02094433.JPEG,ILSVRC2012_val_00029023_n02094433.JPEG,0.3920598924160003,2.379276752471924,2.606779098510742,1.9872168600559235
188,ILSVRC2012_val_00028758_n02095314.JPEG,ILSVRC2012_val_00025983_n02095314.JPEG,0.6205320358276367,0.6989620923995972,1.468902826309204,0.07843005657196045
188,ILSVRC2012_val_00049364_n02095314.JPEG,ILSVRC2012_val_00030776_n02095314.JPEG,0.6739545464515686,0.8157406449317932,3.6031672954559326,0.1417860984802246
188,ILSVRC2012_val_00047109_n02095314.JPEG,ILSVRC2012_val_00022363_n02095314.JPEG,2.238175868988037,2.635873794555664,5.672060966491699,0.39769792556762695
188,ILSVRC2012_val_00029636_n02095314.JPEG,ILSVRC2012_val_00043157_n02095314.JPEG,0.6363688707351685,0.047301959246397,0.6363688707351685,0.5890669114887714
188,ILSVRC2012_val_00037191_n02095314.JPEG,ILSVRC2012_val_00012471_n02095314.JPEG,0.6773186326026917,1.3152587413787842,2.522523164749145,0.6379401087760925
189,ILSVRC2012_val_00028322_n02095570.JPEG,ILSVRC2012_val_00037052_n02095570.JPEG,0.1362489312887191,0.230651706457138,0.7008538246154785,0.09440277516841891
189,ILSVRC2012_val_00020156_n02095570.JPEG,ILSVRC2012_val_00026286_n02095570.JPEG,0.3635370433330536,0.9074864983558656,1.3532270193099976,0.543949455022812
189,ILSVRC2012_val_00010433_n02095570.JPEG,ILSVRC2012_val_00023256_n02095570.JPEG,0.2895675301551819,0.9816362261772156,1.2021799087524414,0.6920686960220337
189,ILSVRC2012_val_00036454_n02095570.JPEG,ILSVRC2012_val_00041301_n02095570.JPEG,2.4095208644866943,1.140338897705078,3.1565420627593994,1.2691819667816164
189,ILSVRC2012_val_00048370_n02095570.JPEG,ILSVRC2012_val_00003789_n02095570.JPEG,0.0719269588589668,2.00640606880188,2.417034864425659,1.934479109942913
190,ILSVRC2012_val_00006840_n02095889.JPEG,ILSVRC2012_val_00004611_n02095889.JPEG,0.0286412518471479,0.0293660536408424,0.1000358536839485,0.0007248017936944996
190,ILSVRC2012_val_00020637_n02095889.JPEG,ILSVRC2012_val_00014148_n02095889.JPEG,0.053384318947792,0.2423843592405319,0.3123838603496551,0.1890000402927399
190,ILSVRC2012_val_00019025_n02095889.JPEG,ILSVRC2012_val_00032314_n02095889.JPEG,0.365652859210968,0.0073460461571812,5.076204299926758,0.3583068130537868
190,ILSVRC2012_val_00000694_n02095889.JPEG,ILSVRC2012_val_00017858_n02095889.JPEG,0.0143223404884338,0.5960811376571655,1.177398681640625,0.5817587971687317
190,ILSVRC2012_val_00039862_n02095889.JPEG,ILSVRC2012_val_00028632_n02095889.JPEG,0.9882577657699584,0.0185571480542421,1.0408447980880735,0.9697006177157163
191,ILSVRC2012_val_00030238_n02096051.JPEG,ILSVRC2012_val_00042177_n02096051.JPEG,0.2995544970035553,0.3264957964420318,0.3969524800777435,0.026941299438476507
191,ILSVRC2012_val_00031914_n02096051.JPEG,ILSVRC2012_val_00030199_n02096051.JPEG,0.062184065580368,0.0935715958476066,0.3652820587158203,0.0313875302672386
191,ILSVRC2012_val_00020257_n02096051.JPEG,ILSVRC2012_val_00019265_n02096051.JPEG,0.0615436546504497,0.0179190821945667,0.7091933488845825,0.043624572455883
191,ILSVRC2012_val_00046063_n02096051.JPEG,ILSVRC2012_val_00043132_n02096051.JPEG,0.4421133697032928,0.3502016365528106,0.8773013949394226,0.09191173315048218
191,ILSVRC2012_val_00015571_n02096051.JPEG,ILSVRC2012_val_00009644_n02096051.JPEG,0.3192997276782989,0.1212402656674385,4.951015949249268,0.1980594620108604
192,ILSVRC2012_val_00015152_n02096177.JPEG,ILSVRC2012_val_00016484_n02096177.JPEG,0.1927191317081451,0.4027157127857208,1.8588110208511357,0.2099965810775757
192,ILSVRC2012_val_00015531_n02096177.JPEG,ILSVRC2012_val_00004397_n02096177.JPEG,0.0410434901714324,0.8015262484550476,2.529229164123535,0.7604827582836152
192,ILSVRC2012_val_00033231_n02096177.JPEG,ILSVRC2012_val_00042833_n02096177.JPEG,1.472277283668518,0.5502837896347046,4.663438320159912,0.9219934940338135
192,ILSVRC2012_val_00001286_n02096177.JPEG,ILSVRC2012_val_00009789_n02096177.JPEG,0.5246405601501465,1.8308496475219729,2.62256383895874,1.3062090873718264
192,ILSVRC2012_val_00006615_n02096177.JPEG,ILSVRC2012_val_00048476_n02096177.JPEG,1.8028209209442136,3.99967622756958,3.99967622756958,2.196855306625366
193,ILSVRC2012_val_00025912_n02096294.JPEG,ILSVRC2012_val_00001564_n02096294.JPEG,3.2986228466033936,2.7825894355773926,3.2986228466033936,0.516033411026001
193,ILSVRC2012_val_00009052_n02096294.JPEG,ILSVRC2012_val_00019830_n02096294.JPEG,0.1202960908412933,0.7455542683601379,0.8332358598709106,0.6252581775188446
193,ILSVRC2012_val_00019327_n02096294.JPEG,ILSVRC2012_val_00011152_n02096294.JPEG,1.467248797416687,0.616064190864563,1.5444717407226562,0.851184606552124
193,ILSVRC2012_val_00029254_n02096294.JPEG,ILSVRC2012_val_00039692_n02096294.JPEG,0.2805244624614715,1.1638026237487793,3.5954294204711914,0.8832781612873077
193,ILSVRC2012_val_00016609_n02096294.JPEG,ILSVRC2012_val_00026427_n02096294.JPEG,2.586851119995117,1.5303319692611694,2.714642286300659,1.0565191507339478
194,ILSVRC2012_val_00015570_n02096437.JPEG,ILSVRC2012_val_00046705_n02096437.JPEG,0.5154472589492798,0.5445289611816406,2.266497135162353,0.02908170223236084
194,ILSVRC2012_val_00046762_n02096437.JPEG,ILSVRC2012_val_00048101_n02096437.JPEG,0.3674028515815735,0.4501509368419647,1.000460147857666,0.08274808526039124
194,ILSVRC2012_val_00019040_n02096437.JPEG,ILSVRC2012_val_00020901_n02096437.JPEG,0.0445421412587165,0.1488433927297592,0.4855010509490967,0.10430125147104269
194,ILSVRC2012_val_00003380_n02096437.JPEG,ILSVRC2012_val_00024766_n02096437.JPEG,0.0634863674640655,0.4145468473434448,0.5323762893676758,0.35106047987937933
194,ILSVRC2012_val_00014058_n02096437.JPEG,ILSVRC2012_val_00030585_n02096437.JPEG,0.532189667224884,0.0503785423934459,0.6306563019752502,0.4818111248314381
195,ILSVRC2012_val_00039852_n02096585.JPEG,ILSVRC2012_val_00015723_n02096585.JPEG,0.1735463589429855,0.1840995103120803,2.1919281482696533,0.010553151369094793
195,ILSVRC2012_val_00021914_n02096585.JPEG,ILSVRC2012_val_00033268_n02096585.JPEG,0.0360225923359394,0.1547373980283737,0.3180386126041412,0.11871480569243428
195,ILSVRC2012_val_00015204_n02096585.JPEG,ILSVRC2012_val_00004941_n02096585.JPEG,0.1631348580121994,0.2859240770339966,0.3042250871658325,0.12278921902179718
195,ILSVRC2012_val_00036478_n02096585.JPEG,ILSVRC2012_val_00000350_n02096585.JPEG,0.3079413771629333,0.458788514137268,0.725933849811554,0.15084713697433472
195,ILSVRC2012_val_00022848_n02096585.JPEG,ILSVRC2012_val_00033295_n02096585.JPEG,0.9346317648887634,0.2831853032112121,1.194482922554016,0.6514464616775513
196,ILSVRC2012_val_00028016_n02097047.JPEG,ILSVRC2012_val_00030402_n02097047.JPEG,0.1480336040258407,0.1497861444950103,0.5029451847076416,0.001752540469169589
196,ILSVRC2012_val_00008658_n02097047.JPEG,ILSVRC2012_val_00032445_n02097047.JPEG,0.3238207995891571,0.3160199522972107,1.2257966995239258,0.007800847291946411
196,ILSVRC2012_val_00024178_n02097047.JPEG,ILSVRC2012_val_00008930_n02097047.JPEG,0.5249574184417725,0.930207371711731,2.335457324981689,0.4052499532699585
196,ILSVRC2012_val_00046290_n02097047.JPEG,ILSVRC2012_val_00010521_n02097047.JPEG,0.939225733280182,0.1166048720479011,2.878695487976074,0.822620861232281
196,ILSVRC2012_val_00037277_n02097047.JPEG,ILSVRC2012_val_00047084_n02097047.JPEG,0.2733807861804962,1.520558476448059,2.594735145568848,1.2471776902675629
197,ILSVRC2012_val_00031856_n02097130.JPEG,ILSVRC2012_val_00008207_n02097130.JPEG,0.9923455715179444,1.0127731561660769,2.9941964149475098,0.020427584648132435
197,ILSVRC2012_val_00034166_n02097130.JPEG,ILSVRC2012_val_00033958_n02097130.JPEG,2.5760915279388428,2.6123294830322266,4.380166530609131,0.03623795509338379
197,ILSVRC2012_val_00040836_n02097130.JPEG,ILSVRC2012_val_00045760_n02097130.JPEG,0.5192033052444458,0.5730767846107483,0.9568313360214232,0.05387347936630249
197,ILSVRC2012_val_00047585_n02097130.JPEG,ILSVRC2012_val_00032524_n02097130.JPEG,0.5153186917304993,0.3113508224487304,0.704831600189209,0.20396786928176885
197,ILSVRC2012_val_00048087_n02097130.JPEG,ILSVRC2012_val_00010563_n02097130.JPEG,0.4392099678516388,0.1670151054859161,1.6989459991455078,0.27219486236572266
198,ILSVRC2012_val_00031127_n02097209.JPEG,ILSVRC2012_val_00040565_n02097209.JPEG,0.1530158072710037,0.1566382795572281,0.6972201466560364,0.003622472286224393
198,ILSVRC2012_val_00012157_n02097209.JPEG,ILSVRC2012_val_00013145_n02097209.JPEG,0.8477739691734314,0.7057719826698303,1.266122341156006,0.14200198650360107
198,ILSVRC2012_val_00010720_n02097209.JPEG,ILSVRC2012_val_00019215_n02097209.JPEG,0.3770916759967804,0.1642508953809738,0.6296309232711792,0.2128407806158066
198,ILSVRC2012_val_00006178_n02097209.JPEG,ILSVRC2012_val_00028518_n02097209.JPEG,0.8830230236053467,1.3986221551895142,1.7504218816757202,0.5155991315841675
198,ILSVRC2012_val_00030213_n02097209.JPEG,ILSVRC2012_val_00010046_n02097209.JPEG,1.1500470638275146,0.160075306892395,1.2048269510269165,0.9899717569351196
199,ILSVRC2012_val_00004549_n02097298.JPEG,ILSVRC2012_val_00002313_n02097298.JPEG,0.0808789134025573,0.0297058653086423,1.0363906621932983,0.051173048093915
199,ILSVRC2012_val_00013424_n02097298.JPEG,ILSVRC2012_val_00015774_n02097298.JPEG,1.4021382331848145,1.1630337238311768,3.0134127140045166,0.2391045093536377
199,ILSVRC2012_val_00012881_n02097298.JPEG,ILSVRC2012_val_00014441_n02097298.JPEG,2.0956428050994877,1.7299644947052002,4.843012809753418,0.36567831039428755
199,ILSVRC2012_val_00017537_n02097298.JPEG,ILSVRC2012_val_00009256_n02097298.JPEG,2.971806526184082,3.4835855960845947,5.1284942626953125,0.5117790699005127
199,ILSVRC2012_val_00011138_n02097298.JPEG,ILSVRC2012_val_00007388_n02097298.JPEG,0.0143782757222652,0.7924914360046387,0.8510103821754456,0.7781131602823734
200,ILSVRC2012_val_00025261_n02097474.JPEG,ILSVRC2012_val_00003485_n02097474.JPEG,0.1645664274692535,0.3015634715557098,0.7458198070526123,0.13699704408645627
200,ILSVRC2012_val_00043598_n02097474.JPEG,ILSVRC2012_val_00011895_n02097474.JPEG,0.7346222400665283,0.0886086076498031,1.458169937133789,0.6460136324167252
200,ILSVRC2012_val_00001284_n02097474.JPEG,ILSVRC2012_val_00005082_n02097474.JPEG,2.181133270263672,1.398260235786438,3.143974542617798,0.7828730344772339
200,ILSVRC2012_val_00038294_n02097474.JPEG,ILSVRC2012_val_00046144_n02097474.JPEG,2.365397691726685,1.3895795345306396,2.487129211425781,0.9758181571960454
200,ILSVRC2012_val_00029774_n02097474.JPEG,ILSVRC2012_val_00008488_n02097474.JPEG,3.340503215789795,2.00539231300354,3.646260976791382,1.3351109027862549
201,ILSVRC2012_val_00013549_n02097658.JPEG,ILSVRC2012_val_00022656_n02097658.JPEG,1.956458568572998,2.3559999465942383,3.53810977935791,0.39954137802124023
201,ILSVRC2012_val_00040109_n02097658.JPEG,ILSVRC2012_val_00000105_n02097658.JPEG,0.0694985091686248,0.8280340433120728,0.9919971227645874,0.758535534143448
201,ILSVRC2012_val_00035805_n02097658.JPEG,ILSVRC2012_val_00000799_n02097658.JPEG,1.0493478775024414,1.9840941429138184,3.052647352218628,0.934746265411377
201,ILSVRC2012_val_00024329_n02097658.JPEG,ILSVRC2012_val_00007102_n02097658.JPEG,0.1457436382770538,1.728468894958496,1.840339422225952,1.5827252566814423
201,ILSVRC2012_val_00020815_n02097658.JPEG,ILSVRC2012_val_00049653_n02097658.JPEG,2.046884775161743,0.1845722198486328,2.992107391357422,1.8623125553131104
202,ILSVRC2012_val_00008813_n02098105.JPEG,ILSVRC2012_val_00008926_n02098105.JPEG,0.3218680322170257,0.1558656841516494,1.5795516967773438,0.1660023480653763
202,ILSVRC2012_val_00005267_n02098105.JPEG,ILSVRC2012_val_00027820_n02098105.JPEG,1.822102427482605,2.077315330505371,3.194479465484619,0.2552129030227661
202,ILSVRC2012_val_00026691_n02098105.JPEG,ILSVRC2012_val_00003791_n02098105.JPEG,2.5831284523010254,2.259262800216675,4.219222068786621,0.3238656520843506
202,ILSVRC2012_val_00044461_n02098105.JPEG,ILSVRC2012_val_00031905_n02098105.JPEG,0.0466678738594055,1.1583242416381836,2.5778870582580566,1.111656367778778
202,ILSVRC2012_val_00023764_n02098105.JPEG,ILSVRC2012_val_00029277_n02098105.JPEG,2.0182368755340576,0.3418401777744293,4.336681842803955,1.6763966977596283
203,ILSVRC2012_val_00020651_n02098286.JPEG,ILSVRC2012_val_00038253_n02098286.JPEG,0.4985324144363403,0.4300281703472137,1.7424391508102417,0.06850424408912659
203,ILSVRC2012_val_00041358_n02098286.JPEG,ILSVRC2012_val_00024935_n02098286.JPEG,0.19102443754673,0.0810626149177551,0.4321647882461548,0.10996182262897491
203,ILSVRC2012_val_00028945_n02098286.JPEG,ILSVRC2012_val_00036498_n02098286.JPEG,0.3415641188621521,0.1655763238668441,2.5077662467956543,0.175987794995308
203,ILSVRC2012_val_00030138_n02098286.JPEG,ILSVRC2012_val_00038999_n02098286.JPEG,0.3056759238243103,0.6826022863388062,1.1740491390228271,0.37692636251449585
203,ILSVRC2012_val_00015415_n02098286.JPEG,ILSVRC2012_val_00002784_n02098286.JPEG,1.2939794063568115,0.8781471848487854,1.79029643535614,0.4158322215080261
204,ILSVRC2012_val_00001955_n02098413.JPEG,ILSVRC2012_val_00007828_n02098413.JPEG,0.3629808723926544,0.2849615812301636,2.735222339630127,0.07801929116249084
204,ILSVRC2012_val_00015063_n02098413.JPEG,ILSVRC2012_val_00011063_n02098413.JPEG,1.156352996826172,0.6362029910087585,2.0994768142700195,0.5201500058174136
204,ILSVRC2012_val_00009190_n02098413.JPEG,ILSVRC2012_val_00028616_n02098413.JPEG,0.2918482720851898,0.8644150495529175,0.8644150495529175,0.5725667774677277
204,ILSVRC2012_val_00039807_n02098413.JPEG,ILSVRC2012_val_00033308_n02098413.JPEG,1.2139365673065186,0.5174782276153564,1.4481571912765503,0.6964583396911621
204,ILSVRC2012_val_00033577_n02098413.JPEG,ILSVRC2012_val_00037853_n02098413.JPEG,1.7712985277175903,0.7486103773117065,2.080745220184326,1.0226881504058838
205,ILSVRC2012_val_00014636_n02099267.JPEG,ILSVRC2012_val_00011764_n02099267.JPEG,0.0495137423276901,0.0195896457880735,0.3201072514057159,0.029924096539616595
205,ILSVRC2012_val_00036887_n02099267.JPEG,ILSVRC2012_val_00034920_n02099267.JPEG,0.4154894649982452,0.2581348419189453,1.7807254791259766,0.15735462307929987
205,ILSVRC2012_val_00045963_n02099267.JPEG,ILSVRC2012_val_00045739_n02099267.JPEG,0.4841508269309997,1.3673385381698608,5.93198299407959,0.8831877112388611
205,ILSVRC2012_val_00047671_n02099267.JPEG,ILSVRC2012_val_00040660_n02099267.JPEG,0.2364794909954071,1.504157304763794,2.0058655738830566,1.2676778137683868
205,ILSVRC2012_val_00010382_n02099267.JPEG,ILSVRC2012_val_00004228_n02099267.JPEG,3.3056423664093018,1.0476341247558594,5.6878814697265625,2.2580082416534424
206,ILSVRC2012_val_00024723_n02099429.JPEG,ILSVRC2012_val_00018862_n02099429.JPEG,0.0642681941390037,0.0215890351682901,3.969285488128662,0.0426791589707136
206,ILSVRC2012_val_00019607_n02099429.JPEG,ILSVRC2012_val_00048720_n02099429.JPEG,0.1617174446582794,0.0506812594830989,0.250174343585968,0.11103618517518049
206,ILSVRC2012_val_00011061_n02099429.JPEG,ILSVRC2012_val_00031534_n02099429.JPEG,0.206821784377098,0.0534693002700805,5.931711196899414,0.15335248410701752
206,ILSVRC2012_val_00028985_n02099429.JPEG,ILSVRC2012_val_00020347_n02099429.JPEG,0.1486168652772903,0.5125739574432373,3.375995397567749,0.363957092165947
206,ILSVRC2012_val_00006836_n02099429.JPEG,ILSVRC2012_val_00025714_n02099429.JPEG,0.7469871640205383,0.2575914561748504,1.4742562770843506,0.4893957078456879
207,ILSVRC2012_val_00047737_n02099601.JPEG,ILSVRC2012_val_00023435_n02099601.JPEG,0.2761671543121338,0.1788408905267715,0.3964564502239227,0.0973262637853623
207,ILSVRC2012_val_00001112_n02099601.JPEG,ILSVRC2012_val_00007629_n02099601.JPEG,0.5587926506996155,0.7792203426361084,2.1787917613983154,0.22042769193649292
207,ILSVRC2012_val_00006046_n02099601.JPEG,ILSVRC2012_val_00005697_n02099601.JPEG,0.3594771921634674,0.0639929324388504,0.6139015555381775,0.295484259724617
207,ILSVRC2012_val_00033790_n02099601.JPEG,ILSVRC2012_val_00026887_n02099601.JPEG,0.0580107197165489,0.4410780966281891,0.4410780966281891,0.38306737691164017
207,ILSVRC2012_val_00037455_n02099601.JPEG,ILSVRC2012_val_00010298_n02099601.JPEG,0.3075885772705078,1.3592963218688965,4.373441696166992,1.0517077445983887
208,ILSVRC2012_val_00049959_n02099712.JPEG,ILSVRC2012_val_00007963_n02099712.JPEG,0.2264414429664611,0.0593668892979621,0.6937454342842102,0.167074553668499
208,ILSVRC2012_val_00009895_n02099712.JPEG,ILSVRC2012_val_00016148_n02099712.JPEG,0.162196084856987,0.4342102408409118,0.9878524541854858,0.2720141559839248
208,ILSVRC2012_val_00008346_n02099712.JPEG,ILSVRC2012_val_00009984_n02099712.JPEG,0.1427695602178573,0.523070216178894,3.402505397796631,0.38030065596103674
208,ILSVRC2012_val_00043072_n02099712.JPEG,ILSVRC2012_val_00031451_n02099712.JPEG,0.5493253469467163,0.110949121415615,2.4588563442230225,0.43837622553110134
208,ILSVRC2012_val_00022670_n02099712.JPEG,ILSVRC2012_val_00023471_n02099712.JPEG,0.4101034998893738,0.9586446285247804,1.167831540107727,0.5485411286354066
209,ILSVRC2012_val_00023561_n02099849.JPEG,ILSVRC2012_val_00010702_n02099849.JPEG,0.1192054376006126,0.139180526137352,2.13882827758789,0.01997508853673939
209,ILSVRC2012_val_00042319_n02099849.JPEG,ILSVRC2012_val_00045884_n02099849.JPEG,0.0268906001001596,0.0591581426560878,1.6220356225967407,0.0322675425559282
209,ILSVRC2012_val_00021344_n02099849.JPEG,ILSVRC2012_val_00019468_n02099849.JPEG,0.5354852676391602,0.651433527469635,1.1772805452346802,0.11594825983047485
209,ILSVRC2012_val_00016526_n02099849.JPEG,ILSVRC2012_val_00026445_n02099849.JPEG,0.3160833716392517,0.0527295395731925,1.268662452697754,0.2633538320660592
209,ILSVRC2012_val_00024399_n02099849.JPEG,ILSVRC2012_val_00041137_n02099849.JPEG,1.9358956813812256,0.0617443919181823,3.124999046325684,1.8741512894630432
210,ILSVRC2012_val_00008587_n02100236.JPEG,ILSVRC2012_val_00033432_n02100236.JPEG,0.1883420795202255,0.098216526210308,0.1920157372951507,0.09012555330991749
210,ILSVRC2012_val_00040116_n02100236.JPEG,ILSVRC2012_val_00023168_n02100236.JPEG,0.2126749157905578,0.3128436803817749,0.7445700764656067,0.1001687645912171
210,ILSVRC2012_val_00010533_n02100236.JPEG,ILSVRC2012_val_00011689_n02100236.JPEG,0.4210111498832702,0.0729525908827781,0.5065000057220459,0.3480585590004921
210,ILSVRC2012_val_00001070_n02100236.JPEG,ILSVRC2012_val_00020414_n02100236.JPEG,0.9772517085075378,1.4471323490142822,2.279313564300537,0.4698806405067444
210,ILSVRC2012_val_00039487_n02100236.JPEG,ILSVRC2012_val_00011682_n02100236.JPEG,0.0367742404341697,0.5414272546768188,2.268974542617798,0.5046530142426492
211,ILSVRC2012_val_00010808_n02100583.JPEG,ILSVRC2012_val_00041393_n02100583.JPEG,0.563156008720398,0.1315317302942276,0.6575789451599121,0.43162427842617035
211,ILSVRC2012_val_00016883_n02100583.JPEG,ILSVRC2012_val_00029514_n02100583.JPEG,0.1427249014377594,0.5923913717269897,0.5923913717269897,0.44966647028923035
211,ILSVRC2012_val_00013430_n02100583.JPEG,ILSVRC2012_val_00008458_n02100583.JPEG,1.019904375076294,0.1344570517539978,1.4237467050552368,0.8854473233222961
211,ILSVRC2012_val_00047990_n02100583.JPEG,ILSVRC2012_val_00011699_n02100583.JPEG,0.5324563980102539,2.2090001106262207,2.534890651702881,1.6765437126159668
211,ILSVRC2012_val_00045930_n02100583.JPEG,ILSVRC2012_val_00041745_n02100583.JPEG,0.1028473973274231,2.061111688613892,2.2085180282592773,1.958264291286469
212,ILSVRC2012_val_00012739_n02100735.JPEG,ILSVRC2012_val_00023675_n02100735.JPEG,0.4685781598091125,0.4494681358337402,0.4798274636268616,0.019110023975372314
212,ILSVRC2012_val_00001992_n02100735.JPEG,ILSVRC2012_val_00048304_n02100735.JPEG,0.2287134975194931,0.1254478245973587,0.3590391278266907,0.1032656729221344
212,ILSVRC2012_val_00014446_n02100735.JPEG,ILSVRC2012_val_00002878_n02100735.JPEG,0.1374308913946151,0.0270235817879438,1.3814826011657717,0.11040730960667129
212,ILSVRC2012_val_00016108_n02100735.JPEG,ILSVRC2012_val_00008192_n02100735.JPEG,1.1183936595916748,0.4171082675457001,1.1186463832855225,0.7012853920459747
212,ILSVRC2012_val_00048858_n02100735.JPEG,ILSVRC2012_val_00011024_n02100735.JPEG,1.1373004913330078,0.095723770558834,1.598095178604126,1.0415767207741737
213,ILSVRC2012_val_00008282_n02100877.JPEG,ILSVRC2012_val_00032186_n02100877.JPEG,0.1226928755640983,0.0429566316306591,0.2426718920469284,0.0797362439334392
213,ILSVRC2012_val_00031601_n02100877.JPEG,ILSVRC2012_val_00023270_n02100877.JPEG,0.0271616484969854,0.1835988014936447,2.191744565963745,0.15643715299665928
213,ILSVRC2012_val_00034732_n02100877.JPEG,ILSVRC2012_val_00025288_n02100877.JPEG,0.0129781337454915,0.6356247663497925,1.0334477424621582,0.622646632604301
213,ILSVRC2012_val_00005607_n02100877.JPEG,ILSVRC2012_val_00011706_n02100877.JPEG,0.7501815557479858,0.0434066951274871,1.2732828855514526,0.7067748606204988
213,ILSVRC2012_val_00012736_n02100877.JPEG,ILSVRC2012_val_00000161_n02100877.JPEG,0.077781856060028,2.557586908340454,2.557586908340454,2.479805052280426
214,ILSVRC2012_val_00014032_n02101006.JPEG,ILSVRC2012_val_00032333_n02101006.JPEG,0.027172090485692,0.0366350784897804,0.4210740029811859,0.009462988004088398
214,ILSVRC2012_val_00019013_n02101006.JPEG,ILSVRC2012_val_00016085_n02101006.JPEG,0.0939507260918617,0.2346331477165222,4.159387588500977,0.1406824216246605
214,ILSVRC2012_val_00030512_n02101006.JPEG,ILSVRC2012_val_00005206_n02101006.JPEG,0.7611595392227173,0.3903698325157165,1.270777463912964,0.3707897067070008
214,ILSVRC2012_val_00016520_n02101006.JPEG,ILSVRC2012_val_00025554_n02101006.JPEG,1.3619381189346311,0.3522995710372925,1.7528096437454224,1.0096385478973386
214,ILSVRC2012_val_00023025_n02101006.JPEG,ILSVRC2012_val_00003714_n02101006.JPEG,3.8670096397399902,2.3703508377075195,6.829071044921875,1.4966588020324707
215,ILSVRC2012_val_00020766_n02101388.JPEG,ILSVRC2012_val_00031368_n02101388.JPEG,0.3301020264625549,0.0908253639936447,2.4281787872314453,0.23927666246891016
215,ILSVRC2012_val_00049868_n02101388.JPEG,ILSVRC2012_val_00017676_n02101388.JPEG,0.2894441187381744,0.0159004852175712,0.3104223906993866,0.2735436335206032
215,ILSVRC2012_val_00016998_n02101388.JPEG,ILSVRC2012_val_00048536_n02101388.JPEG,0.1853827685117721,0.6827486753463745,0.6827486753463745,0.4973659068346024
215,ILSVRC2012_val_00023362_n02101388.JPEG,ILSVRC2012_val_00009088_n02101388.JPEG,0.0939333587884903,1.06509268283844,1.06509268283844,0.9711593240499496
215,ILSVRC2012_val_00024686_n02101388.JPEG,ILSVRC2012_val_00010354_n02101388.JPEG,0.1940358579158783,1.1861687898635864,2.341191053390503,0.9921329319477081
216,ILSVRC2012_val_00018827_n02101556.JPEG,ILSVRC2012_val_00021360_n02101556.JPEG,0.047588787972927,0.0237523131072521,0.2109972387552261,0.023836474865674903
216,ILSVRC2012_val_00048439_n02101556.JPEG,ILSVRC2012_val_00019919_n02101556.JPEG,0.0498809143900871,0.0224154852330684,0.1499888151884079,0.0274654291570187
216,ILSVRC2012_val_00040308_n02101556.JPEG,ILSVRC2012_val_00048396_n02101556.JPEG,0.0222584567964077,0.0741167664527893,0.1564556062221527,0.05185830965638161
216,ILSVRC2012_val_00036977_n02101556.JPEG,ILSVRC2012_val_00008368_n02101556.JPEG,0.209129124879837,0.0123545126989483,0.209129124879837,0.1967746121808887
216,ILSVRC2012_val_00012928_n02101556.JPEG,ILSVRC2012_val_00006827_n02101556.JPEG,1.7213518619537354,0.7457002997398376,1.762642741203308,0.9756515622138977
217,ILSVRC2012_val_00046295_n02102040.JPEG,ILSVRC2012_val_00012689_n02102040.JPEG,0.3330195844173431,0.332318514585495,2.7769885063171387,0.000701069831848089
217,ILSVRC2012_val_00025442_n02102040.JPEG,ILSVRC2012_val_00043994_n02102040.JPEG,0.0811899080872535,0.0718815848231315,0.4912033379077911,0.009308323264121995
217,ILSVRC2012_val_00036282_n02102040.JPEG,ILSVRC2012_val_00040876_n02102040.JPEG,0.1041984930634498,0.1454554945230484,1.733321189880371,0.0412570014595986
217,ILSVRC2012_val_00024246_n02102040.JPEG,ILSVRC2012_val_00017370_n02102040.JPEG,0.7222567796707153,0.4470917582511902,0.7222567796707153,0.27516502141952515
217,ILSVRC2012_val_00002315_n02102040.JPEG,ILSVRC2012_val_00001968_n02102040.JPEG,0.0625362023711204,0.3965364992618561,1.7566957473754885,0.3340002968907357
218,ILSVRC2012_val_00006947_n02102177.JPEG,ILSVRC2012_val_00018942_n02102177.JPEG,0.2263791859149933,0.1349487155675888,0.3172444403171539,0.09143047034740448
218,ILSVRC2012_val_00049642_n02102177.JPEG,ILSVRC2012_val_00028782_n02102177.JPEG,0.0366817377507686,0.2671343982219696,0.9440220594406128,0.230452660471201
218,ILSVRC2012_val_00047744_n02102177.JPEG,ILSVRC2012_val_00006404_n02102177.JPEG,0.0985172018408775,0.3587904274463653,1.9307981729507449,0.2602732256054878
218,ILSVRC2012_val_00013127_n02102177.JPEG,ILSVRC2012_val_00023888_n02102177.JPEG,0.017045896500349,0.8269155621528625,1.826201677322388,0.8098696656525135
218,ILSVRC2012_val_00002298_n02102177.JPEG,ILSVRC2012_val_00027168_n02102177.JPEG,0.0480799451470375,0.9615699052810668,0.9615699052810668,0.9134899601340293
219,ILSVRC2012_val_00034933_n02102318.JPEG,ILSVRC2012_val_00018596_n02102318.JPEG,0.1100818887352943,0.1898837834596634,3.6833748817443848,0.07980189472436909
219,ILSVRC2012_val_00034219_n02102318.JPEG,ILSVRC2012_val_00040400_n02102318.JPEG,0.0484161861240863,0.3084583282470703,0.741486132144928,0.26004214212298404
219,ILSVRC2012_val_00013682_n02102318.JPEG,ILSVRC2012_val_00012155_n02102318.JPEG,1.009565830230713,1.7784212827682495,1.8837220668792725,0.7688554525375366
219,ILSVRC2012_val_00040898_n02102318.JPEG,ILSVRC2012_val_00020593_n02102318.JPEG,2.698136806488037,0.7839368581771851,3.464905977249145,1.914199948310852
219,ILSVRC2012_val_00019914_n02102318.JPEG,ILSVRC2012_val_00028661_n02102318.JPEG,2.662966728210449,0.0742730572819709,2.6819913387298584,2.5886936709284782
220,ILSVRC2012_val_00030113_n02102480.JPEG,ILSVRC2012_val_00043030_n02102480.JPEG,0.1036935225129127,0.1173835769295692,4.115373134613037,0.013690054416656508
220,ILSVRC2012_val_00014117_n02102480.JPEG,ILSVRC2012_val_00017499_n02102480.JPEG,0.0261522736400365,0.0720687285065651,5.122065544128418,0.045916454866528594
220,ILSVRC2012_val_00008713_n02102480.JPEG,ILSVRC2012_val_00023012_n02102480.JPEG,1.4871588945388794,0.3313724994659424,2.8449268341064453,1.155786395072937
220,ILSVRC2012_val_00007430_n02102480.JPEG,ILSVRC2012_val_00048337_n02102480.JPEG,0.0243684034794569,1.9962040185928345,2.061161994934082,1.9718356151133776
220,ILSVRC2012_val_00029295_n02102480.JPEG,ILSVRC2012_val_00048974_n02102480.JPEG,0.0618567951023578,3.841175556182861,4.261796474456787,3.779318761080503
221,ILSVRC2012_val_00013563_n02102973.JPEG,ILSVRC2012_val_00010049_n02102973.JPEG,0.0659691765904426,0.0944470763206482,0.1979831159114837,0.02847789973020559
221,ILSVRC2012_val_00024729_n02102973.JPEG,ILSVRC2012_val_00018530_n02102973.JPEG,0.1616917997598648,0.2525578439235687,0.61400306224823,0.09086604416370392
221,ILSVRC2012_val_00036655_n02102973.JPEG,ILSVRC2012_val_00003006_n02102973.JPEG,0.3052850663661957,0.4972334802150726,0.936095118522644,0.1919484138488769
221,ILSVRC2012_val_00034804_n02102973.JPEG,ILSVRC2012_val_00042733_n02102973.JPEG,1.261315107345581,0.2984796464443207,3.199848175048828,0.9628354609012604
221,ILSVRC2012_val_00047150_n02102973.JPEG,ILSVRC2012_val_00009130_n02102973.JPEG,2.0136303901672363,0.6279223561286926,2.0136303901672363,1.3857080340385437
222,ILSVRC2012_val_00028346_n02104029.JPEG,ILSVRC2012_val_00041493_n02104029.JPEG,0.9064096808433532,0.9367164373397828,1.4787795543670654,0.030306756496429665
222,ILSVRC2012_val_00028605_n02104029.JPEG,ILSVRC2012_val_00000507_n02104029.JPEG,0.1958304345607757,0.464555025100708,0.7330074906349182,0.2687245905399323
222,ILSVRC2012_val_00027086_n02104029.JPEG,ILSVRC2012_val_00032043_n02104029.JPEG,1.362829327583313,1.09368634223938,2.646933078765869,0.2691429853439329
222,ILSVRC2012_val_00036264_n02104029.JPEG,ILSVRC2012_val_00008459_n02104029.JPEG,2.0722334384918213,1.1486858129501345,2.136385202407837,0.9235476255416868
222,ILSVRC2012_val_00029261_n02104029.JPEG,ILSVRC2012_val_00005583_n02104029.JPEG,2.158799648284912,0.3674009442329407,6.688581943511963,1.7913987040519714
223,ILSVRC2012_val_00040671_n02104365.JPEG,ILSVRC2012_val_00008664_n02104365.JPEG,0.1176713407039642,0.0995414033532142,1.83881676197052,0.01812993735075001
223,ILSVRC2012_val_00001038_n02104365.JPEG,ILSVRC2012_val_00031373_n02104365.JPEG,0.3760502338409424,0.0110218049958348,2.327808141708374,0.36502842884510756
223,ILSVRC2012_val_00014101_n02104365.JPEG,ILSVRC2012_val_00001851_n02104365.JPEG,0.0902539119124412,0.5145319700241089,1.797558307647705,0.4242780581116677
223,ILSVRC2012_val_00029036_n02104365.JPEG,ILSVRC2012_val_00032923_n02104365.JPEG,0.5445653200149536,0.0493946112692356,3.159768581390381,0.495170708745718
223,ILSVRC2012_val_00007033_n02104365.JPEG,ILSVRC2012_val_00010865_n02104365.JPEG,0.1412919163703918,1.2609996795654297,3.4562950134277344,1.1197077631950378
224,ILSVRC2012_val_00041702_n02105056.JPEG,ILSVRC2012_val_00042418_n02105056.JPEG,0.0313376933336257,0.0461177378892898,0.4119149446487427,0.014780044555664097
224,ILSVRC2012_val_00017117_n02105056.JPEG,ILSVRC2012_val_00005648_n02105056.JPEG,0.2389817833900451,0.2994108498096466,1.4657506942749023,0.060429066419601496
224,ILSVRC2012_val_00046199_n02105056.JPEG,ILSVRC2012_val_00034070_n02105056.JPEG,0.5174602270126343,0.2491036057472229,5.994614601135254,0.2683566212654114
224,ILSVRC2012_val_00012817_n02105056.JPEG,ILSVRC2012_val_00035891_n02105056.JPEG,0.6410614848136902,1.269830584526062,4.055877208709717,0.6287690997123718
224,ILSVRC2012_val_00007903_n02105056.JPEG,ILSVRC2012_val_00011573_n02105056.JPEG,0.1147763505578041,1.2980923652648926,4.086180210113525,1.1833160147070885
225,ILSVRC2012_val_00016172_n02105162.JPEG,ILSVRC2012_val_00027780_n02105162.JPEG,0.0471625514328479,0.0548094063997268,1.8302662372589111,0.007646854966878898
225,ILSVRC2012_val_00013248_n02105162.JPEG,ILSVRC2012_val_00027807_n02105162.JPEG,0.0417167134582996,0.0538218095898628,3.74620509147644,0.0121050961315632
225,ILSVRC2012_val_00043021_n02105162.JPEG,ILSVRC2012_val_00048948_n02105162.JPEG,0.0745499283075332,0.12115990370512,0.12115990370512,0.04660997539758681
225,ILSVRC2012_val_00030061_n02105162.JPEG,ILSVRC2012_val_00046759_n02105162.JPEG,0.2731024324893951,0.4715115427970886,0.7510250210762024,0.19840911030769354
225,ILSVRC2012_val_00008923_n02105162.JPEG,ILSVRC2012_val_00011433_n02105162.JPEG,0.0380141027271747,0.258558452129364,4.146458148956299,0.2205443494021893
226,ILSVRC2012_val_00046402_n02105251.JPEG,ILSVRC2012_val_00016146_n02105251.JPEG,0.0205343086272478,0.4527880549430847,0.5834251642227173,0.4322537463158369
226,ILSVRC2012_val_00004938_n02105251.JPEG,ILSVRC2012_val_00048530_n02105251.JPEG,0.0674040913581848,0.7249342203140259,1.4328198432922363,0.6575301289558411
226,ILSVRC2012_val_00035781_n02105251.JPEG,ILSVRC2012_val_00048364_n02105251.JPEG,1.99851667881012,0.1828182786703109,4.57215690612793,1.815698400139809
226,ILSVRC2012_val_00010255_n02105251.JPEG,ILSVRC2012_val_00040386_n02105251.JPEG,0.0492699071764946,2.0460031032562256,4.324404239654541,1.996733196079731
226,ILSVRC2012_val_00020177_n02105251.JPEG,ILSVRC2012_val_00041178_n02105251.JPEG,0.0300698541104793,2.950263023376465,3.1965949535369877,2.9201931692659855
227,ILSVRC2012_val_00037290_n02105412.JPEG,ILSVRC2012_val_00003545_n02105412.JPEG,1.704750657081604,0.4905581772327423,2.596987724304199,1.2141924798488617
227,ILSVRC2012_val_00011765_n02105412.JPEG,ILSVRC2012_val_00034997_n02105412.JPEG,1.4411349296569824,2.739738702774048,2.828829288482666,1.2986037731170654
227,ILSVRC2012_val_00032826_n02105412.JPEG,ILSVRC2012_val_00049826_n02105412.JPEG,0.0159002505242824,1.5855461359024048,1.5855461359024048,1.5696458853781223
227,ILSVRC2012_val_00017234_n02105412.JPEG,ILSVRC2012_val_00013287_n02105412.JPEG,2.815882682800293,4.492269515991211,5.900363922119141,1.676386833190918
227,ILSVRC2012_val_00027094_n02105412.JPEG,ILSVRC2012_val_00016191_n02105412.JPEG,2.360495090484619,4.450754642486572,4.8081159591674805,2.090259552001953
228,ILSVRC2012_val_00043383_n02105505.JPEG,ILSVRC2012_val_00034880_n02105505.JPEG,0.0069662313908338,0.0033395492937415,0.0300518088042736,0.0036266820970923
228,ILSVRC2012_val_00029359_n02105505.JPEG,ILSVRC2012_val_00023582_n02105505.JPEG,0.2098378837108612,0.0232668761163949,0.734215259552002,0.18657100759446632
228,ILSVRC2012_val_00042220_n02105505.JPEG,ILSVRC2012_val_00027643_n02105505.JPEG,0.0160163976252079,0.329227477312088,1.4867216348648071,0.3132110796868801
228,ILSVRC2012_val_00029820_n02105505.JPEG,ILSVRC2012_val_00007534_n02105505.JPEG,0.0109080225229263,0.357230395078659,0.3953585028648376,0.3463223725557327
228,ILSVRC2012_val_00029354_n02105505.JPEG,ILSVRC2012_val_00014973_n02105505.JPEG,0.8215535879135132,0.0378636345267295,2.8564882278442383,0.7836899533867837
229,ILSVRC2012_val_00043393_n02105641.JPEG,ILSVRC2012_val_00004361_n02105641.JPEG,0.1486330926418304,0.0268301386386156,0.8738225698471069,0.12180295400321478
229,ILSVRC2012_val_00022429_n02105641.JPEG,ILSVRC2012_val_00025395_n02105641.JPEG,0.0268332716077566,0.3423111140727997,0.847529947757721,0.31547784246504307
229,ILSVRC2012_val_00041351_n02105641.JPEG,ILSVRC2012_val_00013007_n02105641.JPEG,1.1230651140213013,1.4945220947265625,7.325940608978271,0.37145698070526123
229,ILSVRC2012_val_00028464_n02105641.JPEG,ILSVRC2012_val_00004008_n02105641.JPEG,1.2958142757415771,0.9165083169937134,5.766441822052002,0.37930595874786377
229,ILSVRC2012_val_00049064_n02105641.JPEG,ILSVRC2012_val_00030831_n02105641.JPEG,0.0194747298955917,0.5952296257019043,0.6979243755340576,0.5757548958063126
230,ILSVRC2012_val_00003872_n02105855.JPEG,ILSVRC2012_val_00015329_n02105855.JPEG,0.3134961426258087,0.2379922866821289,0.6641717553138733,0.07550385594367981
230,ILSVRC2012_val_00004631_n02105855.JPEG,ILSVRC2012_val_00001147_n02105855.JPEG,0.4547620415687561,0.5517852306365967,1.6128463745117188,0.09702318906784058
230,ILSVRC2012_val_00014923_n02105855.JPEG,ILSVRC2012_val_00027445_n02105855.JPEG,0.3773927688598633,0.5233979225158691,2.188516616821289,0.14600515365600586
230,ILSVRC2012_val_00006114_n02105855.JPEG,ILSVRC2012_val_00041339_n02105855.JPEG,0.5288575887680054,0.173091173171997,0.761014997959137,0.3557664155960084
230,ILSVRC2012_val_00032656_n02105855.JPEG,ILSVRC2012_val_00001971_n02105855.JPEG,0.0908462703227996,0.9200254082679749,1.6588141918182373,0.8291791379451753
231,ILSVRC2012_val_00006330_n02106030.JPEG,ILSVRC2012_val_00019767_n02106030.JPEG,0.2728163301944732,0.2034667134284973,0.9831105470657348,0.06934961676597592
231,ILSVRC2012_val_00038789_n02106030.JPEG,ILSVRC2012_val_00009055_n02106030.JPEG,0.2097892612218856,0.3446031212806701,0.3541361391544342,0.1348138600587845
231,ILSVRC2012_val_00038745_n02106030.JPEG,ILSVRC2012_val_00036543_n02106030.JPEG,1.4328744411468506,1.714319944381714,2.3082804679870605,0.2814455032348635
231,ILSVRC2012_val_00019517_n02106030.JPEG,ILSVRC2012_val_00036097_n02106030.JPEG,0.2745404839515686,0.6128421425819397,0.6128421425819397,0.3383016586303711
231,ILSVRC2012_val_00036360_n02106030.JPEG,ILSVRC2012_val_00046974_n02106030.JPEG,0.7103598117828369,0.1091819480061531,1.1176738739013672,0.6011778637766838
232,ILSVRC2012_val_00001900_n02106166.JPEG,ILSVRC2012_val_00043367_n02106166.JPEG,1.1794265508651731,0.987393856048584,4.08683443069458,0.19203269481658913
232,ILSVRC2012_val_00049942_n02106166.JPEG,ILSVRC2012_val_00033192_n02106166.JPEG,0.3093096613883972,0.6195340156555176,2.0617802143096924,0.31022435426712036
232,ILSVRC2012_val_00016263_n02106166.JPEG,ILSVRC2012_val_00021489_n02106166.JPEG,0.1878930926322937,0.5649689435958862,0.8981562852859497,0.37707585096359253
232,ILSVRC2012_val_00007837_n02106166.JPEG,ILSVRC2012_val_00031093_n02106166.JPEG,1.2544183731079102,0.695835530757904,3.007069826126098,0.5585828423500061
232,ILSVRC2012_val_00003734_n02106166.JPEG,ILSVRC2012_val_00011457_n02106166.JPEG,0.7062660455703735,1.481720209121704,1.481720209121704,0.7754541635513306
233,ILSVRC2012_val_00022590_n02106382.JPEG,ILSVRC2012_val_00015858_n02106382.JPEG,0.1943986862897873,0.1488969027996063,1.525184154510498,0.045501783490181
233,ILSVRC2012_val_00007165_n02106382.JPEG,ILSVRC2012_val_00035699_n02106382.JPEG,0.1903630197048187,0.4626080989837646,1.3974549770355225,0.2722450792789459
233,ILSVRC2012_val_00009547_n02106382.JPEG,ILSVRC2012_val_00032290_n02106382.JPEG,0.559853196144104,0.2156621068716049,0.559853196144104,0.3441910892724991
233,ILSVRC2012_val_00022843_n02106382.JPEG,ILSVRC2012_val_00046212_n02106382.JPEG,1.260414481163025,0.6135063171386719,1.451951503753662,0.646908164024353
233,ILSVRC2012_val_00033579_n02106382.JPEG,ILSVRC2012_val_00006970_n02106382.JPEG,0.0658684000372886,0.9101783037185668,1.5865486860275269,0.8443099036812782
234,ILSVRC2012_val_00032554_n02106550.JPEG,ILSVRC2012_val_00012856_n02106550.JPEG,0.1342111974954605,0.230279266834259,2.3848116397857666,0.0960680693387985
234,ILSVRC2012_val_00028736_n02106550.JPEG,ILSVRC2012_val_00034429_n02106550.JPEG,0.4308778643608093,0.5693987607955933,3.023982524871826,0.13852089643478394
234,ILSVRC2012_val_00036110_n02106550.JPEG,ILSVRC2012_val_00005351_n02106550.JPEG,0.0340443924069404,0.31928351521492,1.1793869733810425,0.2852391228079796
234,ILSVRC2012_val_00033334_n02106550.JPEG,ILSVRC2012_val_00010059_n02106550.JPEG,0.0111062191426754,0.503468930721283,2.0542120933532715,0.49236271157860756
234,ILSVRC2012_val_00036964_n02106550.JPEG,ILSVRC2012_val_00015333_n02106550.JPEG,0.953566074371338,0.3751905858516693,1.3656660318374634,0.5783754885196687
235,ILSVRC2012_val_00012203_n02106662.JPEG,ILSVRC2012_val_00001684_n02106662.JPEG,0.054387591779232,0.0262839589267969,1.6823608875274658,0.028103632852435098
235,ILSVRC2012_val_00021704_n02106662.JPEG,ILSVRC2012_val_00048403_n02106662.JPEG,0.3697346448898315,0.1182486414909362,3.252474784851074,0.25148600339889526
235,ILSVRC2012_val_00013467_n02106662.JPEG,ILSVRC2012_val_00043054_n02106662.JPEG,0.2913927435874939,0.0263251792639493,0.3302759826183319,0.2650675643235446
235,ILSVRC2012_val_00031857_n02106662.JPEG,ILSVRC2012_val_00031718_n02106662.JPEG,0.8459302186965942,0.1894751340150833,0.9020105004310608,0.6564550846815109
235,ILSVRC2012_val_00014360_n02106662.JPEG,ILSVRC2012_val_00045684_n02106662.JPEG,0.0301967449486255,1.81792676448822,5.068750858306885,1.7877300195395944
236,ILSVRC2012_val_00021350_n02107142.JPEG,ILSVRC2012_val_00021036_n02107142.JPEG,0.1179698333144187,0.0878824964165687,0.9151864051818848,0.030087336897849995
236,ILSVRC2012_val_00016401_n02107142.JPEG,ILSVRC2012_val_00033404_n02107142.JPEG,0.0551984421908855,0.3259343802928924,1.0490100383758545,0.2707359381020069
236,ILSVRC2012_val_00043074_n02107142.JPEG,ILSVRC2012_val_00030698_n02107142.JPEG,0.5388718247413635,1.101146578788757,3.848430395126343,0.5622747540473936
236,ILSVRC2012_val_00014378_n02107142.JPEG,ILSVRC2012_val_00022474_n02107142.JPEG,0.1171413213014602,1.0662028789520264,3.2143540382385254,0.9490615576505662
236,ILSVRC2012_val_00000134_n02107142.JPEG,ILSVRC2012_val_00017646_n02107142.JPEG,1.815596342086792,0.1377775520086288,3.159621000289917,1.6778187900781631
237,ILSVRC2012_val_00043723_n02107312.JPEG,ILSVRC2012_val_00039460_n02107312.JPEG,0.4966617822647095,0.5598170161247253,0.7349162697792053,0.06315523386001587
237,ILSVRC2012_val_00037164_n02107312.JPEG,ILSVRC2012_val_00014780_n02107312.JPEG,0.2830793261528015,0.1454243659973144,1.3797028064727783,0.13765496015548712
237,ILSVRC2012_val_00041031_n02107312.JPEG,ILSVRC2012_val_00027035_n02107312.JPEG,0.2587090134620666,2.533530712127685,2.644875288009644,2.2748216986656185
237,ILSVRC2012_val_00026713_n02107312.JPEG,ILSVRC2012_val_00016577_n02107312.JPEG,3.511873245239258,0.099722146987915,3.892123460769653,3.4121510982513428
237,ILSVRC2012_val_00004733_n02107312.JPEG,ILSVRC2012_val_00015511_n02107312.JPEG,0.8322196006774902,4.513105869293213,4.79047966003418,3.6808862686157227
238,ILSVRC2012_val_00006191_n02107574.JPEG,ILSVRC2012_val_00025684_n02107574.JPEG,1.491152048110962,1.6975178718566897,1.720057249069214,0.20636582374572776
238,ILSVRC2012_val_00040869_n02107574.JPEG,ILSVRC2012_val_00011198_n02107574.JPEG,1.4000942707061768,1.10541033744812,5.509201526641846,0.29468393325805686
238,ILSVRC2012_val_00019080_n02107574.JPEG,ILSVRC2012_val_00033915_n02107574.JPEG,1.989885091781616,2.8074636459350586,2.995790481567383,0.8175785541534426
238,ILSVRC2012_val_00011947_n02107574.JPEG,ILSVRC2012_val_00034747_n02107574.JPEG,1.5003429651260376,0.5921004414558411,1.5003429651260376,0.9082425236701965
238,ILSVRC2012_val_00012839_n02107574.JPEG,ILSVRC2012_val_00004666_n02107574.JPEG,1.6339707374572754,0.6824036836624146,4.820162773132324,0.9515670537948608
239,ILSVRC2012_val_00025474_n02107683.JPEG,ILSVRC2012_val_00022520_n02107683.JPEG,1.6195399761199951,1.500960111618042,6.057972431182861,0.11857986450195312
239,ILSVRC2012_val_00036682_n02107683.JPEG,ILSVRC2012_val_00010786_n02107683.JPEG,0.6005032062530518,0.3117138147354126,1.3854650259017944,0.28878939151763916
239,ILSVRC2012_val_00035665_n02107683.JPEG,ILSVRC2012_val_00049893_n02107683.JPEG,0.9943479895591736,0.1980959624052047,1.1928772926330566,0.7962520271539689
239,ILSVRC2012_val_00007535_n02107683.JPEG,ILSVRC2012_val_00016462_n02107683.JPEG,0.0277846865355968,1.1240415573120115,7.113124847412109,1.0962568707764146
239,ILSVRC2012_val_00007086_n02107683.JPEG,ILSVRC2012_val_00002708_n02107683.JPEG,1.809926152229309,0.0799254328012466,2.499998092651367,1.7300007194280624
240,ILSVRC2012_val_00042339_n02107908.JPEG,ILSVRC2012_val_00030786_n02107908.JPEG,2.447721481323242,2.711392641067505,2.923198938369751,0.2636711597442627
240,ILSVRC2012_val_00000758_n02107908.JPEG,ILSVRC2012_val_00018577_n02107908.JPEG,1.4740511178970337,1.036465406417847,3.564499616622925,0.4375857114791868
240,ILSVRC2012_val_00025496_n02107908.JPEG,ILSVRC2012_val_00044462_n02107908.JPEG,1.1961201429367063,2.005347490310669,5.361729621887207,0.8092273473739626
240,ILSVRC2012_val_00006168_n02107908.JPEG,ILSVRC2012_val_00034931_n02107908.JPEG,1.938150644302368,0.9743485450744628,3.160830497741699,0.9638020992279052
240,ILSVRC2012_val_00000594_n02107908.JPEG,ILSVRC2012_val_00013876_n02107908.JPEG,2.472670316696167,1.4628093242645264,2.7049520015716557,1.0098609924316406
241,ILSVRC2012_val_00016951_n02108000.JPEG,ILSVRC2012_val_00006920_n02108000.JPEG,0.3283326923847198,0.3505890965461731,0.4767126142978668,0.022256404161453303
241,ILSVRC2012_val_00002277_n02108000.JPEG,ILSVRC2012_val_00044356_n02108000.JPEG,0.6825464367866516,0.5183039903640747,2.8197476863861084,0.1642424464225769
241,ILSVRC2012_val_00001872_n02108000.JPEG,ILSVRC2012_val_00005283_n02108000.JPEG,0.4438586831092834,0.6540567874908447,1.1340243816375732,0.21019810438156133
241,ILSVRC2012_val_00028922_n02108000.JPEG,ILSVRC2012_val_00033595_n02108000.JPEG,0.5138238072395325,0.1082981973886489,2.2720391750335693,0.4055256098508836
241,ILSVRC2012_val_00012740_n02108000.JPEG,ILSVRC2012_val_00041306_n02108000.JPEG,0.7201848030090332,0.1883213520050048,0.7201848030090332,0.5318634510040284
242,ILSVRC2012_val_00016299_n02108089.JPEG,ILSVRC2012_val_00031818_n02108089.JPEG,0.1414444595575332,0.0546615608036518,0.2380855828523636,0.0867828987538814
242,ILSVRC2012_val_00049570_n02108089.JPEG,ILSVRC2012_val_00037916_n02108089.JPEG,0.2414132207632064,0.1502582132816314,0.8219588994979858,0.09115500748157501
242,ILSVRC2012_val_00005495_n02108089.JPEG,ILSVRC2012_val_00018604_n02108089.JPEG,3.094759941101074,2.4080164432525635,3.094759941101074,0.6867434978485107
242,ILSVRC2012_val_00009189_n02108089.JPEG,ILSVRC2012_val_00035275_n02108089.JPEG,2.62125563621521,1.232636570930481,8.138467788696289,1.388619065284729
242,ILSVRC2012_val_00031314_n02108089.JPEG,ILSVRC2012_val_00023231_n02108089.JPEG,0.1106186509132385,3.9963321685791016,4.861470699310303,3.885713517665863
243,ILSVRC2012_val_00008003_n02108422.JPEG,ILSVRC2012_val_00023105_n02108422.JPEG,0.0873411446809768,0.1587354391813278,1.6001622676849363,0.071394294500351
243,ILSVRC2012_val_00011349_n02108422.JPEG,ILSVRC2012_val_00043641_n02108422.JPEG,0.1966557055711746,0.3051698207855224,2.053394556045532,0.10851411521434781
243,ILSVRC2012_val_00003022_n02108422.JPEG,ILSVRC2012_val_00000975_n02108422.JPEG,0.2747183740139007,0.1236003413796424,0.7193713188171387,0.1511180326342583
243,ILSVRC2012_val_00025180_n02108422.JPEG,ILSVRC2012_val_00037811_n02108422.JPEG,0.800545871257782,0.24411241710186,1.5522181987762451,0.5564334541559219
243,ILSVRC2012_val_00025536_n02108422.JPEG,ILSVRC2012_val_00049901_n02108422.JPEG,1.1846979856491089,0.3117167055606842,4.06732177734375,0.8729812800884247
244,ILSVRC2012_val_00010729_n02108551.JPEG,ILSVRC2012_val_00037388_n02108551.JPEG,0.0070557240396738,0.0139471655711531,0.0900217741727829,0.0068914415314793
244,ILSVRC2012_val_00039200_n02108551.JPEG,ILSVRC2012_val_00039687_n02108551.JPEG,0.0563050359487533,0.0393228009343147,0.1674085259437561,0.0169822350144386
244,ILSVRC2012_val_00023737_n02108551.JPEG,ILSVRC2012_val_00042391_n02108551.JPEG,0.0090787699446082,0.0912385135889053,0.1671592444181442,0.08215974364429711
244,ILSVRC2012_val_00013263_n02108551.JPEG,ILSVRC2012_val_00023750_n02108551.JPEG,0.5012099742889404,0.2253802716732025,3.553014039993286,0.2758297026157379
244,ILSVRC2012_val_00017006_n02108551.JPEG,ILSVRC2012_val_00008214_n02108551.JPEG,0.3529089689254761,0.0066051017493009,0.4567878246307373,0.3463038671761752
245,ILSVRC2012_val_00040645_n02108915.JPEG,ILSVRC2012_val_00047896_n02108915.JPEG,0.137601688504219,0.067991979420185,7.026771545410156,0.069609709084034
245,ILSVRC2012_val_00040947_n02108915.JPEG,ILSVRC2012_val_00014115_n02108915.JPEG,0.0438361316919326,0.1745363175868988,0.3678192496299743,0.1307001858949662
245,ILSVRC2012_val_00026558_n02108915.JPEG,ILSVRC2012_val_00032658_n02108915.JPEG,0.1750157624483108,0.044091559946537,0.9054579734802246,0.1309242025017738
245,ILSVRC2012_val_00003938_n02108915.JPEG,ILSVRC2012_val_00013155_n02108915.JPEG,0.5125625133514404,0.2046736925840377,1.4794461727142334,0.30788882076740276
245,ILSVRC2012_val_00005327_n02108915.JPEG,ILSVRC2012_val_00027220_n02108915.JPEG,0.0938725844025611,0.8319312334060669,1.1833491325378418,0.7380586490035058
246,ILSVRC2012_val_00036231_n02109047.JPEG,ILSVRC2012_val_00041514_n02109047.JPEG,1.1338727474212646,1.0743716955184937,2.441303968429565,0.059501051902770996
246,ILSVRC2012_val_00032160_n02109047.JPEG,ILSVRC2012_val_00014257_n02109047.JPEG,0.1056950315833091,0.4494945406913757,3.9144368171691895,0.34379950910806656
246,ILSVRC2012_val_00049435_n02109047.JPEG,ILSVRC2012_val_00028932_n02109047.JPEG,1.582026720046997,0.6346173882484436,4.238481521606445,0.9474093317985535
246,ILSVRC2012_val_00034748_n02109047.JPEG,ILSVRC2012_val_00035579_n02109047.JPEG,3.0797314643859863,1.472354292869568,3.0797314643859863,1.6073771715164182
246,ILSVRC2012_val_00017636_n02109047.JPEG,ILSVRC2012_val_00023076_n02109047.JPEG,0.7980138063430786,3.1050055027008057,3.975048303604126,2.306991696357727
247,ILSVRC2012_val_00026467_n02109525.JPEG,ILSVRC2012_val_00047275_n02109525.JPEG,0.0268502160906791,0.0888521969318389,0.1047616079449653,0.06200198084115981
247,ILSVRC2012_val_00001937_n02109525.JPEG,ILSVRC2012_val_00037970_n02109525.JPEG,0.1628746688365936,0.2312011122703552,3.619165182113648,0.0683264434337616
247,ILSVRC2012_val_00041049_n02109525.JPEG,ILSVRC2012_val_00042853_n02109525.JPEG,0.1301571130752563,0.0173354409635067,0.1301571130752563,0.1128216721117496
247,ILSVRC2012_val_00002319_n02109525.JPEG,ILSVRC2012_val_00048980_n02109525.JPEG,0.1606746315956115,0.0079245455563068,0.1606746315956115,0.15275008603930468
247,ILSVRC2012_val_00022633_n02109525.JPEG,ILSVRC2012_val_00034243_n02109525.JPEG,0.0292090717703104,0.2695672512054443,0.7187977433204651,0.24035817943513388
248,ILSVRC2012_val_00032991_n02109961.JPEG,ILSVRC2012_val_00049841_n02109961.JPEG,0.5805961489677429,0.7263233661651611,1.162665605545044,0.1457272171974182
248,ILSVRC2012_val_00005521_n02109961.JPEG,ILSVRC2012_val_00046423_n02109961.JPEG,1.0044934749603271,0.8354541063308716,1.1661972999572754,0.16903936862945557
248,ILSVRC2012_val_00006059_n02109961.JPEG,ILSVRC2012_val_00014701_n02109961.JPEG,1.3307833671569824,0.9507007002830504,1.944912791252136,0.380082666873932
248,ILSVRC2012_val_00022485_n02109961.JPEG,ILSVRC2012_val_00028523_n02109961.JPEG,0.755048930644989,1.4716496467590332,3.462083339691162,0.7166007161140442
248,ILSVRC2012_val_00014246_n02109961.JPEG,ILSVRC2012_val_00005446_n02109961.JPEG,1.6136430501937866,0.8125148415565491,2.1870651245117188,0.8011282086372375
249,ILSVRC2012_val_00034036_n02110063.JPEG,ILSVRC2012_val_00003745_n02110063.JPEG,0.4031974971294403,0.180590271949768,1.4598833322525024,0.2226072251796723
249,ILSVRC2012_val_00040096_n02110063.JPEG,ILSVRC2012_val_00006052_n02110063.JPEG,0.1908699125051498,0.557723343372345,1.6844373941421509,0.36685343086719513
249,ILSVRC2012_val_00007216_n02110063.JPEG,ILSVRC2012_val_00009416_n02110063.JPEG,1.1011441946029663,0.6785756349563599,3.894331932067871,0.42256855964660645
249,ILSVRC2012_val_00039402_n02110063.JPEG,ILSVRC2012_val_00038751_n02110063.JPEG,1.1681032180786133,0.4820024371147156,1.268595814704895,0.6861007809638977
249,ILSVRC2012_val_00040535_n02110063.JPEG,ILSVRC2012_val_00028402_n02110063.JPEG,4.798579216003418,1.258973240852356,5.320383071899414,3.539605975151062
250,ILSVRC2012_val_00007512_n02110185.JPEG,ILSVRC2012_val_00041840_n02110185.JPEG,0.9706724882125854,0.9440655708312988,1.128004550933838,0.02660691738128662
250,ILSVRC2012_val_00002283_n02110185.JPEG,ILSVRC2012_val_00033039_n02110185.JPEG,0.60616534948349,0.8407148718833923,0.9012563228607178,0.23454952239990234
250,ILSVRC2012_val_00006539_n02110185.JPEG,ILSVRC2012_val_00013828_n02110185.JPEG,0.6573969721794128,0.945579707622528,0.945579707622528,0.2881827354431151
250,ILSVRC2012_val_00026086_n02110185.JPEG,ILSVRC2012_val_00046687_n02110185.JPEG,0.6588470339775085,0.9555395841598512,1.5066550970077517,0.29669255018234264
250,ILSVRC2012_val_00047342_n02110185.JPEG,ILSVRC2012_val_00044573_n02110185.JPEG,0.5786709785461426,1.8267742395401,2.669144630432129,1.2481032609939575
251,ILSVRC2012_val_00030476_n02110341.JPEG,ILSVRC2012_val_00004634_n02110341.JPEG,0.0137357730418443,0.0035765508655458,0.2407927513122558,0.0101592221762985
251,ILSVRC2012_val_00021493_n02110341.JPEG,ILSVRC2012_val_00013848_n02110341.JPEG,0.0183455571532249,0.0067306240089237,0.0709974393248558,0.0116149331443012
251,ILSVRC2012_val_00040598_n02110341.JPEG,ILSVRC2012_val_00020023_n02110341.JPEG,0.1062885001301765,0.0512135997414588,0.4314514100551605,0.0550749003887177
251,ILSVRC2012_val_00033418_n02110341.JPEG,ILSVRC2012_val_00009602_n02110341.JPEG,0.0312993340194225,0.1013549864292144,0.4730687141418457,0.07005565240979189
251,ILSVRC2012_val_00049511_n02110341.JPEG,ILSVRC2012_val_00020015_n02110341.JPEG,0.0107860891148447,0.1349509954452514,0.4852749407291412,0.12416490633040671
252,ILSVRC2012_val_00045250_n02110627.JPEG,ILSVRC2012_val_00008653_n02110627.JPEG,0.0520660690963268,0.0154944444075226,0.4777637124061584,0.0365716246888042
252,ILSVRC2012_val_00005489_n02110627.JPEG,ILSVRC2012_val_00005785_n02110627.JPEG,0.1245484575629234,0.1614995002746582,0.3383781015872955,0.0369510427117348
252,ILSVRC2012_val_00029923_n02110627.JPEG,ILSVRC2012_val_00012437_n02110627.JPEG,0.032885655760765,0.1049390435218811,1.6535968780517578,0.07205338776111611
252,ILSVRC2012_val_00041953_n02110627.JPEG,ILSVRC2012_val_00014145_n02110627.JPEG,0.947157084941864,0.504913866519928,4.669467926025391,0.44224321842193604
252,ILSVRC2012_val_00014698_n02110627.JPEG,ILSVRC2012_val_00014203_n02110627.JPEG,0.9859361052513124,0.0902060940861702,2.241084098815918,0.8957300111651422
253,ILSVRC2012_val_00025187_n02110806.JPEG,ILSVRC2012_val_00027839_n02110806.JPEG,0.0545418001711368,0.0574759095907211,1.0319201946258545,0.002934109419584302
253,ILSVRC2012_val_00039498_n02110806.JPEG,ILSVRC2012_val_00010970_n02110806.JPEG,0.2976690828800201,0.2043615132570266,0.6962446570396423,0.0933075696229935
253,ILSVRC2012_val_00010686_n02110806.JPEG,ILSVRC2012_val_00043319_n02110806.JPEG,0.956581711769104,0.6977508068084717,1.3248943090438845,0.2588309049606323
253,ILSVRC2012_val_00043813_n02110806.JPEG,ILSVRC2012_val_00047411_n02110806.JPEG,0.0653591006994247,0.3705220520496368,1.1796282529830933,0.3051629513502121
253,ILSVRC2012_val_00035890_n02110806.JPEG,ILSVRC2012_val_00007695_n02110806.JPEG,0.4644190073013305,0.068639189004898,1.372561812400818,0.3957798182964325
254,ILSVRC2012_val_00031219_n02110958.JPEG,ILSVRC2012_val_00043817_n02110958.JPEG,0.0988794490694999,0.0917704701423645,0.7146387100219727,0.007108978927135398
254,ILSVRC2012_val_00017938_n02110958.JPEG,ILSVRC2012_val_00013622_n02110958.JPEG,0.0562012493610382,0.0394331663846969,0.2633414566516876,0.016768082976341303
254,ILSVRC2012_val_00045204_n02110958.JPEG,ILSVRC2012_val_00034267_n02110958.JPEG,0.0223983507603406,0.1348776668310165,1.1334701776504517,0.1124793160706759
254,ILSVRC2012_val_00015395_n02110958.JPEG,ILSVRC2012_val_00032117_n02110958.JPEG,0.0142839131876826,0.1691636145114898,4.1996660232543945,0.1548797013238072
254,ILSVRC2012_val_00039291_n02110958.JPEG,ILSVRC2012_val_00028895_n02110958.JPEG,0.0318616069853305,0.4338322281837463,3.391191005706787,0.40197062119841576
255,ILSVRC2012_val_00019715_n02111129.JPEG,ILSVRC2012_val_00043491_n02111129.JPEG,0.008455665782094,0.0059900525957345,0.0983385145664215,0.0024656131863595
255,ILSVRC2012_val_00030170_n02111129.JPEG,ILSVRC2012_val_00040802_n02111129.JPEG,0.0438017882406711,0.0228303782641887,2.228705406188965,0.020971409976482402
255,ILSVRC2012_val_00038690_n02111129.JPEG,ILSVRC2012_val_00038896_n02111129.JPEG,0.0036832129117101,0.0295409504324197,0.2792190611362457,0.0258577375207096
255,ILSVRC2012_val_00048080_n02111129.JPEG,ILSVRC2012_val_00033449_n02111129.JPEG,0.1253605484962463,0.0074901701882481,2.043703556060791,0.11787037830799821
255,ILSVRC2012_val_00025253_n02111129.JPEG,ILSVRC2012_val_00028755_n02111129.JPEG,0.1241109445691108,0.0051323566585779,0.4951182603836059,0.1189785879105329
256,ILSVRC2012_val_00021356_n02111277.JPEG,ILSVRC2012_val_00024148_n02111277.JPEG,0.0868843123316764,0.1084920167922973,6.243276596069336,0.021607704460620894
256,ILSVRC2012_val_00016001_n02111277.JPEG,ILSVRC2012_val_00049046_n02111277.JPEG,0.8077453970909119,0.878575325012207,2.825252056121826,0.07082992792129517
256,ILSVRC2012_val_00034681_n02111277.JPEG,ILSVRC2012_val_00027399_n02111277.JPEG,0.3907407522201538,0.143660232424736,1.2135586738586426,0.2470805197954178
256,ILSVRC2012_val_00038018_n02111277.JPEG,ILSVRC2012_val_00023569_n02111277.JPEG,0.0409484058618545,0.572044312953949,1.0901073217391968,0.5310959070920944
256,ILSVRC2012_val_00026718_n02111277.JPEG,ILSVRC2012_val_00021777_n02111277.JPEG,6.4749836921691895,3.4370017051696777,6.491631507873535,3.0379819869995117
257,ILSVRC2012_val_00034567_n02111500.JPEG,ILSVRC2012_val_00020191_n02111500.JPEG,0.1194760724902153,0.1339392066001892,0.6803216934204102,0.014463134109973907
257,ILSVRC2012_val_00036075_n02111500.JPEG,ILSVRC2012_val_00022390_n02111500.JPEG,0.9976205825805664,1.1244428157806396,2.0939643383026123,0.12682223320007324
257,ILSVRC2012_val_00016369_n02111500.JPEG,ILSVRC2012_val_00046044_n02111500.JPEG,0.6622384786605835,0.4993960559368133,1.9710161685943604,0.1628424227237702
257,ILSVRC2012_val_00006232_n02111500.JPEG,ILSVRC2012_val_00004450_n02111500.JPEG,1.188995122909546,0.8687704801559448,3.0774073600769043,0.3202246427536011
257,ILSVRC2012_val_00045598_n02111500.JPEG,ILSVRC2012_val_00023003_n02111500.JPEG,1.183743953704834,0.8202707171440125,3.617973804473877,0.36347323656082153
258,ILSVRC2012_val_00013501_n02111889.JPEG,ILSVRC2012_val_00033280_n02111889.JPEG,0.0496123246848583,0.0670603513717651,0.149016872048378,0.017448026686906794
258,ILSVRC2012_val_00038550_n02111889.JPEG,ILSVRC2012_val_00026186_n02111889.JPEG,0.06287332624197,0.1801985204219818,0.4707546830177307,0.1173251941800118
258,ILSVRC2012_val_00003490_n02111889.JPEG,ILSVRC2012_val_00015430_n02111889.JPEG,0.1702391654253006,0.0233336109668016,4.253621578216553,0.146905554458499
258,ILSVRC2012_val_00022266_n02111889.JPEG,ILSVRC2012_val_00035585_n02111889.JPEG,0.3387073576450348,0.147924318909645,0.7697330117225647,0.1907830387353898
258,ILSVRC2012_val_00041759_n02111889.JPEG,ILSVRC2012_val_00021632_n02111889.JPEG,0.8758112192153931,0.2012585550546646,1.2180176973342896,0.6745526641607285
259,ILSVRC2012_val_00043141_n02112018.JPEG,ILSVRC2012_val_00045249_n02112018.JPEG,0.0206269174814224,0.0822892040014267,0.364193707704544,0.0616622865200043
259,ILSVRC2012_val_00023801_n02112018.JPEG,ILSVRC2012_val_00025677_n02112018.JPEG,0.1909825801849365,0.0999297127127647,2.958928346633911,0.0910528674721718
259,ILSVRC2012_val_00044585_n02112018.JPEG,ILSVRC2012_val_00034667_n02112018.JPEG,0.1808438003063202,0.2898194193840027,0.5282078981399536,0.1089756190776825
259,ILSVRC2012_val_00005073_n02112018.JPEG,ILSVRC2012_val_00020488_n02112018.JPEG,0.2025967985391616,0.086856223642826,3.332316875457764,0.1157405748963356
259,ILSVRC2012_val_00039662_n02112018.JPEG,ILSVRC2012_val_00002958_n02112018.JPEG,0.5100133419036865,0.0867626667022705,2.6051058769226074,0.423250675201416
260,ILSVRC2012_val_00034735_n02112137.JPEG,ILSVRC2012_val_00042095_n02112137.JPEG,0.0667340084910392,0.0658427253365516,0.2386642694473266,0.0008912831544876099
260,ILSVRC2012_val_00042148_n02112137.JPEG,ILSVRC2012_val_00042887_n02112137.JPEG,0.1137934997677803,0.1229637265205383,2.143959045410156,0.009170226752757998
260,ILSVRC2012_val_00020728_n02112137.JPEG,ILSVRC2012_val_00010943_n02112137.JPEG,0.087716095149517,0.0292059443891048,0.2359050959348678,0.0585101507604122
260,ILSVRC2012_val_00028936_n02112137.JPEG,ILSVRC2012_val_00030595_n02112137.JPEG,0.0252430103719234,0.1451963484287262,1.4338330030441284,0.11995333805680279
260,ILSVRC2012_val_00043838_n02112137.JPEG,ILSVRC2012_val_00006416_n02112137.JPEG,0.7710935473442078,0.9123578071594238,1.861759185791016,0.14126425981521606
261,ILSVRC2012_val_00002749_n02112350.JPEG,ILSVRC2012_val_00034419_n02112350.JPEG,0.0503504276275634,0.0271126888692379,0.0503504276275634,0.0232377387583255
261,ILSVRC2012_val_00021389_n02112350.JPEG,ILSVRC2012_val_00013160_n02112350.JPEG,0.043727621436119,0.017612487077713,0.1024243906140327,0.026115134358406004
261,ILSVRC2012_val_00027121_n02112350.JPEG,ILSVRC2012_val_00043417_n02112350.JPEG,0.0507013164460659,0.0244328528642654,0.1666124314069748,0.026268463581800502
261,ILSVRC2012_val_00023816_n02112350.JPEG,ILSVRC2012_val_00047515_n02112350.JPEG,0.0081108007580041,0.0368305407464504,0.0459321662783622,0.028719739988446305
261,ILSVRC2012_val_00026812_n02112350.JPEG,ILSVRC2012_val_00035417_n02112350.JPEG,0.0113888857886195,0.1135299429297447,1.2293972969055176,0.1021410571411252
262,ILSVRC2012_val_00001925_n02112706.JPEG,ILSVRC2012_val_00044473_n02112706.JPEG,0.0123754711821675,0.1026503294706344,0.703565239906311,0.0902748582884669
262,ILSVRC2012_val_00003327_n02112706.JPEG,ILSVRC2012_val_00029646_n02112706.JPEG,0.2179200053215026,0.0147027792409062,0.8631289005279541,0.2032172260805964
262,ILSVRC2012_val_00016964_n02112706.JPEG,ILSVRC2012_val_00044772_n02112706.JPEG,0.8196743726730347,0.0515961125493049,7.321361541748047,0.7680782601237298
262,ILSVRC2012_val_00042912_n02112706.JPEG,ILSVRC2012_val_00008335_n02112706.JPEG,1.9448237419128416,0.7030075788497925,1.9448237419128416,1.241816163063049
262,ILSVRC2012_val_00029152_n02112706.JPEG,ILSVRC2012_val_00048436_n02112706.JPEG,1.9843803644180296,0.1910184323787689,6.618654727935791,1.7933619320392606
263,ILSVRC2012_val_00027856_n02113023.JPEG,ILSVRC2012_val_00045593_n02113023.JPEG,0.2516647279262543,0.1651147603988647,1.271127462387085,0.08654996752738958
263,ILSVRC2012_val_00031145_n02113023.JPEG,ILSVRC2012_val_00010244_n02113023.JPEG,1.1979275941848757,1.356581449508667,3.2965123653411865,0.15865385532379128
263,ILSVRC2012_val_00009452_n02113023.JPEG,ILSVRC2012_val_00004129_n02113023.JPEG,0.4481595754623413,0.7897480130195618,1.1337231397628784,0.34158843755722046
263,ILSVRC2012_val_00032854_n02113023.JPEG,ILSVRC2012_val_00045340_n02113023.JPEG,0.9627020359039308,0.2442008554935455,1.7263665199279783,0.7185011804103852
263,ILSVRC2012_val_00003711_n02113023.JPEG,ILSVRC2012_val_00017199_n02113023.JPEG,1.1234859228134155,0.2707500159740448,5.621455669403076,0.8527359068393707
264,ILSVRC2012_val_00013309_n02113186.JPEG,ILSVRC2012_val_00000997_n02113186.JPEG,0.2743478715419769,0.3198200166225433,1.3830797672271729,0.045472145080566406
264,ILSVRC2012_val_00047919_n02113186.JPEG,ILSVRC2012_val_00042210_n02113186.JPEG,0.0665521100163459,0.0141227822750806,0.3122519552707672,0.0524293277412653
264,ILSVRC2012_val_00040725_n02113186.JPEG,ILSVRC2012_val_00043399_n02113186.JPEG,2.788005352020264,2.548168659210205,9.166605949401855,0.23983669281005904
264,ILSVRC2012_val_00008973_n02113186.JPEG,ILSVRC2012_val_00028146_n02113186.JPEG,0.2504112124443054,0.9559687972068788,1.010928750038147,0.7055575847625734
264,ILSVRC2012_val_00016489_n02113186.JPEG,ILSVRC2012_val_00016302_n02113186.JPEG,2.4883720874786377,1.208354949951172,2.824906826019287,1.2800171375274656
265,ILSVRC2012_val_00044727_n02113624.JPEG,ILSVRC2012_val_00003179_n02113624.JPEG,1.2327576875686646,1.3056769371032717,1.444685697555542,0.07291924953460716
265,ILSVRC2012_val_00012610_n02113624.JPEG,ILSVRC2012_val_00031224_n02113624.JPEG,0.3298632800579071,0.1883982717990875,1.8312125205993648,0.1414650082588196
265,ILSVRC2012_val_00014957_n02113624.JPEG,ILSVRC2012_val_00020793_n02113624.JPEG,0.5972896814346313,0.452863484621048,1.7167494297027588,0.14442619681358337
265,ILSVRC2012_val_00023198_n02113624.JPEG,ILSVRC2012_val_00012904_n02113624.JPEG,0.443604975938797,1.0745692253112793,1.2804129123687744,0.6309642493724823
265,ILSVRC2012_val_00015576_n02113624.JPEG,ILSVRC2012_val_00005820_n02113624.JPEG,2.910778522491455,1.033769130706787,3.269992589950561,1.877009391784668
266,ILSVRC2012_val_00031963_n02113712.JPEG,ILSVRC2012_val_00043139_n02113712.JPEG,0.8496311902999878,0.5837152004241943,0.896618664264679,0.26591598987579346
266,ILSVRC2012_val_00009464_n02113712.JPEG,ILSVRC2012_val_00049715_n02113712.JPEG,0.8003398180007935,1.1016165018081665,1.942697048187256,0.30127668380737305
266,ILSVRC2012_val_00021671_n02113712.JPEG,ILSVRC2012_val_00029375_n02113712.JPEG,0.6762558221817017,1.0576472282409668,1.616199970245361,0.38139140605926514
266,ILSVRC2012_val_00002460_n02113712.JPEG,ILSVRC2012_val_00016673_n02113712.JPEG,0.8332284688949585,1.262698769569397,1.7557755708694458,0.4294703006744385
266,ILSVRC2012_val_00026547_n02113712.JPEG,ILSVRC2012_val_00000867_n02113712.JPEG,1.542330026626587,1.022411584854126,2.668905258178711,0.5199184417724609
267,ILSVRC2012_val_00033897_n02113799.JPEG,ILSVRC2012_val_00005936_n02113799.JPEG,0.4040436148643493,0.1579826921224594,1.816367506980896,0.2460609227418899
267,ILSVRC2012_val_00018971_n02113799.JPEG,ILSVRC2012_val_00010688_n02113799.JPEG,0.3800258934497833,0.6548775434494019,3.373359203338623,0.27485164999961853
267,ILSVRC2012_val_00048311_n02113799.JPEG,ILSVRC2012_val_00040088_n02113799.JPEG,0.7976477742195129,0.1802295744419098,4.328258991241455,0.6174181997776031
267,ILSVRC2012_val_00021801_n02113799.JPEG,ILSVRC2012_val_00005238_n02113799.JPEG,0.504363477230072,1.5637712478637695,2.700905561447144,1.0594077706336975
267,ILSVRC2012_val_00007931_n02113799.JPEG,ILSVRC2012_val_00026858_n02113799.JPEG,1.5803861618041992,0.2047181725502014,2.701467514038086,1.3756679892539978
268,ILSVRC2012_val_00013045_n02113978.JPEG,ILSVRC2012_val_00049044_n02113978.JPEG,0.0339622385799884,0.0414128676056861,0.597999632358551,0.007450629025697694
268,ILSVRC2012_val_00011009_n02113978.JPEG,ILSVRC2012_val_00034744_n02113978.JPEG,0.0629098191857338,0.0739802718162536,2.1797118186950684,0.011070452630519811
268,ILSVRC2012_val_00014877_n02113978.JPEG,ILSVRC2012_val_00009673_n02113978.JPEG,0.0042650215327739,0.0540439821779727,1.4191190004348757,0.0497789606451988
268,ILSVRC2012_val_00014928_n02113978.JPEG,ILSVRC2012_val_00009888_n02113978.JPEG,0.0010599239030852,0.2956496179103851,4.127103805541992,0.2945896940072999
268,ILSVRC2012_val_00044187_n02113978.JPEG,ILSVRC2012_val_00037767_n02113978.JPEG,0.5598956346511841,0.1293786615133285,5.759708404541016,0.4305169731378556
269,ILSVRC2012_val_00028990_n02114367.JPEG,ILSVRC2012_val_00016281_n02114367.JPEG,0.375738114118576,0.225591778755188,2.488982915878296,0.150146335363388
269,ILSVRC2012_val_00000912_n02114367.JPEG,ILSVRC2012_val_00001172_n02114367.JPEG,1.872607469558716,1.5694326162338257,1.872607469558716,0.30317485332489036
269,ILSVRC2012_val_00014508_n02114367.JPEG,ILSVRC2012_val_00015625_n02114367.JPEG,1.0673418045043943,0.6793750524520874,2.7658467292785645,0.3879667520523069
269,ILSVRC2012_val_00017773_n02114367.JPEG,ILSVRC2012_val_00002259_n02114367.JPEG,0.1924833506345749,0.6642939448356628,1.1447583436965942,0.47181059420108795
269,ILSVRC2012_val_00041601_n02114367.JPEG,ILSVRC2012_val_00001469_n02114367.JPEG,0.4060547947883606,0.9551312923431396,1.070364236831665,0.549076497554779
270,ILSVRC2012_val_00028165_n02114548.JPEG,ILSVRC2012_val_00000027_n02114548.JPEG,0.1651507467031479,0.1088668182492256,1.003659725189209,0.056283928453922286
270,ILSVRC2012_val_00012800_n02114548.JPEG,ILSVRC2012_val_00025665_n02114548.JPEG,0.1139153018593788,0.2413709759712219,0.2413709759712219,0.1274556741118431
270,ILSVRC2012_val_00037010_n02114548.JPEG,ILSVRC2012_val_00002565_n02114548.JPEG,0.1229350566864013,0.4058206081390381,0.8735460042953491,0.2828855514526368
270,ILSVRC2012_val_00015446_n02114548.JPEG,ILSVRC2012_val_00042172_n02114548.JPEG,0.5115054845809937,0.1040810793638229,0.5832390785217285,0.40742440521717077
270,ILSVRC2012_val_00020076_n02114548.JPEG,ILSVRC2012_val_00022202_n02114548.JPEG,0.915582239627838,1.3305354118347168,3.786311149597168,0.4149531722068788
271,ILSVRC2012_val_00044842_n02114712.JPEG,ILSVRC2012_val_00046849_n02114712.JPEG,0.1173885613679885,0.010856962762773,1.7563414573669434,0.10653159860521551
271,ILSVRC2012_val_00013554_n02114712.JPEG,ILSVRC2012_val_00039939_n02114712.JPEG,2.991294384002685,2.1851391792297363,3.096756219863892,0.8061552047729488
271,ILSVRC2012_val_00036798_n02114712.JPEG,ILSVRC2012_val_00012922_n02114712.JPEG,0.9214613437652588,1.7400791645050049,2.4456069469451904,0.8186178207397461
271,ILSVRC2012_val_00013714_n02114712.JPEG,ILSVRC2012_val_00045702_n02114712.JPEG,2.2259082794189453,0.5557506680488586,3.741222381591797,1.6701576113700867
271,ILSVRC2012_val_00030561_n02114712.JPEG,ILSVRC2012_val_00042706_n02114712.JPEG,0.0026798071339726,1.7807269096374512,2.1112749576568604,1.7780471025034785
272,ILSVRC2012_val_00006092_n02114855.JPEG,ILSVRC2012_val_00036317_n02114855.JPEG,0.4212169945240021,0.2731223702430725,0.5718754529953003,0.14809462428092957
272,ILSVRC2012_val_00016911_n02114855.JPEG,ILSVRC2012_val_00019239_n02114855.JPEG,0.2703523635864258,0.5068873167037964,1.6224640607833862,0.2365349531173706
272,ILSVRC2012_val_00016398_n02114855.JPEG,ILSVRC2012_val_00048693_n02114855.JPEG,0.6480198502540588,0.3286343812942505,2.381900787353516,0.31938546895980835
272,ILSVRC2012_val_00040727_n02114855.JPEG,ILSVRC2012_val_00019680_n02114855.JPEG,1.950006127357483,0.3195160925388336,1.950006127357483,1.6304900348186493
272,ILSVRC2012_val_00036897_n02114855.JPEG,ILSVRC2012_val_00041643_n02114855.JPEG,4.107780933380127,0.311511218547821,4.109334468841553,3.796269714832306
273,ILSVRC2012_val_00002786_n02115641.JPEG,ILSVRC2012_val_00004334_n02115641.JPEG,0.0989778190851211,0.1917268484830856,1.2043681144714355,0.0927490293979645
273,ILSVRC2012_val_00041341_n02115641.JPEG,ILSVRC2012_val_00010040_n02115641.JPEG,0.1886962205171585,0.597773015499115,2.4473137855529785,0.4090767949819565
273,ILSVRC2012_val_00029825_n02115641.JPEG,ILSVRC2012_val_00019728_n02115641.JPEG,0.1945229321718216,1.047379732131958,1.3289494514465332,0.8528567999601364
273,ILSVRC2012_val_00030693_n02115641.JPEG,ILSVRC2012_val_00024961_n02115641.JPEG,0.1115161329507827,1.3537445068359375,1.4258952140808103,1.2422283738851547
273,ILSVRC2012_val_00000785_n02115641.JPEG,ILSVRC2012_val_00036464_n02115641.JPEG,7.818316459655762,1.4043974876403809,7.931775093078613,6.413918972015381
274,ILSVRC2012_val_00035212_n02115913.JPEG,ILSVRC2012_val_00025537_n02115913.JPEG,0.0045885508880019,0.0508449897170066,1.5962074995040894,0.0462564388290047
274,ILSVRC2012_val_00010834_n02115913.JPEG,ILSVRC2012_val_00006757_n02115913.JPEG,0.151698812842369,0.0938341692090034,0.1893800497055053,0.05786464363336559
274,ILSVRC2012_val_00022893_n02115913.JPEG,ILSVRC2012_val_00015888_n02115913.JPEG,0.0413092412054538,0.1064991056919097,0.3572602570056915,0.0651898644864559
274,ILSVRC2012_val_00036414_n02115913.JPEG,ILSVRC2012_val_00004746_n02115913.JPEG,0.4074122905731201,0.2257347553968429,1.7812845706939695,0.18167753517627722
274,ILSVRC2012_val_00015605_n02115913.JPEG,ILSVRC2012_val_00039039_n02115913.JPEG,0.0790510177612304,0.5670839548110962,1.7074754238128662,0.4880329370498658
275,ILSVRC2012_val_00009062_n02116738.JPEG,ILSVRC2012_val_00026158_n02116738.JPEG,0.0269943419843912,0.0239544995129108,0.5424627661705017,0.0030398424714803973
275,ILSVRC2012_val_00039076_n02116738.JPEG,ILSVRC2012_val_00000078_n02116738.JPEG,0.0089196329936385,0.012832798063755,0.0570423826575279,0.003913165070116501
275,ILSVRC2012_val_00022062_n02116738.JPEG,ILSVRC2012_val_00049534_n02116738.JPEG,0.1239649951457977,0.0079528111964464,0.1239649951457977,0.1160121839493513
275,ILSVRC2012_val_00034551_n02116738.JPEG,ILSVRC2012_val_00023748_n02116738.JPEG,0.1514280587434768,0.0017910643946379,0.4536628127098083,0.14963699434883893
275,ILSVRC2012_val_00034123_n02116738.JPEG,ILSVRC2012_val_00028339_n02116738.JPEG,0.0052201161161065,0.2548984885215759,1.7564235925674438,0.24967837240546942
276,ILSVRC2012_val_00048499_n02117135.JPEG,ILSVRC2012_val_00030115_n02117135.JPEG,0.0387278981506824,0.0347841717302799,0.1198611557483673,0.003943726420402499
276,ILSVRC2012_val_00042684_n02117135.JPEG,ILSVRC2012_val_00013034_n02117135.JPEG,0.084042802453041,0.0361329801380634,0.084042802453041,0.04790982231497759
276,ILSVRC2012_val_00023004_n02117135.JPEG,ILSVRC2012_val_00009354_n02117135.JPEG,0.0071228379383683,0.094485692679882,0.1905004829168319,0.0873628547415137
276,ILSVRC2012_val_00021035_n02117135.JPEG,ILSVRC2012_val_00037216_n02117135.JPEG,0.0860014110803604,0.85688316822052,2.414179563522339,0.7708817571401596
276,ILSVRC2012_val_00020325_n02117135.JPEG,ILSVRC2012_val_00029816_n02117135.JPEG,0.1395903527736663,0.957542598247528,1.371379852294922,0.8179522454738617
277,ILSVRC2012_val_00037080_n02119022.JPEG,ILSVRC2012_val_00012749_n02119022.JPEG,0.7234194278717041,0.6404803395271301,3.137290954589844,0.08293908834457397
277,ILSVRC2012_val_00031297_n02119022.JPEG,ILSVRC2012_val_00003974_n02119022.JPEG,0.8080645203590393,0.6648836135864258,1.5691230297088623,0.14318090677261353
277,ILSVRC2012_val_00016471_n02119022.JPEG,ILSVRC2012_val_00049262_n02119022.JPEG,0.2993251979351043,0.5443038940429688,1.2114850282669067,0.24497869610786444
277,ILSVRC2012_val_00049984_n02119022.JPEG,ILSVRC2012_val_00008113_n02119022.JPEG,1.2975341081619265,0.3669001162052154,2.5646352767944336,0.930633991956711
277,ILSVRC2012_val_00011084_n02119022.JPEG,ILSVRC2012_val_00025207_n02119022.JPEG,1.6096420288085938,0.1544918715953827,1.9478503465652464,1.455150157213211
278,ILSVRC2012_val_00009503_n02119789.JPEG,ILSVRC2012_val_00045295_n02119789.JPEG,0.1567901372909546,0.267869085073471,1.4053291082382202,0.11107894778251642
278,ILSVRC2012_val_00039454_n02119789.JPEG,ILSVRC2012_val_00042699_n02119789.JPEG,0.366433322429657,0.2105005532503128,0.8424859642982483,0.15593276917934418
278,ILSVRC2012_val_00042430_n02119789.JPEG,ILSVRC2012_val_00018313_n02119789.JPEG,1.011643648147583,1.2000775337219238,3.634805679321289,0.18843388557434082
278,ILSVRC2012_val_00016254_n02119789.JPEG,ILSVRC2012_val_00042460_n02119789.JPEG,1.0860061645507812,0.5448998212814331,1.8324695825576784,0.5411063432693481
278,ILSVRC2012_val_00011624_n02119789.JPEG,ILSVRC2012_val_00044954_n02119789.JPEG,1.2092132568359375,0.5055446028709412,1.767969250679016,0.7036686539649963
279,ILSVRC2012_val_00014825_n02120079.JPEG,ILSVRC2012_val_00012251_n02120079.JPEG,0.0478540584444999,0.0465001575648784,0.6260788440704346,0.0013539008796214988
279,ILSVRC2012_val_00013487_n02120079.JPEG,ILSVRC2012_val_00031285_n02120079.JPEG,0.1823997795581817,0.1495137363672256,1.7385131120681765,0.032886043190956116
279,ILSVRC2012_val_00012857_n02120079.JPEG,ILSVRC2012_val_00022888_n02120079.JPEG,0.010496056638658,0.0862988978624343,0.1649475842714309,0.0758028412237763
279,ILSVRC2012_val_00043127_n02120079.JPEG,ILSVRC2012_val_00019937_n02120079.JPEG,0.0110439704731106,0.1826231479644775,0.7631365656852722,0.17157917749136692
279,ILSVRC2012_val_00024185_n02120079.JPEG,ILSVRC2012_val_00036301_n02120079.JPEG,0.5152121782302856,0.0195975936949253,0.9537851810455322,0.49561458453536034
280,ILSVRC2012_val_00034043_n02120505.JPEG,ILSVRC2012_val_00010941_n02120505.JPEG,0.0046025528572499,0.0332300402224063,0.05839828774333,0.028627487365156398
280,ILSVRC2012_val_00023598_n02120505.JPEG,ILSVRC2012_val_00045171_n02120505.JPEG,0.1067979410290718,0.0393622256815433,0.1555606424808502,0.06743571534752849
280,ILSVRC2012_val_00000323_n02120505.JPEG,ILSVRC2012_val_00006964_n02120505.JPEG,0.2204542905092239,0.1178347468376159,2.007715940475464,0.10261954367160801
280,ILSVRC2012_val_00013158_n02120505.JPEG,ILSVRC2012_val_00028275_n02120505.JPEG,0.1781803518533706,0.4378926753997803,0.5697106122970581,0.25971232354640966
280,ILSVRC2012_val_00026842_n02120505.JPEG,ILSVRC2012_val_00002987_n02120505.JPEG,0.3467653393745422,0.0338751226663589,0.7222684621810913,0.3128902167081833
281,ILSVRC2012_val_00038661_n02123045.JPEG,ILSVRC2012_val_00040238_n02123045.JPEG,0.3285772204399109,0.3252125978469848,0.3939459323883056,0.003364622592926081
281,ILSVRC2012_val_00035163_n02123045.JPEG,ILSVRC2012_val_00005358_n02123045.JPEG,1.210400104522705,1.6272122859954834,1.9218735694885252,0.4168121814727783
281,ILSVRC2012_val_00023779_n02123045.JPEG,ILSVRC2012_val_00040745_n02123045.JPEG,1.299926996231079,0.6736019253730774,2.0003738403320312,0.6263250708580017
281,ILSVRC2012_val_00002823_n02123045.JPEG,ILSVRC2012_val_00012975_n02123045.JPEG,0.6168583631515503,1.3174448013305664,1.5656006336212158,0.7005864381790161
281,ILSVRC2012_val_00016483_n02123045.JPEG,ILSVRC2012_val_00040251_n02123045.JPEG,0.785198450088501,3.1935033798217773,4.426460266113281,2.4083049297332764
282,ILSVRC2012_val_00025396_n02123159.JPEG,ILSVRC2012_val_00011854_n02123159.JPEG,1.6533474922180176,1.7647157907485962,2.99581241607666,0.11136829853057861
282,ILSVRC2012_val_00002472_n02123159.JPEG,ILSVRC2012_val_00045420_n02123159.JPEG,1.2919480800628662,0.8250464200973511,1.8267762660980225,0.46690165996551514
282,ILSVRC2012_val_00019262_n02123159.JPEG,ILSVRC2012_val_00023228_n02123159.JPEG,1.9938256740570068,2.611291885375977,3.516103982925415,0.6174662113189702
282,ILSVRC2012_val_00039621_n02123159.JPEG,ILSVRC2012_val_00012339_n02123159.JPEG,1.6045098304748535,0.5968526005744934,1.6527047157287598,1.00765722990036
282,ILSVRC2012_val_00015378_n02123159.JPEG,ILSVRC2012_val_00016000_n02123159.JPEG,1.3707116842269895,3.912581443786621,4.0463175773620605,2.5418697595596313
283,ILSVRC2012_val_00024500_n02123394.JPEG,ILSVRC2012_val_00041347_n02123394.JPEG,0.0421040169894695,0.0728373304009437,0.0728373304009437,0.0307333134114742
283,ILSVRC2012_val_00020765_n02123394.JPEG,ILSVRC2012_val_00040780_n02123394.JPEG,0.0753818601369857,0.0306441467255353,0.2390842735767364,0.0447377134114504
283,ILSVRC2012_val_00016598_n02123394.JPEG,ILSVRC2012_val_00044097_n02123394.JPEG,0.0397070236504077,0.1855942010879516,1.184743881225586,0.1458871774375439
283,ILSVRC2012_val_00004411_n02123394.JPEG,ILSVRC2012_val_00015898_n02123394.JPEG,0.4466961026191711,0.0584429278969764,1.0726133584976196,0.38825317472219467
283,ILSVRC2012_val_00010218_n02123394.JPEG,ILSVRC2012_val_00043898_n02123394.JPEG,1.9857844114303589,1.5326844453811646,2.007079601287842,0.45309996604919434
284,ILSVRC2012_val_00039580_n02123597.JPEG,ILSVRC2012_val_00043546_n02123597.JPEG,0.0176249034702777,0.0122024910524487,0.7975724935531616,0.005422412417829
284,ILSVRC2012_val_00017186_n02123597.JPEG,ILSVRC2012_val_00045829_n02123597.JPEG,0.0328874997794628,0.1433423608541488,1.5429102182388306,0.11045486107468601
284,ILSVRC2012_val_00017325_n02123597.JPEG,ILSVRC2012_val_00030929_n02123597.JPEG,0.1839037388563156,0.003738202387467,0.6166653633117676,0.1801655364688486
284,ILSVRC2012_val_00002659_n02123597.JPEG,ILSVRC2012_val_00036526_n02123597.JPEG,0.0430399924516677,0.3371956348419189,1.215464472770691,0.29415564239025116
284,ILSVRC2012_val_00003133_n02123597.JPEG,ILSVRC2012_val_00035566_n02123597.JPEG,0.6639037132263184,0.0821089074015617,2.058858156204224,0.5817948058247566
285,ILSVRC2012_val_00029864_n02124075.JPEG,ILSVRC2012_val_00023786_n02124075.JPEG,1.877516746520996,1.897334337234497,2.1964457035064697,0.019817590713500977
285,ILSVRC2012_val_00025168_n02124075.JPEG,ILSVRC2012_val_00011952_n02124075.JPEG,0.4201290011405945,0.3143840134143829,0.9944745302200316,0.1057449877262116
285,ILSVRC2012_val_00023871_n02124075.JPEG,ILSVRC2012_val_00028628_n02124075.JPEG,1.7326889038085938,2.230309247970581,2.718780755996704,0.4976203441619873
285,ILSVRC2012_val_00038683_n02124075.JPEG,ILSVRC2012_val_00038976_n02124075.JPEG,1.9559733867645264,1.214142680168152,2.919779062271118,0.7418307065963743
285,ILSVRC2012_val_00005362_n02124075.JPEG,ILSVRC2012_val_00042232_n02124075.JPEG,4.030599594116211,5.076754570007324,5.085328102111816,1.0461549758911133
286,ILSVRC2012_val_00037633_n02125311.JPEG,ILSVRC2012_val_00016394_n02125311.JPEG,0.0610654577612876,0.0882789567112922,0.6759607791900635,0.0272134989500046
286,ILSVRC2012_val_00028318_n02125311.JPEG,ILSVRC2012_val_00029306_n02125311.JPEG,0.1374123990535736,0.0630865544080734,0.2420089691877365,0.07432584464550021
286,ILSVRC2012_val_00035464_n02125311.JPEG,ILSVRC2012_val_00024128_n02125311.JPEG,0.1688719689846038,0.0098156416788697,0.3459212779998779,0.1590563273057341
286,ILSVRC2012_val_00022007_n02125311.JPEG,ILSVRC2012_val_00039595_n02125311.JPEG,0.3820084631443023,0.00817346945405,0.4447656273841858,0.3738349936902523
286,ILSVRC2012_val_00019401_n02125311.JPEG,ILSVRC2012_val_00006400_n02125311.JPEG,0.7682358026504517,0.1531150341033935,1.2656826972961426,0.6151207685470581
287,ILSVRC2012_val_00013812_n02127052.JPEG,ILSVRC2012_val_00027736_n02127052.JPEG,0.4396108090877533,0.4648146629333496,0.4898382425308227,0.025203853845596313
287,ILSVRC2012_val_00006792_n02127052.JPEG,ILSVRC2012_val_00049483_n02127052.JPEG,0.2032201141119003,0.0503143817186355,0.2570077776908874,0.1529057323932648
287,ILSVRC2012_val_00030860_n02127052.JPEG,ILSVRC2012_val_00041961_n02127052.JPEG,0.3295270502567291,0.1452226340770721,1.851951241493225,0.18430441617965704
287,ILSVRC2012_val_00014321_n02127052.JPEG,ILSVRC2012_val_00025942_n02127052.JPEG,0.9722632765769958,0.2956679761409759,1.3069307804107666,0.6765953004360199
287,ILSVRC2012_val_00006056_n02127052.JPEG,ILSVRC2012_val_00032552_n02127052.JPEG,0.0052837962284684,1.2794729471206665,1.8563694953918457,1.274189150892198
288,ILSVRC2012_val_00035368_n02128385.JPEG,ILSVRC2012_val_00009418_n02128385.JPEG,0.4688301682472229,0.437982827425003,0.6278509497642517,0.030847340822219904
288,ILSVRC2012_val_00019753_n02128385.JPEG,ILSVRC2012_val_00043117_n02128385.JPEG,0.2443057149648666,0.1298572272062301,0.6830345392227173,0.1144484877586365
288,ILSVRC2012_val_00042868_n02128385.JPEG,ILSVRC2012_val_00024214_n02128385.JPEG,0.2724224328994751,0.4463999271392822,0.4780886471271515,0.17397749423980713
288,ILSVRC2012_val_00037779_n02128385.JPEG,ILSVRC2012_val_00021212_n02128385.JPEG,0.3512469232082367,0.6822457313537598,0.7749530673027039,0.33099880814552307
288,ILSVRC2012_val_00040955_n02128385.JPEG,ILSVRC2012_val_00013002_n02128385.JPEG,0.0429268255829811,0.411814421415329,0.4281823933124542,0.36888759583234787
289,ILSVRC2012_val_00000233_n02128757.JPEG,ILSVRC2012_val_00041476_n02128757.JPEG,0.2367967516183853,0.2602697312831878,0.3505194783210754,0.023472979664802524
289,ILSVRC2012_val_00045279_n02128757.JPEG,ILSVRC2012_val_00035332_n02128757.JPEG,0.1402318030595779,0.0983461812138557,0.1476990133523941,0.041885621845722185
289,ILSVRC2012_val_00012079_n02128757.JPEG,ILSVRC2012_val_00042484_n02128757.JPEG,0.1136203929781913,0.0354791097342968,0.4178282618522644,0.07814128324389451
289,ILSVRC2012_val_00045606_n02128757.JPEG,ILSVRC2012_val_00048717_n02128757.JPEG,0.5387554168701172,0.2026334106922149,0.5387554168701172,0.3361220061779023
289,ILSVRC2012_val_00032712_n02128757.JPEG,ILSVRC2012_val_00036622_n02128757.JPEG,0.9146606922149658,0.0322339311242103,1.0268943309783936,0.8824267610907555
290,ILSVRC2012_val_00011543_n02128925.JPEG,ILSVRC2012_val_00041267_n02128925.JPEG,0.5883657932281494,0.5559868216514587,1.422639012336731,0.032378971576690674
290,ILSVRC2012_val_00007232_n02128925.JPEG,ILSVRC2012_val_00031686_n02128925.JPEG,0.0529321692883968,0.22160704433918,0.4970719218254089,0.16867487505078319
290,ILSVRC2012_val_00033573_n02128925.JPEG,ILSVRC2012_val_00027052_n02128925.JPEG,1.2024450302124023,1.9557254314422607,2.0872371196746826,0.7532804012298584
290,ILSVRC2012_val_00009209_n02128925.JPEG,ILSVRC2012_val_00010173_n02128925.JPEG,0.7447343468666077,1.7114241123199463,1.8054040670394895,0.9666897654533386
290,ILSVRC2012_val_00021585_n02128925.JPEG,ILSVRC2012_val_00013107_n02128925.JPEG,0.3127528429031372,1.3529002666473389,2.9255025386810303,1.0401474237442017
291,ILSVRC2012_val_00001359_n02129165.JPEG,ILSVRC2012_val_00040607_n02129165.JPEG,0.0996069014072418,0.0391516685485839,0.3044449985027313,0.06045523285865789
291,ILSVRC2012_val_00011018_n02129165.JPEG,ILSVRC2012_val_00034811_n02129165.JPEG,0.0818240121006965,0.0213648993521928,0.2362786531448364,0.0604591127485037
291,ILSVRC2012_val_00030502_n02129165.JPEG,ILSVRC2012_val_00012353_n02129165.JPEG,0.0156284794211387,0.1969016790390014,0.3446810841560364,0.1812731996178627
291,ILSVRC2012_val_00027413_n02129165.JPEG,ILSVRC2012_val_00024902_n02129165.JPEG,0.0885700955986976,1.0208122730255127,1.510279417037964,0.932242177426815
291,ILSVRC2012_val_00023212_n02129165.JPEG,ILSVRC2012_val_00029001_n02129165.JPEG,1.097998857498169,0.0122915161773562,2.7441961765289307,1.0857073413208127
292,ILSVRC2012_val_00018241_n02129604.JPEG,ILSVRC2012_val_00013239_n02129604.JPEG,0.1882877796888351,0.0979744419455528,1.1903811693191528,0.09031333774328229
292,ILSVRC2012_val_00038124_n02129604.JPEG,ILSVRC2012_val_00024050_n02129604.JPEG,0.6007369160652161,0.7103905081748962,1.105536937713623,0.10965359210968018
292,ILSVRC2012_val_00035494_n02129604.JPEG,ILSVRC2012_val_00029267_n02129604.JPEG,0.1344977021217346,0.2465631067752838,0.814354419708252,0.11206540465354922
292,ILSVRC2012_val_00031017_n02129604.JPEG,ILSVRC2012_val_00047614_n02129604.JPEG,0.4438519477844238,0.3285615444183349,0.6361607909202576,0.11529040336608887
292,ILSVRC2012_val_00034686_n02129604.JPEG,ILSVRC2012_val_00040630_n02129604.JPEG,0.3586702644824981,0.5601412653923035,0.9932502508163452,0.20147100090980535
293,ILSVRC2012_val_00033042_n02130308.JPEG,ILSVRC2012_val_00039516_n02130308.JPEG,0.1619719564914703,0.2331819236278534,2.1414966583251958,0.07120996713638308
293,ILSVRC2012_val_00026943_n02130308.JPEG,ILSVRC2012_val_00017208_n02130308.JPEG,0.1754995733499527,0.075135737657547,0.21290984749794,0.1003638356924057
293,ILSVRC2012_val_00022161_n02130308.JPEG,ILSVRC2012_val_00000348_n02130308.JPEG,0.138182133436203,0.0335972420871257,0.2054572403430938,0.10458489134907731
293,ILSVRC2012_val_00038707_n02130308.JPEG,ILSVRC2012_val_00014974_n02130308.JPEG,0.2115438431501388,0.0896458327770233,0.2490595579147339,0.1218980103731155
293,ILSVRC2012_val_00006341_n02130308.JPEG,ILSVRC2012_val_00033907_n02130308.JPEG,0.3080372214317322,0.1654653996229171,0.4393384158611297,0.14257182180881509
294,ILSVRC2012_val_00032453_n02132136.JPEG,ILSVRC2012_val_00039227_n02132136.JPEG,0.0439229570329189,0.068189762532711,0.068189762532711,0.0242668054997921
294,ILSVRC2012_val_00043856_n02132136.JPEG,ILSVRC2012_val_00048883_n02132136.JPEG,0.0076899919658899,0.0324993804097175,2.459412813186645,0.024809388443827598
294,ILSVRC2012_val_00018369_n02132136.JPEG,ILSVRC2012_val_00031906_n02132136.JPEG,0.1509471982717514,0.0127467634156346,0.1509471982717514,0.1382004348561168
294,ILSVRC2012_val_00001199_n02132136.JPEG,ILSVRC2012_val_00045270_n02132136.JPEG,0.0168506298214197,0.1732911765575409,0.1914916187524795,0.1564405467361212
294,ILSVRC2012_val_00000871_n02132136.JPEG,ILSVRC2012_val_00045952_n02132136.JPEG,0.2150622606277465,0.0225984789431095,3.713059186935425,0.19246378168463701
295,ILSVRC2012_val_00032762_n02133161.JPEG,ILSVRC2012_val_00038918_n02133161.JPEG,0.3502960503101349,0.351080447435379,1.472368597984314,0.0007843971252440851
295,ILSVRC2012_val_00026962_n02133161.JPEG,ILSVRC2012_val_00043648_n02133161.JPEG,0.0119598694145679,0.0465382747352123,3.140599250793457,0.0345784053206444
295,ILSVRC2012_val_00016229_n02133161.JPEG,ILSVRC2012_val_00041522_n02133161.JPEG,1.5334887504577637,1.6859028339385986,3.291998147964477,0.15241408348083496
295,ILSVRC2012_val_00029278_n02133161.JPEG,ILSVRC2012_val_00007093_n02133161.JPEG,0.4077906310558319,0.1686422824859619,1.2397907972335815,0.23914834856987002
295,ILSVRC2012_val_00000592_n02133161.JPEG,ILSVRC2012_val_00027292_n02133161.JPEG,0.8682519793510437,0.031214989721775,2.343553304672241,0.8370369896292686
296,ILSVRC2012_val_00038821_n02134084.JPEG,ILSVRC2012_val_00021883_n02134084.JPEG,0.0232163295149803,0.0053850593976676,0.2796239256858825,0.017831270117312698
296,ILSVRC2012_val_00040753_n02134084.JPEG,ILSVRC2012_val_00010742_n02134084.JPEG,0.0790424272418022,0.1446550339460373,0.1679558157920837,0.06561260670423509
296,ILSVRC2012_val_00021962_n02134084.JPEG,ILSVRC2012_val_00010745_n02134084.JPEG,0.1488364040851593,0.0449446476995945,0.1780053675174713,0.1038917563855648
296,ILSVRC2012_val_00007713_n02134084.JPEG,ILSVRC2012_val_00016459_n02134084.JPEG,0.2575251162052154,0.1086740344762802,0.4720825552940368,0.1488510817289352
296,ILSVRC2012_val_00019930_n02134084.JPEG,ILSVRC2012_val_00042273_n02134084.JPEG,0.2645241618156433,0.5562806725502014,0.9728416204452516,0.2917565107345581
297,ILSVRC2012_val_00032283_n02134418.JPEG,ILSVRC2012_val_00018303_n02134418.JPEG,2.843459129333496,2.845712900161743,4.280862808227539,0.0022537708282470703
297,ILSVRC2012_val_00033689_n02134418.JPEG,ILSVRC2012_val_00023812_n02134418.JPEG,0.0193579290062189,0.0056420839391648,1.3262639045715332,0.0137158450670541
297,ILSVRC2012_val_00039399_n02134418.JPEG,ILSVRC2012_val_00013052_n02134418.JPEG,0.1027451008558273,0.0523474588990211,0.1027451008558273,0.050397641956806204
297,ILSVRC2012_val_00039564_n02134418.JPEG,ILSVRC2012_val_00046945_n02134418.JPEG,0.0421755611896514,0.2219523787498474,0.3476876616477966,0.179776817560196
297,ILSVRC2012_val_00002329_n02134418.JPEG,ILSVRC2012_val_00042361_n02134418.JPEG,0.1941682994365692,0.3852680027484894,1.7937999963760376,0.19109970331192017
298,ILSVRC2012_val_00030188_n02137549.JPEG,ILSVRC2012_val_00022659_n02137549.JPEG,0.4200666546821594,0.019800504669547,2.841715812683105,0.4002661500126124
298,ILSVRC2012_val_00020040_n02137549.JPEG,ILSVRC2012_val_00041597_n02137549.JPEG,0.0127658313140273,0.5241649150848389,0.621338963508606,0.5113990837708116
298,ILSVRC2012_val_00039800_n02137549.JPEG,ILSVRC2012_val_00036537_n02137549.JPEG,7.325983047485352,6.132203578948975,8.483263969421387,1.193779468536377
298,ILSVRC2012_val_00032952_n02137549.JPEG,ILSVRC2012_val_00000585_n02137549.JPEG,0.0304901413619518,1.610024333000183,1.7486436367034912,1.5795341916382313
298,ILSVRC2012_val_00000518_n02137549.JPEG,ILSVRC2012_val_00047303_n02137549.JPEG,2.3479135036468506,0.065656766295433,4.257356643676758,2.2822567373514175
299,ILSVRC2012_val_00047118_n02138441.JPEG,ILSVRC2012_val_00039182_n02138441.JPEG,0.316754400730133,0.2409316003322601,0.9839072227478028,0.0758228003978729
299,ILSVRC2012_val_00033234_n02138441.JPEG,ILSVRC2012_val_00035330_n02138441.JPEG,0.3228874802589416,0.4193692207336426,1.165557861328125,0.09648174047470098
299,ILSVRC2012_val_00032885_n02138441.JPEG,ILSVRC2012_val_00037731_n02138441.JPEG,0.4494749307632446,0.551641047000885,1.0130953788757324,0.10216611623764044
299,ILSVRC2012_val_00026239_n02138441.JPEG,ILSVRC2012_val_00024744_n02138441.JPEG,0.0477182492613792,0.2920503616333008,0.4045381844043731,0.2443321123719216
299,ILSVRC2012_val_00037627_n02138441.JPEG,ILSVRC2012_val_00016694_n02138441.JPEG,0.0511775836348533,0.7809596061706543,1.1814041137695312,0.729782022535801
300,ILSVRC2012_val_00043705_n02165105.JPEG,ILSVRC2012_val_00007350_n02165105.JPEG,0.0232477765530347,0.0360681302845478,0.2115847468376159,0.0128203537315131
300,ILSVRC2012_val_00000361_n02165105.JPEG,ILSVRC2012_val_00033781_n02165105.JPEG,0.0096588656306266,0.0241343006491661,0.0611313991248607,0.0144754350185395
300,ILSVRC2012_val_00036310_n02165105.JPEG,ILSVRC2012_val_00001566_n02165105.JPEG,0.0111015038564801,0.0419347323477268,0.0456874594092369,0.0308332284912467
300,ILSVRC2012_val_00022394_n02165105.JPEG,ILSVRC2012_val_00002279_n02165105.JPEG,0.034938097000122,0.0030909641645848,0.0972051322460174,0.0318471328355372
300,ILSVRC2012_val_00021653_n02165105.JPEG,ILSVRC2012_val_00036631_n02165105.JPEG,0.2539673745632171,0.0195905808359384,0.26663938164711,0.2343767937272787
301,ILSVRC2012_val_00017406_n02165456.JPEG,ILSVRC2012_val_00027954_n02165456.JPEG,0.0193742979317903,0.0266886595636606,4.796307563781738,0.007314361631870301
301,ILSVRC2012_val_00017635_n02165456.JPEG,ILSVRC2012_val_00005343_n02165456.JPEG,0.0364264771342277,0.0941482111811637,0.2763912379741668,0.05772173404693601
301,ILSVRC2012_val_00031140_n02165456.JPEG,ILSVRC2012_val_00021152_n02165456.JPEG,0.0637719482183456,0.2521058320999145,1.1559758186340332,0.1883338838815689
301,ILSVRC2012_val_00000625_n02165456.JPEG,ILSVRC2012_val_00013832_n02165456.JPEG,0.3549083471298218,0.1036112010478973,0.3549083471298218,0.2512971460819245
301,ILSVRC2012_val_00036005_n02165456.JPEG,ILSVRC2012_val_00030921_n02165456.JPEG,0.3098622858524322,0.0355652831494808,2.5638673305511475,0.2742970027029514
302,ILSVRC2012_val_00031506_n02167151.JPEG,ILSVRC2012_val_00042127_n02167151.JPEG,0.0324681065976619,0.3167351186275482,2.2973175048828125,0.2842670120298863
302,ILSVRC2012_val_00009626_n02167151.JPEG,ILSVRC2012_val_00030792_n02167151.JPEG,0.6324055194854736,0.2945447266101837,2.764763355255127,0.3378607928752899
302,ILSVRC2012_val_00049722_n02167151.JPEG,ILSVRC2012_val_00022273_n02167151.JPEG,1.9488856792449951,0.9663072824478148,2.260234832763672,0.9825783967971803
302,ILSVRC2012_val_00046689_n02167151.JPEG,ILSVRC2012_val_00043655_n02167151.JPEG,1.745305418968201,3.745307922363281,7.330821514129639,2.0000025033950797
302,ILSVRC2012_val_00004517_n02167151.JPEG,ILSVRC2012_val_00016594_n02167151.JPEG,2.764849901199341,0.7238596677780151,3.0542595386505127,2.0409902334213257
303,ILSVRC2012_val_00036405_n02168699.JPEG,ILSVRC2012_val_00015603_n02168699.JPEG,0.3780748546123504,0.4993467032909393,3.135970115661621,0.12127184867858887
303,ILSVRC2012_val_00007520_n02168699.JPEG,ILSVRC2012_val_00029307_n02168699.JPEG,1.3019497394561768,1.0402010679244995,5.6575212478637695,0.26174867153167725
303,ILSVRC2012_val_00041250_n02168699.JPEG,ILSVRC2012_val_00040132_n02168699.JPEG,1.965327262878418,0.8151676058769226,4.18612003326416,1.1501596570014954
303,ILSVRC2012_val_00008858_n02168699.JPEG,ILSVRC2012_val_00015056_n02168699.JPEG,1.95413875579834,0.7036929130554199,3.2542834281921387,1.2504458427429201
303,ILSVRC2012_val_00020053_n02168699.JPEG,ILSVRC2012_val_00017552_n02168699.JPEG,2.7126917839050293,0.9172266125679016,4.893468856811523,1.7954651713371277
304,ILSVRC2012_val_00015802_n02169497.JPEG,ILSVRC2012_val_00049845_n02169497.JPEG,0.0727469995617866,0.1676525175571441,0.1974239498376846,0.09490551799535751
304,ILSVRC2012_val_00014134_n02169497.JPEG,ILSVRC2012_val_00018858_n02169497.JPEG,0.0338988602161407,1.4487361907958984,1.4662067890167236,1.4148373305797577
304,ILSVRC2012_val_00000510_n02169497.JPEG,ILSVRC2012_val_00034190_n02169497.JPEG,2.2642765045166016,0.7247350811958313,2.5209126472473145,1.5395414233207703
304,ILSVRC2012_val_00011845_n02169497.JPEG,ILSVRC2012_val_00015755_n02169497.JPEG,2.364996910095215,0.56514573097229,2.8701822757720947,1.7998511791229248
304,ILSVRC2012_val_00047901_n02169497.JPEG,ILSVRC2012_val_00004851_n02169497.JPEG,0.4757048487663269,2.8291351795196533,3.238858461380005,2.3534303307533264
305,ILSVRC2012_val_00013351_n02172182.JPEG,ILSVRC2012_val_00000924_n02172182.JPEG,0.0156325865536928,0.0254170037806034,0.1867154240608215,0.009784417226910598
305,ILSVRC2012_val_00030596_n02172182.JPEG,ILSVRC2012_val_00024737_n02172182.JPEG,0.0572093538939952,0.0981468260288238,0.2957141697406769,0.040937472134828595
305,ILSVRC2012_val_00036265_n02172182.JPEG,ILSVRC2012_val_00012986_n02172182.JPEG,0.0046597463078796,0.1158534809947013,3.171430826187134,0.1111937346868217
305,ILSVRC2012_val_00028122_n02172182.JPEG,ILSVRC2012_val_00018288_n02172182.JPEG,0.0047412593849003,0.4266268014907837,1.0760650634765625,0.4218855421058834
305,ILSVRC2012_val_00006883_n02172182.JPEG,ILSVRC2012_val_00009945_n02172182.JPEG,2.6243996620178223,1.4638320207595823,5.425463199615479,1.16056764125824
306,ILSVRC2012_val_00016776_n02174001.JPEG,ILSVRC2012_val_00035175_n02174001.JPEG,0.0321132987737655,0.0385256968438625,0.4738148748874664,0.006412398070096997
306,ILSVRC2012_val_00023719_n02174001.JPEG,ILSVRC2012_val_00021478_n02174001.JPEG,0.0411321558058261,0.0276580695062875,0.4937378168106079,0.013474086299538598
306,ILSVRC2012_val_00005305_n02174001.JPEG,ILSVRC2012_val_00009002_n02174001.JPEG,0.0161252617835998,0.0521422214806079,0.0955552011728286,0.036016959697008105
306,ILSVRC2012_val_00018048_n02174001.JPEG,ILSVRC2012_val_00023013_n02174001.JPEG,0.2126697152853012,0.3696758449077606,3.551820755004883,0.1570061296224594
306,ILSVRC2012_val_00033980_n02174001.JPEG,ILSVRC2012_val_00031766_n02174001.JPEG,1.3057990074157717,0.1308812201023101,3.2868447303771973,1.1749177873134615
307,ILSVRC2012_val_00015600_n02177972.JPEG,ILSVRC2012_val_00030795_n02177972.JPEG,0.4667330086231231,0.3513204157352447,1.037923812866211,0.11541259288787842
307,ILSVRC2012_val_00010610_n02177972.JPEG,ILSVRC2012_val_00031097_n02177972.JPEG,0.0307084247469902,0.5526795387268066,2.8395090103149414,0.5219711139798164
307,ILSVRC2012_val_00039201_n02177972.JPEG,ILSVRC2012_val_00027717_n02177972.JPEG,2.2648820877075195,1.5439767837524414,4.652244567871094,0.7209053039550781
307,ILSVRC2012_val_00044760_n02177972.JPEG,ILSVRC2012_val_00044574_n02177972.JPEG,1.308159589767456,0.0083471471443772,2.1006102561950684,1.2998124426230788
307,ILSVRC2012_val_00040996_n02177972.JPEG,ILSVRC2012_val_00006901_n02177972.JPEG,1.6034934520721436,0.0415711477398872,2.4387707710266118,1.5619223043322563
308,ILSVRC2012_val_00004132_n02190166.JPEG,ILSVRC2012_val_00018149_n02190166.JPEG,0.0006144542712718,0.0006856950931251,0.2785645127296448,7.124082185330002e-05
308,ILSVRC2012_val_00022772_n02190166.JPEG,ILSVRC2012_val_00045438_n02190166.JPEG,0.0068149277940392,0.011425657197833,0.0343931019306182,0.0046107294037938005
308,ILSVRC2012_val_00039130_n02190166.JPEG,ILSVRC2012_val_00036434_n02190166.JPEG,0.0291297603398561,0.0012274596374481,0.3626884520053863,0.027902300702407998
308,ILSVRC2012_val_00021808_n02190166.JPEG,ILSVRC2012_val_00002127_n02190166.JPEG,0.0490636937320232,0.0010868363315239,2.241724729537964,0.0479768574004993
308,ILSVRC2012_val_00020635_n02190166.JPEG,ILSVRC2012_val_00030902_n02190166.JPEG,0.0499864928424358,1.3029546737670898,3.052885770797729,1.252968180924654
309,ILSVRC2012_val_00047552_n02206856.JPEG,ILSVRC2012_val_00047075_n02206856.JPEG,0.0794572755694389,0.0068657202646136,0.1815536916255951,0.0725915553048253
309,ILSVRC2012_val_00016467_n02206856.JPEG,ILSVRC2012_val_00015983_n02206856.JPEG,0.1791477799415588,1.0089168548583984,2.9578120708465576,0.8297690749168396
309,ILSVRC2012_val_00005930_n02206856.JPEG,ILSVRC2012_val_00018271_n02206856.JPEG,1.4818084239959717,0.0030235787853598,5.132071971893311,1.4787848452106118
309,ILSVRC2012_val_00016575_n02206856.JPEG,ILSVRC2012_val_00014390_n02206856.JPEG,3.0456302165985107,4.679056167602539,4.791802883148193,1.6334259510040283
309,ILSVRC2012_val_00045227_n02206856.JPEG,ILSVRC2012_val_00049624_n02206856.JPEG,0.0657361298799514,2.91949462890625,4.3013458251953125,2.8537584990262985
310,ILSVRC2012_val_00038010_n02219486.JPEG,ILSVRC2012_val_00046083_n02219486.JPEG,0.1050892993807792,0.0085993940010666,1.401309370994568,0.0964899053797126
310,ILSVRC2012_val_00044296_n02219486.JPEG,ILSVRC2012_val_00001502_n02219486.JPEG,0.2249515205621719,0.0388923399150371,0.9773941040039062,0.1860591806471348
310,ILSVRC2012_val_00018877_n02219486.JPEG,ILSVRC2012_val_00009635_n02219486.JPEG,0.4121712148189544,0.0027906068135052,2.070620536804199,0.40938060800544923
310,ILSVRC2012_val_00037198_n02219486.JPEG,ILSVRC2012_val_00011669_n02219486.JPEG,0.6414626836776733,0.06610007584095,3.613248109817505,0.5753626078367233
310,ILSVRC2012_val_00011617_n02219486.JPEG,ILSVRC2012_val_00029660_n02219486.JPEG,1.31165874004364,0.0192086063325405,1.3573983907699585,1.2924501337110994
311,ILSVRC2012_val_00032352_n02226429.JPEG,ILSVRC2012_val_00007152_n02226429.JPEG,0.1287119686603546,0.190660685300827,0.5137134194374084,0.06194871664047241
311,ILSVRC2012_val_00037893_n02226429.JPEG,ILSVRC2012_val_00046054_n02226429.JPEG,0.3627036213874817,0.2970795333385467,1.2794212102890017,0.06562408804893499
311,ILSVRC2012_val_00031573_n02226429.JPEG,ILSVRC2012_val_00000972_n02226429.JPEG,1.23747980594635,0.5064353942871094,1.23747980594635,0.7310444116592407
311,ILSVRC2012_val_00033360_n02226429.JPEG,ILSVRC2012_val_00000125_n02226429.JPEG,0.0369215384125709,0.837942898273468,1.021953821182251,0.8010213598608971
311,ILSVRC2012_val_00032705_n02226429.JPEG,ILSVRC2012_val_00037042_n02226429.JPEG,0.356901079416275,1.806036353111267,3.310264110565185,1.449135273694992
312,ILSVRC2012_val_00017677_n02229544.JPEG,ILSVRC2012_val_00003997_n02229544.JPEG,0.72681725025177,1.0054678916931152,2.973475694656372,0.2786506414413452
312,ILSVRC2012_val_00047433_n02229544.JPEG,ILSVRC2012_val_00015021_n02229544.JPEG,0.8330948948860168,0.1785473674535751,0.9987138509750366,0.6545475274324417
312,ILSVRC2012_val_00009275_n02229544.JPEG,ILSVRC2012_val_00042010_n02229544.JPEG,1.376340389251709,0.6941877007484436,1.376340389251709,0.6821526885032654
312,ILSVRC2012_val_00039267_n02229544.JPEG,ILSVRC2012_val_00018365_n02229544.JPEG,1.0900020599365234,0.1364952325820922,1.0901870727539062,0.9535068273544313
312,ILSVRC2012_val_00029373_n02229544.JPEG,ILSVRC2012_val_00041261_n02229544.JPEG,1.7076196670532229,0.6039321422576904,1.7188230752944946,1.1036875247955324
313,ILSVRC2012_val_00018003_n02231487.JPEG,ILSVRC2012_val_00014572_n02231487.JPEG,0.1800513714551925,0.7865312695503235,0.7865312695503235,0.6064798980951309
313,ILSVRC2012_val_00038537_n02231487.JPEG,ILSVRC2012_val_00017245_n02231487.JPEG,0.9007608294487,1.9800026416778564,1.9800026416778564,1.0792418122291565
313,ILSVRC2012_val_00005237_n02231487.JPEG,ILSVRC2012_val_00010292_n02231487.JPEG,1.6495089530944824,2.763000965118408,3.010042428970337,1.1134920120239258
313,ILSVRC2012_val_00037571_n02231487.JPEG,ILSVRC2012_val_00030778_n02231487.JPEG,1.3699067831039429,0.1324675530195236,1.8241355419158936,1.2374392300844193
313,ILSVRC2012_val_00030859_n02231487.JPEG,ILSVRC2012_val_00008634_n02231487.JPEG,2.103928804397583,0.2006977945566177,2.170562267303467,1.9032310098409653
314,ILSVRC2012_val_00038519_n02233338.JPEG,ILSVRC2012_val_00020454_n02233338.JPEG,1.6972121000289917,1.9371638298034668,4.413167953491211,0.2399517297744751
314,ILSVRC2012_val_00002007_n02233338.JPEG,ILSVRC2012_val_00038142_n02233338.JPEG,1.1271474361419678,0.7077106237411499,2.8099687099456787,0.41943681240081787
314,ILSVRC2012_val_00019592_n02233338.JPEG,ILSVRC2012_val_00042897_n02233338.JPEG,0.5798662304878235,0.1236585974693298,4.048587799072266,0.45620763301849365
314,ILSVRC2012_val_00031638_n02233338.JPEG,ILSVRC2012_val_00015470_n02233338.JPEG,0.8177581429481506,0.2693456411361694,2.382401704788208,0.5484125018119812
314,ILSVRC2012_val_00012774_n02233338.JPEG,ILSVRC2012_val_00007891_n02233338.JPEG,0.7722583413124084,5.009128093719482,5.009128093719482,4.236869752407074
315,ILSVRC2012_val_00027153_n02236044.JPEG,ILSVRC2012_val_00034722_n02236044.JPEG,0.082320712506771,0.1558033525943756,1.398171305656433,0.0734826400876046
315,ILSVRC2012_val_00042186_n02236044.JPEG,ILSVRC2012_val_00031050_n02236044.JPEG,0.0095177693292498,0.733343780040741,1.7671003341674805,0.7238260107114912
315,ILSVRC2012_val_00015745_n02236044.JPEG,ILSVRC2012_val_00009445_n02236044.JPEG,3.3603131771087646,2.1806459426879883,6.636490821838379,1.1796672344207764
315,ILSVRC2012_val_00011079_n02236044.JPEG,ILSVRC2012_val_00031168_n02236044.JPEG,0.0530057698488235,1.8854621648788448,2.372462272644043,1.8324563950300212
315,ILSVRC2012_val_00047877_n02236044.JPEG,ILSVRC2012_val_00018257_n02236044.JPEG,0.1986585706472396,3.7056901454925537,6.233677387237549,3.507031574845314
316,ILSVRC2012_val_00017593_n02256656.JPEG,ILSVRC2012_val_00035308_n02256656.JPEG,0.0166169889271259,0.0111297974362969,0.5726158618927002,0.005487191490829
316,ILSVRC2012_val_00010562_n02256656.JPEG,ILSVRC2012_val_00034900_n02256656.JPEG,0.0246835183352231,0.0432224459946155,1.660736322402954,0.0185389276593924
316,ILSVRC2012_val_00002649_n02256656.JPEG,ILSVRC2012_val_00023381_n02256656.JPEG,0.0261604022234678,0.001591250183992,0.0261604022234678,0.024569152039475798
316,ILSVRC2012_val_00019151_n02256656.JPEG,ILSVRC2012_val_00038090_n02256656.JPEG,0.0110490396618843,0.4745576977729797,0.7218837738037109,0.4635086581110954
316,ILSVRC2012_val_00024250_n02256656.JPEG,ILSVRC2012_val_00038728_n02256656.JPEG,0.7308116555213928,0.0977421477437019,3.534629344940185,0.6330695077776909
317,ILSVRC2012_val_00015606_n02259212.JPEG,ILSVRC2012_val_00003854_n02259212.JPEG,0.0360056906938552,0.0130364978685975,1.462953805923462,0.022969192825257702
317,ILSVRC2012_val_00011820_n02259212.JPEG,ILSVRC2012_val_00045724_n02259212.JPEG,0.0109568377956748,0.502717137336731,1.4971221685409546,0.49176029954105616
317,ILSVRC2012_val_00039365_n02259212.JPEG,ILSVRC2012_val_00037589_n02259212.JPEG,0.0358544625341892,0.580817699432373,0.7789703607559204,0.5449632368981838
317,ILSVRC2012_val_00039092_n02259212.JPEG,ILSVRC2012_val_00021255_n02259212.JPEG,1.0708833932876587,0.0058336239308118,1.3122583627700806,1.0650497693568468
317,ILSVRC2012_val_00046417_n02259212.JPEG,ILSVRC2012_val_00019237_n02259212.JPEG,2.324287176132202,0.5869173407554626,2.362013339996338,1.7373698353767395
318,ILSVRC2012_val_00008069_n02264363.JPEG,ILSVRC2012_val_00045525_n02264363.JPEG,0.0049779289402067,0.0070077823475003,0.1571328938007354,0.0020298534072935998
318,ILSVRC2012_val_00038765_n02264363.JPEG,ILSVRC2012_val_00047939_n02264363.JPEG,0.0141019774600863,0.0013791344827041,0.0141019774600863,0.012722842977382201
318,ILSVRC2012_val_00031524_n02264363.JPEG,ILSVRC2012_val_00022155_n02264363.JPEG,0.0227858666330575,0.0500786788761615,0.0601973980665206,0.027292812243104
318,ILSVRC2012_val_00044490_n02264363.JPEG,ILSVRC2012_val_00034764_n02264363.JPEG,0.1951051950454712,0.0114152859896421,1.466216206550598,0.1836899090558291
318,ILSVRC2012_val_00004661_n02264363.JPEG,ILSVRC2012_val_00025589_n02264363.JPEG,0.0991859808564186,0.3413723111152649,0.6910349726676941,0.24218633025884628
319,ILSVRC2012_val_00046425_n02268443.JPEG,ILSVRC2012_val_00024612_n02268443.JPEG,0.2107971012592315,1.0832452774047852,1.3221476078033447,0.8724481761455536
319,ILSVRC2012_val_00046231_n02268443.JPEG,ILSVRC2012_val_00044892_n02268443.JPEG,1.3901718854904177,0.5118486881256104,1.3901718854904177,0.8783231973648074
319,ILSVRC2012_val_00043136_n02268443.JPEG,ILSVRC2012_val_00016926_n02268443.JPEG,1.7617104053497314,0.1722599565982818,2.0183322429656982,1.5894504487514496
319,ILSVRC2012_val_00043424_n02268443.JPEG,ILSVRC2012_val_00026557_n02268443.JPEG,2.1457505226135254,0.4681515693664551,2.187941551208496,1.6775989532470703
319,ILSVRC2012_val_00048743_n02268443.JPEG,ILSVRC2012_val_00001752_n02268443.JPEG,2.1021111011505127,0.4018493294715881,2.5258560180664062,1.7002617716789246
320,ILSVRC2012_val_00010151_n02268853.JPEG,ILSVRC2012_val_00004260_n02268853.JPEG,0.2151436954736709,0.2186661511659622,0.8530123829841614,0.0035224556922912875
320,ILSVRC2012_val_00002582_n02268853.JPEG,ILSVRC2012_val_00004215_n02268853.JPEG,0.0888309329748153,0.0843195095658302,0.2336485087871551,0.004511423408985096
320,ILSVRC2012_val_00049442_n02268853.JPEG,ILSVRC2012_val_00033064_n02268853.JPEG,0.1983066648244857,0.1908455789089203,0.4504662156105041,0.0074610859155654075
320,ILSVRC2012_val_00033686_n02268853.JPEG,ILSVRC2012_val_00035819_n02268853.JPEG,0.4442830681800842,0.5550229549407959,2.066331148147583,0.11073988676071173
320,ILSVRC2012_val_00043486_n02268853.JPEG,ILSVRC2012_val_00001921_n02268853.JPEG,0.6682058572769165,0.0940507724881172,0.806283175945282,0.5741550847887993
321,ILSVRC2012_val_00038718_n02276258.JPEG,ILSVRC2012_val_00032156_n02276258.JPEG,0.0391805581748485,0.0363524481654167,0.1544917672872543,0.0028281100094318043
321,ILSVRC2012_val_00012764_n02276258.JPEG,ILSVRC2012_val_00038719_n02276258.JPEG,0.070143736898899,0.089904211461544,1.1940674781799316,0.019760474562645
321,ILSVRC2012_val_00006819_n02276258.JPEG,ILSVRC2012_val_00021499_n02276258.JPEG,0.0739955529570579,0.100479707121849,0.100479707121849,0.026484154164791107
321,ILSVRC2012_val_00048696_n02276258.JPEG,ILSVRC2012_val_00047761_n02276258.JPEG,0.2106359452009201,0.1115604862570762,0.6949617862701416,0.09907545894384391
321,ILSVRC2012_val_00025210_n02276258.JPEG,ILSVRC2012_val_00004453_n02276258.JPEG,0.1366993635892868,0.0057260058820247,0.1366993635892868,0.1309733577072621
322,ILSVRC2012_val_00025952_n02277742.JPEG,ILSVRC2012_val_00035107_n02277742.JPEG,0.1052233353257179,0.0318468250334262,0.1053585261106491,0.0733765102922917
322,ILSVRC2012_val_00024295_n02277742.JPEG,ILSVRC2012_val_00040045_n02277742.JPEG,0.0032960632815957,0.0915761068463325,0.3269106149673462,0.08828004356473679
322,ILSVRC2012_val_00029018_n02277742.JPEG,ILSVRC2012_val_00015608_n02277742.JPEG,0.0090738078579306,0.1176958233118057,0.1176958233118057,0.10862201545387509
322,ILSVRC2012_val_00033745_n02277742.JPEG,ILSVRC2012_val_00021979_n02277742.JPEG,0.2956059575080871,0.0901106670498848,4.916848182678223,0.2054952904582023
322,ILSVRC2012_val_00034673_n02277742.JPEG,ILSVRC2012_val_00035074_n02277742.JPEG,0.0267858058214187,0.2716253101825714,0.2921166718006134,0.2448395043611527
323,ILSVRC2012_val_00026906_n02279972.JPEG,ILSVRC2012_val_00015737_n02279972.JPEG,0.0311026740819215,0.0282003711909055,0.2252712249755859,0.0029023028910159995
323,ILSVRC2012_val_00022757_n02279972.JPEG,ILSVRC2012_val_00046253_n02279972.JPEG,0.0318171493709087,0.0697150006890297,0.0904540866613388,0.03789785131812099
323,ILSVRC2012_val_00046412_n02279972.JPEG,ILSVRC2012_val_00002935_n02279972.JPEG,0.1513866633176803,0.2150349617004394,6.335165023803711,0.0636482983827591
323,ILSVRC2012_val_00040814_n02279972.JPEG,ILSVRC2012_val_00011564_n02279972.JPEG,0.007526138331741,0.0751623809337616,0.5859491229057312,0.0676362426020206
323,ILSVRC2012_val_00049460_n02279972.JPEG,ILSVRC2012_val_00047039_n02279972.JPEG,0.0942754745483398,0.0173595771193504,0.5290173888206482,0.07691589742898941
324,ILSVRC2012_val_00040652_n02280649.JPEG,ILSVRC2012_val_00026917_n02280649.JPEG,0.0151678500697016,0.0176401287317276,2.074294328689575,0.0024722786620259996
324,ILSVRC2012_val_00042876_n02280649.JPEG,ILSVRC2012_val_00034175_n02280649.JPEG,0.0115352561697363,0.0057098856195807,1.2022517919540403,0.005825370550155601
324,ILSVRC2012_val_00012315_n02280649.JPEG,ILSVRC2012_val_00012269_n02280649.JPEG,0.0166226178407669,0.0319897718727588,0.11353100836277,0.015367154031991903
324,ILSVRC2012_val_00045102_n02280649.JPEG,ILSVRC2012_val_00011589_n02280649.JPEG,0.0456043183803558,0.0110541097819805,0.1464174091815948,0.0345502085983753
324,ILSVRC2012_val_00019664_n02280649.JPEG,ILSVRC2012_val_00021073_n02280649.JPEG,1.02897310256958,0.0472322590649127,1.02897310256958,0.9817408435046674
325,ILSVRC2012_val_00003498_n02281406.JPEG,ILSVRC2012_val_00038721_n02281406.JPEG,0.0060739452019333,0.0082667553797364,0.0083212573081254,0.0021928101778030994
325,ILSVRC2012_val_00005117_n02281406.JPEG,ILSVRC2012_val_00013558_n02281406.JPEG,0.0008528171456418,0.0204512700438499,0.4431768655776977,0.0195984528982081
325,ILSVRC2012_val_00048184_n02281406.JPEG,ILSVRC2012_val_00037624_n02281406.JPEG,0.0556297227740287,0.1260409355163574,0.1260409355163574,0.0704112127423287
325,ILSVRC2012_val_00011161_n02281406.JPEG,ILSVRC2012_val_00019900_n02281406.JPEG,0.004533726722002,0.0884344652295112,0.0981355831027031,0.0839007385075092
325,ILSVRC2012_val_00014925_n02281406.JPEG,ILSVRC2012_val_00042019_n02281406.JPEG,0.1237406581640243,0.0342526882886886,0.1237406581640243,0.0894879698753357
326,ILSVRC2012_val_00043407_n02281787.JPEG,ILSVRC2012_val_00044300_n02281787.JPEG,0.0233877636492252,0.0181902311742305,0.0631323307752609,0.005197532474994701
326,ILSVRC2012_val_00005157_n02281787.JPEG,ILSVRC2012_val_00043218_n02281787.JPEG,0.1016873493790626,0.0561748780310153,0.5007787346839905,0.0455124713480473
326,ILSVRC2012_val_00013322_n02281787.JPEG,ILSVRC2012_val_00001536_n02281787.JPEG,0.370648056268692,0.1112778931856155,0.923100471496582,0.25937016308307653
326,ILSVRC2012_val_00032299_n02281787.JPEG,ILSVRC2012_val_00020376_n02281787.JPEG,0.1489927321672439,0.5324588418006897,0.8964493274688721,0.3834661096334458
326,ILSVRC2012_val_00017100_n02281787.JPEG,ILSVRC2012_val_00021929_n02281787.JPEG,0.2741080820560455,1.0461602210998535,2.316947221755981,0.772052139043808
327,ILSVRC2012_val_00025161_n02317335.JPEG,ILSVRC2012_val_00007644_n02317335.JPEG,0.0010570659069344,0.0061562908813357,0.0199962463229894,0.0050992249744012995
327,ILSVRC2012_val_00001740_n02317335.JPEG,ILSVRC2012_val_00027582_n02317335.JPEG,0.0207661036401987,0.0121477302163839,0.0485752932727336,0.008618373423814801
327,ILSVRC2012_val_00007244_n02317335.JPEG,ILSVRC2012_val_00017888_n02317335.JPEG,0.2260102778673172,0.2097771763801574,0.2260102778673172,0.016233101487159812
327,ILSVRC2012_val_00032690_n02317335.JPEG,ILSVRC2012_val_00032937_n02317335.JPEG,0.0263249464333057,0.322941780090332,0.8068163990974426,0.2966168336570263
327,ILSVRC2012_val_00017129_n02317335.JPEG,ILSVRC2012_val_00043732_n02317335.JPEG,0.3695847392082214,1.4301707744598389,2.7179412841796875,1.0605860352516174
328,ILSVRC2012_val_00045696_n02319095.JPEG,ILSVRC2012_val_00014170_n02319095.JPEG,0.1381756961345672,0.2478953301906585,0.92909973859787,0.10971963405609131
328,ILSVRC2012_val_00000138_n02319095.JPEG,ILSVRC2012_val_00028991_n02319095.JPEG,0.205980896949768,0.0284044407308101,0.6142518520355225,0.1775764562189579
328,ILSVRC2012_val_00045604_n02319095.JPEG,ILSVRC2012_val_00033093_n02319095.JPEG,0.3702724874019623,0.0509654209017753,0.5087449550628662,0.319307066500187
328,ILSVRC2012_val_00038301_n02319095.JPEG,ILSVRC2012_val_00036863_n02319095.JPEG,0.0135904299095273,0.70017009973526,2.081817150115967,0.6865796698257327
328,ILSVRC2012_val_00047776_n02319095.JPEG,ILSVRC2012_val_00043765_n02319095.JPEG,0.8860383629798889,1.8683958053588867,2.0518531799316406,0.9823574423789978
329,ILSVRC2012_val_00012113_n02321529.JPEG,ILSVRC2012_val_00029916_n02321529.JPEG,0.2003762871026992,0.0795129835605621,1.6343610286712646,0.12086330354213709
329,ILSVRC2012_val_00045864_n02321529.JPEG,ILSVRC2012_val_00034757_n02321529.JPEG,0.1389733850955963,1.8740992546081543,2.1495513916015625,1.735125869512558
329,ILSVRC2012_val_00022946_n02321529.JPEG,ILSVRC2012_val_00043443_n02321529.JPEG,0.0770298466086387,3.7043685913085938,3.7043685913085938,3.627338744699955
329,ILSVRC2012_val_00021636_n02321529.JPEG,ILSVRC2012_val_00048044_n02321529.JPEG,0.3562352657318115,4.018406391143799,4.018406391143799,3.6621711254119873
329,ILSVRC2012_val_00003820_n02321529.JPEG,ILSVRC2012_val_00021501_n02321529.JPEG,4.190630435943604,0.1693640053272247,4.190630435943604,4.02126643061638
330,ILSVRC2012_val_00000097_n02325366.JPEG,ILSVRC2012_val_00033989_n02325366.JPEG,0.3589926660060882,0.3235776722431183,1.0740636587142944,0.035414993762969915
330,ILSVRC2012_val_00012698_n02325366.JPEG,ILSVRC2012_val_00034860_n02325366.JPEG,0.3612713813781738,0.1311948150396347,0.3614440560340881,0.23007656633853907
330,ILSVRC2012_val_00019651_n02325366.JPEG,ILSVRC2012_val_00014688_n02325366.JPEG,0.2951259911060333,0.0390902236104011,0.507548451423645,0.2560357674956322
330,ILSVRC2012_val_00005259_n02325366.JPEG,ILSVRC2012_val_00024858_n02325366.JPEG,0.2108997255563736,0.6011277437210083,1.120078444480896,0.3902280181646347
330,ILSVRC2012_val_00002473_n02325366.JPEG,ILSVRC2012_val_00001670_n02325366.JPEG,0.0467149727046489,1.252043604850769,1.3236613273620603,1.20532863214612
331,ILSVRC2012_val_00013328_n02326432.JPEG,ILSVRC2012_val_00043365_n02326432.JPEG,0.1688470989465713,0.1507220715284347,0.3415215015411377,0.018125027418136597
331,ILSVRC2012_val_00040452_n02326432.JPEG,ILSVRC2012_val_00043531_n02326432.JPEG,0.2615253627300262,0.2278400361537933,0.6357500553131104,0.03368532657623288
331,ILSVRC2012_val_00041538_n02326432.JPEG,ILSVRC2012_val_00023449_n02326432.JPEG,0.1570682078599929,0.0761599615216255,0.3956419229507446,0.08090824633836739
331,ILSVRC2012_val_00001088_n02326432.JPEG,ILSVRC2012_val_00035418_n02326432.JPEG,0.8356997966766357,0.5754807591438293,1.5998005867004397,0.2602190375328064
331,ILSVRC2012_val_00013062_n02326432.JPEG,ILSVRC2012_val_00018969_n02326432.JPEG,0.3554041981697082,0.0844207480549812,0.3990770578384399,0.270983450114727
332,ILSVRC2012_val_00002200_n02328150.JPEG,ILSVRC2012_val_00040623_n02328150.JPEG,0.0288478955626487,0.0282605178654193,0.0447321869432926,0.0005873776972293993
332,ILSVRC2012_val_00007037_n02328150.JPEG,ILSVRC2012_val_00032730_n02328150.JPEG,0.0833957344293594,0.0111399358138442,0.3731383085250854,0.07225579861551519
332,ILSVRC2012_val_00000981_n02328150.JPEG,ILSVRC2012_val_00048594_n02328150.JPEG,0.0052847447805106,0.0904927477240562,0.1065685451030731,0.08520800294354561
332,ILSVRC2012_val_00014708_n02328150.JPEG,ILSVRC2012_val_00010148_n02328150.JPEG,0.6358544230461121,0.1477746963500976,1.323944330215454,0.48807972669601446
332,ILSVRC2012_val_00029632_n02328150.JPEG,ILSVRC2012_val_00027898_n02328150.JPEG,1.3106623888015747,0.2020191699266433,1.317915439605713,1.1086432188749313
333,ILSVRC2012_val_00002048_n02342885.JPEG,ILSVRC2012_val_00039968_n02342885.JPEG,0.0159664209932088,0.0898609533905983,0.2404259443283081,0.0738945323973895
333,ILSVRC2012_val_00028831_n02342885.JPEG,ILSVRC2012_val_00007980_n02342885.JPEG,0.0665825605392456,0.1753453314304351,0.1753453314304351,0.10876277089118949
333,ILSVRC2012_val_00014630_n02342885.JPEG,ILSVRC2012_val_00039073_n02342885.JPEG,0.1943084746599197,0.0070701651275157,0.4044967293739319,0.187238309532404
333,ILSVRC2012_val_00027868_n02342885.JPEG,ILSVRC2012_val_00015181_n02342885.JPEG,0.0168866161257028,0.237983837723732,0.2916765809059143,0.2210972215980292
333,ILSVRC2012_val_00030463_n02342885.JPEG,ILSVRC2012_val_00004693_n02342885.JPEG,0.0310829132795333,0.4621978402137756,3.2225027084350586,0.4311149269342423
334,ILSVRC2012_val_00033368_n02346627.JPEG,ILSVRC2012_val_00037557_n02346627.JPEG,0.0226434636861085,0.0169543623924255,0.0575642585754394,0.005689101293683
334,ILSVRC2012_val_00047267_n02346627.JPEG,ILSVRC2012_val_00016015_n02346627.JPEG,0.0194023586809635,0.0024405713193118,0.0629662349820137,0.0169617873616517
334,ILSVRC2012_val_00012414_n02346627.JPEG,ILSVRC2012_val_00034246_n02346627.JPEG,0.0711663141846656,0.4344177842140198,0.4344177842140198,0.3632514700293542
334,ILSVRC2012_val_00004861_n02346627.JPEG,ILSVRC2012_val_00005852_n02346627.JPEG,0.0057380958460271,0.6677116751670837,0.6677116751670837,0.6619735793210566
334,ILSVRC2012_val_00010410_n02346627.JPEG,ILSVRC2012_val_00015985_n02346627.JPEG,0.00320575828664,2.245143413543701,2.245143413543701,2.241937655257061
335,ILSVRC2012_val_00049865_n02356798.JPEG,ILSVRC2012_val_00041520_n02356798.JPEG,0.056041095405817,0.0280684735625982,3.7142744064331055,0.027972621843218796
335,ILSVRC2012_val_00038622_n02356798.JPEG,ILSVRC2012_val_00033103_n02356798.JPEG,0.0578599721193313,0.022516194730997,0.5674866437911987,0.0353437773883343
335,ILSVRC2012_val_00009363_n02356798.JPEG,ILSVRC2012_val_00042981_n02356798.JPEG,0.0046904776245355,0.459701657295227,1.1532996892929075,0.4550111796706915
335,ILSVRC2012_val_00035136_n02356798.JPEG,ILSVRC2012_val_00029719_n02356798.JPEG,0.3032956421375274,1.0370789766311646,3.256538152694702,0.7337833344936371
335,ILSVRC2012_val_00016105_n02356798.JPEG,ILSVRC2012_val_00016733_n02356798.JPEG,2.045504570007324,0.1474387943744659,2.078575849533081,1.8980657756328583
336,ILSVRC2012_val_00008936_n02361337.JPEG,ILSVRC2012_val_00033800_n02361337.JPEG,0.0097071519121527,0.0072183525189757,0.4159862101078033,0.0024887993931769995
336,ILSVRC2012_val_00037480_n02361337.JPEG,ILSVRC2012_val_00018582_n02361337.JPEG,0.0301645901054143,0.1041568145155906,3.8504791259765625,0.0739922244101763
336,ILSVRC2012_val_00008856_n02361337.JPEG,ILSVRC2012_val_00030520_n02361337.JPEG,0.0191570334136486,0.2204896807670593,2.566079616546631,0.2013326473534107
336,ILSVRC2012_val_00000675_n02361337.JPEG,ILSVRC2012_val_00028439_n02361337.JPEG,0.3147725462913513,0.0190095528960227,0.3147725462913513,0.29576299339532863
336,ILSVRC2012_val_00013990_n02361337.JPEG,ILSVRC2012_val_00041110_n02361337.JPEG,0.5046154260635376,0.1628385037183761,1.7000203132629397,0.3417769223451615
337,ILSVRC2012_val_00009081_n02363005.JPEG,ILSVRC2012_val_00033361_n02363005.JPEG,0.0619506947696208,0.0175174921751022,6.551477909088135,0.0444332025945186
337,ILSVRC2012_val_00003248_n02363005.JPEG,ILSVRC2012_val_00043893_n02363005.JPEG,0.0741971284151077,0.0032980830874294,0.0741971284151077,0.0708990453276783
337,ILSVRC2012_val_00017953_n02363005.JPEG,ILSVRC2012_val_00035029_n02363005.JPEG,0.0338367484509944,0.1070176512002945,0.8981735706329346,0.07318090274930009
337,ILSVRC2012_val_00028341_n02363005.JPEG,ILSVRC2012_val_00009075_n02363005.JPEG,0.0345561802387237,0.1507212519645691,0.3914097845554352,0.11616507172584539
337,ILSVRC2012_val_00036380_n02363005.JPEG,ILSVRC2012_val_00032416_n02363005.JPEG,0.640431821346283,0.2951275706291199,0.640431821346283,0.3453042507171631
338,ILSVRC2012_val_00003675_n02364673.JPEG,ILSVRC2012_val_00013167_n02364673.JPEG,0.0115561140701174,0.0111892120912671,1.150320053100586,0.0003669019788503005
338,ILSVRC2012_val_00010589_n02364673.JPEG,ILSVRC2012_val_00034572_n02364673.JPEG,0.4899443387985229,0.0763123929500579,3.043550968170166,0.41363194584846497
338,ILSVRC2012_val_00027956_n02364673.JPEG,ILSVRC2012_val_00043664_n02364673.JPEG,0.1610367596149444,0.6544924974441528,1.2013683319091797,0.49345573782920843
338,ILSVRC2012_val_00027337_n02364673.JPEG,ILSVRC2012_val_00046562_n02364673.JPEG,0.2658973932266235,1.2805383205413818,2.19169282913208,1.0146409273147583
338,ILSVRC2012_val_00006291_n02364673.JPEG,ILSVRC2012_val_00045928_n02364673.JPEG,0.002220190828666,1.1435134410858154,2.062349796295166,1.1412932502571493
339,ILSVRC2012_val_00009344_n02389026.JPEG,ILSVRC2012_val_00044391_n02389026.JPEG,0.0331945233047008,0.0717322453856468,0.8445410132408142,0.038537722080946
339,ILSVRC2012_val_00033323_n02389026.JPEG,ILSVRC2012_val_00004734_n02389026.JPEG,0.1105765998363494,0.0183256603777408,1.5933581590652466,0.0922509394586086
339,ILSVRC2012_val_00017358_n02389026.JPEG,ILSVRC2012_val_00000179_n02389026.JPEG,0.2580613493919372,0.0221443139016628,1.0570341348648071,0.2359170354902744
339,ILSVRC2012_val_00014369_n02389026.JPEG,ILSVRC2012_val_00030081_n02389026.JPEG,0.2899544835090637,0.0457424633204937,1.6044715642929075,0.24421202018857002
339,ILSVRC2012_val_00043299_n02389026.JPEG,ILSVRC2012_val_00045251_n02389026.JPEG,0.4657806754112243,0.9946405291557312,0.9946405291557312,0.5288598537445068
340,ILSVRC2012_val_00009948_n02391049.JPEG,ILSVRC2012_val_00002483_n02391049.JPEG,0.0291680842638015,0.0275717936456203,0.1629720032215118,0.0015962906181811974
340,ILSVRC2012_val_00036934_n02391049.JPEG,ILSVRC2012_val_00035101_n02391049.JPEG,0.0135281002148985,0.0170021820813417,0.0588659606873989,0.003474081866443199
340,ILSVRC2012_val_00012498_n02391049.JPEG,ILSVRC2012_val_00023210_n02391049.JPEG,0.0043444302864372,0.0114865861833095,0.4967708587646484,0.007142155896872299
340,ILSVRC2012_val_00012340_n02391049.JPEG,ILSVRC2012_val_00023129_n02391049.JPEG,0.0163166802376508,0.0035519623197615,0.2415409386157989,0.012764717917889298
340,ILSVRC2012_val_00024175_n02391049.JPEG,ILSVRC2012_val_00002996_n02391049.JPEG,0.0055160694755613,0.0193916019052267,0.0267275422811508,0.0138755324296654
341,ILSVRC2012_val_00029653_n02395406.JPEG,ILSVRC2012_val_00029786_n02395406.JPEG,0.6178498864173889,0.8961618542671204,2.930083990097046,0.27831196784973145
341,ILSVRC2012_val_00003973_n02395406.JPEG,ILSVRC2012_val_00018776_n02395406.JPEG,0.0046297260560095,0.3709226846694946,2.6487345695495605,0.3662929586134851
341,ILSVRC2012_val_00031491_n02395406.JPEG,ILSVRC2012_val_00048187_n02395406.JPEG,0.0266605708748102,1.2848321199417114,2.3084158897399902,1.2581715490669012
341,ILSVRC2012_val_00026390_n02395406.JPEG,ILSVRC2012_val_00008257_n02395406.JPEG,2.9918642044067383,0.6003750562667847,3.316483974456787,2.3914891481399536
341,ILSVRC2012_val_00022018_n02395406.JPEG,ILSVRC2012_val_00014171_n02395406.JPEG,2.6853456497192383,0.0004891153075732,2.826720714569092,2.684856534411665
342,ILSVRC2012_val_00009551_n02396427.JPEG,ILSVRC2012_val_00023375_n02396427.JPEG,0.2016366869211197,0.148694634437561,1.4655276536941528,0.05294205248355868
342,ILSVRC2012_val_00038016_n02396427.JPEG,ILSVRC2012_val_00008616_n02396427.JPEG,0.280083566904068,0.1702578663825988,1.7504124641418457,0.1098257005214692
342,ILSVRC2012_val_00038735_n02396427.JPEG,ILSVRC2012_val_00029063_n02396427.JPEG,0.5901073217391968,0.2438234388828277,0.8078622817993164,0.3462838828563691
342,ILSVRC2012_val_00019873_n02396427.JPEG,ILSVRC2012_val_00002757_n02396427.JPEG,0.8189077973365784,0.197617769241333,4.504121780395508,0.6212900280952454
342,ILSVRC2012_val_00011042_n02396427.JPEG,ILSVRC2012_val_00007631_n02396427.JPEG,0.8269138336181641,4.437463283538818,4.437463283538818,3.6105494499206543
343,ILSVRC2012_val_00017522_n02397096.JPEG,ILSVRC2012_val_00006975_n02397096.JPEG,0.3225952684879303,0.3182263970375061,2.6256566047668457,0.004368871450424194
343,ILSVRC2012_val_00043023_n02397096.JPEG,ILSVRC2012_val_00020323_n02397096.JPEG,0.0661873295903205,0.0141319502145051,0.1836731135845184,0.052055379375815405
343,ILSVRC2012_val_00046916_n02397096.JPEG,ILSVRC2012_val_00025638_n02397096.JPEG,0.4717904031276703,0.2274757623672485,7.186957359313965,0.24431464076042178
343,ILSVRC2012_val_00041050_n02397096.JPEG,ILSVRC2012_val_00003166_n02397096.JPEG,0.0760271698236465,0.722847580909729,1.394070744514465,0.6468204110860825
343,ILSVRC2012_val_00043924_n02397096.JPEG,ILSVRC2012_val_00043406_n02397096.JPEG,1.8474712371826167,0.3157659769058227,2.2233083248138428,1.531705260276794
344,ILSVRC2012_val_00034570_n02398521.JPEG,ILSVRC2012_val_00015452_n02398521.JPEG,0.0041943914256989,0.0333051048219203,0.1662182956933975,0.0291107133962214
344,ILSVRC2012_val_00028867_n02398521.JPEG,ILSVRC2012_val_00023744_n02398521.JPEG,0.1603596806526184,0.0225828606635332,0.1603596806526184,0.1377768199890852
344,ILSVRC2012_val_00010123_n02398521.JPEG,ILSVRC2012_val_00013465_n02398521.JPEG,1.432848334312439,0.8438557386398315,3.2949118614196777,0.5889925956726074
344,ILSVRC2012_val_00024115_n02398521.JPEG,ILSVRC2012_val_00041835_n02398521.JPEG,0.9045588374137878,0.0047067329287528,1.5732496976852417,0.899852104485035
344,ILSVRC2012_val_00035386_n02398521.JPEG,ILSVRC2012_val_00036081_n02398521.JPEG,1.5749366283416748,0.0292462352663278,3.9760332107543945,1.545690393075347
345,ILSVRC2012_val_00041495_n02403003.JPEG,ILSVRC2012_val_00007380_n02403003.JPEG,4.051006317138672,4.091771602630615,5.412142276763916,0.04076528549194336
345,ILSVRC2012_val_00028017_n02403003.JPEG,ILSVRC2012_val_00038349_n02403003.JPEG,0.3631062507629394,0.664811372756958,5.934638977050781,0.3017051219940186
345,ILSVRC2012_val_00005366_n02403003.JPEG,ILSVRC2012_val_00016415_n02403003.JPEG,0.974157214164734,1.4358354806900024,4.109404563903809,0.46167826652526844
345,ILSVRC2012_val_00043758_n02403003.JPEG,ILSVRC2012_val_00004751_n02403003.JPEG,2.0534486770629883,0.7173101305961609,2.0534486770629883,1.3361385464668274
345,ILSVRC2012_val_00039271_n02403003.JPEG,ILSVRC2012_val_00013637_n02403003.JPEG,2.053379535675049,0.6635442972183228,3.648051261901856,1.389835238456726
346,ILSVRC2012_val_00005454_n02408429.JPEG,ILSVRC2012_val_00031319_n02408429.JPEG,0.0541994832456111,0.0116726504638791,0.3835282325744629,0.042526832781732
346,ILSVRC2012_val_00006709_n02408429.JPEG,ILSVRC2012_val_00049866_n02408429.JPEG,0.02220587618649,0.1167321726679802,1.529540777206421,0.09452629648149019
346,ILSVRC2012_val_00045445_n02408429.JPEG,ILSVRC2012_val_00047859_n02408429.JPEG,0.2769815921783447,0.1795688420534134,0.8422067165374756,0.09741275012493134
346,ILSVRC2012_val_00013252_n02408429.JPEG,ILSVRC2012_val_00045554_n02408429.JPEG,0.0683143585920333,0.8609286546707153,1.525429368019104,0.7926142960786821
346,ILSVRC2012_val_00000552_n02408429.JPEG,ILSVRC2012_val_00005951_n02408429.JPEG,0.1365146785974502,1.453416109085083,1.7484643459320068,1.3169014304876328
347,ILSVRC2012_val_00049958_n02410509.JPEG,ILSVRC2012_val_00037054_n02410509.JPEG,0.0268534645438194,0.0337321013212204,0.2058424353599548,0.006878636777400998
347,ILSVRC2012_val_00043684_n02410509.JPEG,ILSVRC2012_val_00028745_n02410509.JPEG,0.2271973043680191,0.1494057476520538,0.4458852410316467,0.0777915567159653
347,ILSVRC2012_val_00034061_n02410509.JPEG,ILSVRC2012_val_00035778_n02410509.JPEG,0.2046007364988327,0.0121834138408303,0.948826789855957,0.1924173226580024
347,ILSVRC2012_val_00040511_n02410509.JPEG,ILSVRC2012_val_00046658_n02410509.JPEG,0.3649770617485046,0.0586727336049079,1.1784718036651611,0.3063043281435967
347,ILSVRC2012_val_00002669_n02410509.JPEG,ILSVRC2012_val_00004508_n02410509.JPEG,0.3828258812427521,0.0570786409080028,0.4608984589576721,0.3257472403347493
348,ILSVRC2012_val_00044042_n02412080.JPEG,ILSVRC2012_val_00022981_n02412080.JPEG,0.9200233221054076,1.06064772605896,1.0868422985076904,0.14062440395355236
348,ILSVRC2012_val_00023655_n02412080.JPEG,ILSVRC2012_val_00011902_n02412080.JPEG,0.4055007100105285,0.0158311408013105,0.5218038558959961,0.389669569209218
348,ILSVRC2012_val_00026750_n02412080.JPEG,ILSVRC2012_val_00048002_n02412080.JPEG,0.4535678923130035,1.0009357929229736,1.245091676712036,0.5473679006099701
348,ILSVRC2012_val_00040411_n02412080.JPEG,ILSVRC2012_val_00035372_n02412080.JPEG,0.1189072132110595,0.9342616200447084,1.3553236722946167,0.8153544068336489
348,ILSVRC2012_val_00027882_n02412080.JPEG,ILSVRC2012_val_00004137_n02412080.JPEG,0.224211573600769,1.1410017013549805,2.017514944076538,0.9167901277542114
349,ILSVRC2012_val_00049562_n02415577.JPEG,ILSVRC2012_val_00017917_n02415577.JPEG,0.6084643602371216,0.6671730279922485,1.348224639892578,0.05870866775512695
349,ILSVRC2012_val_00016046_n02415577.JPEG,ILSVRC2012_val_00049043_n02415577.JPEG,0.3386462032794952,0.2067156285047531,1.0441908836364746,0.13193057477474207
349,ILSVRC2012_val_00042432_n02415577.JPEG,ILSVRC2012_val_00008037_n02415577.JPEG,0.7451401352882385,0.8858792781829834,2.004016876220703,0.14073914289474487
349,ILSVRC2012_val_00007416_n02415577.JPEG,ILSVRC2012_val_00024343_n02415577.JPEG,0.1573738008737564,0.3972665667533874,0.7620837092399597,0.239892765879631
349,ILSVRC2012_val_00003504_n02415577.JPEG,ILSVRC2012_val_00022966_n02415577.JPEG,0.3941413760185241,0.6890922784805298,1.2154723405838013,0.29495090246200567
350,ILSVRC2012_val_00024279_n02417914.JPEG,ILSVRC2012_val_00011977_n02417914.JPEG,0.1850510388612747,0.1326442211866378,0.9301667809486388,0.052406817674636896
350,ILSVRC2012_val_00010701_n02417914.JPEG,ILSVRC2012_val_00047806_n02417914.JPEG,0.1374991536140442,0.0239122491329908,0.6624159812927246,0.1135869044810534
350,ILSVRC2012_val_00002583_n02417914.JPEG,ILSVRC2012_val_00020802_n02417914.JPEG,0.2093263119459152,0.0388423427939415,2.6651906967163086,0.1704839691519737
350,ILSVRC2012_val_00028707_n02417914.JPEG,ILSVRC2012_val_00034916_n02417914.JPEG,0.8097262978553772,0.4366164803504944,0.8120212554931641,0.3731098175048828
350,ILSVRC2012_val_00029315_n02417914.JPEG,ILSVRC2012_val_00044074_n02417914.JPEG,0.8083524107933044,0.3354164958000183,1.9933099746704104,0.47293591499328613
351,ILSVRC2012_val_00041272_n02422106.JPEG,ILSVRC2012_val_00043623_n02422106.JPEG,0.1150340586900711,0.1293369829654693,0.2522906363010406,0.014302924275398199
351,ILSVRC2012_val_00001232_n02422106.JPEG,ILSVRC2012_val_00014980_n02422106.JPEG,0.0357251800596714,0.0132994446903467,0.0882306098937988,0.0224257353693247
351,ILSVRC2012_val_00003225_n02422106.JPEG,ILSVRC2012_val_00002073_n02422106.JPEG,0.1013162061572074,0.069835290312767,0.3932350873947143,0.031480915844440405
351,ILSVRC2012_val_00015362_n02422106.JPEG,ILSVRC2012_val_00028542_n02422106.JPEG,0.0543373487889766,0.0920273214578628,0.1789820492267608,0.0376899726688862
351,ILSVRC2012_val_00045174_n02422106.JPEG,ILSVRC2012_val_00015744_n02422106.JPEG,0.0999236702919006,0.1412467956542968,0.1703796088695526,0.0413231253623962
352,ILSVRC2012_val_00012297_n02422699.JPEG,ILSVRC2012_val_00001640_n02422699.JPEG,0.5233480334281921,0.44032022356987,2.3941242694854736,0.08302780985832214
352,ILSVRC2012_val_00003871_n02422699.JPEG,ILSVRC2012_val_00011737_n02422699.JPEG,1.4353982210159302,0.6547772884368896,2.713937759399414,0.7806209325790405
352,ILSVRC2012_val_00036108_n02422699.JPEG,ILSVRC2012_val_00025352_n02422699.JPEG,0.7407834529876709,1.5308325290679932,1.5308325290679932,0.7900490760803223
352,ILSVRC2012_val_00009287_n02422699.JPEG,ILSVRC2012_val_00027136_n02422699.JPEG,0.2339010089635849,1.9834797382354736,2.667408943176269,1.7495787292718887
352,ILSVRC2012_val_00047967_n02422699.JPEG,ILSVRC2012_val_00036178_n02422699.JPEG,0.6252779364585876,2.666321277618408,6.578400135040283,2.0410433411598206
353,ILSVRC2012_val_00044771_n02423022.JPEG,ILSVRC2012_val_00047308_n02423022.JPEG,0.08133465051651,0.0360443256795406,0.3901443183422088,0.045290324836969396
353,ILSVRC2012_val_00013750_n02423022.JPEG,ILSVRC2012_val_00030609_n02423022.JPEG,0.1382996588945388,0.3481448292732239,2.1389729976654053,0.20984517037868508
353,ILSVRC2012_val_00028513_n02423022.JPEG,ILSVRC2012_val_00009267_n02423022.JPEG,0.64275062084198,0.198399156332016,1.390104055404663,0.444351464509964
353,ILSVRC2012_val_00007265_n02423022.JPEG,ILSVRC2012_val_00024266_n02423022.JPEG,1.6362531185150146,1.042130708694458,1.758037805557251,0.5941224098205566
353,ILSVRC2012_val_00025678_n02423022.JPEG,ILSVRC2012_val_00028130_n02423022.JPEG,0.0257303919643163,1.197185516357422,1.722906470298767,1.1714551243931057
354,ILSVRC2012_val_00004720_n02437312.JPEG,ILSVRC2012_val_00014644_n02437312.JPEG,0.0607096627354621,0.0519772320985794,0.0953662246465683,0.008732430636882699
354,ILSVRC2012_val_00027955_n02437312.JPEG,ILSVRC2012_val_00013383_n02437312.JPEG,0.1496626883745193,0.0660860165953636,0.1528900861740112,0.08357667177915569
354,ILSVRC2012_val_00033344_n02437312.JPEG,ILSVRC2012_val_00019635_n02437312.JPEG,0.1113765388727188,0.0266025327146053,1.3304674625396729,0.0847740061581135
354,ILSVRC2012_val_00027819_n02437312.JPEG,ILSVRC2012_val_00038495_n02437312.JPEG,0.1849371045827865,0.0677797943353653,3.2820003032684326,0.11715731024742121
354,ILSVRC2012_val_00011354_n02437312.JPEG,ILSVRC2012_val_00026662_n02437312.JPEG,0.030116356909275,0.6152352094650269,1.6027982234954834,0.5851188525557518
355,ILSVRC2012_val_00030863_n02437616.JPEG,ILSVRC2012_val_00010441_n02437616.JPEG,0.0413670055568218,0.1787026226520538,4.612353801727295,0.137335617095232
355,ILSVRC2012_val_00038684_n02437616.JPEG,ILSVRC2012_val_00041905_n02437616.JPEG,0.0734005495905876,0.3572166264057159,9.155450820922852,0.28381607681512827
355,ILSVRC2012_val_00021181_n02437616.JPEG,ILSVRC2012_val_00038163_n02437616.JPEG,0.0008790204883553,0.3999814093112945,0.4119769334793091,0.3991023888229392
355,ILSVRC2012_val_00044769_n02437616.JPEG,ILSVRC2012_val_00010862_n02437616.JPEG,0.8297331929206848,0.0853611901402473,1.5032211542129517,0.7443720027804375
355,ILSVRC2012_val_00026173_n02437616.JPEG,ILSVRC2012_val_00014548_n02437616.JPEG,0.8557213544845581,0.063713788986206,2.151247024536133,0.792007565498352
356,ILSVRC2012_val_00031908_n02441942.JPEG,ILSVRC2012_val_00042483_n02441942.JPEG,0.1365037560462951,0.1193730309605598,0.3338382244110107,0.017130725085735307
356,ILSVRC2012_val_00024239_n02441942.JPEG,ILSVRC2012_val_00002874_n02441942.JPEG,0.28310626745224,0.4502999782562256,1.710634469985962,0.1671937108039856
356,ILSVRC2012_val_00045854_n02441942.JPEG,ILSVRC2012_val_00022744_n02441942.JPEG,0.3131195902824402,0.0530223883688449,0.5107738971710205,0.2600972019135953
356,ILSVRC2012_val_00023803_n02441942.JPEG,ILSVRC2012_val_00026588_n02441942.JPEG,0.0532637275755405,0.3777428567409515,0.5156422257423401,0.324479129165411
356,ILSVRC2012_val_00009986_n02441942.JPEG,ILSVRC2012_val_00042140_n02441942.JPEG,1.4655791521072388,2.1420528888702397,3.1594972610473637,0.6764737367630009
357,ILSVRC2012_val_00033047_n02442845.JPEG,ILSVRC2012_val_00043521_n02442845.JPEG,0.5553820729255676,0.708611786365509,2.715883255004883,0.1532297134399414
357,ILSVRC2012_val_00030316_n02442845.JPEG,ILSVRC2012_val_00049545_n02442845.JPEG,0.9875879883766174,1.27459979057312,2.9111328125,0.28701180219650246
357,ILSVRC2012_val_00005149_n02442845.JPEG,ILSVRC2012_val_00022124_n02442845.JPEG,0.6094228029251099,0.1850894838571548,2.482174873352051,0.4243333190679551
357,ILSVRC2012_val_00026106_n02442845.JPEG,ILSVRC2012_val_00023994_n02442845.JPEG,5.657963752746582,4.610872268676758,6.012094497680664,1.0470914840698242
357,ILSVRC2012_val_00048096_n02442845.JPEG,ILSVRC2012_val_00046175_n02442845.JPEG,0.5501856803894043,1.7799901962280271,2.0587432384490967,1.2298045158386228
358,ILSVRC2012_val_00032317_n02443114.JPEG,ILSVRC2012_val_00024734_n02443114.JPEG,0.6568875908851624,0.5459504127502441,0.7856162786483765,0.11093717813491821
358,ILSVRC2012_val_00019825_n02443114.JPEG,ILSVRC2012_val_00030469_n02443114.JPEG,0.8786442875862122,1.2409744262695312,2.27694034576416,0.3623301386833191
358,ILSVRC2012_val_00031370_n02443114.JPEG,ILSVRC2012_val_00016220_n02443114.JPEG,0.2257336229085922,0.6050780415534973,1.8935742378234863,0.3793444186449051
358,ILSVRC2012_val_00042406_n02443114.JPEG,ILSVRC2012_val_00029184_n02443114.JPEG,0.0847328305244445,0.6439220309257507,5.626572132110596,0.5591892004013063
358,ILSVRC2012_val_00011710_n02443114.JPEG,ILSVRC2012_val_00000055_n02443114.JPEG,0.7070234417915344,1.3869163990020752,2.8644299507141118,0.6798929572105408
359,ILSVRC2012_val_00040904_n02443484.JPEG,ILSVRC2012_val_00040026_n02443484.JPEG,0.562397837638855,0.4742738306522369,1.6506319046020508,0.0881240069866181
359,ILSVRC2012_val_00000326_n02443484.JPEG,ILSVRC2012_val_00036439_n02443484.JPEG,0.6542097926139832,0.4721876382827759,2.5703365802764893,0.18202215433120728
359,ILSVRC2012_val_00032951_n02443484.JPEG,ILSVRC2012_val_00000401_n02443484.JPEG,0.5614386796951294,0.3789862990379333,0.6012969017028809,0.1824523806571961
359,ILSVRC2012_val_00040895_n02443484.JPEG,ILSVRC2012_val_00017666_n02443484.JPEG,2.508966445922852,3.045825958251953,4.994053840637207,0.5368595123291011
359,ILSVRC2012_val_00027016_n02443484.JPEG,ILSVRC2012_val_00034590_n02443484.JPEG,1.7838523387908936,0.8450754284858704,2.067946434020996,0.9387769103050232
360,ILSVRC2012_val_00004298_n02444819.JPEG,ILSVRC2012_val_00007115_n02444819.JPEG,0.4420961439609527,0.392934650182724,1.347604513168335,0.049161493778228704
360,ILSVRC2012_val_00018580_n02444819.JPEG,ILSVRC2012_val_00027549_n02444819.JPEG,0.0388258323073387,0.4173113107681274,1.3738173246383667,0.37848547846078867
360,ILSVRC2012_val_00001407_n02444819.JPEG,ILSVRC2012_val_00007360_n02444819.JPEG,0.043669082224369,0.5435808897018433,0.5672656297683716,0.49991180747747427
360,ILSVRC2012_val_00029427_n02444819.JPEG,ILSVRC2012_val_00008520_n02444819.JPEG,0.9233339428901672,0.3065952360630035,1.0020534992218018,0.6167387068271637
360,ILSVRC2012_val_00004584_n02444819.JPEG,ILSVRC2012_val_00009656_n02444819.JPEG,0.8754624128341675,0.0629813447594642,1.0390411615371704,0.8124810680747033
361,ILSVRC2012_val_00039135_n02445715.JPEG,ILSVRC2012_val_00015459_n02445715.JPEG,0.0230791140347719,0.0079367272555828,0.1219799220561981,0.015142386779189098
361,ILSVRC2012_val_00037139_n02445715.JPEG,ILSVRC2012_val_00006283_n02445715.JPEG,0.0806385427713394,0.1086625903844833,2.0527210235595703,0.028024047613143893
361,ILSVRC2012_val_00012283_n02445715.JPEG,ILSVRC2012_val_00000273_n02445715.JPEG,0.004662238061428,0.0462302044034004,0.056734375655651,0.0415679663419724
361,ILSVRC2012_val_00022864_n02445715.JPEG,ILSVRC2012_val_00003766_n02445715.JPEG,0.0438670516014099,0.1204973235726356,0.1204973235726356,0.0766302719712257
361,ILSVRC2012_val_00015239_n02445715.JPEG,ILSVRC2012_val_00014343_n02445715.JPEG,0.0134385973215103,0.3005561828613281,5.450230121612549,0.2871175855398178
362,ILSVRC2012_val_00023566_n02447366.JPEG,ILSVRC2012_val_00008419_n02447366.JPEG,0.0630898028612136,0.1164753288030624,3.7859139442443848,0.053385525941848797
362,ILSVRC2012_val_00020668_n02447366.JPEG,ILSVRC2012_val_00036224_n02447366.JPEG,0.0799858495593071,0.0074594062753021,0.0799858495593071,0.072526443284005
362,ILSVRC2012_val_00031622_n02447366.JPEG,ILSVRC2012_val_00038987_n02447366.JPEG,0.2440454661846161,0.0272110700607299,3.073976755142212,0.2168343961238862
362,ILSVRC2012_val_00023870_n02447366.JPEG,ILSVRC2012_val_00013425_n02447366.JPEG,1.0161149501800537,0.0630169361829757,2.702925682067871,0.953098013997078
362,ILSVRC2012_val_00042540_n02447366.JPEG,ILSVRC2012_val_00000726_n02447366.JPEG,1.1183178424835205,0.0053801978938281,2.148725986480713,1.1129376445896924
363,ILSVRC2012_val_00047889_n02454379.JPEG,ILSVRC2012_val_00036094_n02454379.JPEG,0.0129508338868618,0.0182363521307706,0.0638108700513839,0.005285518243908801
363,ILSVRC2012_val_00047246_n02454379.JPEG,ILSVRC2012_val_00038784_n02454379.JPEG,0.0558619797229766,0.0010780243901535,0.1513136029243469,0.054783955332823105
363,ILSVRC2012_val_00033827_n02454379.JPEG,ILSVRC2012_val_00009806_n02454379.JPEG,0.2167432159185409,0.0105840545147657,0.239869013428688,0.2061591614037752
363,ILSVRC2012_val_00031417_n02454379.JPEG,ILSVRC2012_val_00018994_n02454379.JPEG,0.1606947183609008,0.8776477575302124,1.3280704021453855,0.7169530391693116
363,ILSVRC2012_val_00018686_n02454379.JPEG,ILSVRC2012_val_00013409_n02454379.JPEG,2.431056261062622,0.2577671408653259,2.431056261062622,2.173289120197296
364,ILSVRC2012_val_00031042_n02457408.JPEG,ILSVRC2012_val_00020433_n02457408.JPEG,0.006932255346328,0.0790151059627533,0.3417820632457733,0.07208285061642529
364,ILSVRC2012_val_00020654_n02457408.JPEG,ILSVRC2012_val_00043100_n02457408.JPEG,0.0796012803912162,5.686121585313231e-05,0.464195191860199,0.07954441917536306
364,ILSVRC2012_val_00007499_n02457408.JPEG,ILSVRC2012_val_00017781_n02457408.JPEG,0.0283353794366121,0.3544168472290039,2.584757804870605,0.3260814677923918
364,ILSVRC2012_val_00019352_n02457408.JPEG,ILSVRC2012_val_00007554_n02457408.JPEG,0.3908376693725586,0.0566147491335868,0.7005457878112793,0.3342229202389718
364,ILSVRC2012_val_00018316_n02457408.JPEG,ILSVRC2012_val_00047311_n02457408.JPEG,0.0002023968845605,0.4454826414585113,0.4869983792304992,0.4452802445739508
365,ILSVRC2012_val_00049377_n02480495.JPEG,ILSVRC2012_val_00047222_n02480495.JPEG,0.0905498042702674,0.0406378023326396,3.619359970092773,0.049912001937627806
365,ILSVRC2012_val_00037228_n02480495.JPEG,ILSVRC2012_val_00037212_n02480495.JPEG,0.1883593648672104,0.0022358912974596,1.8152079582214355,0.18612347356975079
365,ILSVRC2012_val_00024886_n02480495.JPEG,ILSVRC2012_val_00010576_n02480495.JPEG,0.0257093627005815,0.3055095076560974,0.4403435885906219,0.2798001449555159
365,ILSVRC2012_val_00023426_n02480495.JPEG,ILSVRC2012_val_00007506_n02480495.JPEG,2.7899560928344727,0.0100175952538847,3.965050220489502,2.779938497580588
365,ILSVRC2012_val_00020171_n02480495.JPEG,ILSVRC2012_val_00008615_n02480495.JPEG,3.7635793685913086,0.025261839851737,4.684142112731934,3.7383175287395716
366,ILSVRC2012_val_00028049_n02480855.JPEG,ILSVRC2012_val_00015928_n02480855.JPEG,0.0874219760298729,0.3034200072288513,0.3180265724658966,0.21599803119897842
366,ILSVRC2012_val_00027670_n02480855.JPEG,ILSVRC2012_val_00004173_n02480855.JPEG,0.0294946543872356,0.3718222081661224,0.3718222081661224,0.3423275537788868
366,ILSVRC2012_val_00000242_n02480855.JPEG,ILSVRC2012_val_00041155_n02480855.JPEG,2.1431238651275635,2.623229503631592,5.768736839294434,0.4801056385040283
366,ILSVRC2012_val_00006498_n02480855.JPEG,ILSVRC2012_val_00044145_n02480855.JPEG,0.0166273061186075,1.1216297149658203,1.1216297149658203,1.1050024088472128
366,ILSVRC2012_val_00042046_n02480855.JPEG,ILSVRC2012_val_00040794_n02480855.JPEG,1.8080451488494875,0.130552664399147,1.8480147123336792,1.6774924844503405
367,ILSVRC2012_val_00007619_n02481823.JPEG,ILSVRC2012_val_00013943_n02481823.JPEG,0.4647437334060669,0.0358914956450462,0.5558332204818726,0.4288522377610207
367,ILSVRC2012_val_00024921_n02481823.JPEG,ILSVRC2012_val_00008351_n02481823.JPEG,0.630615234375,0.0458733029663562,1.391808271408081,0.5847419314086438
367,ILSVRC2012_val_00049902_n02481823.JPEG,ILSVRC2012_val_00019335_n02481823.JPEG,2.708862781524658,3.296947717666626,6.825678825378418,0.5880849361419678
367,ILSVRC2012_val_00011245_n02481823.JPEG,ILSVRC2012_val_00008256_n02481823.JPEG,1.7520662546157837,0.7528907656669617,2.274519920349121,0.999175488948822
367,ILSVRC2012_val_00045826_n02481823.JPEG,ILSVRC2012_val_00046703_n02481823.JPEG,2.085568428039551,0.1438261568546295,3.48730993270874,1.9417422711849213
368,ILSVRC2012_val_00003388_n02483362.JPEG,ILSVRC2012_val_00049019_n02483362.JPEG,0.3034592568874359,0.0105780381709337,2.664602756500244,0.2928812187165022
368,ILSVRC2012_val_00010482_n02483362.JPEG,ILSVRC2012_val_00003712_n02483362.JPEG,0.3812289237976074,0.0061703892424702,0.7663185000419617,0.3750585345551372
368,ILSVRC2012_val_00033513_n02483362.JPEG,ILSVRC2012_val_00026222_n02483362.JPEG,0.3506758213043213,0.7543717622756958,5.566221237182617,0.4036959409713745
368,ILSVRC2012_val_00032133_n02483362.JPEG,ILSVRC2012_val_00046783_n02483362.JPEG,0.9183619022369384,0.4130138158798218,3.29672646522522,0.5053480863571166
368,ILSVRC2012_val_00042637_n02483362.JPEG,ILSVRC2012_val_00006447_n02483362.JPEG,1.1242928504943848,0.3434561789035797,6.024939060211182,0.780836671590805
369,ILSVRC2012_val_00025470_n02483708.JPEG,ILSVRC2012_val_00008134_n02483708.JPEG,0.0357948839664459,0.0708252042531967,1.3042786121368408,0.0350303202867508
369,ILSVRC2012_val_00025058_n02483708.JPEG,ILSVRC2012_val_00018333_n02483708.JPEG,0.1525072753429412,0.0552593544125556,6.654783248901367,0.0972479209303856
369,ILSVRC2012_val_00033243_n02483708.JPEG,ILSVRC2012_val_00002857_n02483708.JPEG,0.430156409740448,0.1513532549142837,2.465852737426758,0.2788031548261643
369,ILSVRC2012_val_00024163_n02483708.JPEG,ILSVRC2012_val_00013966_n02483708.JPEG,0.1770231425762176,1.461169719696045,1.4711203575134275,1.2841465771198273
369,ILSVRC2012_val_00040147_n02483708.JPEG,ILSVRC2012_val_00028746_n02483708.JPEG,3.5462796688079834,1.941666603088379,7.078995704650879,1.6046130657196045
370,ILSVRC2012_val_00002543_n02484975.JPEG,ILSVRC2012_val_00022174_n02484975.JPEG,0.2927577197551727,0.8025104999542236,1.2487972974777222,0.5097527801990509
370,ILSVRC2012_val_00036219_n02484975.JPEG,ILSVRC2012_val_00001580_n02484975.JPEG,1.3245551586151123,0.6499369144439697,4.213159561157227,0.6746182441711426
370,ILSVRC2012_val_00003752_n02484975.JPEG,ILSVRC2012_val_00002767_n02484975.JPEG,0.5380200147628784,1.2249332666397097,5.96277379989624,0.6869132518768313
370,ILSVRC2012_val_00006791_n02484975.JPEG,ILSVRC2012_val_00041786_n02484975.JPEG,0.3993871808052063,1.347437024116516,1.810983419418335,0.9480498433113096
370,ILSVRC2012_val_00036542_n02484975.JPEG,ILSVRC2012_val_00011396_n02484975.JPEG,0.1699164509773254,1.9494768381118772,3.019103527069092,1.7795603871345518
371,ILSVRC2012_val_00027323_n02486261.JPEG,ILSVRC2012_val_00033385_n02486261.JPEG,0.1348198503255844,0.0495153293013572,0.6358850002288818,0.08530452102422721
371,ILSVRC2012_val_00048475_n02486261.JPEG,ILSVRC2012_val_00007845_n02486261.JPEG,0.1916934847831726,0.3737513720989227,1.5981478691101074,0.18205788731575007
371,ILSVRC2012_val_00015084_n02486261.JPEG,ILSVRC2012_val_00006875_n02486261.JPEG,0.0214654803276062,0.7608017325401306,1.21917462348938,0.7393362522125244
371,ILSVRC2012_val_00035879_n02486261.JPEG,ILSVRC2012_val_00026258_n02486261.JPEG,0.043249275535345,2.149338960647583,3.183656692504883,2.106089685112238
371,ILSVRC2012_val_00026737_n02486261.JPEG,ILSVRC2012_val_00020727_n02486261.JPEG,0.0590764507651329,4.1960320472717285,4.346898555755615,4.136955596506596
372,ILSVRC2012_val_00016257_n02486410.JPEG,ILSVRC2012_val_00021331_n02486410.JPEG,0.6438146233558655,0.7307437062263489,0.9808154106140136,0.0869290828704834
372,ILSVRC2012_val_00026043_n02486410.JPEG,ILSVRC2012_val_00039253_n02486410.JPEG,0.305482804775238,0.1650045961141586,0.7090426087379456,0.14047820866107938
372,ILSVRC2012_val_00049603_n02486410.JPEG,ILSVRC2012_val_00032273_n02486410.JPEG,0.0671520978212356,0.2447039484977722,2.5909981727600098,0.1775518506765366
372,ILSVRC2012_val_00044305_n02486410.JPEG,ILSVRC2012_val_00008484_n02486410.JPEG,0.1964270174503326,0.0184609554708004,0.4643763601779938,0.17796606197953221
372,ILSVRC2012_val_00041245_n02486410.JPEG,ILSVRC2012_val_00013761_n02486410.JPEG,0.2209258079528808,0.6034548282623291,0.8588109016418457,0.3825290203094483
373,ILSVRC2012_val_00041704_n02487347.JPEG,ILSVRC2012_val_00048855_n02487347.JPEG,0.0409306697547435,0.0485513322055339,0.4017637372016907,0.007620662450790398
373,ILSVRC2012_val_00025312_n02487347.JPEG,ILSVRC2012_val_00038883_n02487347.JPEG,0.1573822647333145,0.0611623488366603,3.781102418899536,0.09621991589665418
373,ILSVRC2012_val_00003000_n02487347.JPEG,ILSVRC2012_val_00031691_n02487347.JPEG,0.3961107730865478,0.120917297899723,0.3989261984825134,0.2751934751868248
373,ILSVRC2012_val_00029161_n02487347.JPEG,ILSVRC2012_val_00014694_n02487347.JPEG,1.6545970439910889,0.6477088332176208,2.737598419189453,1.006888210773468
373,ILSVRC2012_val_00040245_n02487347.JPEG,ILSVRC2012_val_00037107_n02487347.JPEG,2.520224094390869,0.4561911821365356,2.578574180603028,2.0640329122543335
374,ILSVRC2012_val_00005090_n02488291.JPEG,ILSVRC2012_val_00007010_n02488291.JPEG,0.0143292741850018,0.2671446204185486,5.207742691040039,0.2528153462335468
374,ILSVRC2012_val_00012723_n02488291.JPEG,ILSVRC2012_val_00017574_n02488291.JPEG,0.860461950302124,0.287819504737854,1.2942942380905151,0.57264244556427
374,ILSVRC2012_val_00047372_n02488291.JPEG,ILSVRC2012_val_00032374_n02488291.JPEG,1.4456593990325928,0.2319325953722,5.012289047241211,1.2137268036603928
374,ILSVRC2012_val_00035849_n02488291.JPEG,ILSVRC2012_val_00001928_n02488291.JPEG,0.0570024102926254,1.495241403579712,2.5962905883789062,1.4382389932870865
374,ILSVRC2012_val_00025546_n02488291.JPEG,ILSVRC2012_val_00003187_n02488291.JPEG,0.6419234275817871,2.206876754760742,3.3261115550994877,1.564953327178955
375,ILSVRC2012_val_00043067_n02488702.JPEG,ILSVRC2012_val_00047525_n02488702.JPEG,0.0630323812365531,0.0188352596014738,0.0850577354431152,0.044197121635079294
375,ILSVRC2012_val_00010182_n02488702.JPEG,ILSVRC2012_val_00037296_n02488702.JPEG,0.1818493157625198,0.4202807545661926,0.7162068486213684,0.23843143880367282
375,ILSVRC2012_val_00024844_n02488702.JPEG,ILSVRC2012_val_00048491_n02488702.JPEG,0.8215115070343018,0.531216561794281,2.915163040161133,0.29029494524002075
375,ILSVRC2012_val_00034230_n02488702.JPEG,ILSVRC2012_val_00007204_n02488702.JPEG,0.013024378567934,0.728979766368866,5.808986663818359,0.7159553878009319
375,ILSVRC2012_val_00012204_n02488702.JPEG,ILSVRC2012_val_00049111_n02488702.JPEG,0.0478948540985584,0.955442190170288,3.2553882598876958,0.9075473360717295
376,ILSVRC2012_val_00026904_n02489166.JPEG,ILSVRC2012_val_00044076_n02489166.JPEG,0.023570230230689,0.0053215040825307,1.222305417060852,0.0182487261481583
376,ILSVRC2012_val_00036720_n02489166.JPEG,ILSVRC2012_val_00023642_n02489166.JPEG,0.0281642116606235,0.0918235406279563,3.55847716331482,0.0636593289673328
376,ILSVRC2012_val_00024447_n02489166.JPEG,ILSVRC2012_val_00020217_n02489166.JPEG,0.019994843751192,0.1022568345069885,1.969513177871704,0.0822619907557965
376,ILSVRC2012_val_00023802_n02489166.JPEG,ILSVRC2012_val_00011998_n02489166.JPEG,0.028902793303132,0.1237925887107849,0.2830002605915069,0.0948897954076529
376,ILSVRC2012_val_00014163_n02489166.JPEG,ILSVRC2012_val_00009283_n02489166.JPEG,0.0067038629204034,0.1245921328663826,3.0921287536621094,0.1178882699459792
377,ILSVRC2012_val_00010233_n02490219.JPEG,ILSVRC2012_val_00034295_n02490219.JPEG,0.4100867211818695,0.4451779425144195,0.4451779425144195,0.03509122133254999
377,ILSVRC2012_val_00039552_n02490219.JPEG,ILSVRC2012_val_00001099_n02490219.JPEG,0.0646493211388588,0.0270592030137777,0.0646493211388588,0.03759011812508109
377,ILSVRC2012_val_00000520_n02490219.JPEG,ILSVRC2012_val_00029926_n02490219.JPEG,0.0176186952739954,0.1328733563423156,0.3690959513187408,0.11525466106832019
377,ILSVRC2012_val_00026725_n02490219.JPEG,ILSVRC2012_val_00004564_n02490219.JPEG,0.5896872878074646,0.1349047571420669,1.7661831378936768,0.4547825306653977
377,ILSVRC2012_val_00005153_n02490219.JPEG,ILSVRC2012_val_00003437_n02490219.JPEG,0.0994373708963394,1.2454544305801392,1.2454544305801392,1.1460170596837997
378,ILSVRC2012_val_00036562_n02492035.JPEG,ILSVRC2012_val_00023531_n02492035.JPEG,0.0773286819458007,0.0260116271674633,1.5310653448104858,0.051317054778337395
378,ILSVRC2012_val_00004355_n02492035.JPEG,ILSVRC2012_val_00030690_n02492035.JPEG,0.2741177976131439,0.0573554746806621,0.276623785495758,0.21676232293248182
378,ILSVRC2012_val_00034322_n02492035.JPEG,ILSVRC2012_val_00044586_n02492035.JPEG,1.3032726049423218,0.016594361513853,1.6375137567520142,1.2866782434284687
378,ILSVRC2012_val_00038839_n02492035.JPEG,ILSVRC2012_val_00005099_n02492035.JPEG,1.7191951274871826,0.0143310371786355,1.7191951274871826,1.704864090308547
378,ILSVRC2012_val_00045600_n02492035.JPEG,ILSVRC2012_val_00006945_n02492035.JPEG,2.2369484901428223,0.0775554031133651,5.221142768859863,2.159393087029457
379,ILSVRC2012_val_00017479_n02492660.JPEG,ILSVRC2012_val_00009511_n02492660.JPEG,0.0467097423970699,0.1230318248271942,2.041518449783325,0.0763220824301243
379,ILSVRC2012_val_00007297_n02492660.JPEG,ILSVRC2012_val_00034888_n02492660.JPEG,0.3555107116699219,0.0994858220219612,1.267524003982544,0.25602488964796066
379,ILSVRC2012_val_00020406_n02492660.JPEG,ILSVRC2012_val_00035886_n02492660.JPEG,0.3334993124008178,0.7408539652824402,1.1053264141082764,0.40735465288162237
379,ILSVRC2012_val_00048932_n02492660.JPEG,ILSVRC2012_val_00009461_n02492660.JPEG,0.6807705163955688,0.1784709841012954,2.070197582244873,0.5022995322942735
379,ILSVRC2012_val_00040865_n02492660.JPEG,ILSVRC2012_val_00048897_n02492660.JPEG,0.7137815952301025,0.0207977443933486,2.094841480255127,0.692983850836754
380,ILSVRC2012_val_00009832_n02493509.JPEG,ILSVRC2012_val_00029284_n02493509.JPEG,0.3900472223758697,0.6903143525123596,1.3856773376464844,0.3002671301364899
380,ILSVRC2012_val_00046527_n02493509.JPEG,ILSVRC2012_val_00038047_n02493509.JPEG,0.680665135383606,1.0005357265472412,2.9054160118103027,0.31987059116363525
380,ILSVRC2012_val_00013541_n02493509.JPEG,ILSVRC2012_val_00037781_n02493509.JPEG,1.242244005203247,1.6135036945343018,3.5951876640319824,0.3712596893310547
380,ILSVRC2012_val_00005119_n02493509.JPEG,ILSVRC2012_val_00043695_n02493509.JPEG,1.2483686208724976,0.3528602123260498,1.7850691080093384,0.8955084085464478
380,ILSVRC2012_val_00001104_n02493509.JPEG,ILSVRC2012_val_00014782_n02493509.JPEG,2.2964847087860107,4.191473960876465,5.909792900085449,1.894989252090454
381,ILSVRC2012_val_00013015_n02493793.JPEG,ILSVRC2012_val_00037171_n02493793.JPEG,0.0204175151884555,0.1221528500318527,2.345420360565185,0.1017353348433972
381,ILSVRC2012_val_00008228_n02493793.JPEG,ILSVRC2012_val_00036397_n02493793.JPEG,0.727620542049408,0.4769841134548187,1.1290555000305176,0.25063642859458923
381,ILSVRC2012_val_00038052_n02493793.JPEG,ILSVRC2012_val_00039105_n02493793.JPEG,0.9691445827484132,0.2396699786186218,2.22714638710022,0.7294746041297914
381,ILSVRC2012_val_00033780_n02493793.JPEG,ILSVRC2012_val_00039786_n02493793.JPEG,1.7054038047790527,0.2698291540145874,4.006885528564453,1.4355746507644653
381,ILSVRC2012_val_00037565_n02493793.JPEG,ILSVRC2012_val_00005442_n02493793.JPEG,2.719890832901001,0.8975473642349243,5.283275604248047,1.8223434686660767
382,ILSVRC2012_val_00046584_n02494079.JPEG,ILSVRC2012_val_00033928_n02494079.JPEG,0.2674734890460968,0.2061409652233123,1.6449244022369385,0.06133252382278451
382,ILSVRC2012_val_00031195_n02494079.JPEG,ILSVRC2012_val_00027849_n02494079.JPEG,0.3957721889019012,0.503513753414154,1.37425434589386,0.10774156451225286
382,ILSVRC2012_val_00029241_n02494079.JPEG,ILSVRC2012_val_00030667_n02494079.JPEG,0.6412746906280518,0.4606178998947143,0.6417009234428406,0.18065679073333746
382,ILSVRC2012_val_00009682_n02494079.JPEG,ILSVRC2012_val_00012793_n02494079.JPEG,0.6621301174163818,0.3010205030441284,0.7809067368507385,0.3611096143722534
382,ILSVRC2012_val_00009947_n02494079.JPEG,ILSVRC2012_val_00041184_n02494079.JPEG,1.191824436187744,5.663915157318115,5.683908462524414,4.472090721130371
383,ILSVRC2012_val_00045662_n02497673.JPEG,ILSVRC2012_val_00034768_n02497673.JPEG,0.2506888210773468,0.2317835092544555,0.6002444624900818,0.01890531182289129
383,ILSVRC2012_val_00021138_n02497673.JPEG,ILSVRC2012_val_00043657_n02497673.JPEG,0.4194101095199585,0.3974751830101013,2.2892613410949707,0.021934926509857178
383,ILSVRC2012_val_00032585_n02497673.JPEG,ILSVRC2012_val_00006433_n02497673.JPEG,0.7694103717803955,0.3099678456783294,1.547948122024536,0.4594425261020661
383,ILSVRC2012_val_00010296_n02497673.JPEG,ILSVRC2012_val_00019727_n02497673.JPEG,1.1907609701156616,0.0218026228249073,2.529130458831787,1.1689583472907543
383,ILSVRC2012_val_00046035_n02497673.JPEG,ILSVRC2012_val_00044774_n02497673.JPEG,1.3599287271499634,0.0115735540166497,4.753258228302002,1.3483551731333137
384,ILSVRC2012_val_00026230_n02500267.JPEG,ILSVRC2012_val_00011603_n02500267.JPEG,0.0484951175749301,0.018901003524661,1.563408374786377,0.0295941140502691
384,ILSVRC2012_val_00032005_n02500267.JPEG,ILSVRC2012_val_00010932_n02500267.JPEG,0.029402170330286,0.0659495368599891,0.523143470287323,0.0365473665297031
384,ILSVRC2012_val_00034513_n02500267.JPEG,ILSVRC2012_val_00034541_n02500267.JPEG,0.0194394215941429,0.1338448375463485,0.4934510290622711,0.11440541595220559
384,ILSVRC2012_val_00043257_n02500267.JPEG,ILSVRC2012_val_00039565_n02500267.JPEG,0.1031804457306861,0.3237166106700897,0.5283324122428894,0.22053616493940362
384,ILSVRC2012_val_00023461_n02500267.JPEG,ILSVRC2012_val_00007243_n02500267.JPEG,0.3701437413692474,0.0163743812590837,3.060439348220825,0.3537693601101637
385,ILSVRC2012_val_00040258_n02504013.JPEG,ILSVRC2012_val_00023398_n02504013.JPEG,0.6378952860832214,0.6366261839866638,4.672616004943848,0.0012691020965576172
385,ILSVRC2012_val_00027259_n02504013.JPEG,ILSVRC2012_val_00035479_n02504013.JPEG,0.8413302898406982,0.3911086022853851,1.0108494758605957,0.45022168755531317
385,ILSVRC2012_val_00001850_n02504013.JPEG,ILSVRC2012_val_00049425_n02504013.JPEG,1.3035192489624023,0.8222187757492065,1.5686782598495483,0.4813004732131958
385,ILSVRC2012_val_00011002_n02504013.JPEG,ILSVRC2012_val_00042441_n02504013.JPEG,1.2000374794006348,2.112232446670532,3.462681770324707,0.912194967269897
385,ILSVRC2012_val_00033854_n02504013.JPEG,ILSVRC2012_val_00033715_n02504013.JPEG,0.7955453991889954,1.8719425201416016,1.8720686435699463,1.0763971209526062
386,ILSVRC2012_val_00021712_n02504458.JPEG,ILSVRC2012_val_00033861_n02504458.JPEG,0.2109227031469345,0.213840901851654,0.3949965536594391,0.002918198704719488
386,ILSVRC2012_val_00004013_n02504458.JPEG,ILSVRC2012_val_00047534_n02504458.JPEG,0.8170053958892822,0.8924525380134583,2.027338743209839,0.07544714212417603
386,ILSVRC2012_val_00038578_n02504458.JPEG,ILSVRC2012_val_00034527_n02504458.JPEG,0.7064255475997925,0.4369880259037018,0.8178419470787048,0.2694375216960907
386,ILSVRC2012_val_00010196_n02504458.JPEG,ILSVRC2012_val_00002282_n02504458.JPEG,0.2568409740924835,0.6608922481536865,1.4207710027694702,0.404051274061203
386,ILSVRC2012_val_00013193_n02504458.JPEG,ILSVRC2012_val_00022907_n02504458.JPEG,0.6920844316482544,1.169614315032959,2.0711114406585693,0.4775298833847046
387,ILSVRC2012_val_00003193_n02509815.JPEG,ILSVRC2012_val_00016734_n02509815.JPEG,0.0305914264172315,0.0319669097661972,0.0744118317961692,0.0013754833489656969
387,ILSVRC2012_val_00010418_n02509815.JPEG,ILSVRC2012_val_00018367_n02509815.JPEG,0.0218632724136114,0.0107946982607245,0.1649996489286422,0.011068574152886902
387,ILSVRC2012_val_00016071_n02509815.JPEG,ILSVRC2012_val_00026218_n02509815.JPEG,0.1869599819183349,0.1534812450408935,1.2543591260910034,0.033478736877441406
387,ILSVRC2012_val_00017831_n02509815.JPEG,ILSVRC2012_val_00002863_n02509815.JPEG,0.0161386337131261,0.1017324700951576,0.1017324700951576,0.0855938363820315
387,ILSVRC2012_val_00009843_n02509815.JPEG,ILSVRC2012_val_00023775_n02509815.JPEG,0.0218420457094907,0.3008454740047455,1.720954656600952,0.27900342829525476
388,ILSVRC2012_val_00041143_n02510455.JPEG,ILSVRC2012_val_00043447_n02510455.JPEG,0.0339336618781089,0.043736632913351,0.043736632913351,0.009802971035242102
388,ILSVRC2012_val_00006543_n02510455.JPEG,ILSVRC2012_val_00007767_n02510455.JPEG,0.0998362898826599,0.1135467514395713,0.1136115565896034,0.013710461556911399
388,ILSVRC2012_val_00042190_n02510455.JPEG,ILSVRC2012_val_00025586_n02510455.JPEG,0.1080900058150291,0.0934875681996345,0.7660993337631226,0.014602437615394606
388,ILSVRC2012_val_00045697_n02510455.JPEG,ILSVRC2012_val_00012726_n02510455.JPEG,0.0674415379762649,0.0203158948570489,0.156697079539299,0.04712564311921599
388,ILSVRC2012_val_00006012_n02510455.JPEG,ILSVRC2012_val_00025542_n02510455.JPEG,0.4474866986274719,0.0159239489585161,2.072841167449951,0.4315627496689558
389,ILSVRC2012_val_00000775_n02514041.JPEG,ILSVRC2012_val_00026932_n02514041.JPEG,0.0311495885252952,0.1028721332550048,0.1935508102178573,0.0717225447297096
389,ILSVRC2012_val_00045652_n02514041.JPEG,ILSVRC2012_val_00026611_n02514041.JPEG,0.0857194885611534,0.1952246576547622,1.4912378787994385,0.10950516909360881
389,ILSVRC2012_val_00019306_n02514041.JPEG,ILSVRC2012_val_00030179_n02514041.JPEG,0.2149958312511444,0.0787508189678192,0.2505323886871338,0.1362450122833252
389,ILSVRC2012_val_00046330_n02514041.JPEG,ILSVRC2012_val_00046233_n02514041.JPEG,0.0623263232409954,1.0407863855361938,1.5505738258361816,0.9784600622951984
389,ILSVRC2012_val_00003806_n02514041.JPEG,ILSVRC2012_val_00047261_n02514041.JPEG,0.259795993566513,1.3082528114318848,3.5110530853271484,1.0484568178653717
390,ILSVRC2012_val_00019070_n02526121.JPEG,ILSVRC2012_val_00034488_n02526121.JPEG,1.0910463333129885,0.312937319278717,1.3420000076293943,0.7781090140342715
390,ILSVRC2012_val_00005210_n02526121.JPEG,ILSVRC2012_val_00028338_n02526121.JPEG,0.0689761489629745,1.2579683065414429,3.4733924865722656,1.1889921575784683
390,ILSVRC2012_val_00000316_n02526121.JPEG,ILSVRC2012_val_00015752_n02526121.JPEG,0.0173352062702178,1.477718710899353,3.758575677871704,1.4603835046291351
390,ILSVRC2012_val_00015281_n02526121.JPEG,ILSVRC2012_val_00041211_n02526121.JPEG,4.332433223724365,1.5447367429733276,6.462568759918213,2.7876964807510376
390,ILSVRC2012_val_00012727_n02526121.JPEG,ILSVRC2012_val_00010825_n02526121.JPEG,3.132124423980713,0.1002258881926536,7.255197525024414,3.0318985357880592
391,ILSVRC2012_val_00047174_n02536864.JPEG,ILSVRC2012_val_00040726_n02536864.JPEG,0.6290265321731567,0.3087514638900757,0.8421144485473633,0.32027506828308105
391,ILSVRC2012_val_00040881_n02536864.JPEG,ILSVRC2012_val_00024768_n02536864.JPEG,0.4132594764232635,0.0108807832002639,0.5769577026367188,0.4023786932229996
391,ILSVRC2012_val_00027799_n02536864.JPEG,ILSVRC2012_val_00024395_n02536864.JPEG,1.1787389516830444,0.0347284451127052,4.02327823638916,1.1440105065703392
391,ILSVRC2012_val_00025391_n02536864.JPEG,ILSVRC2012_val_00049399_n02536864.JPEG,0.2978662550449371,2.5900375843048096,5.608445167541504,2.2921713292598724
391,ILSVRC2012_val_00002364_n02536864.JPEG,ILSVRC2012_val_00002721_n02536864.JPEG,3.4589476585388184,1.0824577808380127,5.901740074157715,2.3764898777008057
392,ILSVRC2012_val_00001189_n02606052.JPEG,ILSVRC2012_val_00001051_n02606052.JPEG,0.1104065626859664,0.0179039780050516,0.3232070505619049,0.0925025846809148
392,ILSVRC2012_val_00033356_n02606052.JPEG,ILSVRC2012_val_00033801_n02606052.JPEG,0.1869484186172485,0.0153176598250865,0.2137627452611923,0.171630758792162
392,ILSVRC2012_val_00000996_n02606052.JPEG,ILSVRC2012_val_00022305_n02606052.JPEG,0.8380962610244751,0.4060543775558471,0.8417154550552368,0.432041883468628
392,ILSVRC2012_val_00011532_n02606052.JPEG,ILSVRC2012_val_00035276_n02606052.JPEG,0.0414048619568347,0.9204302430152892,3.4085400104522705,0.8790253810584545
392,ILSVRC2012_val_00041511_n02606052.JPEG,ILSVRC2012_val_00005062_n02606052.JPEG,1.4224227666854858,0.0880734324455261,1.47218656539917,1.3343493342399597
393,ILSVRC2012_val_00027500_n02607072.JPEG,ILSVRC2012_val_00049216_n02607072.JPEG,0.0216569304466247,0.0677294433116912,0.2200206369161605,0.0460725128650665
393,ILSVRC2012_val_00022749_n02607072.JPEG,ILSVRC2012_val_00025141_n02607072.JPEG,0.2687545716762543,0.2206809073686599,0.9987993240356444,0.04807366430759438
393,ILSVRC2012_val_00031305_n02607072.JPEG,ILSVRC2012_val_00001176_n02607072.JPEG,0.1647502481937408,0.2407396137714386,1.721194624900818,0.07598936557769781
393,ILSVRC2012_val_00015024_n02607072.JPEG,ILSVRC2012_val_00047999_n02607072.JPEG,0.0356844589114189,0.2421887367963791,2.2342002391815186,0.20650427788496017
393,ILSVRC2012_val_00020558_n02607072.JPEG,ILSVRC2012_val_00007807_n02607072.JPEG,1.1049553155899048,0.4244551360607147,2.1769020557403564,0.6805001795291901
394,ILSVRC2012_val_00007636_n02640242.JPEG,ILSVRC2012_val_00029790_n02640242.JPEG,0.0156919695436954,0.0050901346839964,0.7661056518554688,0.010601834859699
394,ILSVRC2012_val_00008731_n02640242.JPEG,ILSVRC2012_val_00001436_n02640242.JPEG,0.1136235818266868,0.1274090409278869,1.7236552238464355,0.013785459101200104
394,ILSVRC2012_val_00024029_n02640242.JPEG,ILSVRC2012_val_00032369_n02640242.JPEG,0.1261453926563263,0.0914058536291122,2.3520777225494385,0.03473953902721409
394,ILSVRC2012_val_00009240_n02640242.JPEG,ILSVRC2012_val_00043582_n02640242.JPEG,0.4720540344715118,0.0607800036668777,1.209473967552185,0.4112740308046341
394,ILSVRC2012_val_00036743_n02640242.JPEG,ILSVRC2012_val_00036484_n02640242.JPEG,1.416706919670105,0.0028425548225641,2.039958477020264,1.4138643648475409
395,ILSVRC2012_val_00042009_n02641379.JPEG,ILSVRC2012_val_00045405_n02641379.JPEG,2.398240566253662,2.202786922454834,5.655834674835205,0.19545364379882812
395,ILSVRC2012_val_00047270_n02641379.JPEG,ILSVRC2012_val_00004723_n02641379.JPEG,0.1476446092128753,0.4843171238899231,0.4843171238899231,0.3366725146770478
395,ILSVRC2012_val_00045585_n02641379.JPEG,ILSVRC2012_val_00015414_n02641379.JPEG,0.5914797782897949,0.1079106628894805,0.5914797782897949,0.48356911540031444
395,ILSVRC2012_val_00007979_n02641379.JPEG,ILSVRC2012_val_00043238_n02641379.JPEG,0.2708979547023773,1.1063294410705566,5.5058441162109375,0.8354314863681793
395,ILSVRC2012_val_00035246_n02641379.JPEG,ILSVRC2012_val_00033453_n02641379.JPEG,1.1144534349441528,3.226680994033813,3.226680994033813,2.11222755908966
396,ILSVRC2012_val_00009748_n02643566.JPEG,ILSVRC2012_val_00000196_n02643566.JPEG,0.0097037283703684,0.0186949856579303,0.1322182714939117,0.008991257287561902
396,ILSVRC2012_val_00042126_n02643566.JPEG,ILSVRC2012_val_00009165_n02643566.JPEG,0.0783514380455017,0.0913020595908165,0.2250283360481262,0.012950621545314803
396,ILSVRC2012_val_00044111_n02643566.JPEG,ILSVRC2012_val_00020622_n02643566.JPEG,0.0689631327986717,0.1513111442327499,0.1600954234600067,0.08234801143407822
396,ILSVRC2012_val_00025355_n02643566.JPEG,ILSVRC2012_val_00017239_n02643566.JPEG,0.1250157654285431,0.0067644882947206,0.1333368867635727,0.1182512771338225
396,ILSVRC2012_val_00013360_n02643566.JPEG,ILSVRC2012_val_00034623_n02643566.JPEG,0.8204426765441895,0.3518651723861694,0.8204426765441895,0.4685775041580201
397,ILSVRC2012_val_00025174_n02655020.JPEG,ILSVRC2012_val_00008730_n02655020.JPEG,0.023995466530323,0.0331970602273941,0.4286125302314758,0.009201593697071096
397,ILSVRC2012_val_00044313_n02655020.JPEG,ILSVRC2012_val_00038928_n02655020.JPEG,0.0403761081397533,0.1225555762648582,0.2717140614986419,0.0821794681251049
397,ILSVRC2012_val_00036016_n02655020.JPEG,ILSVRC2012_val_00033584_n02655020.JPEG,0.7276573181152344,0.4054636657238006,2.054284811019897,0.32219365239143377
397,ILSVRC2012_val_00029587_n02655020.JPEG,ILSVRC2012_val_00011321_n02655020.JPEG,0.5176326036453247,0.0342731922864913,0.5176326036453247,0.4833594113588334
397,ILSVRC2012_val_00044946_n02655020.JPEG,ILSVRC2012_val_00018824_n02655020.JPEG,0.1683825105428695,0.8817740082740784,1.6037766933441162,0.7133914977312088
398,ILSVRC2012_val_00038619_n02666196.JPEG,ILSVRC2012_val_00047691_n02666196.JPEG,0.0020450884476304,0.0730533227324485,0.1688939183950424,0.07100823428481809
398,ILSVRC2012_val_00030552_n02666196.JPEG,ILSVRC2012_val_00026515_n02666196.JPEG,0.0552656725049018,0.1612029671669006,0.1857076585292816,0.1059372946619988
398,ILSVRC2012_val_00024965_n02666196.JPEG,ILSVRC2012_val_00013041_n02666196.JPEG,1.635292649269104,0.0093663791194558,1.635292649269104,1.6259262701496482
398,ILSVRC2012_val_00045583_n02666196.JPEG,ILSVRC2012_val_00047040_n02666196.JPEG,0.1344935297966003,2.684070110321045,4.090266227722168,2.5495765805244446
398,ILSVRC2012_val_00019872_n02666196.JPEG,ILSVRC2012_val_00048775_n02666196.JPEG,2.8433494567871094,0.0107985902577638,3.719825029373169,2.8325508665293455
399,ILSVRC2012_val_00019640_n02667093.JPEG,ILSVRC2012_val_00048389_n02667093.JPEG,0.359081506729126,0.1140296459197998,2.620763301849365,0.24505186080932617
399,ILSVRC2012_val_00008447_n02667093.JPEG,ILSVRC2012_val_00029163_n02667093.JPEG,0.4024362564086914,0.8059427738189697,4.182685852050781,0.4035065174102783
399,ILSVRC2012_val_00021826_n02667093.JPEG,ILSVRC2012_val_00031515_n02667093.JPEG,0.6483036279678345,0.2068812102079391,3.2975635528564453,0.4414224177598954
399,ILSVRC2012_val_00041090_n02667093.JPEG,ILSVRC2012_val_00033258_n02667093.JPEG,0.8174700736999512,1.325724959373474,2.4868006706237797,0.5082548856735227
399,ILSVRC2012_val_00033550_n02667093.JPEG,ILSVRC2012_val_00048585_n02667093.JPEG,2.001800060272217,2.645880699157715,3.231344699859619,0.644080638885498
400,ILSVRC2012_val_00045524_n02669723.JPEG,ILSVRC2012_val_00034987_n02669723.JPEG,1.182611107826233,1.0308815240859983,4.208177089691162,0.1517295837402346
400,ILSVRC2012_val_00020475_n02669723.JPEG,ILSVRC2012_val_00012083_n02669723.JPEG,0.4911098480224609,0.3315094113349914,1.479819893836975,0.15960043668746948
400,ILSVRC2012_val_00041554_n02669723.JPEG,ILSVRC2012_val_00027880_n02669723.JPEG,1.246845841407776,0.7534295320510864,5.504152297973633,0.4934163093566897
400,ILSVRC2012_val_00046320_n02669723.JPEG,ILSVRC2012_val_00003289_n02669723.JPEG,1.7433010339736938,0.1550554484128952,1.7443217039108276,1.5882455855607986
400,ILSVRC2012_val_00021881_n02669723.JPEG,ILSVRC2012_val_00039353_n02669723.JPEG,0.4218753278255462,3.9136147499084473,5.499759674072266,3.491739422082901
401,ILSVRC2012_val_00013831_n02672831.JPEG,ILSVRC2012_val_00004817_n02672831.JPEG,0.0001661639398662,0.0003743662964552,0.0197262875735759,0.00020820235658900002
401,ILSVRC2012_val_00028819_n02672831.JPEG,ILSVRC2012_val_00004656_n02672831.JPEG,0.0544821955263614,0.0010683787986636,0.0544821955263614,0.0534138167276978
401,ILSVRC2012_val_00040830_n02672831.JPEG,ILSVRC2012_val_00005924_n02672831.JPEG,0.4339067935943603,0.0070125176571309,3.943166494369507,0.4268942759372294
401,ILSVRC2012_val_00001431_n02672831.JPEG,ILSVRC2012_val_00021384_n02672831.JPEG,0.0005511910421773,0.5758609175682068,2.5224714279174805,0.5753097265260295
401,ILSVRC2012_val_00026627_n02672831.JPEG,ILSVRC2012_val_00042479_n02672831.JPEG,0.190122053027153,1.4792720079421997,2.0026745796203613,1.2891499549150467
402,ILSVRC2012_val_00030374_n02676566.JPEG,ILSVRC2012_val_00003441_n02676566.JPEG,0.1688523292541504,0.0120616359636187,0.1699927896261215,0.1567906932905317
402,ILSVRC2012_val_00036762_n02676566.JPEG,ILSVRC2012_val_00014941_n02676566.JPEG,1.1790049076080322,1.431043028831482,2.974761962890625,0.2520381212234497
402,ILSVRC2012_val_00013470_n02676566.JPEG,ILSVRC2012_val_00041930_n02676566.JPEG,0.0318636856973171,0.3270351588726043,0.3270351588726043,0.2951714731752872
402,ILSVRC2012_val_00030420_n02676566.JPEG,ILSVRC2012_val_00005850_n02676566.JPEG,3.379569292068481,5.926783561706543,7.393762588500977,2.547214269638062
402,ILSVRC2012_val_00038042_n02676566.JPEG,ILSVRC2012_val_00044733_n02676566.JPEG,3.0872182846069336,0.2383562326431274,4.801765441894531,2.848862051963806
403,ILSVRC2012_val_00034404_n02687172.JPEG,ILSVRC2012_val_00018014_n02687172.JPEG,0.7668486833572388,0.7855783700942993,1.4773434400558472,0.018729686737060547
403,ILSVRC2012_val_00033900_n02687172.JPEG,ILSVRC2012_val_00015544_n02687172.JPEG,0.0050878808833658,0.1733272671699524,0.2642873227596283,0.16823938628658658
403,ILSVRC2012_val_00029651_n02687172.JPEG,ILSVRC2012_val_00023116_n02687172.JPEG,1.1590198278427124,0.8103793859481812,1.3518327474594116,0.34864044189453125
403,ILSVRC2012_val_00041927_n02687172.JPEG,ILSVRC2012_val_00048573_n02687172.JPEG,0.089991919696331,0.6969718337059021,1.1104081869125366,0.6069799140095711
403,ILSVRC2012_val_00045276_n02687172.JPEG,ILSVRC2012_val_00037645_n02687172.JPEG,0.8437437415122986,1.5256404876708984,1.9897911548614504,0.6818967461585999
404,ILSVRC2012_val_00000631_n02690373.JPEG,ILSVRC2012_val_00046971_n02690373.JPEG,0.1999696493148803,0.0225635152310132,0.2130857557058334,0.17740613408386707
404,ILSVRC2012_val_00030411_n02690373.JPEG,ILSVRC2012_val_00041518_n02690373.JPEG,0.1973609328269958,0.4097081422805786,0.6867085099220276,0.21234720945358282
404,ILSVRC2012_val_00024108_n02690373.JPEG,ILSVRC2012_val_00036394_n02690373.JPEG,0.1440094858407974,0.5778785943984985,0.8124919533729553,0.4338691085577011
404,ILSVRC2012_val_00033161_n02690373.JPEG,ILSVRC2012_val_00014425_n02690373.JPEG,0.7720797657966614,0.0524027794599533,0.9881615042686462,0.7196769863367081
404,ILSVRC2012_val_00022532_n02690373.JPEG,ILSVRC2012_val_00012263_n02690373.JPEG,1.2474925518035889,0.093241736292839,1.742989182472229,1.1542508155107498
405,ILSVRC2012_val_00021947_n02692877.JPEG,ILSVRC2012_val_00036036_n02692877.JPEG,0.0395698770880699,0.0003427871561143,0.0962555184960365,0.0392270899319556
405,ILSVRC2012_val_00008132_n02692877.JPEG,ILSVRC2012_val_00021968_n02692877.JPEG,0.0027612438425421,0.0446689166128635,0.0551155246794223,0.0419076727703214
405,ILSVRC2012_val_00033655_n02692877.JPEG,ILSVRC2012_val_00018758_n02692877.JPEG,0.0793449580669403,0.0207157786935567,0.1655298471450805,0.05862917937338359
405,ILSVRC2012_val_00030644_n02692877.JPEG,ILSVRC2012_val_00012944_n02692877.JPEG,0.1082494184374809,0.0275030229240655,0.3969632387161255,0.08074639551341539
405,ILSVRC2012_val_00018959_n02692877.JPEG,ILSVRC2012_val_00036643_n02692877.JPEG,0.0344752222299575,0.3794663548469543,0.4936173856258392,0.34499113261699677
406,ILSVRC2012_val_00002803_n02699494.JPEG,ILSVRC2012_val_00014041_n02699494.JPEG,0.5064218044281006,0.4382444322109222,0.7068858742713928,0.0681773722171784
406,ILSVRC2012_val_00041325_n02699494.JPEG,ILSVRC2012_val_00043674_n02699494.JPEG,0.6337858438491821,0.7831271290779114,1.1193071603775024,0.14934128522872925
406,ILSVRC2012_val_00002017_n02699494.JPEG,ILSVRC2012_val_00012734_n02699494.JPEG,0.9203450679779052,1.1026849746704102,1.1299996376037598,0.182339906692505
406,ILSVRC2012_val_00028971_n02699494.JPEG,ILSVRC2012_val_00013048_n02699494.JPEG,1.1530500650405884,0.5573027729988098,1.153235673904419,0.5957472920417786
406,ILSVRC2012_val_00011526_n02699494.JPEG,ILSVRC2012_val_00002205_n02699494.JPEG,0.1999220252037048,1.1906843185424805,1.560069561004639,0.9907622933387756
407,ILSVRC2012_val_00032293_n02701002.JPEG,ILSVRC2012_val_00021985_n02701002.JPEG,0.0157386753708124,0.0230511557310819,0.0410410873591899,0.007312480360269501
407,ILSVRC2012_val_00029737_n02701002.JPEG,ILSVRC2012_val_00031635_n02701002.JPEG,0.0156823471188545,0.0405999161303043,0.0548334419727325,0.024917569011449803
407,ILSVRC2012_val_00039523_n02701002.JPEG,ILSVRC2012_val_00007083_n02701002.JPEG,0.013165920972824,0.0551494807004928,0.1193239390850067,0.041983559727668804
407,ILSVRC2012_val_00020826_n02701002.JPEG,ILSVRC2012_val_00011417_n02701002.JPEG,0.0565168559551239,0.0072722011245787,0.3645850419998169,0.0492446548305452
407,ILSVRC2012_val_00041204_n02701002.JPEG,ILSVRC2012_val_00014646_n02701002.JPEG,0.4149355590343475,0.2671360373497009,0.7818082571029663,0.14779952168464655
408,ILSVRC2012_val_00014723_n02704792.JPEG,ILSVRC2012_val_00015346_n02704792.JPEG,0.1701683700084686,0.1873077899217605,0.829430103302002,0.017139419913291903
408,ILSVRC2012_val_00030917_n02704792.JPEG,ILSVRC2012_val_00047440_n02704792.JPEG,0.1746832728385925,0.0180229377001523,0.1884759664535522,0.1566603351384402
408,ILSVRC2012_val_00005964_n02704792.JPEG,ILSVRC2012_val_00026280_n02704792.JPEG,1.5728034973144531,0.8233150839805603,2.370370626449585,0.7494884133338928
408,ILSVRC2012_val_00005458_n02704792.JPEG,ILSVRC2012_val_00046542_n02704792.JPEG,2.202793598175049,0.958661675453186,4.0541157722473145,1.2441319227218628
408,ILSVRC2012_val_00035644_n02704792.JPEG,ILSVRC2012_val_00026677_n02704792.JPEG,0.6232271790504456,2.80621075630188,3.111743927001953,2.1829835772514343
409,ILSVRC2012_val_00015871_n02708093.JPEG,ILSVRC2012_val_00016889_n02708093.JPEG,0.790618896484375,0.8410407304763794,1.3507556915283203,0.050421833992004395
409,ILSVRC2012_val_00022719_n02708093.JPEG,ILSVRC2012_val_00039274_n02708093.JPEG,0.9572292566299438,0.6643122434616089,0.9733461737632751,0.29291701316833496
409,ILSVRC2012_val_00008814_n02708093.JPEG,ILSVRC2012_val_00002853_n02708093.JPEG,0.7235067486763,0.3772653341293335,2.182293176651001,0.34624141454696655
409,ILSVRC2012_val_00044752_n02708093.JPEG,ILSVRC2012_val_00015108_n02708093.JPEG,1.0663188695907593,0.6008400321006775,1.308502197265625,0.4654788374900818
409,ILSVRC2012_val_00035392_n02708093.JPEG,ILSVRC2012_val_00004360_n02708093.JPEG,1.1283748149871826,0.1192788705229759,1.639448642730713,1.0090959444642067
410,ILSVRC2012_val_00019052_n02727426.JPEG,ILSVRC2012_val_00042678_n02727426.JPEG,0.0033696084283292,0.0101772658526897,2.5902633666992188,0.0068076574243605
410,ILSVRC2012_val_00020886_n02727426.JPEG,ILSVRC2012_val_00015129_n02727426.JPEG,1.8808016777038572,1.8562003374099727,3.7089924812316895,0.0246013402938845
410,ILSVRC2012_val_00049438_n02727426.JPEG,ILSVRC2012_val_00020864_n02727426.JPEG,0.0019066027598455,0.0782388970255851,5.977753639221191,0.0763322942657396
410,ILSVRC2012_val_00030978_n02727426.JPEG,ILSVRC2012_val_00021751_n02727426.JPEG,0.2801879942417145,0.0325705781579017,3.4693922996521,0.24761741608381277
410,ILSVRC2012_val_00013164_n02727426.JPEG,ILSVRC2012_val_00019117_n02727426.JPEG,1.5554381608963013,1.9302600622177124,3.392246723175049,0.37482190132141113
411,ILSVRC2012_val_00016020_n02730930.JPEG,ILSVRC2012_val_00003567_n02730930.JPEG,0.159611701965332,0.0565581992268562,0.7894483804702759,0.1030535027384758
411,ILSVRC2012_val_00001135_n02730930.JPEG,ILSVRC2012_val_00005807_n02730930.JPEG,1.1838549375534058,0.1736844480037689,1.1838549375534058,1.0101704895496368
411,ILSVRC2012_val_00005861_n02730930.JPEG,ILSVRC2012_val_00046383_n02730930.JPEG,2.7265872955322266,1.681623101234436,3.060845136642456,1.0449641942977905
411,ILSVRC2012_val_00027623_n02730930.JPEG,ILSVRC2012_val_00010979_n02730930.JPEG,1.5485334396362305,0.1282777488231659,1.868188500404358,1.4202556908130646
411,ILSVRC2012_val_00028783_n02730930.JPEG,ILSVRC2012_val_00014179_n02730930.JPEG,0.2350857704877853,2.482796669006348,2.5705885887146,2.2477108985185628
412,ILSVRC2012_val_00006617_n02747177.JPEG,ILSVRC2012_val_00031322_n02747177.JPEG,2.1577670574188232,2.303168773651123,2.6187922954559326,0.1454017162322998
412,ILSVRC2012_val_00042198_n02747177.JPEG,ILSVRC2012_val_00048583_n02747177.JPEG,0.7003613710403442,1.413735270500183,6.142367362976074,0.7133738994598389
412,ILSVRC2012_val_00007233_n02747177.JPEG,ILSVRC2012_val_00014213_n02747177.JPEG,0.4228232800960541,2.6106655597686768,2.682588577270508,2.1878422796726227
412,ILSVRC2012_val_00027314_n02747177.JPEG,ILSVRC2012_val_00032347_n02747177.JPEG,3.3715715408325195,0.3774475157260895,4.658160209655762,2.99412402510643
412,ILSVRC2012_val_00004924_n02747177.JPEG,ILSVRC2012_val_00000422_n02747177.JPEG,3.2970399856567383,0.2947052419185638,3.547518491744995,3.0023347437381744
413,ILSVRC2012_val_00049122_n02749479.JPEG,ILSVRC2012_val_00041685_n02749479.JPEG,0.6222083568572998,0.6121363639831543,0.6222083568572998,0.010071992874145508
413,ILSVRC2012_val_00031196_n02749479.JPEG,ILSVRC2012_val_00000268_n02749479.JPEG,0.4046709537506103,0.3157876133918762,1.5802428722381592,0.08888334035873408
413,ILSVRC2012_val_00043386_n02749479.JPEG,ILSVRC2012_val_00016457_n02749479.JPEG,0.8307081460952759,1.0354217290878296,6.656096458435059,0.2047135829925537
413,ILSVRC2012_val_00044979_n02749479.JPEG,ILSVRC2012_val_00018213_n02749479.JPEG,2.6992506980896,2.232788562774658,3.7841289043426514,0.46646213531494185
413,ILSVRC2012_val_00043236_n02749479.JPEG,ILSVRC2012_val_00033972_n02749479.JPEG,2.3578410148620605,0.5257046222686768,3.4900379180908203,1.8321363925933838
414,ILSVRC2012_val_00041552_n02769748.JPEG,ILSVRC2012_val_00025093_n02769748.JPEG,0.3669100403785705,0.3871221542358398,0.5239340662956238,0.020212113857269287
414,ILSVRC2012_val_00043513_n02769748.JPEG,ILSVRC2012_val_00003680_n02769748.JPEG,0.6069096922874451,0.1596352756023407,2.5393667221069336,0.44727441668510437
414,ILSVRC2012_val_00048494_n02769748.JPEG,ILSVRC2012_val_00035248_n02769748.JPEG,1.657877802848816,0.2520905435085296,1.9003403186798096,1.4057872593402863
414,ILSVRC2012_val_00016010_n02769748.JPEG,ILSVRC2012_val_00016479_n02769748.JPEG,3.5296406745910645,1.8604724407196045,3.7841947078704834,1.66916823387146
414,ILSVRC2012_val_00043921_n02769748.JPEG,ILSVRC2012_val_00008605_n02769748.JPEG,6.783334255218506,4.755100250244141,7.521149635314941,2.0282340049743652
415,ILSVRC2012_val_00015231_n02776631.JPEG,ILSVRC2012_val_00010307_n02776631.JPEG,1.9777593612670896,0.6507168412208557,4.01278018951416,1.327042520046234
415,ILSVRC2012_val_00014946_n02776631.JPEG,ILSVRC2012_val_00028186_n02776631.JPEG,5.416492462158203,2.0893943309783936,5.416492462158203,3.3270981311798096
415,ILSVRC2012_val_00018287_n02776631.JPEG,ILSVRC2012_val_00027548_n02776631.JPEG,4.397672653198242,0.8099048137664795,4.409080028533936,3.5877678394317627
415,ILSVRC2012_val_00012943_n02776631.JPEG,ILSVRC2012_val_00008915_n02776631.JPEG,4.490938186645508,0.8503710627555847,4.490938186645508,3.640567123889923
415,ILSVRC2012_val_00048081_n02776631.JPEG,ILSVRC2012_val_00039610_n02776631.JPEG,5.488707065582275,1.375986933708191,5.625376224517822,4.1127201318740845
416,ILSVRC2012_val_00049909_n02777292.JPEG,ILSVRC2012_val_00009528_n02777292.JPEG,0.0917306691408157,0.2435542643070221,0.564876139163971,0.15182359516620642
416,ILSVRC2012_val_00046766_n02777292.JPEG,ILSVRC2012_val_00015409_n02777292.JPEG,0.2045444697141647,0.0317043215036392,1.0623784065246582,0.1728401482105255
416,ILSVRC2012_val_00041331_n02777292.JPEG,ILSVRC2012_val_00039129_n02777292.JPEG,0.2352446466684341,0.7240990400314331,2.7799596786499023,0.488854393362999
416,ILSVRC2012_val_00015365_n02777292.JPEG,ILSVRC2012_val_00023134_n02777292.JPEG,0.6918032765388489,1.2855923175811768,1.313587665557861,0.5937890410423279
416,ILSVRC2012_val_00025695_n02777292.JPEG,ILSVRC2012_val_00018746_n02777292.JPEG,1.850225567817688,0.3724270164966583,2.985106945037842,1.4777985513210297
417,ILSVRC2012_val_00010127_n02782093.JPEG,ILSVRC2012_val_00016230_n02782093.JPEG,0.0031367170158773,0.0015142414486035,0.0038338033482432,0.0016224755672738002
417,ILSVRC2012_val_00035294_n02782093.JPEG,ILSVRC2012_val_00021655_n02782093.JPEG,0.026461137458682,0.003597694216296,0.1277584582567215,0.022863443242386
417,ILSVRC2012_val_00033330_n02782093.JPEG,ILSVRC2012_val_00038687_n02782093.JPEG,0.4237053096294403,0.0065368870273232,0.512373149394989,0.4171684226021171
417,ILSVRC2012_val_00046695_n02782093.JPEG,ILSVRC2012_val_00021053_n02782093.JPEG,1.063126564025879,0.0394606702029705,1.90609347820282,1.0236658938229084
417,ILSVRC2012_val_00040361_n02782093.JPEG,ILSVRC2012_val_00005739_n02782093.JPEG,2.866048574447632,0.0354135259985923,3.5440077781677246,2.8306350484490395
418,ILSVRC2012_val_00033677_n02783161.JPEG,ILSVRC2012_val_00011125_n02783161.JPEG,1.3186230659484863,1.3599143028259275,1.7449249029159546,0.041291236877441184
418,ILSVRC2012_val_00044024_n02783161.JPEG,ILSVRC2012_val_00011574_n02783161.JPEG,0.2207438945770263,0.5517916679382324,2.5263452529907227,0.3310477733612061
418,ILSVRC2012_val_00031057_n02783161.JPEG,ILSVRC2012_val_00006972_n02783161.JPEG,1.4822609424591064,2.5417027473449707,5.706750392913818,1.0594418048858643
418,ILSVRC2012_val_00011882_n02783161.JPEG,ILSVRC2012_val_00014392_n02783161.JPEG,2.7593977451324463,1.6509603261947632,2.7593977451324463,1.108437418937683
418,ILSVRC2012_val_00015458_n02783161.JPEG,ILSVRC2012_val_00001098_n02783161.JPEG,0.588548481464386,1.9550683498382568,2.6185965538024902,1.3665198683738708
419,ILSVRC2012_val_00015343_n02786058.JPEG,ILSVRC2012_val_00044808_n02786058.JPEG,0.239610880613327,0.6792392134666443,1.0387449264526367,0.43962833285331726
419,ILSVRC2012_val_00021558_n02786058.JPEG,ILSVRC2012_val_00008019_n02786058.JPEG,1.3503724336624146,2.6709234714508057,2.6709234714508057,1.3205510377883911
419,ILSVRC2012_val_00014006_n02786058.JPEG,ILSVRC2012_val_00012023_n02786058.JPEG,2.109623432159424,3.736631155014038,4.091204643249512,1.6270077228546143
419,ILSVRC2012_val_00019017_n02786058.JPEG,ILSVRC2012_val_00004676_n02786058.JPEG,3.624600172042847,0.3455342948436737,4.665032863616943,3.2790658771991734
419,ILSVRC2012_val_00036161_n02786058.JPEG,ILSVRC2012_val_00024570_n02786058.JPEG,4.744097709655762,1.4389078617095947,6.033581256866455,3.305189847946167
420,ILSVRC2012_val_00025612_n02787622.JPEG,ILSVRC2012_val_00005651_n02787622.JPEG,0.0007664603181183,0.0003941474424209,0.0031981533393263,0.0003723128756974
420,ILSVRC2012_val_00049911_n02787622.JPEG,ILSVRC2012_val_00016060_n02787622.JPEG,0.0263790544122457,0.0062784338369965,0.2200001776218414,0.0201006205752492
420,ILSVRC2012_val_00010207_n02787622.JPEG,ILSVRC2012_val_00047837_n02787622.JPEG,0.2233761250972747,0.0120279509574174,0.5291783809661865,0.2113481741398573
420,ILSVRC2012_val_00000388_n02787622.JPEG,ILSVRC2012_val_00049751_n02787622.JPEG,0.0048151724040508,0.4722313284873962,0.4742330908775329,0.46741615608334536
420,ILSVRC2012_val_00006855_n02787622.JPEG,ILSVRC2012_val_00022234_n02787622.JPEG,0.8804858326911926,0.0166474729776382,0.8843864798545837,0.8638383597135544
421,ILSVRC2012_val_00006150_n02788148.JPEG,ILSVRC2012_val_00012264_n02788148.JPEG,0.0108643919229507,0.0946287438273429,0.6401466727256775,0.0837643519043922
421,ILSVRC2012_val_00002801_n02788148.JPEG,ILSVRC2012_val_00037594_n02788148.JPEG,0.6544772386550903,0.0382182411849498,2.1058151721954346,0.6162589974701406
421,ILSVRC2012_val_00025392_n02788148.JPEG,ILSVRC2012_val_00020434_n02788148.JPEG,0.0374172702431678,1.1587618589401243,1.1587618589401243,1.1213445886969564
421,ILSVRC2012_val_00023325_n02788148.JPEG,ILSVRC2012_val_00032604_n02788148.JPEG,1.1335891485214231,2.459596633911133,2.459596633911133,1.3260074853897097
421,ILSVRC2012_val_00044590_n02788148.JPEG,ILSVRC2012_val_00007566_n02788148.JPEG,2.005877733230591,0.2387524396181106,2.005877733230591,1.7671252936124802
422,ILSVRC2012_val_00032697_n02790996.JPEG,ILSVRC2012_val_00038034_n02790996.JPEG,0.2297942489385604,0.0429841540753841,0.2452498972415924,0.1868100948631763
422,ILSVRC2012_val_00012422_n02790996.JPEG,ILSVRC2012_val_00040525_n02790996.JPEG,0.2064931094646453,0.0131034469231963,0.2064931094646453,0.19338966254144901
422,ILSVRC2012_val_00016682_n02790996.JPEG,ILSVRC2012_val_00010081_n02790996.JPEG,1.2951877117156982,0.1398443281650543,2.383080244064331,1.155343383550644
422,ILSVRC2012_val_00023704_n02790996.JPEG,ILSVRC2012_val_00015490_n02790996.JPEG,1.925360918045044,0.7184261083602905,3.7853775024414062,1.2069348096847534
422,ILSVRC2012_val_00007473_n02790996.JPEG,ILSVRC2012_val_00022044_n02790996.JPEG,3.214085817337036,4.62808084487915,8.447770118713379,1.4139950275421143
423,ILSVRC2012_val_00037803_n02791124.JPEG,ILSVRC2012_val_00044551_n02791124.JPEG,0.0792165547609329,0.0748382285237312,6.457704067230225,0.004378326237201691
423,ILSVRC2012_val_00039348_n02791124.JPEG,ILSVRC2012_val_00002466_n02791124.JPEG,0.0204190351068973,0.1037314608693122,2.974084854125977,0.0833124257624149
423,ILSVRC2012_val_00009987_n02791124.JPEG,ILSVRC2012_val_00031805_n02791124.JPEG,0.0389695018529892,0.2227759361267089,2.536573886871338,0.1838064342737197
423,ILSVRC2012_val_00009064_n02791124.JPEG,ILSVRC2012_val_00004679_n02791124.JPEG,3.599062919616699,2.7209792137146,5.895259857177734,0.8780837059020992
423,ILSVRC2012_val_00006275_n02791124.JPEG,ILSVRC2012_val_00047382_n02791124.JPEG,0.0457779914140701,1.0536106824874878,2.2262558937072754,1.0078326910734177
424,ILSVRC2012_val_00016161_n02791270.JPEG,ILSVRC2012_val_00044193_n02791270.JPEG,0.2962793409824371,0.1553961485624313,3.3608577251434326,0.14088319242000577
424,ILSVRC2012_val_00022409_n02791270.JPEG,ILSVRC2012_val_00044503_n02791270.JPEG,0.1403988152742386,0.4252100586891174,1.929526925086975,0.2848112434148788
424,ILSVRC2012_val_00015130_n02791270.JPEG,ILSVRC2012_val_00036193_n02791270.JPEG,2.2739646434783936,3.188226222991944,3.216372013092041,0.9142615795135502
424,ILSVRC2012_val_00020763_n02791270.JPEG,ILSVRC2012_val_00017969_n02791270.JPEG,1.803569197654724,0.0819283574819564,3.8310985565185542,1.7216408401727674
424,ILSVRC2012_val_00032179_n02791270.JPEG,ILSVRC2012_val_00008235_n02791270.JPEG,2.6356916427612305,0.3291250765323639,5.141077518463135,2.3065665662288666
425,ILSVRC2012_val_00000234_n02793495.JPEG,ILSVRC2012_val_00032510_n02793495.JPEG,0.0307143200188875,0.0316597409546375,0.1113075390458107,0.0009454209357500007
425,ILSVRC2012_val_00037067_n02793495.JPEG,ILSVRC2012_val_00027715_n02793495.JPEG,0.0777511894702911,0.0766808986663818,0.3697060644626617,0.0010702908039093018
425,ILSVRC2012_val_00024561_n02793495.JPEG,ILSVRC2012_val_00017403_n02793495.JPEG,0.0277214962989091,0.0349307283759117,0.1621307134628296,0.007209232077002598
425,ILSVRC2012_val_00049694_n02793495.JPEG,ILSVRC2012_val_00024346_n02793495.JPEG,0.0037948514800518,0.0246211774647235,0.1475786864757537,0.0208263259846717
425,ILSVRC2012_val_00037338_n02793495.JPEG,ILSVRC2012_val_00024047_n02793495.JPEG,0.101790077984333,0.0292789991945028,2.815537929534912,0.0725110787898302
426,ILSVRC2012_val_00025676_n02794156.JPEG,ILSVRC2012_val_00014152_n02794156.JPEG,0.0100304596126079,0.0120482090860605,0.0389087349176406,0.0020177494734525993
426,ILSVRC2012_val_00012919_n02794156.JPEG,ILSVRC2012_val_00008321_n02794156.JPEG,0.2636838257312774,0.1630072593688964,0.4961369037628174,0.10067656636238101
426,ILSVRC2012_val_00009352_n02794156.JPEG,ILSVRC2012_val_00002404_n02794156.JPEG,0.117109939455986,0.3137336373329162,1.2205941677093506,0.1966236978769302
426,ILSVRC2012_val_00035756_n02794156.JPEG,ILSVRC2012_val_00003406_n02794156.JPEG,0.3093464970588684,0.0178121719509363,0.9697809219360352,0.2915343251079321
426,ILSVRC2012_val_00039070_n02794156.JPEG,ILSVRC2012_val_00006960_n02794156.JPEG,0.0242087729275226,0.3318472802639007,0.3318472802639007,0.3076385073363781
427,ILSVRC2012_val_00031600_n02795169.JPEG,ILSVRC2012_val_00008425_n02795169.JPEG,0.105303481221199,0.0020556764211505,1.3306262493133545,0.1032478048000485
427,ILSVRC2012_val_00049317_n02795169.JPEG,ILSVRC2012_val_00017179_n02795169.JPEG,1.9556593894958496,0.9810117483139038,3.114641666412353,0.9746476411819458
427,ILSVRC2012_val_00040306_n02795169.JPEG,ILSVRC2012_val_00034952_n02795169.JPEG,0.0267831366509199,1.3233826160430908,5.180291175842285,1.296599479392171
427,ILSVRC2012_val_00026180_n02795169.JPEG,ILSVRC2012_val_00011533_n02795169.JPEG,1.8431477546691892,0.3425657451152801,6.261659622192383,1.500582009553909
427,ILSVRC2012_val_00001883_n02795169.JPEG,ILSVRC2012_val_00006754_n02795169.JPEG,0.1040482074022293,2.170487642288208,2.764858722686768,2.0664394348859787
428,ILSVRC2012_val_00034874_n02797295.JPEG,ILSVRC2012_val_00032768_n02797295.JPEG,0.0186987295746803,0.3929749727249145,2.220512866973877,0.3742762431502342
428,ILSVRC2012_val_00010045_n02797295.JPEG,ILSVRC2012_val_00005347_n02797295.JPEG,0.0009858515113592,0.5277243256568909,3.5339162349700928,0.5267384741455317
428,ILSVRC2012_val_00048916_n02797295.JPEG,ILSVRC2012_val_00019109_n02797295.JPEG,0.802131175994873,0.1504728943109512,2.620227575302124,0.6516582816839218
428,ILSVRC2012_val_00018522_n02797295.JPEG,ILSVRC2012_val_00032004_n02797295.JPEG,1.310213923454285,0.001455201418139,3.371943473815918,1.3087587220361458
428,ILSVRC2012_val_00016353_n02797295.JPEG,ILSVRC2012_val_00039735_n02797295.JPEG,4.270644187927246,2.723883390426636,4.8741888999938965,1.54676079750061
429,ILSVRC2012_val_00040705_n02799071.JPEG,ILSVRC2012_val_00028899_n02799071.JPEG,0.0009202298242598,0.0069656395353376,0.0069656395353376,0.0060454097110778
429,ILSVRC2012_val_00019591_n02799071.JPEG,ILSVRC2012_val_00011795_n02799071.JPEG,0.4861115217208862,0.0002845120907295,0.8409655094146729,0.4858270096301567
429,ILSVRC2012_val_00025233_n02799071.JPEG,ILSVRC2012_val_00021134_n02799071.JPEG,3.469845771789551,2.581960678100586,7.196987152099609,0.8878850936889648
429,ILSVRC2012_val_00027308_n02799071.JPEG,ILSVRC2012_val_00046377_n02799071.JPEG,0.9976356029510498,0.0006495987763628,4.489094734191895,0.996986004174687
429,ILSVRC2012_val_00012189_n02799071.JPEG,ILSVRC2012_val_00043962_n02799071.JPEG,0.0049474434927105,1.4597954750061035,2.050605297088623,1.454848031513393
430,ILSVRC2012_val_00003617_n02802426.JPEG,ILSVRC2012_val_00046810_n02802426.JPEG,0.3459624350070953,0.2964649200439453,3.0500175952911377,0.04949751496314997
430,ILSVRC2012_val_00023152_n02802426.JPEG,ILSVRC2012_val_00031911_n02802426.JPEG,0.0220059026032686,0.0937975943088531,0.3285522758960724,0.0717916917055845
430,ILSVRC2012_val_00009072_n02802426.JPEG,ILSVRC2012_val_00018537_n02802426.JPEG,0.1017593890428543,0.0242382120341062,4.204283237457275,0.0775211770087481
430,ILSVRC2012_val_00042222_n02802426.JPEG,ILSVRC2012_val_00018104_n02802426.JPEG,0.0536286234855651,0.2465574294328689,0.5351106524467468,0.1929288059473038
430,ILSVRC2012_val_00047548_n02802426.JPEG,ILSVRC2012_val_00018519_n02802426.JPEG,0.7794477343559265,0.3999926149845123,1.9321545362472532,0.37945511937141424
431,ILSVRC2012_val_00042655_n02804414.JPEG,ILSVRC2012_val_00032436_n02804414.JPEG,0.17326420545578,0.0420108623802661,1.6640455722808838,0.1312533430755139
431,ILSVRC2012_val_00041763_n02804414.JPEG,ILSVRC2012_val_00038520_n02804414.JPEG,0.0372136533260345,0.1731433123350143,0.2518450915813446,0.1359296590089798
431,ILSVRC2012_val_00033077_n02804414.JPEG,ILSVRC2012_val_00006281_n02804414.JPEG,0.066816858947277,0.4011071920394897,1.1661269664764404,0.3342903330922127
431,ILSVRC2012_val_00036566_n02804414.JPEG,ILSVRC2012_val_00020820_n02804414.JPEG,0.0783948674798011,0.8264825344085693,0.8748489022254944,0.7480876669287683
431,ILSVRC2012_val_00047642_n02804414.JPEG,ILSVRC2012_val_00043667_n02804414.JPEG,0.826235294342041,2.3833580017089844,3.2628214359283447,1.5571227073669434
432,ILSVRC2012_val_00030091_n02804610.JPEG,ILSVRC2012_val_00045885_n02804610.JPEG,0.0982137098908424,0.0927328318357467,3.1562819480896,0.0054808780550957
432,ILSVRC2012_val_00001090_n02804610.JPEG,ILSVRC2012_val_00005802_n02804610.JPEG,0.0838571265339851,0.0648966953158378,0.5384971499443054,0.01896043121814729
432,ILSVRC2012_val_00029612_n02804610.JPEG,ILSVRC2012_val_00035685_n02804610.JPEG,4.062223434448242,3.381741523742676,5.612747669219971,0.6804819107055664
432,ILSVRC2012_val_00037157_n02804610.JPEG,ILSVRC2012_val_00030587_n02804610.JPEG,1.042730689048767,1.9125969409942627,3.6678407192230233,0.8698662519454956
432,ILSVRC2012_val_00033949_n02804610.JPEG,ILSVRC2012_val_00005955_n02804610.JPEG,0.130887284874916,1.0256232023239136,2.632755279541016,0.8947359174489976
433,ILSVRC2012_val_00007984_n02807133.JPEG,ILSVRC2012_val_00049413_n02807133.JPEG,0.0346869938075542,0.1075537055730819,1.60644793510437,0.0728667117655277
433,ILSVRC2012_val_00048374_n02807133.JPEG,ILSVRC2012_val_00019845_n02807133.JPEG,0.9252407550811768,0.0090606957674026,1.731321930885315,0.9161800593137741
433,ILSVRC2012_val_00028473_n02807133.JPEG,ILSVRC2012_val_00001013_n02807133.JPEG,2.678475856781006,1.0479755401611328,4.40523624420166,1.630500316619873
433,ILSVRC2012_val_00048150_n02807133.JPEG,ILSVRC2012_val_00041891_n02807133.JPEG,1.2504147291183472,3.5346503257751465,3.8812854290008554,2.2842355966567993
433,ILSVRC2012_val_00042694_n02807133.JPEG,ILSVRC2012_val_00008227_n02807133.JPEG,0.2364913374185562,2.933691024780273,3.314837455749512,2.697199687361717
434,ILSVRC2012_val_00029780_n02808304.JPEG,ILSVRC2012_val_00048417_n02808304.JPEG,1.4367094039916992,0.5142780542373657,1.8821898698806765,0.9224313497543335
434,ILSVRC2012_val_00049005_n02808304.JPEG,ILSVRC2012_val_00005585_n02808304.JPEG,1.572020173072815,0.4129104018211365,3.5252199172973637,1.1591097712516785
434,ILSVRC2012_val_00005573_n02808304.JPEG,ILSVRC2012_val_00021340_n02808304.JPEG,1.952153205871582,3.7097249031066895,4.566552639007568,1.7575716972351074
434,ILSVRC2012_val_00032096_n02808304.JPEG,ILSVRC2012_val_00014396_n02808304.JPEG,6.429670810699463,4.49335241317749,7.152548789978027,1.9363183975219727
434,ILSVRC2012_val_00014072_n02808304.JPEG,ILSVRC2012_val_00049463_n02808304.JPEG,4.628859043121338,0.0739356577396392,6.115015983581543,4.554923385381699
435,ILSVRC2012_val_00017804_n02808440.JPEG,ILSVRC2012_val_00006993_n02808440.JPEG,0.5473328232765198,0.7447441816329956,2.286613941192627,0.19741135835647583
435,ILSVRC2012_val_00019507_n02808440.JPEG,ILSVRC2012_val_00005511_n02808440.JPEG,2.289229393005371,2.59820294380188,2.9106760025024414,0.3089735507965088
435,ILSVRC2012_val_00025038_n02808440.JPEG,ILSVRC2012_val_00011903_n02808440.JPEG,0.7883955240249634,0.4157343804836273,1.0408422946929932,0.37266114354133606
435,ILSVRC2012_val_00042102_n02808440.JPEG,ILSVRC2012_val_00018670_n02808440.JPEG,1.8679505586624143,1.3688966035842896,2.211267232894897,0.4990539550781248
435,ILSVRC2012_val_00049673_n02808440.JPEG,ILSVRC2012_val_00013344_n02808440.JPEG,1.0516070127487185,1.6122061014175415,6.525021076202393,0.560599088668823
436,ILSVRC2012_val_00010252_n02814533.JPEG,ILSVRC2012_val_00031828_n02814533.JPEG,1.266643524169922,1.466117262840271,2.530436515808105,0.1994737386703489
436,ILSVRC2012_val_00015651_n02814533.JPEG,ILSVRC2012_val_00043122_n02814533.JPEG,0.0758288353681564,0.5208326578140259,0.5208326578140259,0.44500382244586945
436,ILSVRC2012_val_00000175_n02814533.JPEG,ILSVRC2012_val_00038392_n02814533.JPEG,0.3002066016197204,1.8520028591156008,1.857124090194702,1.5517962574958803
436,ILSVRC2012_val_00041979_n02814533.JPEG,ILSVRC2012_val_00006220_n02814533.JPEG,1.9909377098083496,4.434190273284912,4.524112224578857,2.4432525634765625
436,ILSVRC2012_val_00048556_n02814533.JPEG,ILSVRC2012_val_00018138_n02814533.JPEG,4.7202982902526855,1.2301961183547974,5.354313850402832,3.490102171897888
437,ILSVRC2012_val_00006317_n02814860.JPEG,ILSVRC2012_val_00007628_n02814860.JPEG,0.0294205751270055,0.0083061251789331,0.0336963720619678,0.0211144499480724
437,ILSVRC2012_val_00000483_n02814860.JPEG,ILSVRC2012_val_00011022_n02814860.JPEG,0.0069923931732773,0.1348574608564376,0.1348574608564376,0.1278650676831603
437,ILSVRC2012_val_00001553_n02814860.JPEG,ILSVRC2012_val_00024920_n02814860.JPEG,0.011634474620223,0.1723088175058365,0.1723088175058365,0.1606743428856135
437,ILSVRC2012_val_00046532_n02814860.JPEG,ILSVRC2012_val_00045456_n02814860.JPEG,0.5428829789161682,0.0224605966359376,0.7307575941085815,0.5204223822802306
437,ILSVRC2012_val_00047116_n02814860.JPEG,ILSVRC2012_val_00005382_n02814860.JPEG,2.0765011310577397,0.0444341599941253,2.1392035484313965,2.0320669710636143
438,ILSVRC2012_val_00018493_n02815834.JPEG,ILSVRC2012_val_00026649_n02815834.JPEG,0.0315656103193759,0.7355024814605713,0.7642406821250916,0.7039368711411954
438,ILSVRC2012_val_00044516_n02815834.JPEG,ILSVRC2012_val_00033071_n02815834.JPEG,0.0129611892625689,1.982784986495972,2.0775747299194336,1.969823797233403
438,ILSVRC2012_val_00028516_n02815834.JPEG,ILSVRC2012_val_00019648_n02815834.JPEG,3.794277906417847,6.014496803283691,6.420389175415039,2.2202188968658443
438,ILSVRC2012_val_00035757_n02815834.JPEG,ILSVRC2012_val_00049623_n02815834.JPEG,2.375101089477539,4.791330337524414,5.187234401702881,2.416229248046875
438,ILSVRC2012_val_00044110_n02815834.JPEG,ILSVRC2012_val_00016965_n02815834.JPEG,3.4631271362304688,0.0011601868318393,3.571997165679932,3.4619669493986294
439,ILSVRC2012_val_00040717_n02817516.JPEG,ILSVRC2012_val_00011116_n02817516.JPEG,0.0004780341696459,0.0006156456656754,0.236393004655838,0.00013761149602949997
439,ILSVRC2012_val_00031320_n02817516.JPEG,ILSVRC2012_val_00041077_n02817516.JPEG,0.0072408393025398,0.0024473497178405,2.40004563331604,0.004793489584699301
439,ILSVRC2012_val_00029927_n02817516.JPEG,ILSVRC2012_val_00016063_n02817516.JPEG,0.0035973377525806,0.1020266041159629,0.1020266041159629,0.0984292663633823
439,ILSVRC2012_val_00020493_n02817516.JPEG,ILSVRC2012_val_00004556_n02817516.JPEG,0.0009157040040008,0.2419339120388031,2.219303131103516,0.2410182080348023
439,ILSVRC2012_val_00001048_n02817516.JPEG,ILSVRC2012_val_00015429_n02817516.JPEG,1.0811498165130615,0.7780774831771851,3.1973211765289307,0.30307233333587646
440,ILSVRC2012_val_00040545_n02823428.JPEG,ILSVRC2012_val_00045371_n02823428.JPEG,0.4535660743713379,0.252293974161148,1.5828343629837036,0.20127210021018987
440,ILSVRC2012_val_00011823_n02823428.JPEG,ILSVRC2012_val_00025387_n02823428.JPEG,0.090506687760353,0.5939728617668152,2.9918837547302246,0.5034661740064622
440,ILSVRC2012_val_00022396_n02823428.JPEG,ILSVRC2012_val_00012286_n02823428.JPEG,0.6858437657356262,0.0916028618812561,1.9306542873382568,0.5942409038543701
440,ILSVRC2012_val_00012256_n02823428.JPEG,ILSVRC2012_val_00020345_n02823428.JPEG,1.9081424474716189,0.4972935914993286,5.612164497375488,1.4108488559722903
440,ILSVRC2012_val_00033822_n02823428.JPEG,ILSVRC2012_val_00009260_n02823428.JPEG,2.1118667125701904,0.0469164364039897,2.1185688972473145,2.0649502761662006
441,ILSVRC2012_val_00026110_n02823750.JPEG,ILSVRC2012_val_00047162_n02823750.JPEG,0.0104101747274398,0.0685007199645042,0.1060650944709777,0.0580905452370644
441,ILSVRC2012_val_00021427_n02823750.JPEG,ILSVRC2012_val_00045499_n02823750.JPEG,0.4743792414665222,0.2738352715969085,1.4201993942260742,0.2005439698696137
441,ILSVRC2012_val_00037183_n02823750.JPEG,ILSVRC2012_val_00036113_n02823750.JPEG,0.7293176651000977,0.0918471440672874,0.9050523042678832,0.6374705210328102
441,ILSVRC2012_val_00011370_n02823750.JPEG,ILSVRC2012_val_00020646_n02823750.JPEG,0.870368242263794,2.8800270557403564,4.649353981018066,2.0096588134765625
441,ILSVRC2012_val_00013431_n02823750.JPEG,ILSVRC2012_val_00007874_n02823750.JPEG,2.9490232467651367,0.0416803508996963,4.218140602111816,2.9073428958654404
442,ILSVRC2012_val_00001103_n02825657.JPEG,ILSVRC2012_val_00002587_n02825657.JPEG,0.0858746245503425,0.1438283175230026,0.6697146892547607,0.05795369297266009
442,ILSVRC2012_val_00036774_n02825657.JPEG,ILSVRC2012_val_00007587_n02825657.JPEG,1.7339743375778198,1.5983713865280151,1.9183943271636963,0.1356029510498047
442,ILSVRC2012_val_00016714_n02825657.JPEG,ILSVRC2012_val_00016504_n02825657.JPEG,0.1241402179002761,0.6924163103103638,0.7431562542915344,0.5682760924100877
442,ILSVRC2012_val_00048199_n02825657.JPEG,ILSVRC2012_val_00029105_n02825657.JPEG,1.2026278972625732,1.9444398880004885,3.962789535522461,0.7418119907379153
442,ILSVRC2012_val_00008361_n02825657.JPEG,ILSVRC2012_val_00022959_n02825657.JPEG,1.1839659214019775,2.9390437602996826,3.247366428375244,1.755077838897705
443,ILSVRC2012_val_00036586_n02834397.JPEG,ILSVRC2012_val_00007240_n02834397.JPEG,0.0070112152025103,0.0728238075971603,0.154608204960823,0.06581259239465
443,ILSVRC2012_val_00008401_n02834397.JPEG,ILSVRC2012_val_00006441_n02834397.JPEG,1.2265524864196775,0.6550087928771973,2.9168872833251958,0.5715436935424802
443,ILSVRC2012_val_00005477_n02834397.JPEG,ILSVRC2012_val_00024909_n02834397.JPEG,4.18241548538208,1.594942569732666,4.18241548538208,2.587472915649414
443,ILSVRC2012_val_00027813_n02834397.JPEG,ILSVRC2012_val_00010541_n02834397.JPEG,2.369818210601806,5.374926567077637,6.482172966003418,3.0051083564758305
443,ILSVRC2012_val_00042425_n02834397.JPEG,ILSVRC2012_val_00041817_n02834397.JPEG,0.2470760941505432,3.314000606536865,4.760562896728516,3.0669245123863216
444,ILSVRC2012_val_00031631_n02835271.JPEG,ILSVRC2012_val_00005274_n02835271.JPEG,0.1686364412307739,0.0490920692682266,4.196304321289063,0.1195443719625473
444,ILSVRC2012_val_00010544_n02835271.JPEG,ILSVRC2012_val_00018975_n02835271.JPEG,0.0102835800498723,0.133804589509964,0.134229227900505,0.12352100946009169
444,ILSVRC2012_val_00019390_n02835271.JPEG,ILSVRC2012_val_00037433_n02835271.JPEG,0.1496845483779907,0.0204731114208698,0.244284525513649,0.1292114369571209
444,ILSVRC2012_val_00001243_n02835271.JPEG,ILSVRC2012_val_00001012_n02835271.JPEG,0.3299229145050049,1.002555251121521,1.2003610134124756,0.6726323366165161
444,ILSVRC2012_val_00043435_n02835271.JPEG,ILSVRC2012_val_00037292_n02835271.JPEG,2.339200019836426,0.8683992624282837,4.08628511428833,1.470800757408142
445,ILSVRC2012_val_00035607_n02837789.JPEG,ILSVRC2012_val_00032014_n02837789.JPEG,0.7771380543708801,0.4152235090732574,0.7771380543708801,0.36191454529762274
445,ILSVRC2012_val_00027287_n02837789.JPEG,ILSVRC2012_val_00020662_n02837789.JPEG,0.1194531098008155,0.718309760093689,4.505982875823975,0.5988566502928735
445,ILSVRC2012_val_00045787_n02837789.JPEG,ILSVRC2012_val_00013449_n02837789.JPEG,2.2192752361297607,1.0677180290222168,2.962383508682251,1.151557207107544
445,ILSVRC2012_val_00032052_n02837789.JPEG,ILSVRC2012_val_00034365_n02837789.JPEG,2.697533130645752,0.927026093006134,4.052853584289551,1.770507037639618
445,ILSVRC2012_val_00016038_n02837789.JPEG,ILSVRC2012_val_00013988_n02837789.JPEG,2.295835494995117,0.4747463762760162,4.593684196472168,1.821089118719101
446,ILSVRC2012_val_00025350_n02840245.JPEG,ILSVRC2012_val_00016307_n02840245.JPEG,4.3998565673828125,3.68436336517334,4.3998565673828125,0.7154932022094727
446,ILSVRC2012_val_00049031_n02840245.JPEG,ILSVRC2012_val_00030462_n02840245.JPEG,2.608893871307373,1.2775001525878906,3.024468421936035,1.3313937187194824
446,ILSVRC2012_val_00021609_n02840245.JPEG,ILSVRC2012_val_00030074_n02840245.JPEG,1.93113374710083,0.3532540798187256,3.672872543334961,1.5778796672821045
446,ILSVRC2012_val_00036216_n02840245.JPEG,ILSVRC2012_val_00010818_n02840245.JPEG,2.082702159881592,0.3924920260906219,4.469930648803711,1.6902101337909698
446,ILSVRC2012_val_00018464_n02840245.JPEG,ILSVRC2012_val_00005370_n02840245.JPEG,0.0819568037986755,2.3633453845977783,2.4419524669647217,2.281388580799103
447,ILSVRC2012_val_00040318_n02841315.JPEG,ILSVRC2012_val_00019552_n02841315.JPEG,0.0084547204896807,0.2733128666877746,8.332403182983398,0.2648581461980939
447,ILSVRC2012_val_00039857_n02841315.JPEG,ILSVRC2012_val_00016311_n02841315.JPEG,2.9048705101013184,3.2834606170654297,3.33959698677063,0.37859010696411133
447,ILSVRC2012_val_00039162_n02841315.JPEG,ILSVRC2012_val_00017808_n02841315.JPEG,0.6652369499206543,2.104558229446411,7.711671829223633,1.4393212795257568
447,ILSVRC2012_val_00011926_n02841315.JPEG,ILSVRC2012_val_00014601_n02841315.JPEG,0.1705619692802429,3.04712438583374,6.00011157989502,2.876562416553497
447,ILSVRC2012_val_00013969_n02841315.JPEG,ILSVRC2012_val_00003479_n02841315.JPEG,6.331329345703125,2.047827959060669,7.967089653015137,4.283501386642456
448,ILSVRC2012_val_00026872_n02843684.JPEG,ILSVRC2012_val_00032543_n02843684.JPEG,0.0013871104456484,0.0007484733941964,0.2943782210350036,0.000638637051452
448,ILSVRC2012_val_00003783_n02843684.JPEG,ILSVRC2012_val_00035716_n02843684.JPEG,0.1153270676732063,0.0001506691914983,0.3304368555545807,0.115176398481708
448,ILSVRC2012_val_00027688_n02843684.JPEG,ILSVRC2012_val_00028359_n02843684.JPEG,0.7399700284004211,6.16293036728166e-05,0.7399700284004211,0.7399083990967483
448,ILSVRC2012_val_00017798_n02843684.JPEG,ILSVRC2012_val_00030541_n02843684.JPEG,1.142851948738098,0.0011782854562625,3.5331332683563232,1.1416736632818354
448,ILSVRC2012_val_00013138_n02843684.JPEG,ILSVRC2012_val_00047023_n02843684.JPEG,0.034263864159584,1.4265477657318115,2.935908794403076,1.3922839015722275
449,ILSVRC2012_val_00042189_n02859443.JPEG,ILSVRC2012_val_00011886_n02859443.JPEG,0.0038532787002623,0.3239050507545471,0.3392949402332306,0.3200517720542848
449,ILSVRC2012_val_00001383_n02859443.JPEG,ILSVRC2012_val_00021432_n02859443.JPEG,1.0690183639526367,1.5782898664474487,3.477865695953369,0.509271502494812
449,ILSVRC2012_val_00000193_n02859443.JPEG,ILSVRC2012_val_00029483_n02859443.JPEG,1.2790629863739014,0.0519536919891834,1.2790629863739014,1.227109294384718
449,ILSVRC2012_val_00003322_n02859443.JPEG,ILSVRC2012_val_00026096_n02859443.JPEG,1.4523221254348757,0.042793545871973,5.910890102386475,1.4095285795629027
449,ILSVRC2012_val_00002161_n02859443.JPEG,ILSVRC2012_val_00019378_n02859443.JPEG,2.2688236236572266,0.7968147993087769,2.781217098236084,1.4720088243484497
450,ILSVRC2012_val_00038700_n02860847.JPEG,ILSVRC2012_val_00046246_n02860847.JPEG,0.0051748142577707,0.007687862496823,0.99431711435318,0.002513048239052299
450,ILSVRC2012_val_00008126_n02860847.JPEG,ILSVRC2012_val_00032760_n02860847.JPEG,0.1560773253440857,0.000754191132728,0.3174466490745544,0.15532313421135768
450,ILSVRC2012_val_00048796_n02860847.JPEG,ILSVRC2012_val_00003648_n02860847.JPEG,0.3352989256381988,0.5444526672363281,3.655987739562988,0.20915374159812933
450,ILSVRC2012_val_00001443_n02860847.JPEG,ILSVRC2012_val_00000601_n02860847.JPEG,0.0065852063708007,2.0370986461639404,6.425886154174805,2.0305134397931397
450,ILSVRC2012_val_00006023_n02860847.JPEG,ILSVRC2012_val_00029717_n02860847.JPEG,0.0196860805153846,3.092710494995117,3.3919572830200195,3.0730244144797325
451,ILSVRC2012_val_00015944_n02865351.JPEG,ILSVRC2012_val_00049314_n02865351.JPEG,0.0058791330084204,0.0012891324004158,0.0963119268417358,0.0045900006080046
451,ILSVRC2012_val_00001259_n02865351.JPEG,ILSVRC2012_val_00046688_n02865351.JPEG,0.4781085252761841,0.4686875343322754,3.4269890785217285,0.009420990943908691
451,ILSVRC2012_val_00029091_n02865351.JPEG,ILSVRC2012_val_00040068_n02865351.JPEG,0.0254997462034225,0.0097122285515069,2.746878862380981,0.0157875176519156
451,ILSVRC2012_val_00008743_n02865351.JPEG,ILSVRC2012_val_00015171_n02865351.JPEG,0.2438220381736755,1.3232143828645349e-05,0.3539730012416839,0.24380880602984686
451,ILSVRC2012_val_00011687_n02865351.JPEG,ILSVRC2012_val_00038373_n02865351.JPEG,1.9954758882522583,3.257897138595581,5.316580295562744,1.2624212503433228
452,ILSVRC2012_val_00047868_n02869837.JPEG,ILSVRC2012_val_00034968_n02869837.JPEG,0.2927698791027069,1.0019562244415283,1.3109897375106812,0.7091863453388214
452,ILSVRC2012_val_00049649_n02869837.JPEG,ILSVRC2012_val_00006236_n02869837.JPEG,1.6777656078338623,0.8499292731285095,2.570716142654419,0.8278363347053528
452,ILSVRC2012_val_00015695_n02869837.JPEG,ILSVRC2012_val_00046474_n02869837.JPEG,0.8994879722595215,1.8494560718536377,1.9832746982574463,0.9499680995941162
452,ILSVRC2012_val_00018268_n02869837.JPEG,ILSVRC2012_val_00036768_n02869837.JPEG,1.1785905361175537,0.0534865893423557,2.3369593620300293,1.125103946775198
452,ILSVRC2012_val_00038441_n02869837.JPEG,ILSVRC2012_val_00041433_n02869837.JPEG,0.3706339001655578,3.0079901218414307,3.321467161178589,2.637356221675873
453,ILSVRC2012_val_00023290_n02870880.JPEG,ILSVRC2012_val_00004392_n02870880.JPEG,0.0722430795431137,0.0401607267558574,1.0711315870285034,0.032082352787256296
453,ILSVRC2012_val_00021309_n02870880.JPEG,ILSVRC2012_val_00008301_n02870880.JPEG,0.1530170440673828,0.7966643571853638,1.5504106283187866,0.643647313117981
453,ILSVRC2012_val_00032229_n02870880.JPEG,ILSVRC2012_val_00012376_n02870880.JPEG,1.6061527729034424,3.1212077140808105,3.1212077140808105,1.5150549411773682
453,ILSVRC2012_val_00003534_n02870880.JPEG,ILSVRC2012_val_00014034_n02870880.JPEG,3.620185613632202,0.3916288018226623,3.620185613632202,3.22855681180954
453,ILSVRC2012_val_00040682_n02870880.JPEG,ILSVRC2012_val_00020182_n02870880.JPEG,4.111138820648193,0.5484457015991211,4.111138820648193,3.5626931190490723
454,ILSVRC2012_val_00018114_n02871525.JPEG,ILSVRC2012_val_00005079_n02871525.JPEG,0.4133434593677521,0.2861136496067047,1.0578303337097168,0.12722980976104736
454,ILSVRC2012_val_00027303_n02871525.JPEG,ILSVRC2012_val_00012405_n02871525.JPEG,2.471360445022583,1.879932641983032,4.522547721862793,0.591427803039551
454,ILSVRC2012_val_00021897_n02871525.JPEG,ILSVRC2012_val_00000896_n02871525.JPEG,0.6416147351264954,2.757575511932373,2.960458993911743,2.1159607768058777
454,ILSVRC2012_val_00039702_n02871525.JPEG,ILSVRC2012_val_00041959_n02871525.JPEG,0.0480032563209533,2.21885085105896,2.459766387939453,2.1708475947380066
454,ILSVRC2012_val_00017877_n02871525.JPEG,ILSVRC2012_val_00045104_n02871525.JPEG,2.803120374679565,0.3948151767253876,5.896791458129883,2.4083051979541774
455,ILSVRC2012_val_00033377_n02877765.JPEG,ILSVRC2012_val_00024230_n02877765.JPEG,0.0086300037801265,0.0015526870265603,1.3866666555404663,0.007077316753566201
455,ILSVRC2012_val_00045915_n02877765.JPEG,ILSVRC2012_val_00016826_n02877765.JPEG,2.794971704483032,2.1072380542755127,6.599543571472168,0.6877336502075191
455,ILSVRC2012_val_00047879_n02877765.JPEG,ILSVRC2012_val_00040091_n02877765.JPEG,1.730009913444519,0.0023827753029763,1.862159252166748,1.7276271381415427
455,ILSVRC2012_val_00009849_n02877765.JPEG,ILSVRC2012_val_00003266_n02877765.JPEG,0.0025615044869482,1.749667048454285,2.258605480194092,1.7471055439673366
455,ILSVRC2012_val_00027381_n02877765.JPEG,ILSVRC2012_val_00009238_n02877765.JPEG,2.8601784706115723,0.6520377397537231,4.013132095336914,2.208140730857849
456,ILSVRC2012_val_00034986_n02879718.JPEG,ILSVRC2012_val_00043316_n02879718.JPEG,2.255734443664551,1.8063911199569704,3.8734517097473145,0.44934332370758034
456,ILSVRC2012_val_00043427_n02879718.JPEG,ILSVRC2012_val_00010832_n02879718.JPEG,1.3930879831314087,0.204871654510498,1.6330004930496216,1.1882163286209106
456,ILSVRC2012_val_00029148_n02879718.JPEG,ILSVRC2012_val_00030252_n02879718.JPEG,0.1519893705844879,1.6886358261108398,1.6886358261108398,1.536646455526352
456,ILSVRC2012_val_00022831_n02879718.JPEG,ILSVRC2012_val_00047775_n02879718.JPEG,2.304281949996948,0.0020443748217076,2.8784070014953613,2.30223757517524
456,ILSVRC2012_val_00006182_n02879718.JPEG,ILSVRC2012_val_00027306_n02879718.JPEG,0.0062452633865177,2.7150142192840576,3.132957935333252,2.70876895589754
457,ILSVRC2012_val_00008612_n02883205.JPEG,ILSVRC2012_val_00042415_n02883205.JPEG,0.0041108159348368,0.0047531235031783,0.5790403485298157,0.0006423075683414997
457,ILSVRC2012_val_00007305_n02883205.JPEG,ILSVRC2012_val_00000126_n02883205.JPEG,0.011114589869976,0.0097101032733917,0.1217565089464187,0.001404486596584301
457,ILSVRC2012_val_00042358_n02883205.JPEG,ILSVRC2012_val_00043900_n02883205.JPEG,0.0074860285967588,1.2755313036905136e-05,0.0074860285967588,0.007473273283721895
457,ILSVRC2012_val_00009483_n02883205.JPEG,ILSVRC2012_val_00012923_n02883205.JPEG,0.0873638689517974,0.039604365825653,0.1098357215523719,0.0477595031261444
457,ILSVRC2012_val_00022542_n02883205.JPEG,ILSVRC2012_val_00029234_n02883205.JPEG,0.2591530680656433,0.4453009963035583,3.313276052474976,0.18614792823791498
458,ILSVRC2012_val_00010404_n02892201.JPEG,ILSVRC2012_val_00031164_n02892201.JPEG,0.0016231469344347,0.0019508631667122,0.0036741863004863,0.0003277162322775
458,ILSVRC2012_val_00032593_n02892201.JPEG,ILSVRC2012_val_00023195_n02892201.JPEG,0.0092781567946076,0.0022705032024532,0.0092781567946076,0.007007653592154399
458,ILSVRC2012_val_00026696_n02892201.JPEG,ILSVRC2012_val_00033978_n02892201.JPEG,0.038741547614336,0.1656751185655594,0.1676827669143676,0.12693357095122337
458,ILSVRC2012_val_00037131_n02892201.JPEG,ILSVRC2012_val_00049903_n02892201.JPEG,0.3680070638656616,1.15699303150177,1.2606046199798584,0.7889859676361084
458,ILSVRC2012_val_00033594_n02892201.JPEG,ILSVRC2012_val_00023043_n02892201.JPEG,0.9473395943641664,0.0031581071671098,2.5887937545776367,0.9441814871970565
459,ILSVRC2012_val_00026163_n02892767.JPEG,ILSVRC2012_val_00030949_n02892767.JPEG,0.1132170334458351,0.1925521790981292,0.9888074398040771,0.07933514565229409
459,ILSVRC2012_val_00044930_n02892767.JPEG,ILSVRC2012_val_00036951_n02892767.JPEG,0.2959138751029968,0.0019292091019451,3.1743862628936768,0.2939846660010517
459,ILSVRC2012_val_00047165_n02892767.JPEG,ILSVRC2012_val_00008954_n02892767.JPEG,3.566476821899414,2.8915274143218994,3.816149473190308,0.6749494075775146
459,ILSVRC2012_val_00029994_n02892767.JPEG,ILSVRC2012_val_00007484_n02892767.JPEG,1.7504512071609497,0.0898324027657508,5.183554172515869,1.6606188043951988
459,ILSVRC2012_val_00026321_n02892767.JPEG,ILSVRC2012_val_00010611_n02892767.JPEG,0.1377189755439758,1.9157958030700684,1.9213716983795168,1.7780768275260925
460,ILSVRC2012_val_00036027_n02894605.JPEG,ILSVRC2012_val_00049092_n02894605.JPEG,0.0746599063277244,0.2651600837707519,1.2773277759552002,0.1905001774430275
460,ILSVRC2012_val_00040631_n02894605.JPEG,ILSVRC2012_val_00000358_n02894605.JPEG,0.5389440059661865,0.8844821453094482,2.805214166641236,0.3455381393432617
460,ILSVRC2012_val_00027022_n02894605.JPEG,ILSVRC2012_val_00044923_n02894605.JPEG,0.0707372426986694,1.025036096572876,1.8418006896972656,0.9542988538742065
460,ILSVRC2012_val_00034199_n02894605.JPEG,ILSVRC2012_val_00024963_n02894605.JPEG,1.692333102226257,0.4086785018444061,4.306650161743164,1.283654600381851
460,ILSVRC2012_val_00015515_n02894605.JPEG,ILSVRC2012_val_00037041_n02894605.JPEG,1.5379643440246582,0.1989674419164657,1.579312443733215,1.3389969021081924
461,ILSVRC2012_val_00015819_n02895154.JPEG,ILSVRC2012_val_00013168_n02895154.JPEG,0.9947713017463684,1.0141594409942627,1.2264810800552368,0.019388139247894287
461,ILSVRC2012_val_00014013_n02895154.JPEG,ILSVRC2012_val_00013879_n02895154.JPEG,1.6579924821853638,1.301738142967224,2.025892734527588,0.35625433921813987
461,ILSVRC2012_val_00002736_n02895154.JPEG,ILSVRC2012_val_00045287_n02895154.JPEG,1.3814120292663574,1.7983115911483765,1.906915664672852,0.41689956188201904
461,ILSVRC2012_val_00016882_n02895154.JPEG,ILSVRC2012_val_00021945_n02895154.JPEG,1.3958652019500732,0.5090845823287964,3.3428609371185303,0.8867806196212769
461,ILSVRC2012_val_00046045_n02895154.JPEG,ILSVRC2012_val_00023614_n02895154.JPEG,0.3922983705997467,2.327444076538086,2.692624807357788,1.9351457059383392
462,ILSVRC2012_val_00010496_n02906734.JPEG,ILSVRC2012_val_00036748_n02906734.JPEG,0.1027402654290199,0.0235746540129184,2.4827194213867188,0.0791656114161015
462,ILSVRC2012_val_00009304_n02906734.JPEG,ILSVRC2012_val_00008505_n02906734.JPEG,0.2113838642835617,0.3326880037784576,3.862268924713135,0.12130413949489588
462,ILSVRC2012_val_00014004_n02906734.JPEG,ILSVRC2012_val_00027338_n02906734.JPEG,0.9071984887123108,0.0038087461143732,3.162442922592163,0.9033897425979376
462,ILSVRC2012_val_00010279_n02906734.JPEG,ILSVRC2012_val_00042973_n02906734.JPEG,1.3676860332489014,2.69392466545105,2.8861851692199707,1.3262386322021484
462,ILSVRC2012_val_00030331_n02906734.JPEG,ILSVRC2012_val_00041788_n02906734.JPEG,3.404658555984497,0.2675438225269317,3.404658555984497,3.1371147334575653
463,ILSVRC2012_val_00031208_n02909870.JPEG,ILSVRC2012_val_00011119_n02909870.JPEG,3.725021362304688,3.879118919372559,4.6265153884887695,0.1540975570678711
463,ILSVRC2012_val_00022064_n02909870.JPEG,ILSVRC2012_val_00027739_n02909870.JPEG,0.6860398054122925,0.09912671148777,0.6860398054122925,0.5869130939245225
463,ILSVRC2012_val_00042290_n02909870.JPEG,ILSVRC2012_val_00035806_n02909870.JPEG,0.6043371558189392,1.3729710578918457,1.6348769664764404,0.7686339020729065
463,ILSVRC2012_val_00042633_n02909870.JPEG,ILSVRC2012_val_00013226_n02909870.JPEG,1.176496148109436,0.3076493144035339,1.827680706977844,0.8688468337059021
463,ILSVRC2012_val_00029235_n02909870.JPEG,ILSVRC2012_val_00010175_n02909870.JPEG,3.959218978881836,1.5401102304458618,6.73488712310791,2.419108748435974
464,ILSVRC2012_val_00028437_n02910353.JPEG,ILSVRC2012_val_00022318_n02910353.JPEG,1.5981582403182983,1.4231560230255127,4.395001411437988,0.17500221729278564
464,ILSVRC2012_val_00039163_n02910353.JPEG,ILSVRC2012_val_00034479_n02910353.JPEG,1.2430602312088013,1.5718727111816406,4.379180431365967,0.32881247997283936
464,ILSVRC2012_val_00047779_n02910353.JPEG,ILSVRC2012_val_00000558_n02910353.JPEG,2.3473663330078125,3.1905853748321533,3.7307162284851074,0.8432190418243408
464,ILSVRC2012_val_00026105_n02910353.JPEG,ILSVRC2012_val_00024274_n02910353.JPEG,2.2305655479431152,1.119115114212036,7.759504318237305,1.1114504337310793
464,ILSVRC2012_val_00049838_n02910353.JPEG,ILSVRC2012_val_00041443_n02910353.JPEG,0.2126402258872985,1.6623510122299194,2.701246976852417,1.4497107863426208
465,ILSVRC2012_val_00047218_n02916936.JPEG,ILSVRC2012_val_00006943_n02916936.JPEG,0.2041172832250595,0.1367143392562866,0.8674492835998535,0.06740294396877292
465,ILSVRC2012_val_00000366_n02916936.JPEG,ILSVRC2012_val_00018897_n02916936.JPEG,0.1424318552017212,0.0008219677838496,0.155916079878807,0.1416098874178716
465,ILSVRC2012_val_00019991_n02916936.JPEG,ILSVRC2012_val_00009573_n02916936.JPEG,3.559252977371216,3.304649353027344,5.321824073791504,0.2546036243438716
465,ILSVRC2012_val_00028289_n02916936.JPEG,ILSVRC2012_val_00019479_n02916936.JPEG,0.7483625411987305,1.9837934970855715,4.944639205932617,1.235430955886841
465,ILSVRC2012_val_00048317_n02916936.JPEG,ILSVRC2012_val_00027911_n02916936.JPEG,2.8337643146514893,4.096390247344971,4.254961490631104,1.2626259326934814
466,ILSVRC2012_val_00027463_n02917067.JPEG,ILSVRC2012_val_00018923_n02917067.JPEG,0.0197037309408187,0.0136085404083132,0.2494313865900039,0.0060951905325055
466,ILSVRC2012_val_00037319_n02917067.JPEG,ILSVRC2012_val_00019567_n02917067.JPEG,0.0315273776650428,0.0539923682808876,0.5622811317443848,0.022464990615844796
466,ILSVRC2012_val_00031216_n02917067.JPEG,ILSVRC2012_val_00036325_n02917067.JPEG,0.0502658635377883,0.0775436013936996,3.986005306243897,0.027277737855911303
466,ILSVRC2012_val_00006822_n02917067.JPEG,ILSVRC2012_val_00035453_n02917067.JPEG,0.8814411759376526,0.359591007232666,1.7619727849960327,0.5218501687049866
466,ILSVRC2012_val_00044802_n02917067.JPEG,ILSVRC2012_val_00018038_n02917067.JPEG,0.014024750329554,0.9543272256851196,0.9543272256851196,0.9403024753555657
467,ILSVRC2012_val_00010866_n02927161.JPEG,ILSVRC2012_val_00043550_n02927161.JPEG,0.0449534244835376,4.029192859889008e-05,0.0699024349451065,0.04491313255493871
467,ILSVRC2012_val_00005578_n02927161.JPEG,ILSVRC2012_val_00014566_n02927161.JPEG,0.8562217950820923,0.6893901824951172,1.2672274112701416,0.1668316125869751
467,ILSVRC2012_val_00023166_n02927161.JPEG,ILSVRC2012_val_00002526_n02927161.JPEG,0.1581313908100128,0.8672199249267578,0.8672199249267578,0.709088534116745
467,ILSVRC2012_val_00045830_n02927161.JPEG,ILSVRC2012_val_00005461_n02927161.JPEG,1.333168625831604,0.0047887163236737,1.416936278343201,1.3283799095079303
467,ILSVRC2012_val_00017821_n02927161.JPEG,ILSVRC2012_val_00035147_n02927161.JPEG,0.0007990981102921,1.7419520616531372,1.7419520616531372,1.741152963542845
468,ILSVRC2012_val_00049552_n02930766.JPEG,ILSVRC2012_val_00035018_n02930766.JPEG,0.1148620098829269,0.1616670489311218,0.3469893038272857,0.0468050390481949
468,ILSVRC2012_val_00003112_n02930766.JPEG,ILSVRC2012_val_00041920_n02930766.JPEG,1.843749761581421,1.2338002920150757,1.907676100730896,0.6099494695663452
468,ILSVRC2012_val_00016645_n02930766.JPEG,ILSVRC2012_val_00039097_n02930766.JPEG,1.604658603668213,2.514812469482422,4.247695446014404,0.910153865814209
468,ILSVRC2012_val_00003886_n02930766.JPEG,ILSVRC2012_val_00036204_n02930766.JPEG,1.6499197483062744,0.0279122162610292,3.566136598587036,1.6220075320452452
468,ILSVRC2012_val_00035012_n02930766.JPEG,ILSVRC2012_val_00025244_n02930766.JPEG,3.0586225986480717,0.8595112562179565,3.1017563343048096,2.199111342430115
469,ILSVRC2012_val_00043061_n02939185.JPEG,ILSVRC2012_val_00049824_n02939185.JPEG,4.522573471069336,4.430960655212402,6.518001556396484,0.0916128158569336
469,ILSVRC2012_val_00017886_n02939185.JPEG,ILSVRC2012_val_00025808_n02939185.JPEG,3.8920786380767822,4.162443161010742,5.675540924072266,0.27036452293395996
469,ILSVRC2012_val_00011050_n02939185.JPEG,ILSVRC2012_val_00035031_n02939185.JPEG,4.401935577392578,4.0432634353637695,4.401935577392578,0.3586721420288086
469,ILSVRC2012_val_00025163_n02939185.JPEG,ILSVRC2012_val_00029179_n02939185.JPEG,1.7400462627410889,2.497840404510498,6.245419025421143,0.7577941417694092
469,ILSVRC2012_val_00006325_n02939185.JPEG,ILSVRC2012_val_00006370_n02939185.JPEG,0.0398333854973316,1.3198493719100952,1.3247475624084473,1.2800159864127636
470,ILSVRC2012_val_00019827_n02948072.JPEG,ILSVRC2012_val_00019806_n02948072.JPEG,0.0985547974705696,0.0791598409414291,0.1860924214124679,0.0193949565291405
470,ILSVRC2012_val_00022603_n02948072.JPEG,ILSVRC2012_val_00037224_n02948072.JPEG,1.7095675468444824,5.9960475482512265e-05,1.7095675468444824,1.709507586369
470,ILSVRC2012_val_00032008_n02948072.JPEG,ILSVRC2012_val_00010256_n02948072.JPEG,3.11466646194458,6.731191635131836,6.731191635131836,3.616525173187256
470,ILSVRC2012_val_00002596_n02948072.JPEG,ILSVRC2012_val_00014393_n02948072.JPEG,4.767588138580322,0.0340544171631336,5.04293966293335,4.733533721417189
470,ILSVRC2012_val_00045660_n02948072.JPEG,ILSVRC2012_val_00034517_n02948072.JPEG,0.0978523045778274,8.114768981933594,8.343095779418945,8.016916677355766
471,ILSVRC2012_val_00035629_n02950826.JPEG,ILSVRC2012_val_00006467_n02950826.JPEG,0.0033671134151518,0.0042254934087395,0.3537884652614593,0.0008583799935877002
471,ILSVRC2012_val_00034326_n02950826.JPEG,ILSVRC2012_val_00010903_n02950826.JPEG,0.0390710793435573,0.0573617778718471,4.378227710723877,0.018290698528289795
471,ILSVRC2012_val_00019887_n02950826.JPEG,ILSVRC2012_val_00015215_n02950826.JPEG,0.2114274799823761,0.1788546591997146,5.862518310546875,0.032572820782661493
471,ILSVRC2012_val_00033446_n02950826.JPEG,ILSVRC2012_val_00037796_n02950826.JPEG,0.0456932671368122,0.0123574556782841,1.5614895820617676,0.033335811458528104
471,ILSVRC2012_val_00019075_n02950826.JPEG,ILSVRC2012_val_00043244_n02950826.JPEG,0.0398447252810001,0.1483122706413269,1.6172215938568115,0.1084675453603268
472,ILSVRC2012_val_00011563_n02951358.JPEG,ILSVRC2012_val_00015044_n02951358.JPEG,0.1413349658250808,0.2430352568626403,0.5339277386665344,0.10170029103755951
472,ILSVRC2012_val_00008828_n02951358.JPEG,ILSVRC2012_val_00001326_n02951358.JPEG,0.4572529196739197,0.1101169139146804,0.4572529196739197,0.3471360057592393
472,ILSVRC2012_val_00000347_n02951358.JPEG,ILSVRC2012_val_00027088_n02951358.JPEG,0.0548600740730762,0.4524205923080444,1.5812432765960691,0.3975605182349682
472,ILSVRC2012_val_00030824_n02951358.JPEG,ILSVRC2012_val_00032408_n02951358.JPEG,0.8630174994468689,0.4499431252479553,2.1483829021453857,0.4130743741989136
472,ILSVRC2012_val_00026990_n02951358.JPEG,ILSVRC2012_val_00028376_n02951358.JPEG,0.0288846101611852,0.5105021595954895,0.5148441791534424,0.4816175494343043
473,ILSVRC2012_val_00000223_n02951585.JPEG,ILSVRC2012_val_00003091_n02951585.JPEG,0.7236630916595459,0.3122065961360931,0.8803784847259521,0.4114564955234528
473,ILSVRC2012_val_00008336_n02951585.JPEG,ILSVRC2012_val_00007202_n02951585.JPEG,3.047571182250977,1.8110095262527464,3.878085136413574,1.2365616559982306
473,ILSVRC2012_val_00025329_n02951585.JPEG,ILSVRC2012_val_00044537_n02951585.JPEG,1.9243416786193848,0.5331237316131592,1.9243416786193848,1.3912179470062256
473,ILSVRC2012_val_00046126_n02951585.JPEG,ILSVRC2012_val_00028303_n02951585.JPEG,4.221002101898193,1.7048335075378418,8.099936485290527,2.5161685943603516
473,ILSVRC2012_val_00023278_n02951585.JPEG,ILSVRC2012_val_00031819_n02951585.JPEG,4.695165634155273,1.2192386388778689,5.564835548400879,3.475926995277405
474,ILSVRC2012_val_00022917_n02963159.JPEG,ILSVRC2012_val_00034093_n02963159.JPEG,1.4503017663955688,1.6322966814041138,4.118179798126221,0.18199491500854492
474,ILSVRC2012_val_00038532_n02963159.JPEG,ILSVRC2012_val_00014297_n02963159.JPEG,0.2420782148838043,0.03887639939785,0.2635332643985748,0.20320181548595428
474,ILSVRC2012_val_00012417_n02963159.JPEG,ILSVRC2012_val_00031701_n02963159.JPEG,1.0998318195343018,1.3367105722427368,2.0553104877471924,0.23687875270843506
474,ILSVRC2012_val_00002392_n02963159.JPEG,ILSVRC2012_val_00007407_n02963159.JPEG,1.777501344680786,0.0022242348641157,4.668580532073975,1.7752771098166702
474,ILSVRC2012_val_00038368_n02963159.JPEG,ILSVRC2012_val_00038892_n02963159.JPEG,0.0952420309185981,2.211986541748047,3.2955968379974365,2.1167445108294487
475,ILSVRC2012_val_00047351_n02965783.JPEG,ILSVRC2012_val_00027310_n02965783.JPEG,0.0413174778223037,0.0458647608757019,0.2356006354093551,0.004547283053398195
475,ILSVRC2012_val_00030513_n02965783.JPEG,ILSVRC2012_val_00048555_n02965783.JPEG,0.0159868337213993,0.0079253735020756,0.1581044197082519,0.008061460219323701
475,ILSVRC2012_val_00028488_n02965783.JPEG,ILSVRC2012_val_00013186_n02965783.JPEG,0.0845270082354545,0.0212479699403047,2.1062943935394287,0.0632790382951498
475,ILSVRC2012_val_00012473_n02965783.JPEG,ILSVRC2012_val_00027104_n02965783.JPEG,0.0974710807204246,0.0302469432353973,0.5880022048950195,0.0672241374850273
475,ILSVRC2012_val_00018623_n02965783.JPEG,ILSVRC2012_val_00021494_n02965783.JPEG,0.000353273935616,0.2555382549762726,0.6877841353416443,0.25518498104065657
476,ILSVRC2012_val_00040917_n02966193.JPEG,ILSVRC2012_val_00047099_n02966193.JPEG,0.0209620054811239,0.0001592509361216,1.4555613994598389,0.0208027545450023
476,ILSVRC2012_val_00010837_n02966193.JPEG,ILSVRC2012_val_00000074_n02966193.JPEG,0.0014340127818286,0.0791574195027351,0.5171561241149902,0.0777234067209065
476,ILSVRC2012_val_00008293_n02966193.JPEG,ILSVRC2012_val_00021189_n02966193.JPEG,0.0026238083373755,0.1403137594461441,0.6037425994873047,0.1376899511087686
476,ILSVRC2012_val_00044864_n02966193.JPEG,ILSVRC2012_val_00049670_n02966193.JPEG,0.2924774587154388,0.0081209698691964,1.5103567838668823,0.2843564888462424
476,ILSVRC2012_val_00017990_n02966193.JPEG,ILSVRC2012_val_00047792_n02966193.JPEG,0.0018818541429936,0.3729505538940429,0.5596811771392822,0.37106869975104934
477,ILSVRC2012_val_00021634_n02966687.JPEG,ILSVRC2012_val_00040113_n02966687.JPEG,0.0333124846220016,0.0550399348139762,0.3700165450572967,0.021727450191974598
477,ILSVRC2012_val_00032641_n02966687.JPEG,ILSVRC2012_val_00015191_n02966687.JPEG,2.1831655502319336,1.0068964958190918,3.721439838409424,1.1762690544128418
477,ILSVRC2012_val_00004292_n02966687.JPEG,ILSVRC2012_val_00025709_n02966687.JPEG,0.8940350413322449,2.353758811950684,3.193298578262329,1.4597237706184392
477,ILSVRC2012_val_00047093_n02966687.JPEG,ILSVRC2012_val_00008803_n02966687.JPEG,3.057991981506348,0.5000573992729187,4.089171409606934,2.5579345822334294
477,ILSVRC2012_val_00029374_n02966687.JPEG,ILSVRC2012_val_00036120_n02966687.JPEG,2.0860674381256104,4.946935653686523,5.697640895843506,2.860868215560913
478,ILSVRC2012_val_00004007_n02971356.JPEG,ILSVRC2012_val_00028771_n02971356.JPEG,0.0650654882192611,0.5712403059005737,1.735769271850586,0.5061748176813127
478,ILSVRC2012_val_00003926_n02971356.JPEG,ILSVRC2012_val_00048519_n02971356.JPEG,1.7653716802597046,0.9367991089820862,3.2131590843200684,0.8285725712776184
478,ILSVRC2012_val_00030546_n02971356.JPEG,ILSVRC2012_val_00013835_n02971356.JPEG,1.7116367816925049,3.120676755905152,3.120676755905152,1.409039974212647
478,ILSVRC2012_val_00018554_n02971356.JPEG,ILSVRC2012_val_00041631_n02971356.JPEG,4.770750999450684,6.966006278991699,8.419078826904297,2.1952552795410156
478,ILSVRC2012_val_00023664_n02971356.JPEG,ILSVRC2012_val_00006483_n02971356.JPEG,3.705255031585693,0.3837924599647522,4.074005603790283,3.3214625716209407
479,ILSVRC2012_val_00030167_n02974003.JPEG,ILSVRC2012_val_00043527_n02974003.JPEG,0.303888738155365,0.6534048318862915,0.9257023930549622,0.3495160937309265
479,ILSVRC2012_val_00035524_n02974003.JPEG,ILSVRC2012_val_00023793_n02974003.JPEG,1.5922249555587769,2.0079221725463867,2.121225357055664,0.41569721698760986
479,ILSVRC2012_val_00024859_n02974003.JPEG,ILSVRC2012_val_00023858_n02974003.JPEG,3.962260007858277,3.1543517112731934,3.962260007858277,0.8079082965850835
479,ILSVRC2012_val_00049867_n02974003.JPEG,ILSVRC2012_val_00004412_n02974003.JPEG,2.5433990955352783,0.2493526190519333,2.640892505645752,2.294046476483345
479,ILSVRC2012_val_00020289_n02974003.JPEG,ILSVRC2012_val_00002053_n02974003.JPEG,3.5575509071350098,0.7527537941932678,3.5575509071350098,2.804797112941742
480,ILSVRC2012_val_00036208_n02977058.JPEG,ILSVRC2012_val_00019482_n02977058.JPEG,0.1137484982609748,0.0739213749766349,2.1402390003204346,0.039827123284339905
480,ILSVRC2012_val_00020895_n02977058.JPEG,ILSVRC2012_val_00006276_n02977058.JPEG,0.1498124152421951,0.0292574651539325,0.8324159383773804,0.1205549500882626
480,ILSVRC2012_val_00019338_n02977058.JPEG,ILSVRC2012_val_00011876_n02977058.JPEG,0.0050203930586576,1.354872465133667,1.6454765796661377,1.3498520720750093
480,ILSVRC2012_val_00030105_n02977058.JPEG,ILSVRC2012_val_00027945_n02977058.JPEG,2.58579421043396,0.1970634907484054,4.903961181640625,2.3887307196855545
480,ILSVRC2012_val_00040442_n02977058.JPEG,ILSVRC2012_val_00041758_n02977058.JPEG,0.0383925177156925,3.130900859832764,4.467630386352539,3.0925083421170716
481,ILSVRC2012_val_00029894_n02978881.JPEG,ILSVRC2012_val_00046708_n02978881.JPEG,0.179523229598999,0.2336798310279846,1.8831146955490112,0.054156601428985596
481,ILSVRC2012_val_00001437_n02978881.JPEG,ILSVRC2012_val_00023633_n02978881.JPEG,0.1073835864663124,1.3631713390350342,1.68753182888031,1.2557877525687218
481,ILSVRC2012_val_00026914_n02978881.JPEG,ILSVRC2012_val_00027004_n02978881.JPEG,0.0956524908542633,2.0578060150146484,2.3196167945861816,1.9621535241603851
481,ILSVRC2012_val_00016528_n02978881.JPEG,ILSVRC2012_val_00035631_n02978881.JPEG,3.314018726348877,0.4429551362991333,4.839385986328125,2.8710635900497437
481,ILSVRC2012_val_00045023_n02978881.JPEG,ILSVRC2012_val_00042730_n02978881.JPEG,3.1018528938293457,0.0092428410425782,3.1018528938293457,3.0926100527867675
482,ILSVRC2012_val_00049106_n02979186.JPEG,ILSVRC2012_val_00023674_n02979186.JPEG,2.7281389236450195,2.811109066009521,4.969433307647705,0.08297014236450151
482,ILSVRC2012_val_00003944_n02979186.JPEG,ILSVRC2012_val_00033397_n02979186.JPEG,2.400768280029297,2.265802383422852,2.9589383602142334,0.13496589660644487
482,ILSVRC2012_val_00034563_n02979186.JPEG,ILSVRC2012_val_00034395_n02979186.JPEG,0.6940015554428101,0.9265145063400269,1.103981852531433,0.2325129508972168
482,ILSVRC2012_val_00041893_n02979186.JPEG,ILSVRC2012_val_00048478_n02979186.JPEG,0.8821607232093811,1.26756751537323,1.277483344078064,0.3854067921638489
482,ILSVRC2012_val_00007226_n02979186.JPEG,ILSVRC2012_val_00043731_n02979186.JPEG,1.6898945569992063,2.1760332584381104,2.1760332584381104,0.48613870143890403
483,ILSVRC2012_val_00011145_n02980441.JPEG,ILSVRC2012_val_00033614_n02980441.JPEG,0.0820911154150962,0.1065162494778633,0.416238784790039,0.024425134062767098
483,ILSVRC2012_val_00027848_n02980441.JPEG,ILSVRC2012_val_00014807_n02980441.JPEG,0.6451008915901184,0.9019961953163148,2.994475841522217,0.2568953037261964
483,ILSVRC2012_val_00030999_n02980441.JPEG,ILSVRC2012_val_00019214_n02980441.JPEG,0.009271778166294,0.4344631731510162,0.4879384934902191,0.4251913949847222
483,ILSVRC2012_val_00032173_n02980441.JPEG,ILSVRC2012_val_00041354_n02980441.JPEG,0.0272013247013092,0.5248017311096191,0.5248017311096191,0.49760040640830994
483,ILSVRC2012_val_00043355_n02980441.JPEG,ILSVRC2012_val_00041139_n02980441.JPEG,0.8256924152374268,0.0776881054043769,1.6716127395629885,0.7480043098330499
484,ILSVRC2012_val_00046540_n02981792.JPEG,ILSVRC2012_val_00011334_n02981792.JPEG,0.3749689757823944,0.4549692273139953,0.9440078139305116,0.0800002515316009
484,ILSVRC2012_val_00009517_n02981792.JPEG,ILSVRC2012_val_00036367_n02981792.JPEG,0.531785786151886,0.2165464460849762,1.2612884044647217,0.3152393400669098
484,ILSVRC2012_val_00043094_n02981792.JPEG,ILSVRC2012_val_00028215_n02981792.JPEG,0.5100312829017639,0.9878268241882324,0.9878268241882324,0.4777955412864685
484,ILSVRC2012_val_00028251_n02981792.JPEG,ILSVRC2012_val_00015278_n02981792.JPEG,0.8933300971984863,0.3562678396701813,1.7999413013458252,0.537062257528305
484,ILSVRC2012_val_00049543_n02981792.JPEG,ILSVRC2012_val_00043460_n02981792.JPEG,4.836647033691406,3.314075231552124,5.853499889373779,1.5225718021392822
485,ILSVRC2012_val_00043416_n02988304.JPEG,ILSVRC2012_val_00026640_n02988304.JPEG,0.6527359485626221,0.7688165307044983,0.7784639596939087,0.11608058214187622
485,ILSVRC2012_val_00034496_n02988304.JPEG,ILSVRC2012_val_00025485_n02988304.JPEG,0.9636659622192384,1.1929703950881958,1.6165350675582886,0.2293044328689574
485,ILSVRC2012_val_00044283_n02988304.JPEG,ILSVRC2012_val_00035787_n02988304.JPEG,2.2634143829345703,1.744010329246521,3.94940996170044,0.5194040536880493
485,ILSVRC2012_val_00039422_n02988304.JPEG,ILSVRC2012_val_00018869_n02988304.JPEG,1.998193860054016,1.21455180644989,2.4582951068878174,0.783642053604126
485,ILSVRC2012_val_00043295_n02988304.JPEG,ILSVRC2012_val_00041129_n02988304.JPEG,1.7849401235580444,0.8089537620544434,2.2231428623199463,0.9759863615036011
486,ILSVRC2012_val_00022467_n02992211.JPEG,ILSVRC2012_val_00005173_n02992211.JPEG,0.3151052296161651,0.4044011831283569,3.924691915512085,0.08929595351219177
486,ILSVRC2012_val_00035050_n02992211.JPEG,ILSVRC2012_val_00019228_n02992211.JPEG,1.412247657775879,1.3191426992416382,3.697164058685303,0.09310495853424072
486,ILSVRC2012_val_00012115_n02992211.JPEG,ILSVRC2012_val_00027742_n02992211.JPEG,0.4277056455612182,0.1042433902621269,0.5392129421234131,0.32346225529909134
486,ILSVRC2012_val_00027319_n02992211.JPEG,ILSVRC2012_val_00035600_n02992211.JPEG,0.1201035976409912,0.8374406695365906,1.689103364944458,0.7173370718955994
486,ILSVRC2012_val_00012509_n02992211.JPEG,ILSVRC2012_val_00037840_n02992211.JPEG,0.9031167030334472,0.0188015680760145,0.9320592880249025,0.8843151349574326
487,ILSVRC2012_val_00020233_n02992529.JPEG,ILSVRC2012_val_00019685_n02992529.JPEG,0.1086188554763794,0.1220466047525405,0.7447361350059509,0.01342774927616111
487,ILSVRC2012_val_00039425_n02992529.JPEG,ILSVRC2012_val_00017833_n02992529.JPEG,1.186858296394348,1.071577548980713,1.629714846611023,0.11528074741363503
487,ILSVRC2012_val_00032046_n02992529.JPEG,ILSVRC2012_val_00014562_n02992529.JPEG,0.8022348880767822,1.5765609741210938,4.276915550231934,0.7743260860443115
487,ILSVRC2012_val_00043042_n02992529.JPEG,ILSVRC2012_val_00008583_n02992529.JPEG,3.093996047973633,0.7304913997650146,3.093996047973633,2.363504648208618
487,ILSVRC2012_val_00004117_n02992529.JPEG,ILSVRC2012_val_00006156_n02992529.JPEG,4.536812782287598,0.5560305118560791,4.863778591156006,3.9807822704315186
488,ILSVRC2012_val_00017738_n02999410.JPEG,ILSVRC2012_val_00005241_n02999410.JPEG,0.0882349759340286,0.4121942818164825,0.6694011092185974,0.3239593058824539
488,ILSVRC2012_val_00019470_n02999410.JPEG,ILSVRC2012_val_00000376_n02999410.JPEG,3.976409912109375,2.513256549835205,5.825063228607178,1.46315336227417
488,ILSVRC2012_val_00002229_n02999410.JPEG,ILSVRC2012_val_00000566_n02999410.JPEG,2.379837274551392,4.197836875915527,4.578455924987793,1.8179996013641353
488,ILSVRC2012_val_00024843_n02999410.JPEG,ILSVRC2012_val_00021778_n02999410.JPEG,3.4167001247406006,1.5147037506103516,3.4548685550689697,1.901996374130249
488,ILSVRC2012_val_00009078_n02999410.JPEG,ILSVRC2012_val_00008475_n02999410.JPEG,0.5948260426521301,2.788029670715332,3.694040060043335,2.193203628063202
489,ILSVRC2012_val_00010799_n03000134.JPEG,ILSVRC2012_val_00009432_n03000134.JPEG,0.0306169781833887,0.1228125467896461,0.1493821293115615,0.0921955686062574
489,ILSVRC2012_val_00043280_n03000134.JPEG,ILSVRC2012_val_00023377_n03000134.JPEG,0.5896884202957153,0.8848215937614441,1.1831833124160769,0.29513317346572876
489,ILSVRC2012_val_00025906_n03000134.JPEG,ILSVRC2012_val_00036941_n03000134.JPEG,0.016563406214118,0.8679147362709045,0.986807107925415,0.8513513300567865
489,ILSVRC2012_val_00022377_n03000134.JPEG,ILSVRC2012_val_00027786_n03000134.JPEG,3.176388740539551,0.8174980878829956,3.176388740539551,2.358890652656555
489,ILSVRC2012_val_00014205_n03000134.JPEG,ILSVRC2012_val_00023998_n03000134.JPEG,4.286959171295166,0.6903275847434998,4.620450019836426,3.5966315865516663
490,ILSVRC2012_val_00005656_n03000247.JPEG,ILSVRC2012_val_00006879_n03000247.JPEG,0.4375406205654144,0.0003162122447974,2.679396629333496,0.437224408320617
490,ILSVRC2012_val_00034265_n03000247.JPEG,ILSVRC2012_val_00012850_n03000247.JPEG,4.550634384155273,6.008281230926514,6.194287300109863,1.4576468467712402
490,ILSVRC2012_val_00049630_n03000247.JPEG,ILSVRC2012_val_00030114_n03000247.JPEG,1.6443990468978882,0.0007584794075228,2.185025691986084,1.6436405674903654
490,ILSVRC2012_val_00008644_n03000247.JPEG,ILSVRC2012_val_00015584_n03000247.JPEG,0.0391528159379959,1.6892366409301758,1.6892366409301758,1.6500838249921799
490,ILSVRC2012_val_00048514_n03000247.JPEG,ILSVRC2012_val_00006270_n03000247.JPEG,3.894782304763794,1.406606912612915,6.3017401695251465,2.488175392150879
491,ILSVRC2012_val_00006726_n03000684.JPEG,ILSVRC2012_val_00035266_n03000684.JPEG,0.0544864870607852,0.0417864583432674,1.529706358909607,0.012700028717517804
491,ILSVRC2012_val_00029668_n03000684.JPEG,ILSVRC2012_val_00024269_n03000684.JPEG,0.3046249449253082,0.2861139178276062,2.545553684234619,0.018511027097702026
491,ILSVRC2012_val_00031413_n03000684.JPEG,ILSVRC2012_val_00004262_n03000684.JPEG,0.980964183807373,1.017210841178894,2.0338306427001958,0.036246657371520996
491,ILSVRC2012_val_00024480_n03000684.JPEG,ILSVRC2012_val_00043196_n03000684.JPEG,0.0004296571714803,0.0642261579632759,0.145987719297409,0.0637965007917956
491,ILSVRC2012_val_00026573_n03000684.JPEG,ILSVRC2012_val_00046651_n03000684.JPEG,0.2685304880142212,0.0013016331940889,0.4222921133041382,0.2672288548201323
492,ILSVRC2012_val_00032512_n03014705.JPEG,ILSVRC2012_val_00012144_n03014705.JPEG,2.099570035934448,2.186843156814575,2.243828773498535,0.0872731208801274
492,ILSVRC2012_val_00017258_n03014705.JPEG,ILSVRC2012_val_00038968_n03014705.JPEG,1.0286911725997925,1.2371129989624023,1.5071223974227903,0.20842182636260986
492,ILSVRC2012_val_00043327_n03014705.JPEG,ILSVRC2012_val_00045992_n03014705.JPEG,0.0387852378189563,0.2922452986240387,0.5478243231773376,0.2534600608050824
492,ILSVRC2012_val_00009540_n03014705.JPEG,ILSVRC2012_val_00049658_n03014705.JPEG,1.881157636642456,1.156820297241211,2.7529420852661133,0.7243373394012451
492,ILSVRC2012_val_00001810_n03014705.JPEG,ILSVRC2012_val_00001552_n03014705.JPEG,1.5866775512695312,0.3561429381370544,3.7850377559661865,1.2305346131324768
493,ILSVRC2012_val_00000250_n03016953.JPEG,ILSVRC2012_val_00036979_n03016953.JPEG,3.400146007537842,5.322978973388672,5.973450183868408,1.92283296585083
493,ILSVRC2012_val_00048726_n03016953.JPEG,ILSVRC2012_val_00039848_n03016953.JPEG,3.22790002822876,5.70521879196167,6.324777603149414,2.4773187637329097
493,ILSVRC2012_val_00042108_n03016953.JPEG,ILSVRC2012_val_00024453_n03016953.JPEG,5.303908348083496,1.7951653003692627,5.569937705993652,3.5087430477142334
493,ILSVRC2012_val_00002055_n03016953.JPEG,ILSVRC2012_val_00024303_n03016953.JPEG,5.481444835662842,1.6346181631088257,5.488421440124512,3.846826672554016
493,ILSVRC2012_val_00004544_n03016953.JPEG,ILSVRC2012_val_00035590_n03016953.JPEG,6.903863906860352,2.089393615722656,6.98261022567749,4.814470291137695
494,ILSVRC2012_val_00027888_n03017168.JPEG,ILSVRC2012_val_00030718_n03017168.JPEG,0.0148258795961737,0.0019606193527579,0.015335738658905,0.012865260243415801
494,ILSVRC2012_val_00036837_n03017168.JPEG,ILSVRC2012_val_00005797_n03017168.JPEG,0.7274327278137207,0.5614736080169678,2.673945188522339,0.16595911979675293
494,ILSVRC2012_val_00033091_n03017168.JPEG,ILSVRC2012_val_00043454_n03017168.JPEG,0.2395149916410446,0.049410156905651,1.0838208198547363,0.19010483473539358
494,ILSVRC2012_val_00026501_n03017168.JPEG,ILSVRC2012_val_00044962_n03017168.JPEG,0.8713676929473877,0.4659744501113891,5.32656192779541,0.4053932428359986
494,ILSVRC2012_val_00036909_n03017168.JPEG,ILSVRC2012_val_00033140_n03017168.JPEG,1.6275217533111572,0.7929062247276306,7.011013031005859,0.8346155285835266
495,ILSVRC2012_val_00021844_n03018349.JPEG,ILSVRC2012_val_00028820_n03018349.JPEG,2.576869010925293,2.5927882194519043,3.264655113220215,0.015919208526611328
495,ILSVRC2012_val_00020100_n03018349.JPEG,ILSVRC2012_val_00007272_n03018349.JPEG,0.1093253642320633,0.1579913347959518,0.7352556586265564,0.048665970563888494
495,ILSVRC2012_val_00036447_n03018349.JPEG,ILSVRC2012_val_00023746_n03018349.JPEG,0.086995780467987,0.1505826264619827,0.1505826264619827,0.0635868459939957
495,ILSVRC2012_val_00047749_n03018349.JPEG,ILSVRC2012_val_00037307_n03018349.JPEG,0.8296091556549072,0.0373760461807251,0.8296091556549072,0.7922331094741821
495,ILSVRC2012_val_00026074_n03018349.JPEG,ILSVRC2012_val_00043372_n03018349.JPEG,2.615386962890625,1.3319101333618164,2.618666172027588,1.2834768295288086
496,ILSVRC2012_val_00005832_n03026506.JPEG,ILSVRC2012_val_00032846_n03026506.JPEG,0.0011117237154394,0.0082992678508162,0.0966575518250465,0.0071875441353768
496,ILSVRC2012_val_00044741_n03026506.JPEG,ILSVRC2012_val_00018124_n03026506.JPEG,0.1253052353858947,0.0288099069148302,0.4778898358345032,0.09649532847106448
496,ILSVRC2012_val_00024699_n03026506.JPEG,ILSVRC2012_val_00039849_n03026506.JPEG,1.147907853126526,0.9389832615852356,1.41635000705719,0.2089245915412905
496,ILSVRC2012_val_00024964_n03026506.JPEG,ILSVRC2012_val_00001908_n03026506.JPEG,0.001606008503586,0.5207929611206055,2.097542762756348,0.5191869526170194
496,ILSVRC2012_val_00018842_n03026506.JPEG,ILSVRC2012_val_00048813_n03026506.JPEG,0.5646512508392334,0.0057967649772763,0.6491343379020691,0.5588544858619571
497,ILSVRC2012_val_00004912_n03028079.JPEG,ILSVRC2012_val_00004939_n03028079.JPEG,0.0626158192753791,0.3667905926704407,1.0624661445617676,0.3041747733950616
497,ILSVRC2012_val_00027385_n03028079.JPEG,ILSVRC2012_val_00044414_n03028079.JPEG,0.2851812243461609,0.5996119976043701,1.2717831134796145,0.31443077325820923
497,ILSVRC2012_val_00029728_n03028079.JPEG,ILSVRC2012_val_00009705_n03028079.JPEG,1.0773000717163086,0.2165346443653106,1.185158371925354,0.8607654273509979
497,ILSVRC2012_val_00042264_n03028079.JPEG,ILSVRC2012_val_00033568_n03028079.JPEG,0.0822875574231147,0.9580031633377076,3.0938305854797363,0.875715605914593
497,ILSVRC2012_val_00019711_n03028079.JPEG,ILSVRC2012_val_00019331_n03028079.JPEG,0.986145317554474,1.9390367269515991,3.67694354057312,0.9528914093971251
498,ILSVRC2012_val_00020549_n03032252.JPEG,ILSVRC2012_val_00025735_n03032252.JPEG,0.0282354857772588,0.2083230763673782,0.6638216376304626,0.18008759059011942
498,ILSVRC2012_val_00019878_n03032252.JPEG,ILSVRC2012_val_00001894_n03032252.JPEG,0.599643349647522,1.4000263214111328,2.4295828342437744,0.8003829717636108
498,ILSVRC2012_val_00046956_n03032252.JPEG,ILSVRC2012_val_00017001_n03032252.JPEG,1.0621223449707031,0.0939770936965942,2.5074992179870605,0.9681452512741089
498,ILSVRC2012_val_00031248_n03032252.JPEG,ILSVRC2012_val_00027487_n03032252.JPEG,1.824083685874939,0.5894299149513245,2.216181516647339,1.2346537709236145
498,ILSVRC2012_val_00012487_n03032252.JPEG,ILSVRC2012_val_00047771_n03032252.JPEG,2.4294023513793945,0.5383894443511963,6.448625564575195,1.8910129070281982
499,ILSVRC2012_val_00016901_n03041632.JPEG,ILSVRC2012_val_00011081_n03041632.JPEG,3.880079984664917,3.240544080734253,5.064078330993652,0.6395359039306641
499,ILSVRC2012_val_00038966_n03041632.JPEG,ILSVRC2012_val_00002212_n03041632.JPEG,0.0443614087998867,1.0747358798980713,4.670948505401611,1.0303744710981846
499,ILSVRC2012_val_00039665_n03041632.JPEG,ILSVRC2012_val_00003462_n03041632.JPEG,5.8582916259765625,3.5051658153533936,6.14164924621582,2.353125810623169
499,ILSVRC2012_val_00026505_n03041632.JPEG,ILSVRC2012_val_00000582_n03041632.JPEG,2.963545560836792,0.3091655373573303,4.618247032165527,2.6543800234794617
499,ILSVRC2012_val_00029248_n03041632.JPEG,ILSVRC2012_val_00040170_n03041632.JPEG,0.0351470112800598,2.96924090385437,3.7248923778533936,2.9340938925743103
500,ILSVRC2012_val_00015479_n03042490.JPEG,ILSVRC2012_val_00008742_n03042490.JPEG,0.063964195549488,0.0193621385842561,0.0816210061311721,0.044602056965231895
500,ILSVRC2012_val_00014207_n03042490.JPEG,ILSVRC2012_val_00044016_n03042490.JPEG,0.0479329191148281,0.1439044028520584,0.1506567597389221,0.0959714837372303
500,ILSVRC2012_val_00032153_n03042490.JPEG,ILSVRC2012_val_00002025_n03042490.JPEG,0.3119891583919525,0.0092557156458497,0.3119891583919525,0.3027334427461028
500,ILSVRC2012_val_00016501_n03042490.JPEG,ILSVRC2012_val_00028324_n03042490.JPEG,0.6370055079460144,0.0588356107473373,0.6370055079460144,0.5781698971986771
500,ILSVRC2012_val_00007105_n03042490.JPEG,ILSVRC2012_val_00017203_n03042490.JPEG,0.1730612963438034,1.002540111541748,1.5512423515319824,0.8294788151979446
501,ILSVRC2012_val_00000750_n03045698.JPEG,ILSVRC2012_val_00025751_n03045698.JPEG,6.858110427856445,7.038724899291992,8.705801010131836,0.18061447143554688
501,ILSVRC2012_val_00021996_n03045698.JPEG,ILSVRC2012_val_00025105_n03045698.JPEG,3.2442667484283447,1.871792554855347,4.165215969085693,1.3724741935729978
501,ILSVRC2012_val_00016939_n03045698.JPEG,ILSVRC2012_val_00026357_n03045698.JPEG,3.683091163635254,5.2592597007751465,5.722330093383789,1.5761685371398926
501,ILSVRC2012_val_00038472_n03045698.JPEG,ILSVRC2012_val_00046955_n03045698.JPEG,1.675577998161316,5.500341892242432,7.090709686279297,3.8247638940811157
501,ILSVRC2012_val_00023447_n03045698.JPEG,ILSVRC2012_val_00044669_n03045698.JPEG,0.3201780319213867,5.176464080810547,6.076916217803955,4.85628604888916
502,ILSVRC2012_val_00003249_n03047690.JPEG,ILSVRC2012_val_00009402_n03047690.JPEG,4.395280838012695,4.028406143188477,4.437716484069824,0.36687469482421875
502,ILSVRC2012_val_00030355_n03047690.JPEG,ILSVRC2012_val_00040643_n03047690.JPEG,1.891543745994568,2.459526300430298,2.668498992919922,0.5679825544357298
502,ILSVRC2012_val_00042925_n03047690.JPEG,ILSVRC2012_val_00002040_n03047690.JPEG,0.0438498221337795,0.7596777677536011,4.987153053283691,0.7158279456198215
502,ILSVRC2012_val_00038410_n03047690.JPEG,ILSVRC2012_val_00016956_n03047690.JPEG,0.8739369511604309,1.729480266571045,2.451704978942871,0.855543315410614
502,ILSVRC2012_val_00001500_n03047690.JPEG,ILSVRC2012_val_00030064_n03047690.JPEG,2.914365291595459,0.1706705242395401,2.914365291595459,2.743694767355919
503,ILSVRC2012_val_00020527_n03062245.JPEG,ILSVRC2012_val_00043539_n03062245.JPEG,0.0178406275808811,0.0235668532550334,0.4840358793735504,0.005726225674152298
503,ILSVRC2012_val_00041455_n03062245.JPEG,ILSVRC2012_val_00037835_n03062245.JPEG,1.6836433410644531,1.7592538595199585,3.48146915435791,0.07561051845550537
503,ILSVRC2012_val_00031300_n03062245.JPEG,ILSVRC2012_val_00011794_n03062245.JPEG,1.8586370944976809,1.5764224529266355,1.9138864278793333,0.28221464157104537
503,ILSVRC2012_val_00003439_n03062245.JPEG,ILSVRC2012_val_00019181_n03062245.JPEG,2.031388282775879,0.2707808315753937,3.5458035469055176,1.7606074512004852
503,ILSVRC2012_val_00013685_n03062245.JPEG,ILSVRC2012_val_00040099_n03062245.JPEG,3.153843641281128,0.4108465015888214,3.904151201248169,2.7429971396923065
504,ILSVRC2012_val_00019645_n03063599.JPEG,ILSVRC2012_val_00038548_n03063599.JPEG,3.2062253952026367,3.638887882232666,5.393882751464844,0.4326624870300293
504,ILSVRC2012_val_00031746_n03063599.JPEG,ILSVRC2012_val_00016576_n03063599.JPEG,1.2541054487228394,0.4997706711292267,3.853078603744507,0.7543347775936127
504,ILSVRC2012_val_00003131_n03063599.JPEG,ILSVRC2012_val_00040997_n03063599.JPEG,0.466022253036499,2.251094102859497,3.728132724761963,1.785071849822998
504,ILSVRC2012_val_00026762_n03063599.JPEG,ILSVRC2012_val_00020276_n03063599.JPEG,4.359472274780273,2.2125682830810547,4.359472274780273,2.1469039916992188
504,ILSVRC2012_val_00043211_n03063599.JPEG,ILSVRC2012_val_00017456_n03063599.JPEG,5.954164028167725,9.010040283203123,10.67459201812744,3.0558762550353986
505,ILSVRC2012_val_00031835_n03063689.JPEG,ILSVRC2012_val_00007862_n03063689.JPEG,0.1980929374694824,1.5272914171218872,1.5272914171218872,1.3291984796524048
505,ILSVRC2012_val_00032771_n03063689.JPEG,ILSVRC2012_val_00033795_n03063689.JPEG,0.619097113609314,2.2474923133850098,3.3847403526306152,1.6283951997756958
505,ILSVRC2012_val_00034618_n03063689.JPEG,ILSVRC2012_val_00012589_n03063689.JPEG,0.0517061501741409,1.697934627532959,2.9232139587402344,1.646228477358818
505,ILSVRC2012_val_00028811_n03063689.JPEG,ILSVRC2012_val_00047327_n03063689.JPEG,0.0886661037802696,1.778743863105774,2.1962733268737797,1.6900777593255043
505,ILSVRC2012_val_00044838_n03063689.JPEG,ILSVRC2012_val_00025249_n03063689.JPEG,0.3442210257053375,2.8068246841430664,2.819400787353516,2.462603658437729
506,ILSVRC2012_val_00006986_n03065424.JPEG,ILSVRC2012_val_00040737_n03065424.JPEG,0.5527926087379456,0.5761074423789978,1.3733196258544922,0.023314833641052246
506,ILSVRC2012_val_00002778_n03065424.JPEG,ILSVRC2012_val_00046331_n03065424.JPEG,0.0296941772103309,0.0647935718297958,0.1570537388324737,0.035099394619464895
506,ILSVRC2012_val_00005299_n03065424.JPEG,ILSVRC2012_val_00029883_n03065424.JPEG,0.0600359737873077,0.5169930458068848,0.7526718974113464,0.4569570720195771
506,ILSVRC2012_val_00010428_n03065424.JPEG,ILSVRC2012_val_00048095_n03065424.JPEG,3.647727489471436,0.0601761825382709,3.692381858825684,3.587551306933165
506,ILSVRC2012_val_00025512_n03065424.JPEG,ILSVRC2012_val_00013021_n03065424.JPEG,0.0470333620905876,4.182106971740723,4.585976123809815,4.135073609650135
507,ILSVRC2012_val_00021941_n03075370.JPEG,ILSVRC2012_val_00032736_n03075370.JPEG,0.0444275476038455,0.0006145734223537,0.0546993687748909,0.0438129741814918
507,ILSVRC2012_val_00013017_n03075370.JPEG,ILSVRC2012_val_00006109_n03075370.JPEG,2.7417760065873157e-05,0.5340547561645508,0.5576472282409668,0.5340273384044849
507,ILSVRC2012_val_00030077_n03075370.JPEG,ILSVRC2012_val_00015423_n03075370.JPEG,0.6767899990081787,0.0458533763885498,0.6767899990081787,0.6309366226196289
507,ILSVRC2012_val_00019322_n03075370.JPEG,ILSVRC2012_val_00007745_n03075370.JPEG,0.0041298111900687,1.0830936431884766,2.184820890426636,1.0789638319984078
507,ILSVRC2012_val_00046514_n03075370.JPEG,ILSVRC2012_val_00016843_n03075370.JPEG,1.272862195968628,0.0091733885928988,2.3784339427948,1.263688807375729
508,ILSVRC2012_val_00012808_n03085013.JPEG,ILSVRC2012_val_00020235_n03085013.JPEG,0.5011882781982422,0.2926640212535858,1.2966097593307495,0.20852425694465637
508,ILSVRC2012_val_00009502_n03085013.JPEG,ILSVRC2012_val_00008331_n03085013.JPEG,0.0688420683145523,0.2886039018630981,0.4202808439731598,0.21976183354854578
508,ILSVRC2012_val_00012432_n03085013.JPEG,ILSVRC2012_val_00018846_n03085013.JPEG,0.2060058265924453,0.531063437461853,0.9746266603469848,0.32505761086940776
508,ILSVRC2012_val_00027181_n03085013.JPEG,ILSVRC2012_val_00046306_n03085013.JPEG,0.1461619138717651,1.0259116888046265,1.1151487827301023,0.8797497749328613
508,ILSVRC2012_val_00032961_n03085013.JPEG,ILSVRC2012_val_00035703_n03085013.JPEG,3.123919725418091,0.23964624106884,5.840394973754883,2.884273484349251
509,ILSVRC2012_val_00038623_n03089624.JPEG,ILSVRC2012_val_00001242_n03089624.JPEG,0.0738969072699546,0.0788736641407013,0.2890473902225494,0.004976756870746696
509,ILSVRC2012_val_00049482_n03089624.JPEG,ILSVRC2012_val_00007274_n03089624.JPEG,0.1180505603551864,0.0347599945962429,0.1180505603551864,0.0832905657589435
509,ILSVRC2012_val_00036006_n03089624.JPEG,ILSVRC2012_val_00015495_n03089624.JPEG,1.8299050331115725,1.4137985706329346,1.8626775741577148,0.4161064624786379
509,ILSVRC2012_val_00041701_n03089624.JPEG,ILSVRC2012_val_00024403_n03089624.JPEG,0.4653754532337188,1.2606312036514282,1.2628204822540283,0.7952557504177094
509,ILSVRC2012_val_00008096_n03089624.JPEG,ILSVRC2012_val_00008916_n03089624.JPEG,1.7310256958007812,0.0719727724790573,1.7310256958007812,1.659052923321724
510,ILSVRC2012_val_00035961_n03095699.JPEG,ILSVRC2012_val_00023417_n03095699.JPEG,0.0047654625959694,0.0090035172179341,0.12887504696846,0.0042380546219647
510,ILSVRC2012_val_00022271_n03095699.JPEG,ILSVRC2012_val_00032178_n03095699.JPEG,0.0035168009344488,0.0400186032056808,0.0453358329832553,0.036501802271231995
510,ILSVRC2012_val_00014953_n03095699.JPEG,ILSVRC2012_val_00025201_n03095699.JPEG,0.0131987454369664,0.0606887973845005,0.0914808139204979,0.0474900519475341
510,ILSVRC2012_val_00038850_n03095699.JPEG,ILSVRC2012_val_00033533_n03095699.JPEG,0.0297383815050125,0.190261423587799,0.2662401795387268,0.1605230420827865
510,ILSVRC2012_val_00005912_n03095699.JPEG,ILSVRC2012_val_00003055_n03095699.JPEG,0.0171949565410614,0.2399912029504776,0.5160239338874817,0.2227962464094162
511,ILSVRC2012_val_00046196_n03100240.JPEG,ILSVRC2012_val_00022835_n03100240.JPEG,1.365648865699768,1.3680362701416016,4.141852855682373,0.002387404441833496
511,ILSVRC2012_val_00022770_n03100240.JPEG,ILSVRC2012_val_00024103_n03100240.JPEG,0.4657719433307647,0.4522092342376709,3.3150057792663574,0.013562709093093817
511,ILSVRC2012_val_00022491_n03100240.JPEG,ILSVRC2012_val_00031558_n03100240.JPEG,0.2577692568302154,0.2824307978153229,1.0250787734985352,0.024661540985107477
511,ILSVRC2012_val_00019496_n03100240.JPEG,ILSVRC2012_val_00016337_n03100240.JPEG,0.1181103065609932,0.2500372529029846,0.8893865346908569,0.13192694634199142
511,ILSVRC2012_val_00008981_n03100240.JPEG,ILSVRC2012_val_00036091_n03100240.JPEG,1.5216126441955566,0.6724398732185364,1.84707510471344,0.8491727709770203
512,ILSVRC2012_val_00046473_n03109150.JPEG,ILSVRC2012_val_00021029_n03109150.JPEG,0.0282017607241868,0.053065687417984,4.109475135803223,0.0248639266937972
512,ILSVRC2012_val_00038771_n03109150.JPEG,ILSVRC2012_val_00013214_n03109150.JPEG,0.0938484966754913,0.0659544467926025,2.912641763687134,0.027894049882888808
512,ILSVRC2012_val_00040674_n03109150.JPEG,ILSVRC2012_val_00003262_n03109150.JPEG,0.359174907207489,0.0460925810039043,3.360060691833496,0.3130823262035847
512,ILSVRC2012_val_00032588_n03109150.JPEG,ILSVRC2012_val_00038897_n03109150.JPEG,0.7055422067642212,0.1124409288167953,1.8278303146362305,0.5931012779474258
512,ILSVRC2012_val_00018467_n03109150.JPEG,ILSVRC2012_val_00009323_n03109150.JPEG,3.088552951812744,0.5747217535972595,5.8062591552734375,2.5138311982154846
513,ILSVRC2012_val_00028681_n03110669.JPEG,ILSVRC2012_val_00002171_n03110669.JPEG,0.4394457340240478,0.4815528392791748,1.6891841888427734,0.04210710525512701
513,ILSVRC2012_val_00020782_n03110669.JPEG,ILSVRC2012_val_00016723_n03110669.JPEG,0.0677496045827865,0.2801010608673095,0.4318991899490356,0.212351456284523
513,ILSVRC2012_val_00004054_n03110669.JPEG,ILSVRC2012_val_00038881_n03110669.JPEG,0.6622610092163086,0.9479975700378418,6.9215593338012695,0.2857365608215332
513,ILSVRC2012_val_00008298_n03110669.JPEG,ILSVRC2012_val_00013454_n03110669.JPEG,2.173525094985962,3.070617198944092,4.239315032958984,0.8970921039581299
513,ILSVRC2012_val_00032199_n03110669.JPEG,ILSVRC2012_val_00025733_n03110669.JPEG,1.2957475185394287,2.3618927001953125,3.2971560955047607,1.0661451816558838
514,ILSVRC2012_val_00039446_n03124043.JPEG,ILSVRC2012_val_00041015_n03124043.JPEG,0.0185645204037427,0.0013450870756059,1.627503514289856,0.0172194333281368
514,ILSVRC2012_val_00004432_n03124043.JPEG,ILSVRC2012_val_00042116_n03124043.JPEG,0.0330067686736583,0.1076608598232269,0.6338205933570862,0.0746540911495686
514,ILSVRC2012_val_00048554_n03124043.JPEG,ILSVRC2012_val_00007970_n03124043.JPEG,0.0721649974584579,0.9878885746002196,0.9878885746002196,0.9157235771417617
514,ILSVRC2012_val_00024923_n03124043.JPEG,ILSVRC2012_val_00037597_n03124043.JPEG,0.0009778724052011,1.2116860151290894,1.2116860151290894,1.2107081427238882
514,ILSVRC2012_val_00032271_n03124043.JPEG,ILSVRC2012_val_00009429_n03124043.JPEG,2.456224203109741,0.0176541842520236,4.052618026733398,2.4385700188577175
515,ILSVRC2012_val_00010957_n03124170.JPEG,ILSVRC2012_val_00032152_n03124170.JPEG,0.0407819002866745,0.4062947034835815,4.224487781524658,0.365512803196907
515,ILSVRC2012_val_00002639_n03124170.JPEG,ILSVRC2012_val_00006384_n03124170.JPEG,1.287281513214111,0.1392784416675567,1.5334975719451904,1.1480030715465543
515,ILSVRC2012_val_00049869_n03124170.JPEG,ILSVRC2012_val_00013839_n03124170.JPEG,0.0785844326019287,1.3342379331588743,5.35184383392334,1.2556535005569456
515,ILSVRC2012_val_00035920_n03124170.JPEG,ILSVRC2012_val_00008522_n03124170.JPEG,4.683614730834961,3.10020112991333,5.0147705078125,1.5834136009216309
515,ILSVRC2012_val_00005265_n03124170.JPEG,ILSVRC2012_val_00018482_n03124170.JPEG,2.273517370223999,0.2970420718193054,4.083237171173096,1.9764752984046936
516,ILSVRC2012_val_00015206_n03125729.JPEG,ILSVRC2012_val_00001184_n03125729.JPEG,0.981886863708496,0.788303017616272,0.997793674468994,0.193583846092224
516,ILSVRC2012_val_00003645_n03125729.JPEG,ILSVRC2012_val_00009879_n03125729.JPEG,1.8478045463562007,2.144500255584717,4.117793560028076,0.29669570922851607
516,ILSVRC2012_val_00010259_n03125729.JPEG,ILSVRC2012_val_00013639_n03125729.JPEG,0.0701716318726539,1.2290282249450684,1.326735019683838,1.1588565930724144
516,ILSVRC2012_val_00038317_n03125729.JPEG,ILSVRC2012_val_00032315_n03125729.JPEG,2.039811611175537,0.8069927096366882,3.651219129562378,1.2328189015388489
516,ILSVRC2012_val_00014324_n03125729.JPEG,ILSVRC2012_val_00038941_n03125729.JPEG,0.7534881234169006,2.166327714920044,2.171208381652832,1.4128395915031433
517,ILSVRC2012_val_00000020_n03126707.JPEG,ILSVRC2012_val_00041509_n03126707.JPEG,0.0738549456000328,0.0976738184690475,0.2484335899353027,0.0238188728690147
517,ILSVRC2012_val_00046401_n03126707.JPEG,ILSVRC2012_val_00048681_n03126707.JPEG,0.1351542025804519,0.4835031628608703,1.424280881881714,0.3483489602804184
517,ILSVRC2012_val_00004266_n03126707.JPEG,ILSVRC2012_val_00037953_n03126707.JPEG,0.6616472601890564,0.0625916272401809,2.480426549911499,0.5990556329488755
517,ILSVRC2012_val_00015188_n03126707.JPEG,ILSVRC2012_val_00044019_n03126707.JPEG,0.0230710748583078,2.199953317642212,2.199953317642212,2.176882242783904
517,ILSVRC2012_val_00016372_n03126707.JPEG,ILSVRC2012_val_00006428_n03126707.JPEG,0.7017921805381775,3.2691988945007324,3.4318289756774902,2.567406713962555
518,ILSVRC2012_val_00007849_n03127747.JPEG,ILSVRC2012_val_00004202_n03127747.JPEG,0.0126062212511897,0.0131454495713114,0.0201494246721267,0.0005392283201216992
518,ILSVRC2012_val_00049691_n03127747.JPEG,ILSVRC2012_val_00006425_n03127747.JPEG,0.0207301415503025,0.0340581052005291,0.1902561038732528,0.0133279636502266
518,ILSVRC2012_val_00021484_n03127747.JPEG,ILSVRC2012_val_00021592_n03127747.JPEG,0.4347688555717468,0.0999413654208183,0.4347688555717468,0.3348274901509285
518,ILSVRC2012_val_00041350_n03127747.JPEG,ILSVRC2012_val_00016938_n03127747.JPEG,0.0394548252224922,0.5569564700126648,1.1953452825546265,0.5175016447901726
518,ILSVRC2012_val_00034685_n03127747.JPEG,ILSVRC2012_val_00031743_n03127747.JPEG,0.0249949283897876,0.5526497960090637,0.5585454106330872,0.5276548676192762
519,ILSVRC2012_val_00047344_n03127925.JPEG,ILSVRC2012_val_00026364_n03127925.JPEG,0.0018839959520846,0.0756653845310211,0.620794415473938,0.0737813885789365
519,ILSVRC2012_val_00027175_n03127925.JPEG,ILSVRC2012_val_00003971_n03127925.JPEG,0.1479473412036895,0.9997085332870485,0.9997085332870485,0.851761192083359
519,ILSVRC2012_val_00020004_n03127925.JPEG,ILSVRC2012_val_00015057_n03127925.JPEG,2.9689948558807373,2.111459970474243,4.1396002769470215,0.8575348854064941
519,ILSVRC2012_val_00007784_n03127925.JPEG,ILSVRC2012_val_00008681_n03127925.JPEG,1.0801087617874146,5.168557643890381,5.3422040939331055,4.088448882102966
519,ILSVRC2012_val_00005893_n03127925.JPEG,ILSVRC2012_val_00030004_n03127925.JPEG,0.0392994210124015,4.51466178894043,4.555934906005859,4.475362367928028
520,ILSVRC2012_val_00020374_n03131574.JPEG,ILSVRC2012_val_00016481_n03131574.JPEG,0.0542097613215446,0.0179662685841321,1.0096583366394043,0.036243492737412494
520,ILSVRC2012_val_00036262_n03131574.JPEG,ILSVRC2012_val_00044316_n03131574.JPEG,0.3827347457408905,0.0140149937942624,0.3827347457408905,0.3687197519466281
520,ILSVRC2012_val_00025653_n03131574.JPEG,ILSVRC2012_val_00014289_n03131574.JPEG,0.0823580399155616,0.7840068340301514,0.912545919418335,0.7016487941145898
520,ILSVRC2012_val_00003173_n03131574.JPEG,ILSVRC2012_val_00010489_n03131574.JPEG,0.1938882768154144,1.0561535358428955,1.3952784538269043,0.8622652590274811
520,ILSVRC2012_val_00033955_n03131574.JPEG,ILSVRC2012_val_00031029_n03131574.JPEG,0.0791267976164817,1.0634205341339111,4.970831871032715,0.9842937365174295
521,ILSVRC2012_val_00033981_n03133878.JPEG,ILSVRC2012_val_00042723_n03133878.JPEG,0.0946850255131721,0.0172881074249744,0.7627090811729431,0.0773969180881977
521,ILSVRC2012_val_00032137_n03133878.JPEG,ILSVRC2012_val_00021589_n03133878.JPEG,0.7470399141311646,0.3141826391220093,0.9808862209320068,0.4328572750091553
521,ILSVRC2012_val_00022797_n03133878.JPEG,ILSVRC2012_val_00000718_n03133878.JPEG,0.2673645615577698,1.5034654140472412,3.607410430908203,1.2361008524894714
521,ILSVRC2012_val_00006932_n03133878.JPEG,ILSVRC2012_val_00023418_n03133878.JPEG,2.082692146301269,0.2529161274433136,7.272138118743896,1.8297760188579555
521,ILSVRC2012_val_00032279_n03133878.JPEG,ILSVRC2012_val_00035599_n03133878.JPEG,2.8435890674591064,0.3432761430740356,4.41777229309082,2.500312924385071
522,ILSVRC2012_val_00025931_n03134739.JPEG,ILSVRC2012_val_00007328_n03134739.JPEG,0.001170665025711,0.0126262325793504,0.0346652343869209,0.0114555675536394
522,ILSVRC2012_val_00006507_n03134739.JPEG,ILSVRC2012_val_00041559_n03134739.JPEG,0.0693919658660888,0.1349070519208908,1.3160146474838257,0.06551508605480201
522,ILSVRC2012_val_00017436_n03134739.JPEG,ILSVRC2012_val_00029639_n03134739.JPEG,0.3269753158092499,0.6041873097419739,8.79897403717041,0.277211993932724
522,ILSVRC2012_val_00022258_n03134739.JPEG,ILSVRC2012_val_00044616_n03134739.JPEG,0.43758025765419,0.0472673960030078,1.186821460723877,0.39031286165118223
522,ILSVRC2012_val_00031771_n03134739.JPEG,ILSVRC2012_val_00006897_n03134739.JPEG,0.2542552947998047,0.6878980398178101,3.082648754119873,0.43364274501800537
523,ILSVRC2012_val_00013219_n03141823.JPEG,ILSVRC2012_val_00031076_n03141823.JPEG,0.2094722092151641,0.0023817049805074,0.6622188091278076,0.2070905042346567
523,ILSVRC2012_val_00040690_n03141823.JPEG,ILSVRC2012_val_00037313_n03141823.JPEG,4.774929523468018,6.326259136199951,7.431667804718018,1.5513296127319336
523,ILSVRC2012_val_00008874_n03141823.JPEG,ILSVRC2012_val_00044449_n03141823.JPEG,2.880537748336792,0.8695105314254761,4.362357139587402,2.011027216911316
523,ILSVRC2012_val_00037016_n03141823.JPEG,ILSVRC2012_val_00026432_n03141823.JPEG,1.3525699377059937,3.483922481536865,3.483922481536865,2.131352543830871
523,ILSVRC2012_val_00004150_n03141823.JPEG,ILSVRC2012_val_00029808_n03141823.JPEG,2.897532224655152,0.44198939204216,4.773852348327637,2.4555428326129918
524,ILSVRC2012_val_00003165_n03146219.JPEG,ILSVRC2012_val_00012034_n03146219.JPEG,0.7679171562194824,0.413797527551651,0.7761610746383667,0.3541196286678314
524,ILSVRC2012_val_00003217_n03146219.JPEG,ILSVRC2012_val_00021827_n03146219.JPEG,0.5704472661018372,1.9521130323410036,1.98158860206604,1.3816657662391665
524,ILSVRC2012_val_00048085_n03146219.JPEG,ILSVRC2012_val_00043630_n03146219.JPEG,1.024286150932312,3.223844289779663,5.710701942443848,2.199558138847351
524,ILSVRC2012_val_00045290_n03146219.JPEG,ILSVRC2012_val_00026209_n03146219.JPEG,0.2101355046033859,3.070754051208496,3.483091115951538,2.86061854660511
524,ILSVRC2012_val_00014672_n03146219.JPEG,ILSVRC2012_val_00014897_n03146219.JPEG,0.3666296601295471,3.587297201156616,3.5985472202301025,3.220667541027069
525,ILSVRC2012_val_00015611_n03160309.JPEG,ILSVRC2012_val_00002427_n03160309.JPEG,0.2233176827430725,0.0029003242962062,0.2286604791879654,0.2204173584468663
525,ILSVRC2012_val_00004828_n03160309.JPEG,ILSVRC2012_val_00018927_n03160309.JPEG,0.0295862033963203,0.5250852704048157,0.7488125562667847,0.4954990670084954
525,ILSVRC2012_val_00006053_n03160309.JPEG,ILSVRC2012_val_00004892_n03160309.JPEG,0.0954852104187011,1.3064897060394287,1.3064897060394287,1.2110044956207275
525,ILSVRC2012_val_00043498_n03160309.JPEG,ILSVRC2012_val_00015060_n03160309.JPEG,2.1438586711883545,3.905092239379883,4.253462791442871,1.7612335681915283
525,ILSVRC2012_val_00012427_n03160309.JPEG,ILSVRC2012_val_00020885_n03160309.JPEG,0.0529132857918739,2.912872552871704,3.147271156311035,2.85995926707983
526,ILSVRC2012_val_00026204_n03179701.JPEG,ILSVRC2012_val_00004410_n03179701.JPEG,1.7837626934051514,1.316207766532898,3.442790508270264,0.4675549268722534
526,ILSVRC2012_val_00036651_n03179701.JPEG,ILSVRC2012_val_00044861_n03179701.JPEG,0.8641137480735779,0.2787961959838867,0.9661139249801636,0.5853175520896912
526,ILSVRC2012_val_00016189_n03179701.JPEG,ILSVRC2012_val_00040102_n03179701.JPEG,0.8947601318359375,1.4936795234680176,1.4936795234680176,0.5989193916320801
526,ILSVRC2012_val_00028157_n03179701.JPEG,ILSVRC2012_val_00024879_n03179701.JPEG,2.458240032196045,3.555521011352539,3.555521011352539,1.0972809791564941
526,ILSVRC2012_val_00021078_n03179701.JPEG,ILSVRC2012_val_00049150_n03179701.JPEG,0.416947990655899,1.5961692333221436,1.5997109413146973,1.1792212426662445
527,ILSVRC2012_val_00049752_n03180011.JPEG,ILSVRC2012_val_00019090_n03180011.JPEG,0.856174886226654,0.4423454105854034,1.1664202213287354,0.41382947564125067
527,ILSVRC2012_val_00019908_n03180011.JPEG,ILSVRC2012_val_00014012_n03180011.JPEG,1.90146803855896,1.1521981954574585,1.90146803855896,0.7492698431015015
527,ILSVRC2012_val_00034411_n03180011.JPEG,ILSVRC2012_val_00037573_n03180011.JPEG,1.6802964210510254,2.4737658500671387,3.217236280441284,0.7934694290161133
527,ILSVRC2012_val_00004712_n03180011.JPEG,ILSVRC2012_val_00021772_n03180011.JPEG,0.4741859138011932,1.4396470785140991,1.5500608682632446,0.9654611647129059
527,ILSVRC2012_val_00017864_n03180011.JPEG,ILSVRC2012_val_00021984_n03180011.JPEG,0.3374153077602386,1.3068351745605469,1.8920764923095703,0.9694198668003082
528,ILSVRC2012_val_00029045_n03187595.JPEG,ILSVRC2012_val_00031617_n03187595.JPEG,0.0024861162528395,0.0215041004121303,0.0904868692159652,0.0190179841592908
528,ILSVRC2012_val_00007403_n03187595.JPEG,ILSVRC2012_val_00022385_n03187595.JPEG,0.0477331392467021,0.0276499520987272,2.592478036880493,0.0200831871479749
528,ILSVRC2012_val_00023876_n03187595.JPEG,ILSVRC2012_val_00034672_n03187595.JPEG,0.0240263082087039,0.1116745695471763,1.1424938440322876,0.08764826133847241
528,ILSVRC2012_val_00005223_n03187595.JPEG,ILSVRC2012_val_00025136_n03187595.JPEG,0.8022918105125427,0.0557867847383022,3.451189994812012,0.7465050257742405
528,ILSVRC2012_val_00029370_n03187595.JPEG,ILSVRC2012_val_00046351_n03187595.JPEG,0.6760069727897644,2.676448106765747,3.199000120162964,2.0004411339759827
529,ILSVRC2012_val_00023348_n03188531.JPEG,ILSVRC2012_val_00039269_n03188531.JPEG,3.1507411003112797,4.928285598754883,4.928285598754883,1.777544498443603
529,ILSVRC2012_val_00024495_n03188531.JPEG,ILSVRC2012_val_00026240_n03188531.JPEG,2.889317989349365,0.3704343438148498,3.0356247425079346,2.518883645534515
529,ILSVRC2012_val_00012700_n03188531.JPEG,ILSVRC2012_val_00038709_n03188531.JPEG,0.8099098801612854,3.4931187629699707,3.4931187629699707,2.6832088828086853
529,ILSVRC2012_val_00014142_n03188531.JPEG,ILSVRC2012_val_00004916_n03188531.JPEG,3.702738523483277,0.39085453748703,3.978346109390259,3.311883985996247
529,ILSVRC2012_val_00046665_n03188531.JPEG,ILSVRC2012_val_00030302_n03188531.JPEG,0.1034563109278678,4.191547870635986,4.393082618713379,4.088091559708118
530,ILSVRC2012_val_00029958_n03196217.JPEG,ILSVRC2012_val_00023369_n03196217.JPEG,0.0968634858727455,0.1278410255908966,0.2033037841320037,0.030977539718151106
530,ILSVRC2012_val_00028481_n03196217.JPEG,ILSVRC2012_val_00048682_n03196217.JPEG,0.037170123308897,0.0729145780205726,1.1630876064300537,0.03574445471167561
530,ILSVRC2012_val_00033502_n03196217.JPEG,ILSVRC2012_val_00041652_n03196217.JPEG,0.2347780466079712,0.1286341995000839,4.134036064147949,0.1061438471078873
530,ILSVRC2012_val_00003721_n03196217.JPEG,ILSVRC2012_val_00025849_n03196217.JPEG,0.0230833068490028,0.2378003001213073,0.2378003001213073,0.21471699327230448
530,ILSVRC2012_val_00047057_n03196217.JPEG,ILSVRC2012_val_00014987_n03196217.JPEG,0.0245024170726537,0.973762273788452,2.5034613609313965,0.9492598567157984
531,ILSVRC2012_val_00035747_n03197337.JPEG,ILSVRC2012_val_00044418_n03197337.JPEG,0.3648999333381653,0.2169562727212906,1.950258493423462,0.1479436606168747
531,ILSVRC2012_val_00039361_n03197337.JPEG,ILSVRC2012_val_00034569_n03197337.JPEG,1.044260859489441,0.2080772966146469,1.044864058494568,0.836183562874794
531,ILSVRC2012_val_00017597_n03197337.JPEG,ILSVRC2012_val_00003634_n03197337.JPEG,1.4750298261642456,0.5803259611129761,1.8653123378753664,0.8947038650512695
531,ILSVRC2012_val_00010958_n03197337.JPEG,ILSVRC2012_val_00027794_n03197337.JPEG,5.253010749816895,3.6742584705352783,6.156113147735596,1.578752279281617
531,ILSVRC2012_val_00013307_n03197337.JPEG,ILSVRC2012_val_00008596_n03197337.JPEG,0.4942478537559509,3.2343344688415527,5.149157524108887,2.740086615085602
532,ILSVRC2012_val_00044433_n03201208.JPEG,ILSVRC2012_val_00031136_n03201208.JPEG,0.0136414673179388,0.0471084229648113,0.3939317166805267,0.0334669556468725
532,ILSVRC2012_val_00042552_n03201208.JPEG,ILSVRC2012_val_00023795_n03201208.JPEG,0.0686096921563148,0.013917657546699,0.1256504356861114,0.054692034609615796
532,ILSVRC2012_val_00048762_n03201208.JPEG,ILSVRC2012_val_00027949_n03201208.JPEG,0.1101156324148178,0.3636191785335541,0.5665826797485352,0.25350354611873627
532,ILSVRC2012_val_00040827_n03201208.JPEG,ILSVRC2012_val_00009758_n03201208.JPEG,0.5968016982078552,0.3203168511390686,2.60544753074646,0.2764848470687866
532,ILSVRC2012_val_00030447_n03201208.JPEG,ILSVRC2012_val_00044451_n03201208.JPEG,0.0662712305784225,0.8484119772911072,2.32145619392395,0.7821407467126846
533,ILSVRC2012_val_00048245_n03207743.JPEG,ILSVRC2012_val_00012950_n03207743.JPEG,0.0115812141448259,0.0153929088264703,0.0492804609239101,0.0038116946816444
533,ILSVRC2012_val_00010066_n03207743.JPEG,ILSVRC2012_val_00011456_n03207743.JPEG,0.2012218981981277,0.1102169603109359,0.2012218981981277,0.09100493788719179
533,ILSVRC2012_val_00049319_n03207743.JPEG,ILSVRC2012_val_00005434_n03207743.JPEG,0.0351303219795227,0.5978936553001404,1.3280895948410034,0.5627633333206177
533,ILSVRC2012_val_00047345_n03207743.JPEG,ILSVRC2012_val_00009079_n03207743.JPEG,0.0665801092982292,0.7884701490402222,0.8883891105651855,0.721890039741993
533,ILSVRC2012_val_00049967_n03207743.JPEG,ILSVRC2012_val_00009860_n03207743.JPEG,1.6667158603668213,0.2595709264278412,1.7052826881408691,1.40714493393898
534,ILSVRC2012_val_00012585_n03207941.JPEG,ILSVRC2012_val_00015960_n03207941.JPEG,2.4084365367889404,1.3617258071899414,3.0189709663391118,1.046710729598999
534,ILSVRC2012_val_00021405_n03207941.JPEG,ILSVRC2012_val_00009855_n03207941.JPEG,0.0008673481643199,1.7022147178649902,3.2977120876312256,1.7013473697006702
534,ILSVRC2012_val_00026376_n03207941.JPEG,ILSVRC2012_val_00047383_n03207941.JPEG,4.381911277770996,2.0008881092071533,7.434967994689941,2.3810231685638428
534,ILSVRC2012_val_00042603_n03207941.JPEG,ILSVRC2012_val_00006788_n03207941.JPEG,3.2857017517089844,0.1226959303021431,3.320868492126465,3.1630058214068413
534,ILSVRC2012_val_00045536_n03207941.JPEG,ILSVRC2012_val_00039082_n03207941.JPEG,0.0567235611379146,3.453965425491333,4.639787673950195,3.3972418643534184
535,ILSVRC2012_val_00019515_n03208938.JPEG,ILSVRC2012_val_00039566_n03208938.JPEG,0.0499676652252674,0.0451223142445087,0.4031297862529754,0.004845350980758702
535,ILSVRC2012_val_00014377_n03208938.JPEG,ILSVRC2012_val_00024502_n03208938.JPEG,0.0024645926896482,0.0611243359744548,0.1952858418226242,0.0586597432848066
535,ILSVRC2012_val_00012760_n03208938.JPEG,ILSVRC2012_val_00014703_n03208938.JPEG,0.2261511087417602,0.1169937178492546,0.2261511087417602,0.1091573908925056
535,ILSVRC2012_val_00003128_n03208938.JPEG,ILSVRC2012_val_00023894_n03208938.JPEG,0.0326317325234413,0.1966535598039627,0.2027606219053268,0.1640218272805214
535,ILSVRC2012_val_00015384_n03208938.JPEG,ILSVRC2012_val_00003009_n03208938.JPEG,0.4513564705848694,0.2052231878042221,2.2874865531921387,0.24613328278064728
536,ILSVRC2012_val_00005968_n03216828.JPEG,ILSVRC2012_val_00014260_n03216828.JPEG,3.5228495597839355,3.713935852050781,6.27181339263916,0.19108629226684526
536,ILSVRC2012_val_00009068_n03216828.JPEG,ILSVRC2012_val_00045822_n03216828.JPEG,1.0154284238815308,1.356777906417847,2.311772346496582,0.34134948253631614
536,ILSVRC2012_val_00001729_n03216828.JPEG,ILSVRC2012_val_00039975_n03216828.JPEG,1.860989570617676,0.2591076493263244,2.3119513988494877,1.6018819212913515
536,ILSVRC2012_val_00043656_n03216828.JPEG,ILSVRC2012_val_00037556_n03216828.JPEG,0.3694806098937988,2.587822914123535,3.3211779594421387,2.2183423042297363
536,ILSVRC2012_val_00028756_n03216828.JPEG,ILSVRC2012_val_00030985_n03216828.JPEG,2.4145750999450684,0.1006839945912361,3.351165294647217,2.3138911053538322
537,ILSVRC2012_val_00026771_n03218198.JPEG,ILSVRC2012_val_00026498_n03218198.JPEG,0.0465638786554336,0.0374734215438365,0.0696275010704994,0.009090457111597096
537,ILSVRC2012_val_00022624_n03218198.JPEG,ILSVRC2012_val_00021227_n03218198.JPEG,0.0270101223140954,0.0607613809406757,0.1040497124195098,0.0337512586265803
537,ILSVRC2012_val_00029837_n03218198.JPEG,ILSVRC2012_val_00043332_n03218198.JPEG,0.0465696826577186,0.201964721083641,0.2076412439346313,0.1553950384259224
537,ILSVRC2012_val_00023581_n03218198.JPEG,ILSVRC2012_val_00010058_n03218198.JPEG,0.0078034317120909,0.2956494390964508,0.3164226710796356,0.2878460073843599
537,ILSVRC2012_val_00017861_n03218198.JPEG,ILSVRC2012_val_00011006_n03218198.JPEG,0.1224151998758316,0.5925820469856262,0.7341363430023193,0.4701668471097946
538,ILSVRC2012_val_00043673_n03220513.JPEG,ILSVRC2012_val_00025220_n03220513.JPEG,0.0674579143524169,0.0528647825121879,0.5285099148750305,0.014593131840228993
538,ILSVRC2012_val_00006359_n03220513.JPEG,ILSVRC2012_val_00019506_n03220513.JPEG,0.9821033477783204,0.8806875348091125,2.1093451976776123,0.10141581296920787
538,ILSVRC2012_val_00007952_n03220513.JPEG,ILSVRC2012_val_00002674_n03220513.JPEG,0.3118691742420196,0.4740609526634216,0.5850057601928711,0.16219177842140198
538,ILSVRC2012_val_00007941_n03220513.JPEG,ILSVRC2012_val_00032479_n03220513.JPEG,0.0105400560423731,0.2765617370605469,0.3981020152568817,0.26602168101817375
538,ILSVRC2012_val_00036606_n03220513.JPEG,ILSVRC2012_val_00004794_n03220513.JPEG,0.3399707674980163,0.050996009260416,0.9598236083984376,0.2889747582376003
539,ILSVRC2012_val_00020262_n03223299.JPEG,ILSVRC2012_val_00030383_n03223299.JPEG,2.0161468982696533,1.53053879737854,2.253119468688965,0.4856081008911133
539,ILSVRC2012_val_00001893_n03223299.JPEG,ILSVRC2012_val_00007119_n03223299.JPEG,3.3537282943725586,2.7989211082458496,4.243866920471191,0.554807186126709
539,ILSVRC2012_val_00038014_n03223299.JPEG,ILSVRC2012_val_00035550_n03223299.JPEG,1.5973771810531616,3.699392795562744,4.502028465270996,2.1020156145095825
539,ILSVRC2012_val_00048302_n03223299.JPEG,ILSVRC2012_val_00020689_n03223299.JPEG,2.6864118576049805,6.136362075805664,6.672658920288086,3.4499502182006836
539,ILSVRC2012_val_00004775_n03223299.JPEG,ILSVRC2012_val_00021082_n03223299.JPEG,0.945262372493744,4.989987850189209,5.550200462341309,4.044725477695465
540,ILSVRC2012_val_00048497_n03240683.JPEG,ILSVRC2012_val_00011582_n03240683.JPEG,0.1640632301568985,0.1459007710218429,0.5058237314224243,0.018162459135055598
540,ILSVRC2012_val_00040675_n03240683.JPEG,ILSVRC2012_val_00022135_n03240683.JPEG,0.0050629740580916,0.0380072146654129,0.0924970284104347,0.032944240607321304
540,ILSVRC2012_val_00020244_n03240683.JPEG,ILSVRC2012_val_00002886_n03240683.JPEG,0.1021177768707275,0.0109303081408143,0.1021177768707275,0.0911874687299132
540,ILSVRC2012_val_00031181_n03240683.JPEG,ILSVRC2012_val_00002008_n03240683.JPEG,0.0043180799111723,0.1503374129533767,0.1611369252204895,0.14601933304220438
540,ILSVRC2012_val_00039965_n03240683.JPEG,ILSVRC2012_val_00044840_n03240683.JPEG,0.9762763381004332,0.0101953195407986,0.9818521738052368,0.9660810185596347
541,ILSVRC2012_val_00013953_n03249569.JPEG,ILSVRC2012_val_00002043_n03249569.JPEG,1.7762361764907837,1.871169686317444,3.9805753231048575,0.09493350982666038
541,ILSVRC2012_val_00040561_n03249569.JPEG,ILSVRC2012_val_00016762_n03249569.JPEG,0.2118314057588577,0.4470321536064148,4.778114318847656,0.2352007478475571
541,ILSVRC2012_val_00029379_n03249569.JPEG,ILSVRC2012_val_00026291_n03249569.JPEG,1.3228709697723389,4.112331390380859,5.456109046936035,2.7894604206085205
541,ILSVRC2012_val_00020534_n03249569.JPEG,ILSVRC2012_val_00021702_n03249569.JPEG,5.339725494384766,0.2079852223396301,5.481377601623535,5.1317402720451355
541,ILSVRC2012_val_00010316_n03249569.JPEG,ILSVRC2012_val_00014756_n03249569.JPEG,0.1001902967691421,5.617036819458008,5.976925373077393,5.516846522688866
542,ILSVRC2012_val_00036579_n03250847.JPEG,ILSVRC2012_val_00018929_n03250847.JPEG,0.1989143937826156,0.5295886397361755,7.864785194396973,0.33067424595355993
542,ILSVRC2012_val_00012319_n03250847.JPEG,ILSVRC2012_val_00000542_n03250847.JPEG,0.7153133153915405,1.5453453063964844,3.700876474380493,0.8300319910049438
542,ILSVRC2012_val_00006941_n03250847.JPEG,ILSVRC2012_val_00029445_n03250847.JPEG,0.0032466342672705,0.9250266551971436,1.0719270706176758,0.9217800209298731
542,ILSVRC2012_val_00004388_n03250847.JPEG,ILSVRC2012_val_00044401_n03250847.JPEG,3.598268985748291,1.7546041011810305,6.755441665649414,1.8436648845672605
542,ILSVRC2012_val_00012552_n03250847.JPEG,ILSVRC2012_val_00038053_n03250847.JPEG,0.0970515236258506,3.646860122680664,3.8135640621185294,3.5498085990548134
543,ILSVRC2012_val_00032911_n03255030.JPEG,ILSVRC2012_val_00005501_n03255030.JPEG,1.0907562971115112,1.3804781436920166,6.244049549102783,0.28972184658050537
543,ILSVRC2012_val_00006779_n03255030.JPEG,ILSVRC2012_val_00007620_n03255030.JPEG,0.3903495967388153,0.081832468509674,2.031736373901367,0.3085171282291413
543,ILSVRC2012_val_00037109_n03255030.JPEG,ILSVRC2012_val_00001275_n03255030.JPEG,0.453707754611969,0.0436995476484298,2.3715739250183105,0.4100082069635392
543,ILSVRC2012_val_00035130_n03255030.JPEG,ILSVRC2012_val_00028417_n03255030.JPEG,1.0594680309295654,0.4153794050216675,1.5855573415756226,0.644088625907898
543,ILSVRC2012_val_00041086_n03255030.JPEG,ILSVRC2012_val_00026198_n03255030.JPEG,0.2226719409227371,0.8846485614776611,1.0766264200210571,0.661976620554924
544,ILSVRC2012_val_00046315_n03259280.JPEG,ILSVRC2012_val_00004500_n03259280.JPEG,0.0697332397103309,0.4480601251125335,1.2379980087280271,0.3783268854022026
544,ILSVRC2012_val_00020608_n03259280.JPEG,ILSVRC2012_val_00026493_n03259280.JPEG,0.7305792570114136,0.059124432504177,2.197967529296875,0.6714548245072366
544,ILSVRC2012_val_00012450_n03259280.JPEG,ILSVRC2012_val_00011872_n03259280.JPEG,0.1869517862796783,0.958780825138092,1.8551506996154783,0.7718290388584137
544,ILSVRC2012_val_00014150_n03259280.JPEG,ILSVRC2012_val_00000182_n03259280.JPEG,0.0047649880871176,2.1726393699646,2.542707681655884,2.1678743818774824
544,ILSVRC2012_val_00025819_n03259280.JPEG,ILSVRC2012_val_00025349_n03259280.JPEG,0.4958301782608032,2.9384279251098637,5.582209587097168,2.4425977468490605
545,ILSVRC2012_val_00016188_n03271574.JPEG,ILSVRC2012_val_00049117_n03271574.JPEG,0.000964414793998,0.0008603208698332,0.0024881376884877,0.0001040939241648
545,ILSVRC2012_val_00016049_n03271574.JPEG,ILSVRC2012_val_00005440_n03271574.JPEG,0.0084781246259808,0.0035390146076679,0.0104236239567399,0.0049391100183129
545,ILSVRC2012_val_00014981_n03271574.JPEG,ILSVRC2012_val_00012567_n03271574.JPEG,0.2053292989730835,0.6367632150650024,0.7534584999084473,0.43143391609191895
545,ILSVRC2012_val_00032570_n03271574.JPEG,ILSVRC2012_val_00002761_n03271574.JPEG,1.202126145362854,0.306659460067749,1.202126145362854,0.895466685295105
545,ILSVRC2012_val_00037712_n03271574.JPEG,ILSVRC2012_val_00004346_n03271574.JPEG,1.5503424406051636,0.001049801823683,2.60512113571167,1.5492926387814805
546,ILSVRC2012_val_00000374_n03272010.JPEG,ILSVRC2012_val_00049873_n03272010.JPEG,0.0527488775551319,0.0561955012381076,0.1362813860177993,0.0034466236829756997
546,ILSVRC2012_val_00008326_n03272010.JPEG,ILSVRC2012_val_00009952_n03272010.JPEG,0.037344466894865,0.1823770254850387,0.8064122200012207,0.1450325585901737
546,ILSVRC2012_val_00027707_n03272010.JPEG,ILSVRC2012_val_00045682_n03272010.JPEG,2.814200162887573,3.052429676055908,3.408255100250244,0.2382295131683354
546,ILSVRC2012_val_00041609_n03272010.JPEG,ILSVRC2012_val_00009587_n03272010.JPEG,1.8282372951507568,2.2480547428131104,4.392794609069824,0.4198174476623535
546,ILSVRC2012_val_00029593_n03272010.JPEG,ILSVRC2012_val_00048443_n03272010.JPEG,0.1446677148342132,0.742777407169342,1.188376545906067,0.5981096923351288
547,ILSVRC2012_val_00019631_n03272562.JPEG,ILSVRC2012_val_00045872_n03272562.JPEG,0.1446502804756164,0.2620996236801147,0.2944445610046386,0.11744934320449829
547,ILSVRC2012_val_00043068_n03272562.JPEG,ILSVRC2012_val_00046707_n03272562.JPEG,0.1947163343429565,0.0426369421184062,0.2127960473299026,0.1520793922245503
547,ILSVRC2012_val_00030381_n03272562.JPEG,ILSVRC2012_val_00043551_n03272562.JPEG,0.0565995424985885,0.2510736882686615,0.406564325094223,0.194474145770073
547,ILSVRC2012_val_00007879_n03272562.JPEG,ILSVRC2012_val_00024364_n03272562.JPEG,0.44550621509552,0.0601291507482528,1.0321227312088013,0.3853770643472672
547,ILSVRC2012_val_00034871_n03272562.JPEG,ILSVRC2012_val_00039148_n03272562.JPEG,0.8630867600440979,0.0664213895797729,0.929024875164032,0.796665370464325
548,ILSVRC2012_val_00040354_n03290653.JPEG,ILSVRC2012_val_00010260_n03290653.JPEG,0.0705980658531189,0.0464878678321838,0.0705980658531189,0.024110198020935093
548,ILSVRC2012_val_00028921_n03290653.JPEG,ILSVRC2012_val_00018281_n03290653.JPEG,0.0977449566125869,0.0720587447285652,0.1684002429246902,0.025686211884021704
548,ILSVRC2012_val_00001691_n03290653.JPEG,ILSVRC2012_val_00040910_n03290653.JPEG,0.2181427776813507,0.027576895430684,0.3826878368854522,0.1905658822506667
548,ILSVRC2012_val_00026788_n03290653.JPEG,ILSVRC2012_val_00009515_n03290653.JPEG,0.0754551514983177,0.2944714426994324,1.441788673400879,0.21901629120111465
548,ILSVRC2012_val_00019035_n03290653.JPEG,ILSVRC2012_val_00039270_n03290653.JPEG,0.9920732378959656,0.0128496279940009,1.7354066371917725,0.9792236099019647
549,ILSVRC2012_val_00047163_n03291819.JPEG,ILSVRC2012_val_00033128_n03291819.JPEG,2.0398077964782715,1.579230546951294,2.725672721862793,0.46057724952697754
549,ILSVRC2012_val_00034999_n03291819.JPEG,ILSVRC2012_val_00009905_n03291819.JPEG,0.6671528220176697,1.500868797302246,3.837077617645264,0.8337159752845764
549,ILSVRC2012_val_00017382_n03291819.JPEG,ILSVRC2012_val_00035328_n03291819.JPEG,1.192235827445984,2.565673351287842,2.754223346710205,1.3734375238418577
549,ILSVRC2012_val_00040272_n03291819.JPEG,ILSVRC2012_val_00029928_n03291819.JPEG,1.6789560317993164,0.1041887179017067,2.364556312561035,1.5747673138976097
549,ILSVRC2012_val_00026226_n03291819.JPEG,ILSVRC2012_val_00018094_n03291819.JPEG,0.4593304991722107,2.1009109020233154,2.5055201053619385,1.6415804028511047
550,ILSVRC2012_val_00021388_n03297495.JPEG,ILSVRC2012_val_00037864_n03297495.JPEG,0.1547186076641082,0.0179679077118635,0.5090125203132629,0.1367506999522447
550,ILSVRC2012_val_00020583_n03297495.JPEG,ILSVRC2012_val_00001837_n03297495.JPEG,0.188590794801712,0.0107941087335348,0.2307765483856201,0.1777966860681772
550,ILSVRC2012_val_00012972_n03297495.JPEG,ILSVRC2012_val_00001545_n03297495.JPEG,2.0419249534606934,2.23606014251709,2.23606014251709,0.19413518905639648
550,ILSVRC2012_val_00021057_n03297495.JPEG,ILSVRC2012_val_00025401_n03297495.JPEG,0.92508727312088,0.3673627972602844,1.458439588546753,0.5577244758605956
550,ILSVRC2012_val_00018454_n03297495.JPEG,ILSVRC2012_val_00014754_n03297495.JPEG,3.221250534057617,0.0722313225269317,3.383521795272827,3.1490192115306854
551,ILSVRC2012_val_00032987_n03314780.JPEG,ILSVRC2012_val_00032200_n03314780.JPEG,1.2123925685882568,1.9461016654968264,2.0160083770751958,0.7337090969085696
551,ILSVRC2012_val_00034940_n03314780.JPEG,ILSVRC2012_val_00041932_n03314780.JPEG,1.5084092617034912,2.3741700649261475,3.626401424407959,0.8657608032226562
551,ILSVRC2012_val_00015809_n03314780.JPEG,ILSVRC2012_val_00044750_n03314780.JPEG,1.0432668924331665,0.0780896171927452,2.868085622787476,0.9651772752404213
551,ILSVRC2012_val_00007331_n03314780.JPEG,ILSVRC2012_val_00025243_n03314780.JPEG,0.6399635076522827,2.0635571479797363,2.6998910903930664,1.4235936403274536
551,ILSVRC2012_val_00015321_n03314780.JPEG,ILSVRC2012_val_00034630_n03314780.JPEG,3.35519814491272,1.7397679090499878,4.682161331176758,1.6154302358627324
552,ILSVRC2012_val_00030089_n03325584.JPEG,ILSVRC2012_val_00026641_n03325584.JPEG,0.1058015301823616,0.0039153834804892,1.9063400030136108,0.1018861467018724
552,ILSVRC2012_val_00007300_n03325584.JPEG,ILSVRC2012_val_00031270_n03325584.JPEG,0.2976267635822296,0.0012138864258304,2.212111234664917,0.2964128771563992
552,ILSVRC2012_val_00007855_n03325584.JPEG,ILSVRC2012_val_00027255_n03325584.JPEG,0.3856427669525146,0.0755502134561538,3.6670751571655273,0.3100925534963608
552,ILSVRC2012_val_00031276_n03325584.JPEG,ILSVRC2012_val_00007857_n03325584.JPEG,0.7221419215202332,0.3796767890453338,3.637568950653076,0.34246513247489935
552,ILSVRC2012_val_00017563_n03325584.JPEG,ILSVRC2012_val_00033608_n03325584.JPEG,0.0588157176971435,0.9866986274719238,3.581317663192749,0.9278829097747803
553,ILSVRC2012_val_00034539_n03337140.JPEG,ILSVRC2012_val_00045691_n03337140.JPEG,0.0677242055535316,0.0236998107284307,0.1582859754562378,0.044024394825100906
553,ILSVRC2012_val_00030471_n03337140.JPEG,ILSVRC2012_val_00010321_n03337140.JPEG,0.0658017694950103,0.2726999819278717,2.3939950466156006,0.20689821243286138
553,ILSVRC2012_val_00045633_n03337140.JPEG,ILSVRC2012_val_00032953_n03337140.JPEG,0.014024750329554,0.7252427339553833,1.813836693763733,0.7112179836258293
553,ILSVRC2012_val_00047586_n03337140.JPEG,ILSVRC2012_val_00048129_n03337140.JPEG,0.8299424052238464,0.0872503593564033,1.0590384006500244,0.7426920458674431
553,ILSVRC2012_val_00042663_n03337140.JPEG,ILSVRC2012_val_00016423_n03337140.JPEG,1.2344496250152588,0.4753960967063904,1.2344496250152588,0.7590535283088684
554,ILSVRC2012_val_00020283_n03344393.JPEG,ILSVRC2012_val_00016655_n03344393.JPEG,0.0110635412856936,0.0006749735912308,0.0125262886285781,0.010388567694462801
554,ILSVRC2012_val_00015277_n03344393.JPEG,ILSVRC2012_val_00009154_n03344393.JPEG,0.1215679869055748,0.0006442378507927,0.1244440451264381,0.12092374905478209
554,ILSVRC2012_val_00020486_n03344393.JPEG,ILSVRC2012_val_00048349_n03344393.JPEG,0.6643300652503967,0.0029778205789625,0.6643300652503967,0.6613522446714343
554,ILSVRC2012_val_00017176_n03344393.JPEG,ILSVRC2012_val_00011769_n03344393.JPEG,0.2167538851499557,1.1621285676956177,1.532786250114441,0.9453746825456619
554,ILSVRC2012_val_00046561_n03344393.JPEG,ILSVRC2012_val_00007731_n03344393.JPEG,0.1125785633921623,1.493219017982483,1.493219017982483,1.3806404545903206
555,ILSVRC2012_val_00039000_n03345487.JPEG,ILSVRC2012_val_00041256_n03345487.JPEG,0.1948754787445068,0.2048910707235336,1.3076238632202148,0.010015591979026794
555,ILSVRC2012_val_00025573_n03345487.JPEG,ILSVRC2012_val_00039248_n03345487.JPEG,0.2128133028745651,0.2381937205791473,2.7659037113189697,0.025380417704582214
555,ILSVRC2012_val_00010690_n03345487.JPEG,ILSVRC2012_val_00047102_n03345487.JPEG,0.0212271958589553,0.3510664403438568,2.9122579097747803,0.32983924448490154
555,ILSVRC2012_val_00043256_n03345487.JPEG,ILSVRC2012_val_00004238_n03345487.JPEG,1.9745566844940183,0.4462835788726806,3.8485941886901855,1.5282731056213377
555,ILSVRC2012_val_00034340_n03345487.JPEG,ILSVRC2012_val_00008012_n03345487.JPEG,3.908437728881836,1.7618181705474854,3.9257771968841553,2.1466195583343506
556,ILSVRC2012_val_00001167_n03347037.JPEG,ILSVRC2012_val_00020741_n03347037.JPEG,1.038066267967224,1.0886554718017578,1.4905776977539062,0.05058920383453391
556,ILSVRC2012_val_00014781_n03347037.JPEG,ILSVRC2012_val_00044219_n03347037.JPEG,0.1610255986452102,0.0588530339300632,0.1610255986452102,0.10217256471514702
556,ILSVRC2012_val_00001219_n03347037.JPEG,ILSVRC2012_val_00001413_n03347037.JPEG,0.0199922733008861,0.197416216135025,0.520506739616394,0.1774239428341389
556,ILSVRC2012_val_00026726_n03347037.JPEG,ILSVRC2012_val_00021173_n03347037.JPEG,2.505724668502808,2.13319993019104,2.7894506454467773,0.372524738311768
556,ILSVRC2012_val_00019549_n03347037.JPEG,ILSVRC2012_val_00028906_n03347037.JPEG,0.2838744521141052,1.4583991765975952,1.4583991765975952,1.17452472448349
557,ILSVRC2012_val_00010590_n03355925.JPEG,ILSVRC2012_val_00030190_n03355925.JPEG,0.6672972440719604,0.5666577219963074,0.837619423866272,0.10063952207565308
557,ILSVRC2012_val_00028362_n03355925.JPEG,ILSVRC2012_val_00041901_n03355925.JPEG,0.4501605033874511,0.2789733409881592,0.8438115119934082,0.17118716239929194
557,ILSVRC2012_val_00040220_n03355925.JPEG,ILSVRC2012_val_00008464_n03355925.JPEG,0.1909365952014923,0.5072231888771057,0.9456154108047484,0.3162865936756134
557,ILSVRC2012_val_00045014_n03355925.JPEG,ILSVRC2012_val_00039190_n03355925.JPEG,1.248694896697998,0.014639813452959,1.4017367362976074,1.234055083245039
557,ILSVRC2012_val_00027726_n03355925.JPEG,ILSVRC2012_val_00049608_n03355925.JPEG,2.039151668548584,0.0228722058236598,2.6634817123413086,2.016279462724924
558,ILSVRC2012_val_00028648_n03372029.JPEG,ILSVRC2012_val_00005811_n03372029.JPEG,4.015363693237305,2.837752103805542,8.256412506103516,1.1776115894317627
558,ILSVRC2012_val_00046205_n03372029.JPEG,ILSVRC2012_val_00031790_n03372029.JPEG,1.9086687564849851,5.241701602935791,5.308097362518311,3.3330328464508057
558,ILSVRC2012_val_00008240_n03372029.JPEG,ILSVRC2012_val_00003784_n03372029.JPEG,0.0042888806201517,3.3823399543762207,3.90838360786438,3.378051073756069
558,ILSVRC2012_val_00007291_n03372029.JPEG,ILSVRC2012_val_00047537_n03372029.JPEG,4.16044282913208,0.4329407513141632,4.16044282913208,3.727502077817917
558,ILSVRC2012_val_00048013_n03372029.JPEG,ILSVRC2012_val_00018133_n03372029.JPEG,6.348196983337402,2.5379152297973637,6.34940242767334,3.8102817535400386
559,ILSVRC2012_val_00007063_n03376595.JPEG,ILSVRC2012_val_00042389_n03376595.JPEG,0.5840497612953186,0.8966245651245117,1.2235283851623535,0.3125748038291931
559,ILSVRC2012_val_00044181_n03376595.JPEG,ILSVRC2012_val_00015559_n03376595.JPEG,0.0048961979337036,0.6678153872489929,0.9487468004226683,0.6629191893152894
559,ILSVRC2012_val_00015184_n03376595.JPEG,ILSVRC2012_val_00001855_n03376595.JPEG,3.327963352203369,4.043102264404297,10.10393524169922,0.7151389122009277
559,ILSVRC2012_val_00023734_n03376595.JPEG,ILSVRC2012_val_00002914_n03376595.JPEG,0.9372977018356324,0.0059206108562648,3.7411484718322754,0.9313770909793676
559,ILSVRC2012_val_00042545_n03376595.JPEG,ILSVRC2012_val_00013225_n03376595.JPEG,0.0001008459730655,3.486113309860229,5.133740425109863,3.4860124638871635
560,ILSVRC2012_val_00044073_n03379051.JPEG,ILSVRC2012_val_00014944_n03379051.JPEG,0.0029370526317507,0.0062437234446406,0.0065921936184167,0.0033066708128899
560,ILSVRC2012_val_00038442_n03379051.JPEG,ILSVRC2012_val_00034208_n03379051.JPEG,0.0272764973342418,0.0572574250400066,1.7079403400421145,0.0299809277057648
560,ILSVRC2012_val_00046816_n03379051.JPEG,ILSVRC2012_val_00038917_n03379051.JPEG,8.987976616481319e-05,0.0341073013842105,0.1026487126946449,0.03401742161804569
560,ILSVRC2012_val_00047355_n03379051.JPEG,ILSVRC2012_val_00014609_n03379051.JPEG,0.0539389438927173,0.0026496085338294,3.89216423034668,0.0512893353588879
560,ILSVRC2012_val_00013292_n03379051.JPEG,ILSVRC2012_val_00012164_n03379051.JPEG,0.0443795397877693,0.2021125704050064,0.4589058756828308,0.15773303061723712
561,ILSVRC2012_val_00045722_n03384352.JPEG,ILSVRC2012_val_00043628_n03384352.JPEG,0.0191418305039405,0.0891050025820732,1.2491114139556885,0.0699631720781327
561,ILSVRC2012_val_00036594_n03384352.JPEG,ILSVRC2012_val_00010186_n03384352.JPEG,0.0109633235260844,0.1060982197523117,0.6351139545440674,0.09513489622622731
561,ILSVRC2012_val_00011462_n03384352.JPEG,ILSVRC2012_val_00019579_n03384352.JPEG,0.0057475776411592,0.3030518889427185,2.6715002059936523,0.2973043113015593
561,ILSVRC2012_val_00003787_n03384352.JPEG,ILSVRC2012_val_00011999_n03384352.JPEG,0.8528430461883545,0.0106396088376641,2.6316065788269043,0.8422034373506904
561,ILSVRC2012_val_00002612_n03384352.JPEG,ILSVRC2012_val_00042081_n03384352.JPEG,2.925455331802368,1.6996197700500488,2.925455331802368,1.2258355617523193
562,ILSVRC2012_val_00028934_n03388043.JPEG,ILSVRC2012_val_00042063_n03388043.JPEG,0.1487996280193328,0.1343109458684921,0.2992265820503235,0.014488682150840704
562,ILSVRC2012_val_00014682_n03388043.JPEG,ILSVRC2012_val_00006101_n03388043.JPEG,0.1710684448480606,0.1391407996416092,1.589375615119934,0.031927645206451416
562,ILSVRC2012_val_00011075_n03388043.JPEG,ILSVRC2012_val_00027960_n03388043.JPEG,0.0886903181672096,0.0012005510507151,0.0888538360595703,0.08748976711649449
562,ILSVRC2012_val_00006134_n03388043.JPEG,ILSVRC2012_val_00039949_n03388043.JPEG,0.4774842262268066,0.3671652972698211,0.8833760023117065,0.11031892895698547
562,ILSVRC2012_val_00030194_n03388043.JPEG,ILSVRC2012_val_00031009_n03388043.JPEG,0.3286637365818023,0.0138261904940009,0.9702105522155762,0.3148375460878014
563,ILSVRC2012_val_00034978_n03388183.JPEG,ILSVRC2012_val_00033096_n03388183.JPEG,0.0353190563619136,0.0554840303957462,0.7100968360900879,0.020164974033832606
563,ILSVRC2012_val_00023743_n03388183.JPEG,ILSVRC2012_val_00047917_n03388183.JPEG,1.1087146997451782,0.0040687881410121,5.414495944976807,1.104645911604166
563,ILSVRC2012_val_00005686_n03388183.JPEG,ILSVRC2012_val_00020340_n03388183.JPEG,1.649451732635498,0.1211148127913475,4.697432994842529,1.5283369198441505
563,ILSVRC2012_val_00017298_n03388183.JPEG,ILSVRC2012_val_00040319_n03388183.JPEG,0.0763196870684623,1.6257681846618652,1.7614622116088867,1.5494484975934029
563,ILSVRC2012_val_00029637_n03388183.JPEG,ILSVRC2012_val_00008628_n03388183.JPEG,2.344203472137451,0.1735421568155288,2.6216602325439453,2.1706613153219223
564,ILSVRC2012_val_00045201_n03388549.JPEG,ILSVRC2012_val_00036483_n03388549.JPEG,0.0564287528395652,0.0103010423481464,0.2625546753406524,0.0461277104914188
564,ILSVRC2012_val_00037249_n03388549.JPEG,ILSVRC2012_val_00002945_n03388549.JPEG,0.1434725970029831,0.2014049589633941,0.7772756814956665,0.057932361960411016
564,ILSVRC2012_val_00011460_n03388549.JPEG,ILSVRC2012_val_00038144_n03388549.JPEG,0.0085589727386832,0.4519321322441101,0.4945604503154754,0.4433731595054269
564,ILSVRC2012_val_00009375_n03388549.JPEG,ILSVRC2012_val_00026165_n03388549.JPEG,0.6798387765884399,0.0330078043043613,2.303210496902466,0.6468309722840786
564,ILSVRC2012_val_00038732_n03388549.JPEG,ILSVRC2012_val_00033480_n03388549.JPEG,0.0094711268320679,0.8694835901260376,3.04374623298645,0.8600124632939697
565,ILSVRC2012_val_00003909_n03393912.JPEG,ILSVRC2012_val_00043881_n03393912.JPEG,0.0106700388714671,0.0047213267534971,0.0349504128098487,0.005948712117969999
565,ILSVRC2012_val_00006511_n03393912.JPEG,ILSVRC2012_val_00028669_n03393912.JPEG,0.0111572658643126,0.003826915519312,0.0131982741877436,0.0073303503450006
565,ILSVRC2012_val_00004018_n03393912.JPEG,ILSVRC2012_val_00036114_n03393912.JPEG,0.0042460290715098,0.013288740068674,0.0342984199523925,0.0090427109971642
565,ILSVRC2012_val_00035384_n03393912.JPEG,ILSVRC2012_val_00020659_n03393912.JPEG,0.0194576606154441,0.0028997301124036,0.1264550238847732,0.0165579305030405
565,ILSVRC2012_val_00046281_n03393912.JPEG,ILSVRC2012_val_00029116_n03393912.JPEG,0.0987030938267707,0.0039857956580817,0.272286057472229,0.094717298168689
566,ILSVRC2012_val_00028723_n03394916.JPEG,ILSVRC2012_val_00001492_n03394916.JPEG,0.0023021404631435,0.6766091585159302,1.4382734298706057,0.6743070180527867
566,ILSVRC2012_val_00007985_n03394916.JPEG,ILSVRC2012_val_00003759_n03394916.JPEG,0.4253725707530975,2.04089617729187,2.2566404342651367,1.6155236065387726
566,ILSVRC2012_val_00042707_n03394916.JPEG,ILSVRC2012_val_00005548_n03394916.JPEG,2.104923725128174,0.0342769958078861,2.2348670959472656,2.0706467293202877
566,ILSVRC2012_val_00005554_n03394916.JPEG,ILSVRC2012_val_00046826_n03394916.JPEG,2.360065221786499,0.0023475727066397,2.4963159561157227,2.3577176490798593
566,ILSVRC2012_val_00022754_n03394916.JPEG,ILSVRC2012_val_00041242_n03394916.JPEG,0.0706920325756073,3.076704740524292,5.432831764221191,3.0060127079486847
567,ILSVRC2012_val_00030273_n03400231.JPEG,ILSVRC2012_val_00009196_n03400231.JPEG,0.3680960834026336,0.510332465171814,2.406570672988892,0.14223638176918035
567,ILSVRC2012_val_00049919_n03400231.JPEG,ILSVRC2012_val_00016201_n03400231.JPEG,2.842627763748169,3.94138240814209,3.94138240814209,1.098754644393921
567,ILSVRC2012_val_00021535_n03400231.JPEG,ILSVRC2012_val_00017396_n03400231.JPEG,1.6326144933700562,0.2439061105251312,3.902714729309082,1.388708382844925
567,ILSVRC2012_val_00014537_n03400231.JPEG,ILSVRC2012_val_00041721_n03400231.JPEG,0.0591583661735057,1.7548727989196775,2.4800174236297607,1.6957144327461717
567,ILSVRC2012_val_00047824_n03400231.JPEG,ILSVRC2012_val_00024865_n03400231.JPEG,0.251622200012207,3.172913074493408,3.277960538864136,2.921290874481201
568,ILSVRC2012_val_00038659_n03404251.JPEG,ILSVRC2012_val_00018215_n03404251.JPEG,0.0143715776503086,0.0233372207731008,0.0555850714445114,0.0089656431227922
568,ILSVRC2012_val_00029443_n03404251.JPEG,ILSVRC2012_val_00022952_n03404251.JPEG,0.0256336089223623,0.0397113785147666,0.1911732256412506,0.014077769592404303
568,ILSVRC2012_val_00046152_n03404251.JPEG,ILSVRC2012_val_00020955_n03404251.JPEG,0.570191502571106,0.9152578711509703,3.2292239665985107,0.3450663685798644
568,ILSVRC2012_val_00044221_n03404251.JPEG,ILSVRC2012_val_00032686_n03404251.JPEG,0.4065852165222168,2.1546831130981445,3.5675394535064697,1.7480978965759277
568,ILSVRC2012_val_00033667_n03404251.JPEG,ILSVRC2012_val_00021886_n03404251.JPEG,0.5421993732452393,4.142871379852295,4.906556129455566,3.6006720066070557
569,ILSVRC2012_val_00036554_n03417042.JPEG,ILSVRC2012_val_00006234_n03417042.JPEG,0.0815055295825004,0.1043176054954528,0.2605215609073639,0.022812075912952395
569,ILSVRC2012_val_00043909_n03417042.JPEG,ILSVRC2012_val_00047189_n03417042.JPEG,0.0658131539821624,0.6076532602310181,1.575764298439026,0.5418401062488557
569,ILSVRC2012_val_00007477_n03417042.JPEG,ILSVRC2012_val_00026865_n03417042.JPEG,0.0150169599801301,0.8826495409011841,0.8978024125099182,0.867632580921054
569,ILSVRC2012_val_00021253_n03417042.JPEG,ILSVRC2012_val_00047374_n03417042.JPEG,1.0227302312850952,0.0657273158431053,1.0999211072921753,0.9570029154419899
569,ILSVRC2012_val_00016208_n03417042.JPEG,ILSVRC2012_val_00001144_n03417042.JPEG,1.4012401103973389,0.073404312133789,1.4488824605941772,1.3278357982635498
570,ILSVRC2012_val_00048697_n03424325.JPEG,ILSVRC2012_val_00011700_n03424325.JPEG,0.0616526044905185,0.0072419042699038,0.2234682291746139,0.0544107002206147
570,ILSVRC2012_val_00026931_n03424325.JPEG,ILSVRC2012_val_00036966_n03424325.JPEG,0.0018449680646881,0.1561173945665359,0.2742108404636383,0.1542724265018478
570,ILSVRC2012_val_00021850_n03424325.JPEG,ILSVRC2012_val_00023331_n03424325.JPEG,0.4074555933475494,0.1538247466087341,3.349983930587769,0.2536308467388153
570,ILSVRC2012_val_00018874_n03424325.JPEG,ILSVRC2012_val_00043389_n03424325.JPEG,0.0300925280898809,0.3348518013954162,0.4928622245788574,0.3047592733055353
570,ILSVRC2012_val_00017928_n03424325.JPEG,ILSVRC2012_val_00023141_n03424325.JPEG,0.8675029277801514,0.2951207458972931,2.53946304321289,0.5723821818828583
571,ILSVRC2012_val_00004452_n03425413.JPEG,ILSVRC2012_val_00048977_n03425413.JPEG,0.0148018011823296,0.0011281562037765,0.102504014968872,0.013673644978553098
571,ILSVRC2012_val_00045559_n03425413.JPEG,ILSVRC2012_val_00033364_n03425413.JPEG,0.1497398614883422,0.2265596836805343,2.040818452835083,0.0768198221921921
571,ILSVRC2012_val_00009821_n03425413.JPEG,ILSVRC2012_val_00035913_n03425413.JPEG,9.381330892210826e-05,0.0797995254397392,0.3835318386554718,0.07970571213081709
571,ILSVRC2012_val_00017466_n03425413.JPEG,ILSVRC2012_val_00024806_n03425413.JPEG,0.2886216938495636,0.096445620059967,3.726237773895264,0.1921760737895966
571,ILSVRC2012_val_00029203_n03425413.JPEG,ILSVRC2012_val_00013436_n03425413.JPEG,0.8782868981361389,0.0452252030372619,1.5159006118774414,0.8330616950988771
572,ILSVRC2012_val_00048322_n03443371.JPEG,ILSVRC2012_val_00010965_n03443371.JPEG,0.0390110053122043,0.0645626038312912,0.0953307896852493,0.0255515985190869
572,ILSVRC2012_val_00003629_n03443371.JPEG,ILSVRC2012_val_00000619_n03443371.JPEG,0.261331170797348,0.6457568407058716,2.335759401321411,0.38442566990852356
572,ILSVRC2012_val_00014461_n03443371.JPEG,ILSVRC2012_val_00019395_n03443371.JPEG,0.3783594667911529,1.1278547048568726,1.1899471282958984,0.7494952380657196
572,ILSVRC2012_val_00044868_n03443371.JPEG,ILSVRC2012_val_00018001_n03443371.JPEG,2.6929259300231934,1.7051364183425903,2.997975349426269,0.987789511680603
572,ILSVRC2012_val_00015421_n03443371.JPEG,ILSVRC2012_val_00048114_n03443371.JPEG,1.4004369974136353,0.1895969361066818,1.4453482627868652,1.2108400613069534
573,ILSVRC2012_val_00037460_n03444034.JPEG,ILSVRC2012_val_00036048_n03444034.JPEG,0.0217355526983737,0.0240190923213958,1.1304378509521484,0.0022835396230221003
573,ILSVRC2012_val_00039652_n03444034.JPEG,ILSVRC2012_val_00002033_n03444034.JPEG,0.0762591585516929,0.0388759411871433,0.076824203133583,0.037383217364549595
573,ILSVRC2012_val_00029299_n03444034.JPEG,ILSVRC2012_val_00038934_n03444034.JPEG,0.0521671175956726,0.1312754154205322,0.8600871562957764,0.07910829782485959
573,ILSVRC2012_val_00018585_n03444034.JPEG,ILSVRC2012_val_00020373_n03444034.JPEG,0.4517556726932525,0.0169109962880611,0.574441134929657,0.4348446764051914
573,ILSVRC2012_val_00045220_n03444034.JPEG,ILSVRC2012_val_00047858_n03444034.JPEG,1.956477761268616,3.0599613189697266,5.799489974975586,1.1034835577011106
574,ILSVRC2012_val_00013633_n03445777.JPEG,ILSVRC2012_val_00022792_n03445777.JPEG,0.0386604666709899,0.0044270367361605,0.0387681536376476,0.0342334299348294
574,ILSVRC2012_val_00043745_n03445777.JPEG,ILSVRC2012_val_00011431_n03445777.JPEG,0.0661844313144683,0.0226217880845069,0.7459901571273804,0.0435626432299614
574,ILSVRC2012_val_00002314_n03445777.JPEG,ILSVRC2012_val_00037369_n03445777.JPEG,0.0073666367679834,0.1805623173713684,0.8857200741767883,0.173195680603385
574,ILSVRC2012_val_00035918_n03445777.JPEG,ILSVRC2012_val_00044936_n03445777.JPEG,0.0067290845327079,0.2836774289608001,0.2917857766151428,0.27694834442809224
574,ILSVRC2012_val_00023845_n03445777.JPEG,ILSVRC2012_val_00046468_n03445777.JPEG,0.881292462348938,0.121933490037918,4.7628173828125,0.75935897231102
575,ILSVRC2012_val_00002135_n03445924.JPEG,ILSVRC2012_val_00017414_n03445924.JPEG,0.1702022552490234,0.0785315334796905,0.7655820846557617,0.09167072176933291
575,ILSVRC2012_val_00010247_n03445924.JPEG,ILSVRC2012_val_00026782_n03445924.JPEG,0.917987823486328,0.1773878931999206,5.9506425857543945,0.7405999302864075
575,ILSVRC2012_val_00012682_n03445924.JPEG,ILSVRC2012_val_00022035_n03445924.JPEG,4.730247974395752,5.488424301147461,6.115680694580078,0.758176326751709
575,ILSVRC2012_val_00046656_n03445924.JPEG,ILSVRC2012_val_00035237_n03445924.JPEG,1.6072555780410769,0.5393766164779663,1.6638023853302002,1.0678789615631106
575,ILSVRC2012_val_00048180_n03445924.JPEG,ILSVRC2012_val_00026881_n03445924.JPEG,2.679682731628418,1.114039182662964,5.386692047119141,1.5656435489654539
576,ILSVRC2012_val_00048806_n03447447.JPEG,ILSVRC2012_val_00005102_n03447447.JPEG,0.0058489125221967,0.002755775116384,0.2561165392398834,0.0030931374058127004
576,ILSVRC2012_val_00036574_n03447447.JPEG,ILSVRC2012_val_00014616_n03447447.JPEG,0.0088481493294239,0.0148594705387949,0.0301486290991306,0.0060113212093710015
576,ILSVRC2012_val_00015574_n03447447.JPEG,ILSVRC2012_val_00016468_n03447447.JPEG,0.0446056462824344,0.035027652978897,0.1168523430824279,0.009577993303537403
576,ILSVRC2012_val_00047743_n03447447.JPEG,ILSVRC2012_val_00022701_n03447447.JPEG,0.0055487896315753,0.0163722690194845,0.4850178956985473,0.010823479387909198
576,ILSVRC2012_val_00016814_n03447447.JPEG,ILSVRC2012_val_00015524_n03447447.JPEG,0.0006694936309941,0.2328447997570037,0.2328447997570037,0.2321753061260096
577,ILSVRC2012_val_00001052_n03447721.JPEG,ILSVRC2012_val_00022038_n03447721.JPEG,0.2597545385360718,0.2581545412540436,0.3172152638435364,0.0015999972820281982
577,ILSVRC2012_val_00012027_n03447721.JPEG,ILSVRC2012_val_00011545_n03447721.JPEG,0.0409775823354721,0.0637042820453643,0.3869529366493225,0.022726699709892197
577,ILSVRC2012_val_00016503_n03447721.JPEG,ILSVRC2012_val_00049947_n03447721.JPEG,0.2918079197406769,0.7212456464767456,3.071186780929565,0.4294377267360687
577,ILSVRC2012_val_00002032_n03447721.JPEG,ILSVRC2012_val_00022378_n03447721.JPEG,0.8209264278411865,0.3092172741889953,1.5853586196899414,0.5117091536521912
577,ILSVRC2012_val_00006130_n03447721.JPEG,ILSVRC2012_val_00018370_n03447721.JPEG,0.8739044070243835,0.0122359357774257,3.241055965423584,0.8616684712469579
578,ILSVRC2012_val_00007280_n03450230.JPEG,ILSVRC2012_val_00040155_n03450230.JPEG,0.2615576684474945,0.2735880017280578,1.1293158531188965,0.012030333280563299
578,ILSVRC2012_val_00006802_n03450230.JPEG,ILSVRC2012_val_00007688_n03450230.JPEG,0.6516257524490356,0.4853134155273437,0.8513587713241577,0.16631233692169195
578,ILSVRC2012_val_00028367_n03450230.JPEG,ILSVRC2012_val_00027536_n03450230.JPEG,0.3565757572650909,0.6483570337295532,0.8731549978256226,0.29178127646446234
578,ILSVRC2012_val_00007147_n03450230.JPEG,ILSVRC2012_val_00004901_n03450230.JPEG,1.0591541528701782,0.6931962966918945,2.0198895931243896,0.3659578561782837
578,ILSVRC2012_val_00002892_n03450230.JPEG,ILSVRC2012_val_00024207_n03450230.JPEG,1.6861988306045532,3.845592498779297,3.845592498779297,2.1593936681747437
579,ILSVRC2012_val_00001017_n03452741.JPEG,ILSVRC2012_val_00037936_n03452741.JPEG,0.0035108614247292,0.0124305728822946,0.0429825522005558,0.008919711457565399
579,ILSVRC2012_val_00000662_n03452741.JPEG,ILSVRC2012_val_00037045_n03452741.JPEG,0.2284639477729797,0.0169915165752172,0.2293742895126342,0.21147243119776252
579,ILSVRC2012_val_00006036_n03452741.JPEG,ILSVRC2012_val_00021661_n03452741.JPEG,0.0029945790302008,0.2158946841955185,0.5944443941116333,0.21290010516531768
579,ILSVRC2012_val_00013298_n03452741.JPEG,ILSVRC2012_val_00034629_n03452741.JPEG,0.5220999717712402,0.113352321088314,0.5220999717712402,0.40874765068292623
579,ILSVRC2012_val_00026127_n03452741.JPEG,ILSVRC2012_val_00012694_n03452741.JPEG,2.486459255218506,1.417163610458374,5.871663570404053,1.0692956447601318
580,ILSVRC2012_val_00044055_n03457902.JPEG,ILSVRC2012_val_00005272_n03457902.JPEG,0.0861825346946716,0.0267497114837169,0.1173209249973297,0.05943282321095471
580,ILSVRC2012_val_00010930_n03457902.JPEG,ILSVRC2012_val_00002238_n03457902.JPEG,1.2272357940673828,1.1108036041259766,1.443576455116272,0.11643218994140625
580,ILSVRC2012_val_00036327_n03457902.JPEG,ILSVRC2012_val_00049183_n03457902.JPEG,0.4254873991012573,0.231267899274826,0.6592325568199158,0.19421949982643133
580,ILSVRC2012_val_00042668_n03457902.JPEG,ILSVRC2012_val_00029112_n03457902.JPEG,0.0057447329163551,0.3186613619327545,0.5680214762687683,0.31291662901639944
580,ILSVRC2012_val_00002474_n03457902.JPEG,ILSVRC2012_val_00005484_n03457902.JPEG,0.3385902941226959,0.0145574584603309,0.566696047782898,0.324032835662365
581,ILSVRC2012_val_00043412_n03459775.JPEG,ILSVRC2012_val_00023710_n03459775.JPEG,0.1168184056878089,0.0106760542839765,2.7680823802948,0.1061423514038324
581,ILSVRC2012_val_00003517_n03459775.JPEG,ILSVRC2012_val_00036180_n03459775.JPEG,0.7597976922988892,0.0936912223696708,2.92825984954834,0.6661064699292184
581,ILSVRC2012_val_00036409_n03459775.JPEG,ILSVRC2012_val_00016475_n03459775.JPEG,0.0008729461114853,1.1901130676269531,2.2935681343078613,1.1892401215154678
581,ILSVRC2012_val_00017520_n03459775.JPEG,ILSVRC2012_val_00023023_n03459775.JPEG,2.0550012588500977,0.6211322546005249,2.0550012588500977,1.4338690042495728
581,ILSVRC2012_val_00038655_n03459775.JPEG,ILSVRC2012_val_00029201_n03459775.JPEG,0.587065577507019,3.447399854660034,3.5633385181427,2.860334277153015
582,ILSVRC2012_val_00016284_n03461385.JPEG,ILSVRC2012_val_00045751_n03461385.JPEG,0.2055125683546066,0.0488206595182418,1.1655566692352295,0.1566919088363648
582,ILSVRC2012_val_00012810_n03461385.JPEG,ILSVRC2012_val_00039015_n03461385.JPEG,0.1339743286371231,0.3388984203338623,0.6171433329582214,0.2049240916967392
582,ILSVRC2012_val_00049307_n03461385.JPEG,ILSVRC2012_val_00028850_n03461385.JPEG,0.3861927092075348,0.8289465308189392,0.8882870674133301,0.4427538216114044
582,ILSVRC2012_val_00026381_n03461385.JPEG,ILSVRC2012_val_00039430_n03461385.JPEG,1.6198413372039795,0.1375630497932434,1.6198413372039795,1.482278287410736
582,ILSVRC2012_val_00015314_n03461385.JPEG,ILSVRC2012_val_00019818_n03461385.JPEG,3.0101914405822754,0.0784694850444793,3.021323680877685,2.931721955537796
583,ILSVRC2012_val_00041424_n03467068.JPEG,ILSVRC2012_val_00020240_n03467068.JPEG,0.0388488806784153,0.0251768697053194,0.3130386173725128,0.013672010973095897
583,ILSVRC2012_val_00042875_n03467068.JPEG,ILSVRC2012_val_00020435_n03467068.JPEG,2.1234774589538574,2.233343601226806,3.84334397315979,0.10986614227294877
583,ILSVRC2012_val_00044967_n03467068.JPEG,ILSVRC2012_val_00009931_n03467068.JPEG,0.781794548034668,0.4806632995605469,4.009211540222168,0.3011312484741211
583,ILSVRC2012_val_00044304_n03467068.JPEG,ILSVRC2012_val_00009700_n03467068.JPEG,0.4349895417690277,0.0294595826417207,4.856636047363281,0.405529959127307
583,ILSVRC2012_val_00043020_n03467068.JPEG,ILSVRC2012_val_00042555_n03467068.JPEG,2.678310871124268,0.1385067403316497,5.5954909324646,2.5398041307926182
584,ILSVRC2012_val_00027766_n03476684.JPEG,ILSVRC2012_val_00022768_n03476684.JPEG,0.780436098575592,0.7468826770782471,3.4788122177124023,0.03355342149734497
584,ILSVRC2012_val_00038977_n03476684.JPEG,ILSVRC2012_val_00029768_n03476684.JPEG,0.8651770949363708,0.6546985507011414,1.344368815422058,0.2104785442352295
584,ILSVRC2012_val_00040254_n03476684.JPEG,ILSVRC2012_val_00016238_n03476684.JPEG,0.0739834830164909,0.3710635304450989,0.5307506918907166,0.297080047428608
584,ILSVRC2012_val_00013178_n03476684.JPEG,ILSVRC2012_val_00010579_n03476684.JPEG,2.908067226409912,4.942235946655273,6.7523040771484375,2.0341687202453613
584,ILSVRC2012_val_00010975_n03476684.JPEG,ILSVRC2012_val_00008183_n03476684.JPEG,1.1334513425827026,3.477860450744629,4.469426155090332,2.3444091081619263
585,ILSVRC2012_val_00002196_n03476991.JPEG,ILSVRC2012_val_00003959_n03476991.JPEG,1.9603644609451292,2.3547203540802,3.7124388217926025,0.394355893135071
585,ILSVRC2012_val_00031303_n03476991.JPEG,ILSVRC2012_val_00045906_n03476991.JPEG,2.513727903366089,1.1853375434875488,2.513727903366089,1.32839035987854
585,ILSVRC2012_val_00012370_n03476991.JPEG,ILSVRC2012_val_00035008_n03476991.JPEG,1.359432578086853,3.153860569000244,3.692913055419922,1.7944279909133911
585,ILSVRC2012_val_00012907_n03476991.JPEG,ILSVRC2012_val_00007805_n03476991.JPEG,3.964529037475586,2.0007259845733643,4.007833003997803,1.9638030529022217
585,ILSVRC2012_val_00022994_n03476991.JPEG,ILSVRC2012_val_00004982_n03476991.JPEG,0.6889622807502747,3.786368131637573,4.57394552230835,3.097405850887298
586,ILSVRC2012_val_00029672_n03478589.JPEG,ILSVRC2012_val_00000829_n03478589.JPEG,0.0460763014853,0.0619989857077598,0.7884220480918884,0.0159226842224598
586,ILSVRC2012_val_00028298_n03478589.JPEG,ILSVRC2012_val_00032880_n03478589.JPEG,0.0423233248293399,0.0090115508064627,0.8557035326957703,0.033311774022877196
586,ILSVRC2012_val_00001644_n03478589.JPEG,ILSVRC2012_val_00022150_n03478589.JPEG,0.0199087224900722,0.231096863746643,0.2456244528293609,0.21118814125657082
586,ILSVRC2012_val_00010856_n03478589.JPEG,ILSVRC2012_val_00007018_n03478589.JPEG,1.1143132448196411,0.571834921836853,1.2257089614868164,0.5424783229827881
586,ILSVRC2012_val_00035615_n03478589.JPEG,ILSVRC2012_val_00044229_n03478589.JPEG,2.6545472145080566,4.022555351257324,4.230728149414063,1.3680081367492676
587,ILSVRC2012_val_00017991_n03481172.JPEG,ILSVRC2012_val_00017376_n03481172.JPEG,3.665461301803589,3.7237296104431152,8.32197380065918,0.05826830863952637
587,ILSVRC2012_val_00009914_n03481172.JPEG,ILSVRC2012_val_00024424_n03481172.JPEG,0.8959348797798157,1.162962555885315,7.162595748901367,0.26702767610549927
587,ILSVRC2012_val_00015962_n03481172.JPEG,ILSVRC2012_val_00025789_n03481172.JPEG,2.320242166519165,2.671804428100586,8.289433479309082,0.3515622615814209
587,ILSVRC2012_val_00044928_n03481172.JPEG,ILSVRC2012_val_00009070_n03481172.JPEG,0.6803419589996338,0.0339096933603286,0.7637765407562256,0.6464322656393052
587,ILSVRC2012_val_00026527_n03481172.JPEG,ILSVRC2012_val_00028069_n03481172.JPEG,1.7048519849777222,2.9056341648101807,2.9056341648101807,1.2007821798324585
588,ILSVRC2012_val_00026425_n03482405.JPEG,ILSVRC2012_val_00014075_n03482405.JPEG,0.2080085575580597,0.3428778052330017,0.5223860740661621,0.13486924767494202
588,ILSVRC2012_val_00040916_n03482405.JPEG,ILSVRC2012_val_00035547_n03482405.JPEG,0.4300845265388489,1.7565555572509766,2.157047748565674,1.3264710307121277
588,ILSVRC2012_val_00028950_n03482405.JPEG,ILSVRC2012_val_00033055_n03482405.JPEG,2.9597954750061035,0.8820448517799377,5.061428070068359,2.0777506232261658
588,ILSVRC2012_val_00026371_n03482405.JPEG,ILSVRC2012_val_00003890_n03482405.JPEG,2.7940382957458496,5.220644474029541,7.119263648986816,2.4266061782836914
588,ILSVRC2012_val_00009765_n03482405.JPEG,ILSVRC2012_val_00019326_n03482405.JPEG,0.0018030828796327,2.4785051345825195,2.6134135723114014,2.476702051702887
589,ILSVRC2012_val_00016639_n03483316.JPEG,ILSVRC2012_val_00022014_n03483316.JPEG,2.4365954399108887,1.7992103099822998,7.944676876068115,0.6373851299285889
589,ILSVRC2012_val_00023379_n03483316.JPEG,ILSVRC2012_val_00005938_n03483316.JPEG,9.25913143157959,8.518338203430176,10.101156234741213,0.7407932281494141
589,ILSVRC2012_val_00002771_n03483316.JPEG,ILSVRC2012_val_00028141_n03483316.JPEG,0.17891326546669,1.6040765047073364,3.788351535797119,1.4251632392406464
589,ILSVRC2012_val_00002351_n03483316.JPEG,ILSVRC2012_val_00020417_n03483316.JPEG,3.7145683765411377,0.0252496358007192,4.946381092071533,3.6893187407404184
589,ILSVRC2012_val_00047139_n03483316.JPEG,ILSVRC2012_val_00027112_n03483316.JPEG,4.709016799926758,0.2307802438735962,5.298024654388428,4.478236556053162
590,ILSVRC2012_val_00008016_n03485407.JPEG,ILSVRC2012_val_00022639_n03485407.JPEG,0.335574597120285,0.167862981557846,1.6335583925247192,0.16771161556243896
590,ILSVRC2012_val_00001456_n03485407.JPEG,ILSVRC2012_val_00005409_n03485407.JPEG,0.1112484559416771,0.528630793094635,0.6125893592834473,0.4173823371529579
590,ILSVRC2012_val_00005211_n03485407.JPEG,ILSVRC2012_val_00024995_n03485407.JPEG,1.3110878467559814,2.0719106197357178,2.692462682723999,0.7608227729797363
590,ILSVRC2012_val_00036135_n03485407.JPEG,ILSVRC2012_val_00035427_n03485407.JPEG,1.3384822607040403,0.4407046139240265,1.4969321489334106,0.8977776467800138
590,ILSVRC2012_val_00045209_n03485407.JPEG,ILSVRC2012_val_00014632_n03485407.JPEG,0.1544074863195419,1.2883788347244265,1.8370683193206787,1.1339713484048846
591,ILSVRC2012_val_00028249_n03485794.JPEG,ILSVRC2012_val_00004139_n03485794.JPEG,0.0144312707707285,0.0111973462626338,0.0231914035975933,0.003233924508094699
591,ILSVRC2012_val_00019018_n03485794.JPEG,ILSVRC2012_val_00049825_n03485794.JPEG,0.3855277299880981,0.6273485422134399,1.1197885274887085,0.24182081222534185
591,ILSVRC2012_val_00001897_n03485794.JPEG,ILSVRC2012_val_00017704_n03485794.JPEG,0.4837085008621216,0.1183589920401573,1.2287155389785769,0.36534950882196426
591,ILSVRC2012_val_00036948_n03485794.JPEG,ILSVRC2012_val_00019813_n03485794.JPEG,0.3749188482761383,0.8375539779663086,1.5947946310043335,0.4626351296901703
591,ILSVRC2012_val_00017018_n03485794.JPEG,ILSVRC2012_val_00034179_n03485794.JPEG,5.4775495529174805,6.176697731018066,6.189431667327881,0.6991481781005859
592,ILSVRC2012_val_00038630_n03492542.JPEG,ILSVRC2012_val_00010939_n03492542.JPEG,0.0002369599969824,0.0008048156159929,0.0011870964663103,0.0005678556190105
592,ILSVRC2012_val_00006642_n03492542.JPEG,ILSVRC2012_val_00002941_n03492542.JPEG,0.0001846381492214,0.0009374991059303,0.00327241839841,0.0007528609567089
592,ILSVRC2012_val_00021091_n03492542.JPEG,ILSVRC2012_val_00021075_n03492542.JPEG,0.0091831926256418,0.031194768846035,1.5047794580459597,0.0220115762203932
592,ILSVRC2012_val_00001107_n03492542.JPEG,ILSVRC2012_val_00028773_n03492542.JPEG,0.4001533687114715,0.0662074163556099,0.4001533687114715,0.3339459523558616
592,ILSVRC2012_val_00004242_n03492542.JPEG,ILSVRC2012_val_00047339_n03492542.JPEG,0.0092006744816899,2.025809526443481,5.143805503845215,2.016608851961791
593,ILSVRC2012_val_00001030_n03494278.JPEG,ILSVRC2012_val_00039798_n03494278.JPEG,0.0962427407503128,0.0033703211229294,1.6837434768676758,0.0928724196273834
593,ILSVRC2012_val_00012208_n03494278.JPEG,ILSVRC2012_val_00043602_n03494278.JPEG,0.0084336791187524,0.1791950166225433,0.1999918073415756,0.1707613375037909
593,ILSVRC2012_val_00016322_n03494278.JPEG,ILSVRC2012_val_00007924_n03494278.JPEG,0.5138000845909119,0.0073897116817533,0.8303871154785156,0.5064103729091586
593,ILSVRC2012_val_00038228_n03494278.JPEG,ILSVRC2012_val_00018302_n03494278.JPEG,2.9135468006134038,3.575580358505249,4.838716506958008,0.6620335578918453
593,ILSVRC2012_val_00015067_n03494278.JPEG,ILSVRC2012_val_00037603_n03494278.JPEG,3.804718494415283,0.0511391870677471,7.074009895324707,3.753579307347536
594,ILSVRC2012_val_00020312_n03495258.JPEG,ILSVRC2012_val_00038244_n03495258.JPEG,0.0004126174317207,0.0017494149506092,0.0057447329163551,0.0013367975188885001
594,ILSVRC2012_val_00030996_n03495258.JPEG,ILSVRC2012_val_00043468_n03495258.JPEG,0.0075397444888949,0.0060272603295743,0.0935140550136566,0.0015124841593206007
594,ILSVRC2012_val_00019556_n03495258.JPEG,ILSVRC2012_val_00049593_n03495258.JPEG,0.0138604035601019,0.000506630341988,0.2263252884149551,0.0133537732181139
594,ILSVRC2012_val_00047550_n03495258.JPEG,ILSVRC2012_val_00025194_n03495258.JPEG,0.519959568977356,0.0004241758724674,2.412470817565918,0.5195353931048886
594,ILSVRC2012_val_00022015_n03495258.JPEG,ILSVRC2012_val_00034624_n03495258.JPEG,1.1247586011886597,0.0106248660013079,6.256153583526611,1.1141337351873517
595,ILSVRC2012_val_00043188_n03496892.JPEG,ILSVRC2012_val_00000015_n03496892.JPEG,0.071642480790615,0.0586818419396877,0.4448483884334564,0.012960638850927297
595,ILSVRC2012_val_00048961_n03496892.JPEG,ILSVRC2012_val_00032094_n03496892.JPEG,0.2319071739912033,0.076871782541275,0.3632604479789734,0.1550353914499283
595,ILSVRC2012_val_00030173_n03496892.JPEG,ILSVRC2012_val_00010776_n03496892.JPEG,1.7289940118789673,1.9133905172348025,1.9497063159942627,0.18439650535583518
595,ILSVRC2012_val_00046905_n03496892.JPEG,ILSVRC2012_val_00032227_n03496892.JPEG,0.5628983378410339,0.8115127682685852,2.388451099395752,0.24861443042755127
595,ILSVRC2012_val_00009302_n03496892.JPEG,ILSVRC2012_val_00037531_n03496892.JPEG,0.8126525282859802,0.0410863943397998,0.9713377356529236,0.7715661339461805
596,ILSVRC2012_val_00005550_n03498962.JPEG,ILSVRC2012_val_00011994_n03498962.JPEG,1.0884203910827637,0.6237131357192993,3.821200370788574,0.46470725536346436
596,ILSVRC2012_val_00044873_n03498962.JPEG,ILSVRC2012_val_00028576_n03498962.JPEG,1.082455039024353,0.3048048615455627,3.6655545234680176,0.7776501774787903
596,ILSVRC2012_val_00017235_n03498962.JPEG,ILSVRC2012_val_00021394_n03498962.JPEG,4.537545680999756,3.533522844314575,7.704936981201172,1.0040228366851807
596,ILSVRC2012_val_00002588_n03498962.JPEG,ILSVRC2012_val_00031710_n03498962.JPEG,1.6847431659698486,0.0339184515178203,1.6847431659698486,1.6508247144520283
596,ILSVRC2012_val_00032228_n03498962.JPEG,ILSVRC2012_val_00034911_n03498962.JPEG,2.539041519165039,0.859717845916748,7.510858058929443,1.679323673248291
597,ILSVRC2012_val_00044950_n03527444.JPEG,ILSVRC2012_val_00029327_n03527444.JPEG,0.020355025306344,0.1163593530654907,0.4281553328037262,0.09600432775914669
597,ILSVRC2012_val_00045052_n03527444.JPEG,ILSVRC2012_val_00028739_n03527444.JPEG,0.1138383895158767,0.4127757251262665,2.4260854721069336,0.29893733561038976
597,ILSVRC2012_val_00040655_n03527444.JPEG,ILSVRC2012_val_00027730_n03527444.JPEG,1.854074239730835,0.5317078232765198,6.121036529541016,1.3223664164543152
597,ILSVRC2012_val_00037910_n03527444.JPEG,ILSVRC2012_val_00005443_n03527444.JPEG,3.4972708225250244,4.933110237121582,5.819731712341309,1.4358394145965576
597,ILSVRC2012_val_00005874_n03527444.JPEG,ILSVRC2012_val_00029027_n03527444.JPEG,3.10090970993042,0.7502657771110535,3.1720309257507324,2.3506439328193665
598,ILSVRC2012_val_00047606_n03529860.JPEG,ILSVRC2012_val_00043177_n03529860.JPEG,1.6949639320373535,1.341441631317139,6.198097229003906,0.3535223007202146
598,ILSVRC2012_val_00047086_n03529860.JPEG,ILSVRC2012_val_00018718_n03529860.JPEG,1.7532354593276978,2.365752935409546,2.577085018157959,0.6125174760818481
598,ILSVRC2012_val_00011991_n03529860.JPEG,ILSVRC2012_val_00024939_n03529860.JPEG,0.5172315239906311,1.2918199300765991,2.585579395294189,0.774588406085968
598,ILSVRC2012_val_00010535_n03529860.JPEG,ILSVRC2012_val_00010050_n03529860.JPEG,0.2386070787906646,1.2862226963043213,2.2278566360473637,1.0476156175136566
598,ILSVRC2012_val_00037350_n03529860.JPEG,ILSVRC2012_val_00007900_n03529860.JPEG,1.2490111589431765,0.1384924203157425,2.7324488162994385,1.110518738627434
599,ILSVRC2012_val_00048634_n03530642.JPEG,ILSVRC2012_val_00024562_n03530642.JPEG,0.0233610942959785,0.0924209505319595,0.0924209505319595,0.069059856235981
599,ILSVRC2012_val_00035870_n03530642.JPEG,ILSVRC2012_val_00027423_n03530642.JPEG,0.0477559827268123,0.1942164003849029,1.4151018857955933,0.1464604176580906
599,ILSVRC2012_val_00018635_n03530642.JPEG,ILSVRC2012_val_00022002_n03530642.JPEG,0.0094022806733846,1.0555758476257324,1.1236019134521484,1.0461735669523478
599,ILSVRC2012_val_00009684_n03530642.JPEG,ILSVRC2012_val_00004072_n03530642.JPEG,0.0764366462826728,1.3871670961380005,1.6809825897216797,1.3107304498553276
599,ILSVRC2012_val_00029028_n03530642.JPEG,ILSVRC2012_val_00017838_n03530642.JPEG,4.264795303344727,2.9126510620117188,5.107295036315918,1.3521442413330078
600,ILSVRC2012_val_00004820_n03532672.JPEG,ILSVRC2012_val_00039613_n03532672.JPEG,1.375546097755432,1.7422735691070557,4.471695423126221,0.36672747135162376
600,ILSVRC2012_val_00019634_n03532672.JPEG,ILSVRC2012_val_00047501_n03532672.JPEG,3.67052698135376,4.397216320037842,6.502062797546387,0.7266893386840816
600,ILSVRC2012_val_00023777_n03532672.JPEG,ILSVRC2012_val_00005540_n03532672.JPEG,4.839273452758789,3.432238340377808,5.187428951263428,1.407035112380981
600,ILSVRC2012_val_00034955_n03532672.JPEG,ILSVRC2012_val_00014236_n03532672.JPEG,6.514101982116699,3.544344902038574,6.804033279418945,2.969757080078125
600,ILSVRC2012_val_00018267_n03532672.JPEG,ILSVRC2012_val_00023115_n03532672.JPEG,0.9253807067871094,5.092395782470703,6.59129524230957,4.167015075683594
601,ILSVRC2012_val_00028977_n03534580.JPEG,ILSVRC2012_val_00019296_n03534580.JPEG,0.2443189769983291,0.4928471446037292,0.6007163524627686,0.24852816760540009
601,ILSVRC2012_val_00022084_n03534580.JPEG,ILSVRC2012_val_00015156_n03534580.JPEG,0.703643798828125,1.44785737991333,1.44785737991333,0.7442135810852051
601,ILSVRC2012_val_00003283_n03534580.JPEG,ILSVRC2012_val_00015718_n03534580.JPEG,0.1213469132781028,0.8872374296188354,0.9081567525863647,0.7658905163407327
601,ILSVRC2012_val_00001418_n03534580.JPEG,ILSVRC2012_val_00009650_n03534580.JPEG,1.541128635406494,0.1049123182892799,1.541128635406494,1.436216317117214
601,ILSVRC2012_val_00021106_n03534580.JPEG,ILSVRC2012_val_00011674_n03534580.JPEG,1.7477036714553833,0.1217014119029045,2.566157341003418,1.6260022595524788
602,ILSVRC2012_val_00017778_n03535780.JPEG,ILSVRC2012_val_00048074_n03535780.JPEG,1.1518367528915403,1.3019238710403442,2.1830220222473145,0.15008711814880393
602,ILSVRC2012_val_00025607_n03535780.JPEG,ILSVRC2012_val_00026608_n03535780.JPEG,0.5957608819007874,0.8264710307121277,4.820321559906006,0.23071014881134033
602,ILSVRC2012_val_00027475_n03535780.JPEG,ILSVRC2012_val_00045018_n03535780.JPEG,1.007751703262329,0.3666061162948608,1.7396116256713867,0.6411455869674683
602,ILSVRC2012_val_00003195_n03535780.JPEG,ILSVRC2012_val_00027779_n03535780.JPEG,0.5009982585906982,1.2451657056808472,1.2927019596099854,0.7441674470901489
602,ILSVRC2012_val_00007020_n03535780.JPEG,ILSVRC2012_val_00046959_n03535780.JPEG,0.5979965329170227,1.401409387588501,1.5039143562316897,0.8034128546714783
603,ILSVRC2012_val_00019986_n03538406.JPEG,ILSVRC2012_val_00003194_n03538406.JPEG,0.0768810510635376,0.0246476959437131,0.0768810510635376,0.05223335511982449
603,ILSVRC2012_val_00033463_n03538406.JPEG,ILSVRC2012_val_00047992_n03538406.JPEG,0.1866423338651657,0.1279893368482589,1.8566046953201292,0.05865299701690682
603,ILSVRC2012_val_00044735_n03538406.JPEG,ILSVRC2012_val_00006364_n03538406.JPEG,0.1791902333498001,0.2585593461990356,4.012303829193115,0.07936911284923548
603,ILSVRC2012_val_00044450_n03538406.JPEG,ILSVRC2012_val_00006021_n03538406.JPEG,0.2667275667190552,0.1560762971639633,0.4906549453735351,0.11065126955509189
603,ILSVRC2012_val_00034938_n03538406.JPEG,ILSVRC2012_val_00012424_n03538406.JPEG,1.3620920181274414,0.0468018911778926,1.4035223722457886,1.3152901269495487
604,ILSVRC2012_val_00023967_n03544143.JPEG,ILSVRC2012_val_00036098_n03544143.JPEG,0.0027519708964973,0.0003440980217419,0.0139004932716488,0.0024078728747553998
604,ILSVRC2012_val_00007213_n03544143.JPEG,ILSVRC2012_val_00010178_n03544143.JPEG,0.0068859653547406,0.0023750450927764,2.3281919956207275,0.0045109202619642
604,ILSVRC2012_val_00001943_n03544143.JPEG,ILSVRC2012_val_00032075_n03544143.JPEG,0.0048036645166575,5.8410845667822286e-05,0.0271517876535654,0.0047452536709896775
604,ILSVRC2012_val_00020504_n03544143.JPEG,ILSVRC2012_val_00011019_n03544143.JPEG,0.0005525015876628,0.0811666026711463,2.2560126781463623,0.08061410108348349
604,ILSVRC2012_val_00049292_n03544143.JPEG,ILSVRC2012_val_00011815_n03544143.JPEG,0.3446544706821441,0.5072639584541321,0.7895775437355042,0.16260948777198797
605,ILSVRC2012_val_00027569_n03584254.JPEG,ILSVRC2012_val_00044784_n03584254.JPEG,0.081705592572689,0.0804438665509224,0.1789208352565765,0.001261726021766607
605,ILSVRC2012_val_00030161_n03584254.JPEG,ILSVRC2012_val_00043698_n03584254.JPEG,0.0393951199948787,0.0866838544607162,0.2899134457111358,0.047288734465837506
605,ILSVRC2012_val_00024796_n03584254.JPEG,ILSVRC2012_val_00021749_n03584254.JPEG,0.0065214904025197,0.089435689151287,1.859094858169556,0.08291419874876729
605,ILSVRC2012_val_00044520_n03584254.JPEG,ILSVRC2012_val_00045699_n03584254.JPEG,0.1365783214569091,0.0055614747107028,1.0703225135803225,0.13101684674620628
605,ILSVRC2012_val_00003673_n03584254.JPEG,ILSVRC2012_val_00017108_n03584254.JPEG,1.0354245901107788,1.5208745002746582,6.416831970214844,0.4854499101638794
606,ILSVRC2012_val_00019833_n03584829.JPEG,ILSVRC2012_val_00019167_n03584829.JPEG,1.156200289726257,0.2403396964073181,1.9262382984161377,0.915860593318939
606,ILSVRC2012_val_00009455_n03584829.JPEG,ILSVRC2012_val_00009661_n03584829.JPEG,0.0145156327635049,1.0242745876312256,2.137740135192871,1.0097589548677206
606,ILSVRC2012_val_00000910_n03584829.JPEG,ILSVRC2012_val_00007158_n03584829.JPEG,2.2339136600494385,3.613615512847901,6.02000617980957,1.3797018527984624
606,ILSVRC2012_val_00009696_n03584829.JPEG,ILSVRC2012_val_00000451_n03584829.JPEG,3.6083598136901855,0.1230323538184166,4.727896690368652,3.485327459871769
606,ILSVRC2012_val_00041067_n03584829.JPEG,ILSVRC2012_val_00025935_n03584829.JPEG,0.0006428082706406,4.248369216918945,4.525372505187988,4.247726408648305
607,ILSVRC2012_val_00024943_n03590841.JPEG,ILSVRC2012_val_00020663_n03590841.JPEG,0.0014277036534622,0.0006916514830663,0.0014277036534622,0.0007360521703958999
607,ILSVRC2012_val_00026424_n03590841.JPEG,ILSVRC2012_val_00042913_n03590841.JPEG,0.0020673349499702,0.0032000546343624,0.0060758413746953,0.0011327196843922004
607,ILSVRC2012_val_00024022_n03590841.JPEG,ILSVRC2012_val_00023817_n03590841.JPEG,0.0123332003131508,0.0100651569664478,0.0156025420874357,0.0022680433467029987
607,ILSVRC2012_val_00003206_n03590841.JPEG,ILSVRC2012_val_00015791_n03590841.JPEG,0.0004394280840642,0.0183223839849233,0.2518361806869507,0.0178829559008591
607,ILSVRC2012_val_00030955_n03590841.JPEG,ILSVRC2012_val_00047113_n03590841.JPEG,0.0713665783405304,0.0215480849146842,0.0782245621085167,0.0498184934258462
608,ILSVRC2012_val_00044132_n03594734.JPEG,ILSVRC2012_val_00008023_n03594734.JPEG,0.0026824227534234,0.1300241947174072,0.1389176696538925,0.1273417719639838
608,ILSVRC2012_val_00016615_n03594734.JPEG,ILSVRC2012_val_00030015_n03594734.JPEG,0.0016223138663917,0.8430741429328918,1.7471815347671509,0.8414518290665002
608,ILSVRC2012_val_00018745_n03594734.JPEG,ILSVRC2012_val_00043905_n03594734.JPEG,1.9629019498825075,0.768329918384552,4.969433784484863,1.1945720314979555
608,ILSVRC2012_val_00017093_n03594734.JPEG,ILSVRC2012_val_00037472_n03594734.JPEG,0.0368604138493537,1.762620449066162,2.3972280025482178,1.7257600352168083
608,ILSVRC2012_val_00023880_n03594734.JPEG,ILSVRC2012_val_00002453_n03594734.JPEG,2.559781312942505,0.1306604146957397,4.005083084106445,2.429120898246765
609,ILSVRC2012_val_00011656_n03594945.JPEG,ILSVRC2012_val_00041175_n03594945.JPEG,0.0487604849040508,0.0924182310700416,1.44038724899292,0.0436577461659908
609,ILSVRC2012_val_00029922_n03594945.JPEG,ILSVRC2012_val_00012806_n03594945.JPEG,0.0193091705441474,0.1275353878736496,0.3064003586769104,0.10822621732950219
609,ILSVRC2012_val_00022261_n03594945.JPEG,ILSVRC2012_val_00008382_n03594945.JPEG,0.0315801613032817,0.2454727292060852,0.713248610496521,0.2138925679028035
609,ILSVRC2012_val_00006062_n03594945.JPEG,ILSVRC2012_val_00003945_n03594945.JPEG,0.7778649926185608,1.0037137269973757,3.663561105728149,0.22584873437881492
609,ILSVRC2012_val_00025834_n03594945.JPEG,ILSVRC2012_val_00045779_n03594945.JPEG,0.151806354522705,0.9686709046363832,1.0860322713851929,0.8168645501136782
610,ILSVRC2012_val_00019141_n03595614.JPEG,ILSVRC2012_val_00019739_n03595614.JPEG,0.1132322549819946,0.2170137614011764,2.8652358055114746,0.1037815064191818
610,ILSVRC2012_val_00004801_n03595614.JPEG,ILSVRC2012_val_00039876_n03595614.JPEG,4.480431079864502,3.868919134140015,5.594972610473633,0.6115119457244869
610,ILSVRC2012_val_00045794_n03595614.JPEG,ILSVRC2012_val_00000282_n03595614.JPEG,0.0572986267507076,0.974162220954895,1.0784627199172974,0.9168635942041874
610,ILSVRC2012_val_00024182_n03595614.JPEG,ILSVRC2012_val_00006429_n03595614.JPEG,1.207977294921875,0.2264975309371948,3.2001190185546875,0.9814797639846802
610,ILSVRC2012_val_00025275_n03595614.JPEG,ILSVRC2012_val_00016334_n03595614.JPEG,0.0095461085438728,1.7966653108596802,1.7966653108596802,1.7871192023158073
611,ILSVRC2012_val_00000607_n03598930.JPEG,ILSVRC2012_val_00012056_n03598930.JPEG,0.0252384766936302,0.0036029205657541,0.0252384766936302,0.021635556127876102
611,ILSVRC2012_val_00001188_n03598930.JPEG,ILSVRC2012_val_00022944_n03598930.JPEG,0.5477243065834045,0.36078742146492,4.118027687072754,0.18693688511848455
611,ILSVRC2012_val_00023694_n03598930.JPEG,ILSVRC2012_val_00031576_n03598930.JPEG,0.5659340620040894,0.9005317091941833,2.2322046756744385,0.334597647190094
611,ILSVRC2012_val_00031067_n03598930.JPEG,ILSVRC2012_val_00037231_n03598930.JPEG,1.7146313190460205,0.3989896476268768,2.0191421508789062,1.3156416714191437
611,ILSVRC2012_val_00024475_n03598930.JPEG,ILSVRC2012_val_00041984_n03598930.JPEG,1.4591857194900513,9.655486064730212e-05,2.2612171173095703,1.459089164629404
612,ILSVRC2012_val_00015478_n03599486.JPEG,ILSVRC2012_val_00027524_n03599486.JPEG,0.0532653108239173,0.002524881158024,0.0648248568177223,0.0507404296658933
612,ILSVRC2012_val_00037141_n03599486.JPEG,ILSVRC2012_val_00002142_n03599486.JPEG,0.0012396040838211,0.1124275103211402,0.1403393447399139,0.11118790623731911
612,ILSVRC2012_val_00000281_n03599486.JPEG,ILSVRC2012_val_00013621_n03599486.JPEG,0.0016116023762151,0.6337408423423767,0.6393139362335205,0.6321292399661617
612,ILSVRC2012_val_00012136_n03599486.JPEG,ILSVRC2012_val_00021028_n03599486.JPEG,0.902657151222229,0.0604866109788417,2.231219291687012,0.8421705402433873
612,ILSVRC2012_val_00036428_n03599486.JPEG,ILSVRC2012_val_00010273_n03599486.JPEG,1.684652328491211,0.0522120371460914,3.249709129333496,1.6324402913451195
613,ILSVRC2012_val_00045113_n03602883.JPEG,ILSVRC2012_val_00024540_n03602883.JPEG,0.0361174568533897,0.0501258447766304,1.79939603805542,0.014008387923240703
613,ILSVRC2012_val_00040672_n03602883.JPEG,ILSVRC2012_val_00013421_n03602883.JPEG,0.0266583655029535,0.0060692057013511,0.0878586918115615,0.020589159801602402
613,ILSVRC2012_val_00036138_n03602883.JPEG,ILSVRC2012_val_00035468_n03602883.JPEG,0.8428218364715576,0.004590805619955,6.197769641876221,0.8382310308516027
613,ILSVRC2012_val_00039165_n03602883.JPEG,ILSVRC2012_val_00002195_n03602883.JPEG,1.638076901435852,0.251323789358139,3.448250770568848,1.386753112077713
613,ILSVRC2012_val_00005124_n03602883.JPEG,ILSVRC2012_val_00018272_n03602883.JPEG,1.916136384010315,0.0028147385455667,3.851945400238037,1.9133216454647481
614,ILSVRC2012_val_00041587_n03617480.JPEG,ILSVRC2012_val_00021416_n03617480.JPEG,0.1485550105571746,0.2114775627851486,3.512459754943848,0.062922552227974
614,ILSVRC2012_val_00006871_n03617480.JPEG,ILSVRC2012_val_00034114_n03617480.JPEG,0.0002623452164698,0.1039832159876823,0.2378190010786056,0.1037208707712125
614,ILSVRC2012_val_00004014_n03617480.JPEG,ILSVRC2012_val_00003503_n03617480.JPEG,0.0029018695931881,2.9636170864105225,3.927268266677856,2.9607152168173343
614,ILSVRC2012_val_00033892_n03617480.JPEG,ILSVRC2012_val_00041615_n03617480.JPEG,0.0007606235449202,3.557575225830078,3.557575225830078,3.556814602285158
614,ILSVRC2012_val_00021009_n03617480.JPEG,ILSVRC2012_val_00037507_n03617480.JPEG,4.064291000366211,0.1802109628915786,6.16425895690918,3.8840800374746323
615,ILSVRC2012_val_00035225_n03623198.JPEG,ILSVRC2012_val_00019928_n03623198.JPEG,0.0011217261198908,0.0435718484222888,0.2586604356765747,0.042450122302397995
615,ILSVRC2012_val_00010508_n03623198.JPEG,ILSVRC2012_val_00028830_n03623198.JPEG,0.050594113767147,0.2701621353626251,3.76435136795044,0.2195680215954781
615,ILSVRC2012_val_00039763_n03623198.JPEG,ILSVRC2012_val_00016221_n03623198.JPEG,1.2269160747528076,0.1055976450443267,1.3455451726913452,1.1213184297084808
615,ILSVRC2012_val_00038316_n03623198.JPEG,ILSVRC2012_val_00019441_n03623198.JPEG,1.898259520530701,3.450385093688965,5.160526275634766,1.552125573158264
615,ILSVRC2012_val_00013679_n03623198.JPEG,ILSVRC2012_val_00017846_n03623198.JPEG,0.0191942229866981,3.0214805603027344,3.0214805603027344,3.0022863373160362
616,ILSVRC2012_val_00047248_n03627232.JPEG,ILSVRC2012_val_00039484_n03627232.JPEG,0.005931987427175,0.0128550417721271,1.0201562643051147,0.0069230543449520995
616,ILSVRC2012_val_00042062_n03627232.JPEG,ILSVRC2012_val_00031210_n03627232.JPEG,0.0363581962883472,0.0071067404933273,0.1946590393781662,0.029251455795019903
616,ILSVRC2012_val_00030673_n03627232.JPEG,ILSVRC2012_val_00035958_n03627232.JPEG,0.0058653857558965,0.0379838049411773,1.289017915725708,0.0321184191852808
616,ILSVRC2012_val_00012101_n03627232.JPEG,ILSVRC2012_val_00020421_n03627232.JPEG,0.937183141708374,0.122457280755043,3.2450802326202397,0.814725860953331
616,ILSVRC2012_val_00025844_n03627232.JPEG,ILSVRC2012_val_00029564_n03627232.JPEG,0.873723030090332,0.0563954003155231,1.9642702341079712,0.8173276297748089
617,ILSVRC2012_val_00047559_n03630383.JPEG,ILSVRC2012_val_00016123_n03630383.JPEG,0.0107524786144495,0.0236233212053775,0.3840089738368988,0.012870842590928
617,ILSVRC2012_val_00015323_n03630383.JPEG,ILSVRC2012_val_00020085_n03630383.JPEG,2.169637680053711,1.957426071166992,2.169637680053711,0.21221160888671897
617,ILSVRC2012_val_00023980_n03630383.JPEG,ILSVRC2012_val_00040416_n03630383.JPEG,0.9490805864334106,1.6360448598861694,2.1891188621521,0.6869642734527588
617,ILSVRC2012_val_00016305_n03630383.JPEG,ILSVRC2012_val_00039803_n03630383.JPEG,0.0068490263074636,0.9017419219017028,1.3837634325027466,0.8948928955942391
617,ILSVRC2012_val_00030376_n03630383.JPEG,ILSVRC2012_val_00045271_n03630383.JPEG,0.2068494111299514,3.576290845870972,4.051230430603027,3.3694414347410206
618,ILSVRC2012_val_00033112_n03633091.JPEG,ILSVRC2012_val_00014118_n03633091.JPEG,1.4005544185638428,2.721635341644287,4.398938179016113,1.3210809230804443
618,ILSVRC2012_val_00038113_n03633091.JPEG,ILSVRC2012_val_00000684_n03633091.JPEG,0.0225984789431095,1.4629288911819458,3.4733712673187256,1.4403304122388363
618,ILSVRC2012_val_00040857_n03633091.JPEG,ILSVRC2012_val_00047536_n03633091.JPEG,1.3999700546264648,2.916536331176758,5.352705955505371,1.516566276550293
618,ILSVRC2012_val_00006333_n03633091.JPEG,ILSVRC2012_val_00011185_n03633091.JPEG,2.909571409225464,4.722562789916992,5.147384166717529,1.8129913806915283
618,ILSVRC2012_val_00019976_n03633091.JPEG,ILSVRC2012_val_00009892_n03633091.JPEG,6.822445869445801,4.918901443481445,7.579833030700684,1.9035444259643555
619,ILSVRC2012_val_00036892_n03637318.JPEG,ILSVRC2012_val_00029645_n03637318.JPEG,0.4084110260009765,0.4748638272285461,1.058985948562622,0.06645280122756958
619,ILSVRC2012_val_00000427_n03637318.JPEG,ILSVRC2012_val_00024114_n03637318.JPEG,1.2216172218322754,1.590271234512329,1.590271234512329,0.3686540126800537
619,ILSVRC2012_val_00020746_n03637318.JPEG,ILSVRC2012_val_00033621_n03637318.JPEG,1.3365797996520996,0.1876640766859054,1.4768564701080322,1.1489157229661942
619,ILSVRC2012_val_00020029_n03637318.JPEG,ILSVRC2012_val_00047460_n03637318.JPEG,0.824274480342865,2.029310941696167,2.212468385696411,1.205036461353302
619,ILSVRC2012_val_00001257_n03637318.JPEG,ILSVRC2012_val_00003740_n03637318.JPEG,3.002508640289306,0.8183755874633789,3.569308280944824,2.1841330528259273
620,ILSVRC2012_val_00022256_n03642806.JPEG,ILSVRC2012_val_00015965_n03642806.JPEG,1.3520907163619995,1.3059519529342651,1.66909921169281,0.046138763427734375
620,ILSVRC2012_val_00040665_n03642806.JPEG,ILSVRC2012_val_00045326_n03642806.JPEG,1.803880214691162,1.3340985774993896,2.273078680038452,0.46978163719177246
620,ILSVRC2012_val_00037209_n03642806.JPEG,ILSVRC2012_val_00047429_n03642806.JPEG,1.9516305923461916,1.3989776372909546,2.133680582046509,0.552652955055237
620,ILSVRC2012_val_00024869_n03642806.JPEG,ILSVRC2012_val_00024499_n03642806.JPEG,2.7884862422943115,1.5463162660598757,4.173102855682373,1.2421699762344358
620,ILSVRC2012_val_00007373_n03642806.JPEG,ILSVRC2012_val_00008787_n03642806.JPEG,0.3926431238651275,1.882385015487671,2.4311909675598145,1.4897418916225433
621,ILSVRC2012_val_00031606_n03649909.JPEG,ILSVRC2012_val_00005053_n03649909.JPEG,0.1578348726034164,0.1338729858398437,2.103700399398804,0.023961886763572693
621,ILSVRC2012_val_00039151_n03649909.JPEG,ILSVRC2012_val_00033704_n03649909.JPEG,0.3569311201572418,0.0633767247200012,0.5456548929214478,0.2935543954372406
621,ILSVRC2012_val_00013162_n03649909.JPEG,ILSVRC2012_val_00017305_n03649909.JPEG,1.014762043952942,0.5875969529151917,2.318452835083008,0.42716509103775024
621,ILSVRC2012_val_00026117_n03649909.JPEG,ILSVRC2012_val_00009937_n03649909.JPEG,0.5248100757598877,0.0226312279701232,0.8877547979354858,0.5021788477897645
621,ILSVRC2012_val_00028728_n03649909.JPEG,ILSVRC2012_val_00021670_n03649909.JPEG,0.6381963491439819,0.060318499803543,0.7922154664993286,0.577877849340439
622,ILSVRC2012_val_00047556_n03657121.JPEG,ILSVRC2012_val_00023699_n03657121.JPEG,0.0110197998583316,0.1170368790626525,0.4515192806720733,0.10601707920432091
622,ILSVRC2012_val_00033154_n03657121.JPEG,ILSVRC2012_val_00025475_n03657121.JPEG,2.3115603923797607,1.8366003036499023,5.862214088439941,0.4749600887298584
622,ILSVRC2012_val_00013060_n03657121.JPEG,ILSVRC2012_val_00028008_n03657121.JPEG,2.5038795471191406,1.8016235828399656,8.515625,0.702255964279175
622,ILSVRC2012_val_00020665_n03657121.JPEG,ILSVRC2012_val_00011439_n03657121.JPEG,2.5448808670043945,4.006492614746094,7.625590324401855,1.4616117477416992
622,ILSVRC2012_val_00045993_n03657121.JPEG,ILSVRC2012_val_00003379_n03657121.JPEG,8.184173583984375,5.849864959716797,9.616058349609377,2.334308624267578
623,ILSVRC2012_val_00031590_n03658185.JPEG,ILSVRC2012_val_00024027_n03658185.JPEG,0.3754792213439941,0.3837507963180542,1.5242013931274414,0.008271574974060114
623,ILSVRC2012_val_00042131_n03658185.JPEG,ILSVRC2012_val_00010684_n03658185.JPEG,3.964195251464844,5.551141738891602,7.515567302703857,1.5869464874267574
623,ILSVRC2012_val_00038605_n03658185.JPEG,ILSVRC2012_val_00049058_n03658185.JPEG,5.665937423706055,2.913851261138916,6.349847316741943,2.7520861625671387
623,ILSVRC2012_val_00037006_n03658185.JPEG,ILSVRC2012_val_00033478_n03658185.JPEG,6.060749053955078,3.037885427474976,6.947879314422607,3.022863626480102
623,ILSVRC2012_val_00019541_n03658185.JPEG,ILSVRC2012_val_00039211_n03658185.JPEG,3.977252960205078,0.7218440175056458,4.800810813903809,3.2554089426994324
624,ILSVRC2012_val_00000849_n03661043.JPEG,ILSVRC2012_val_00002813_n03661043.JPEG,0.0151220569387078,0.0058201132342219,0.0517264120280742,0.0093019437044859
624,ILSVRC2012_val_00023849_n03661043.JPEG,ILSVRC2012_val_00032167_n03661043.JPEG,0.5636038780212402,0.1066011190414428,2.4906702041625977,0.4570027589797974
624,ILSVRC2012_val_00037789_n03661043.JPEG,ILSVRC2012_val_00018698_n03661043.JPEG,0.0949069783091545,0.568809986114502,0.631138026714325,0.47390300780534744
624,ILSVRC2012_val_00020914_n03661043.JPEG,ILSVRC2012_val_00014517_n03661043.JPEG,0.1313877999782562,0.8826322555541992,1.1000360250473022,0.751244455575943
624,ILSVRC2012_val_00018849_n03661043.JPEG,ILSVRC2012_val_00028549_n03661043.JPEG,1.524343967437744,3.114829540252685,3.114829540252685,1.5904855728149412
625,ILSVRC2012_val_00034459_n03662601.JPEG,ILSVRC2012_val_00028180_n03662601.JPEG,0.0028150952421128,0.008219582028687,0.0349294617772102,0.0054044867865742
625,ILSVRC2012_val_00016448_n03662601.JPEG,ILSVRC2012_val_00027527_n03662601.JPEG,0.0308828558772802,0.0173473916947841,3.6186363697052,0.013535464182496102
625,ILSVRC2012_val_00014119_n03662601.JPEG,ILSVRC2012_val_00035440_n03662601.JPEG,0.0118437195196747,0.1056226342916488,0.1382223218679428,0.0937789147719741
625,ILSVRC2012_val_00023315_n03662601.JPEG,ILSVRC2012_val_00039237_n03662601.JPEG,0.0374684855341911,0.132221832871437,1.681526780128479,0.09475334733724589
625,ILSVRC2012_val_00009680_n03662601.JPEG,ILSVRC2012_val_00047549_n03662601.JPEG,0.0431966446340084,0.1821868866682052,0.3174909949302673,0.1389902420341968
626,ILSVRC2012_val_00009465_n03666591.JPEG,ILSVRC2012_val_00041936_n03666591.JPEG,0.1147943139076232,0.0545310750603675,2.590733766555786,0.06026323884725569
626,ILSVRC2012_val_00042314_n03666591.JPEG,ILSVRC2012_val_00032476_n03666591.JPEG,0.9619961977005004,0.1070936992764473,0.9619961977005004,0.8549024984240531
626,ILSVRC2012_val_00010010_n03666591.JPEG,ILSVRC2012_val_00032976_n03666591.JPEG,3.512535572052002,2.2899978160858154,5.720666885375977,1.2225377559661865
626,ILSVRC2012_val_00042650_n03666591.JPEG,ILSVRC2012_val_00033464_n03666591.JPEG,1.892174243927002,0.5381789207458496,4.939437389373779,1.3539953231811523
626,ILSVRC2012_val_00044699_n03666591.JPEG,ILSVRC2012_val_00032083_n03666591.JPEG,2.6208574771881104,0.0075847031548619,3.751834392547608,2.6132727740332484
627,ILSVRC2012_val_00010364_n03670208.JPEG,ILSVRC2012_val_00037457_n03670208.JPEG,0.0029072184115648,0.0089665381237864,0.916779637336731,0.006059319712221601
627,ILSVRC2012_val_00019700_n03670208.JPEG,ILSVRC2012_val_00020218_n03670208.JPEG,0.0452162027359008,0.0262999832630157,0.2468220591545105,0.018916219472885104
627,ILSVRC2012_val_00040295_n03670208.JPEG,ILSVRC2012_val_00018066_n03670208.JPEG,0.0427679605782032,0.0846617445349693,0.9383059740066528,0.0418937839567661
627,ILSVRC2012_val_00044197_n03670208.JPEG,ILSVRC2012_val_00001438_n03670208.JPEG,0.1941064447164535,0.007112895604223,0.3010732531547546,0.18699354911223048
627,ILSVRC2012_val_00042842_n03670208.JPEG,ILSVRC2012_val_00034651_n03670208.JPEG,0.7488667964935303,2.0204105377197266,4.73822546005249,1.2715437412261963
628,ILSVRC2012_val_00034477_n03673027.JPEG,ILSVRC2012_val_00034953_n03673027.JPEG,0.0084387622773647,0.0096298214048147,0.0198383703827857,0.0011910591274499997
628,ILSVRC2012_val_00001106_n03673027.JPEG,ILSVRC2012_val_00010733_n03673027.JPEG,0.0463580191135406,0.007174561265856,0.0528586767613887,0.0391834578476846
628,ILSVRC2012_val_00034146_n03673027.JPEG,ILSVRC2012_val_00016241_n03673027.JPEG,0.0085411248728632,0.1478028744459152,0.149214968085289,0.13926174957305198
628,ILSVRC2012_val_00037942_n03673027.JPEG,ILSVRC2012_val_00049165_n03673027.JPEG,0.3429462611675262,0.1795480251312255,0.7623905539512634,0.1633982360363007
628,ILSVRC2012_val_00046585_n03673027.JPEG,ILSVRC2012_val_00039380_n03673027.JPEG,0.255841314792633,0.0350233912467956,1.62848699092865,0.2208179235458374
629,ILSVRC2012_val_00030550_n03676483.JPEG,ILSVRC2012_val_00002419_n03676483.JPEG,0.2401467710733413,0.0120172323659062,0.2777183651924133,0.22812953870743508
629,ILSVRC2012_val_00004648_n03676483.JPEG,ILSVRC2012_val_00027437_n03676483.JPEG,1.6657514572143557,2.159069538116455,3.7884693145751953,0.4933180809020994
629,ILSVRC2012_val_00001914_n03676483.JPEG,ILSVRC2012_val_00001262_n03676483.JPEG,0.0143374996259808,0.568228542804718,0.7952010035514832,0.5538910431787372
629,ILSVRC2012_val_00044845_n03676483.JPEG,ILSVRC2012_val_00040982_n03676483.JPEG,0.1996560096740722,1.4586989879608154,4.164159297943115,1.2590429782867432
629,ILSVRC2012_val_00035083_n03676483.JPEG,ILSVRC2012_val_00018498_n03676483.JPEG,3.231447696685791,0.2228984236717224,4.889913558959961,3.0085492730140686
630,ILSVRC2012_val_00006938_n03680355.JPEG,ILSVRC2012_val_00019717_n03680355.JPEG,0.6291678547859192,0.5407013893127441,3.133358955383301,0.08846646547317505
630,ILSVRC2012_val_00012963_n03680355.JPEG,ILSVRC2012_val_00007565_n03680355.JPEG,0.4005462229251861,0.2129522413015365,2.897005558013916,0.1875939816236496
630,ILSVRC2012_val_00026177_n03680355.JPEG,ILSVRC2012_val_00018270_n03680355.JPEG,1.2564992904663086,0.8014575839042664,2.5182137489318848,0.45504170656204224
630,ILSVRC2012_val_00037706_n03680355.JPEG,ILSVRC2012_val_00047129_n03680355.JPEG,1.4368326663970947,0.1612305641174316,3.889326572418213,1.275602102279663
630,ILSVRC2012_val_00015279_n03680355.JPEG,ILSVRC2012_val_00047087_n03680355.JPEG,2.289650678634644,0.500705361366272,3.0401554107666016,1.788945317268372
631,ILSVRC2012_val_00048638_n03690938.JPEG,ILSVRC2012_val_00003466_n03690938.JPEG,1.411942958831787,1.2137160301208496,1.4242894649505615,0.1982269287109375
631,ILSVRC2012_val_00043006_n03690938.JPEG,ILSVRC2012_val_00039984_n03690938.JPEG,3.223104476928711,3.756722688674927,4.092066764831543,0.5336182117462163
631,ILSVRC2012_val_00011599_n03690938.JPEG,ILSVRC2012_val_00031423_n03690938.JPEG,0.3580058217048645,1.0873470306396484,2.4315547943115234,0.7293412089347839
631,ILSVRC2012_val_00029256_n03690938.JPEG,ILSVRC2012_val_00048985_n03690938.JPEG,0.8669310212135315,1.667026400566101,1.6990522146224976,0.8000953793525696
631,ILSVRC2012_val_00029964_n03690938.JPEG,ILSVRC2012_val_00036956_n03690938.JPEG,0.1507483273744583,1.0981452465057373,1.4441722631454468,0.947396919131279
632,ILSVRC2012_val_00034656_n03691459.JPEG,ILSVRC2012_val_00007417_n03691459.JPEG,4.619546413421631,4.698071002960205,7.271219730377197,0.07852458953857422
632,ILSVRC2012_val_00000640_n03691459.JPEG,ILSVRC2012_val_00044641_n03691459.JPEG,0.139137789607048,0.0090136770159006,0.1704193204641342,0.1301241125911474
632,ILSVRC2012_val_00020742_n03691459.JPEG,ILSVRC2012_val_00022310_n03691459.JPEG,1.473701238632202,1.661212921142578,3.444045305252075,0.18751168251037598
632,ILSVRC2012_val_00000109_n03691459.JPEG,ILSVRC2012_val_00040815_n03691459.JPEG,0.3597038388252258,1.0113109350204468,2.265532732009888,0.651607096195221
632,ILSVRC2012_val_00032601_n03691459.JPEG,ILSVRC2012_val_00049230_n03691459.JPEG,6.511101245880127,7.421595573425293,7.446521282196045,0.910494327545166
633,ILSVRC2012_val_00025561_n03692522.JPEG,ILSVRC2012_val_00033345_n03692522.JPEG,2.3550596237182617,2.6418261528015137,2.987945318222046,0.28676652908325195
633,ILSVRC2012_val_00026457_n03692522.JPEG,ILSVRC2012_val_00031500_n03692522.JPEG,1.824536919593811,2.76304292678833,5.155455112457275,0.938506007194519
633,ILSVRC2012_val_00040460_n03692522.JPEG,ILSVRC2012_val_00028226_n03692522.JPEG,6.203959465026856,2.7261059284210205,7.56887149810791,3.477853536605836
633,ILSVRC2012_val_00033610_n03692522.JPEG,ILSVRC2012_val_00046713_n03692522.JPEG,3.178520679473877,9.11338233947754,10.956789016723633,5.934861660003664
633,ILSVRC2012_val_00012274_n03692522.JPEG,ILSVRC2012_val_00046725_n03692522.JPEG,3.772542953491211,9.820773124694824,9.85305881500244,6.048230171203613
634,ILSVRC2012_val_00046301_n03697007.JPEG,ILSVRC2012_val_00016413_n03697007.JPEG,0.0100718839094042,0.0609985031187534,0.1029677465558052,0.0509266192093492
634,ILSVRC2012_val_00012312_n03697007.JPEG,ILSVRC2012_val_00036866_n03697007.JPEG,0.2706066966056824,0.0160548780113458,2.101390838623047,0.25455181859433657
634,ILSVRC2012_val_00012947_n03697007.JPEG,ILSVRC2012_val_00042463_n03697007.JPEG,0.0240494664758443,0.3281582295894623,4.050883293151856,0.304108763113618
634,ILSVRC2012_val_00017091_n03697007.JPEG,ILSVRC2012_val_00013631_n03697007.JPEG,1.3061237335205078,0.3437806367874145,1.6506403684616089,0.9623430967330933
634,ILSVRC2012_val_00047930_n03697007.JPEG,ILSVRC2012_val_00037670_n03697007.JPEG,2.094219446182251,0.5521731972694397,2.842127799987793,1.5420462489128113
635,ILSVRC2012_val_00019455_n03706229.JPEG,ILSVRC2012_val_00003975_n03706229.JPEG,1.1107165813446045,0.6771497130393982,1.330531120300293,0.4335668683052063
635,ILSVRC2012_val_00004516_n03706229.JPEG,ILSVRC2012_val_00049888_n03706229.JPEG,0.0034619180951267,0.6747256517410278,0.7282212376594543,0.6712637336459011
635,ILSVRC2012_val_00049009_n03706229.JPEG,ILSVRC2012_val_00018668_n03706229.JPEG,1.0101922750473022,0.0813891589641571,1.04068922996521,0.9288031160831451
635,ILSVRC2012_val_00010647_n03706229.JPEG,ILSVRC2012_val_00032835_n03706229.JPEG,5.629089832305908,4.356784820556641,6.990091323852539,1.2723050117492676
635,ILSVRC2012_val_00001229_n03706229.JPEG,ILSVRC2012_val_00025741_n03706229.JPEG,2.4355740547180176,3.9179046154022217,3.9179046154022217,1.482330560684204
636,ILSVRC2012_val_00048873_n03709823.JPEG,ILSVRC2012_val_00000221_n03709823.JPEG,0.8657823801040649,0.6585814356803894,2.741345167160034,0.20720094442367554
636,ILSVRC2012_val_00041107_n03709823.JPEG,ILSVRC2012_val_00034532_n03709823.JPEG,0.5538984537124634,0.0621338784694671,0.9144976139068604,0.49176457524299627
636,ILSVRC2012_val_00000435_n03709823.JPEG,ILSVRC2012_val_00025557_n03709823.JPEG,0.4677991867065429,0.991225242614746,2.4050350189208984,0.5234260559082031
636,ILSVRC2012_val_00035896_n03709823.JPEG,ILSVRC2012_val_00014162_n03709823.JPEG,0.8143907189369202,1.4097744226455688,2.673975706100464,0.5953837037086487
636,ILSVRC2012_val_00026176_n03709823.JPEG,ILSVRC2012_val_00040662_n03709823.JPEG,0.569499135017395,1.6480793952941897,2.119088888168335,1.0785802602767947
637,ILSVRC2012_val_00028333_n03710193.JPEG,ILSVRC2012_val_00010118_n03710193.JPEG,0.2999608218669891,0.1738944500684738,0.3877463340759277,0.1260663717985153
637,ILSVRC2012_val_00036617_n03710193.JPEG,ILSVRC2012_val_00043368_n03710193.JPEG,0.1422878354787826,0.5531471371650696,1.96347451210022,0.410859301686287
637,ILSVRC2012_val_00003949_n03710193.JPEG,ILSVRC2012_val_00002203_n03710193.JPEG,0.5646671056747437,1.0663527250289917,5.0297393798828125,0.501685619354248
637,ILSVRC2012_val_00035424_n03710193.JPEG,ILSVRC2012_val_00000364_n03710193.JPEG,1.2776520252227783,0.7742151618003845,6.196193695068359,0.5034368634223938
637,ILSVRC2012_val_00032424_n03710193.JPEG,ILSVRC2012_val_00044062_n03710193.JPEG,0.0813872888684272,1.0816736221313477,2.4092464447021484,1.0002863332629204
638,ILSVRC2012_val_00048724_n03710637.JPEG,ILSVRC2012_val_00043979_n03710637.JPEG,1.01595938205719,1.349803805351257,2.4223947525024414,0.33384442329406716
638,ILSVRC2012_val_00003825_n03710637.JPEG,ILSVRC2012_val_00029706_n03710637.JPEG,1.60068678855896,2.093884229660034,6.224088668823242,0.4931974411010742
638,ILSVRC2012_val_00015163_n03710637.JPEG,ILSVRC2012_val_00029104_n03710637.JPEG,3.0677390098571777,2.525306224822998,5.171812057495117,0.5424327850341797
638,ILSVRC2012_val_00012080_n03710637.JPEG,ILSVRC2012_val_00033398_n03710637.JPEG,1.0094032287597656,1.624698519706726,1.82019305229187,0.6152952909469604
638,ILSVRC2012_val_00016626_n03710637.JPEG,ILSVRC2012_val_00000184_n03710637.JPEG,0.937886118888855,1.9145143032073972,2.893720388412476,0.9766281843185423
639,ILSVRC2012_val_00010174_n03710721.JPEG,ILSVRC2012_val_00006538_n03710721.JPEG,0.9760245084762572,0.987382471561432,5.092024803161621,0.011357963085174783
639,ILSVRC2012_val_00024687_n03710721.JPEG,ILSVRC2012_val_00029807_n03710721.JPEG,1.3855730295181274,1.0241374969482422,2.0889339447021484,0.36143553256988525
639,ILSVRC2012_val_00038988_n03710721.JPEG,ILSVRC2012_val_00026035_n03710721.JPEG,0.6799108386039734,0.2659368813037872,1.487748622894287,0.4139739573001862
639,ILSVRC2012_val_00042939_n03710721.JPEG,ILSVRC2012_val_00047553_n03710721.JPEG,1.599310040473938,0.7115224599838257,2.1738553047180176,0.8877875804901123
639,ILSVRC2012_val_00044100_n03710721.JPEG,ILSVRC2012_val_00019255_n03710721.JPEG,0.6342863440513611,1.5707495212554932,2.2394888401031494,0.9364631772041321
640,ILSVRC2012_val_00013884_n03717622.JPEG,ILSVRC2012_val_00037808_n03717622.JPEG,0.0847128927707672,0.1132425814867019,0.1132425814867019,0.028529688715934698
640,ILSVRC2012_val_00010900_n03717622.JPEG,ILSVRC2012_val_00022059_n03717622.JPEG,0.1137886047363281,0.0147995688021183,0.1137886047363281,0.0989890359342098
640,ILSVRC2012_val_00032460_n03717622.JPEG,ILSVRC2012_val_00023787_n03717622.JPEG,0.288607120513916,0.126068577170372,0.3088763058185577,0.162538543343544
640,ILSVRC2012_val_00017701_n03717622.JPEG,ILSVRC2012_val_00029343_n03717622.JPEG,0.0864166617393493,0.5444741249084473,0.5444741249084473,0.45805746316909796
640,ILSVRC2012_val_00034196_n03717622.JPEG,ILSVRC2012_val_00009632_n03717622.JPEG,0.1010214313864708,0.8833379149436951,0.8833379149436951,0.7823164835572243
641,ILSVRC2012_val_00026768_n03720891.JPEG,ILSVRC2012_val_00023160_n03720891.JPEG,0.0196964833885431,0.0072739766910672,0.7008103132247925,0.012422506697475902
641,ILSVRC2012_val_00049699_n03720891.JPEG,ILSVRC2012_val_00018810_n03720891.JPEG,0.0005631053354591,0.4821111559867859,0.4908143877983093,0.4815480506513268
641,ILSVRC2012_val_00034431_n03720891.JPEG,ILSVRC2012_val_00045870_n03720891.JPEG,0.7944256663322449,1.9972589015960691,4.726376533508301,1.2028332352638242
641,ILSVRC2012_val_00025932_n03720891.JPEG,ILSVRC2012_val_00020940_n03720891.JPEG,0.0011542332358658,1.8869948387146,1.930558204650879,1.8858406054787342
641,ILSVRC2012_val_00047710_n03720891.JPEG,ILSVRC2012_val_00018219_n03720891.JPEG,0.1485681533813476,2.247398376464844,2.390789747238159,2.0988302230834965
642,ILSVRC2012_val_00046386_n03721384.JPEG,ILSVRC2012_val_00040861_n03721384.JPEG,0.0014507970772683,0.0016705142334103,1.6903361082077026,0.00021971715614200007
642,ILSVRC2012_val_00032461_n03721384.JPEG,ILSVRC2012_val_00035773_n03721384.JPEG,0.1385550051927566,0.0240682028234004,0.4587776660919189,0.1144868023693562
642,ILSVRC2012_val_00024057_n03721384.JPEG,ILSVRC2012_val_00023191_n03721384.JPEG,0.0712866559624672,1.0922234058380127,8.669068336486816,1.0209367498755455
642,ILSVRC2012_val_00006674_n03721384.JPEG,ILSVRC2012_val_00022555_n03721384.JPEG,2.892362594604492,0.0322076119482517,3.280064344406128,2.8601549826562405
642,ILSVRC2012_val_00020459_n03721384.JPEG,ILSVRC2012_val_00038298_n03721384.JPEG,2.589305639266968,5.506082534790039,5.510855674743652,2.916776895523071
643,ILSVRC2012_val_00045706_n03724870.JPEG,ILSVRC2012_val_00022613_n03724870.JPEG,3.515326499938965,3.754965305328369,4.106466293334961,0.2396388053894043
643,ILSVRC2012_val_00014399_n03724870.JPEG,ILSVRC2012_val_00043713_n03724870.JPEG,1.3777190446853638,0.6244197487831116,1.8027302026748655,0.7532992959022522
643,ILSVRC2012_val_00000608_n03724870.JPEG,ILSVRC2012_val_00021038_n03724870.JPEG,1.0885971784591677,2.418562889099121,4.39727783203125,1.3299657106399534
643,ILSVRC2012_val_00003083_n03724870.JPEG,ILSVRC2012_val_00007883_n03724870.JPEG,1.9313305616378784,3.494715929031372,4.706289291381836,1.5633853673934937
643,ILSVRC2012_val_00035729_n03724870.JPEG,ILSVRC2012_val_00045737_n03724870.JPEG,3.1103954315185547,0.8756718039512634,3.1614060401916504,2.2347236275672913
644,ILSVRC2012_val_00021530_n03729826.JPEG,ILSVRC2012_val_00000259_n03729826.JPEG,0.4416092932224273,0.040550123900175,0.4416092932224273,0.40105916932225233
644,ILSVRC2012_val_00009630_n03729826.JPEG,ILSVRC2012_val_00041722_n03729826.JPEG,0.3826861381530761,0.9470504522323608,5.030786514282227,0.5643643140792847
644,ILSVRC2012_val_00038947_n03729826.JPEG,ILSVRC2012_val_00042826_n03729826.JPEG,2.1118617057800293,0.994227945804596,5.228030204772949,1.1176337599754333
644,ILSVRC2012_val_00034339_n03729826.JPEG,ILSVRC2012_val_00015901_n03729826.JPEG,0.9905521869659424,2.233029127120972,5.287195682525635,1.2424769401550297
644,ILSVRC2012_val_00044803_n03729826.JPEG,ILSVRC2012_val_00036627_n03729826.JPEG,0.4147291183471679,2.639153957366944,7.096412181854248,2.224424839019776
645,ILSVRC2012_val_00027769_n03733131.JPEG,ILSVRC2012_val_00007433_n03733131.JPEG,0.0016307639889419,0.0095644099637866,0.0095644099637866,0.007933645974844701
645,ILSVRC2012_val_00031513_n03733131.JPEG,ILSVRC2012_val_00024970_n03733131.JPEG,0.0158920362591743,0.0010439666220918,0.416537880897522,0.014848069637082498
645,ILSVRC2012_val_00010940_n03733131.JPEG,ILSVRC2012_val_00035693_n03733131.JPEG,0.0101910717785358,0.0949332118034362,0.4336671531200409,0.0847421400249004
645,ILSVRC2012_val_00025417_n03733131.JPEG,ILSVRC2012_val_00027461_n03733131.JPEG,0.0014868644066154,0.1748596429824829,0.2077195048332214,0.1733727785758675
645,ILSVRC2012_val_00012536_n03733131.JPEG,ILSVRC2012_val_00009571_n03733131.JPEG,0.016114117577672,0.2218317687511444,0.2218317687511444,0.2057176511734724
646,ILSVRC2012_val_00030246_n03733281.JPEG,ILSVRC2012_val_00011827_n03733281.JPEG,0.0053726094774901,0.0108546046540141,0.0325913466513156,0.005481995176524
646,ILSVRC2012_val_00041328_n03733281.JPEG,ILSVRC2012_val_00005623_n03733281.JPEG,0.016454592347145,0.0020141568966209,0.016454592347145,0.0144404354505241
646,ILSVRC2012_val_00030354_n03733281.JPEG,ILSVRC2012_val_00013018_n03733281.JPEG,0.0254739485681056,0.0074756164103746,0.0377095900475978,0.017998332157731
646,ILSVRC2012_val_00024860_n03733281.JPEG,ILSVRC2012_val_00006417_n03733281.JPEG,0.1001505032181739,0.0502604208886623,0.8821203708648682,0.0498900823295116
646,ILSVRC2012_val_00047090_n03733281.JPEG,ILSVRC2012_val_00020188_n03733281.JPEG,0.4456874132156372,1.2362446784973145,1.6393078565597534,0.7905572652816772
647,ILSVRC2012_val_00023829_n03733805.JPEG,ILSVRC2012_val_00018274_n03733805.JPEG,0.0612991452217102,0.3127158582210541,0.3127158582210541,0.25141671299934387
647,ILSVRC2012_val_00002768_n03733805.JPEG,ILSVRC2012_val_00037125_n03733805.JPEG,4.363903045654297,3.099330425262451,5.381032943725586,1.2645726203918457
647,ILSVRC2012_val_00042644_n03733805.JPEG,ILSVRC2012_val_00011569_n03733805.JPEG,1.5009514093399048,0.1522731781005859,3.970518589019776,1.3486782312393188
647,ILSVRC2012_val_00042054_n03733805.JPEG,ILSVRC2012_val_00035975_n03733805.JPEG,5.088408946990967,3.620476961135864,5.088408946990967,1.467931985855103
647,ILSVRC2012_val_00032926_n03733805.JPEG,ILSVRC2012_val_00029501_n03733805.JPEG,0.1974081993103027,2.5444774627685547,3.841264247894287,2.347069263458252
648,ILSVRC2012_val_00040111_n03742115.JPEG,ILSVRC2012_val_00030867_n03742115.JPEG,1.5306823253631592,0.2510184049606323,1.909447193145752,1.2796639204025269
648,ILSVRC2012_val_00027636_n03742115.JPEG,ILSVRC2012_val_00046047_n03742115.JPEG,0.4705573618412018,1.774154782295227,3.1917717456817627,1.3035974204540253
648,ILSVRC2012_val_00009495_n03742115.JPEG,ILSVRC2012_val_00046240_n03742115.JPEG,1.5518064498901367,0.0606273151934146,2.372795581817627,1.491179134696722
648,ILSVRC2012_val_00016447_n03742115.JPEG,ILSVRC2012_val_00045616_n03742115.JPEG,4.0256876945495605,1.7597005367279053,4.030327796936035,2.2659871578216553
648,ILSVRC2012_val_00017433_n03742115.JPEG,ILSVRC2012_val_00020086_n03742115.JPEG,4.224713325500488,0.3874894082546234,5.044889450073242,3.837223917245865
649,ILSVRC2012_val_00041611_n03743016.JPEG,ILSVRC2012_val_00047841_n03743016.JPEG,0.0119821317493915,0.0119427889585495,0.4700843095779419,3.934279084200076e-05
649,ILSVRC2012_val_00018372_n03743016.JPEG,ILSVRC2012_val_00020640_n03743016.JPEG,0.0120067493990063,0.0165814626961946,1.18797767162323,0.004574713297188299
649,ILSVRC2012_val_00013275_n03743016.JPEG,ILSVRC2012_val_00015599_n03743016.JPEG,0.0466741286218166,0.0269396882504224,0.0595265068113803,0.0197344403713942
649,ILSVRC2012_val_00017896_n03743016.JPEG,ILSVRC2012_val_00005049_n03743016.JPEG,0.0047808857634663,0.0460356585681438,0.2155416011810302,0.0412547728046775
649,ILSVRC2012_val_00031553_n03743016.JPEG,ILSVRC2012_val_00017922_n03743016.JPEG,1.5360848903656006,0.0220801830291748,2.916724681854248,1.5140047073364258
650,ILSVRC2012_val_00003611_n03759954.JPEG,ILSVRC2012_val_00035587_n03759954.JPEG,0.0023349660914391,0.3406101763248443,1.0796571969985962,0.33827521023340523
650,ILSVRC2012_val_00036825_n03759954.JPEG,ILSVRC2012_val_00031013_n03759954.JPEG,4.907450199127197,4.528850555419922,5.434132099151611,0.3785996437072754
650,ILSVRC2012_val_00038481_n03759954.JPEG,ILSVRC2012_val_00047050_n03759954.JPEG,2.7256529331207275,3.4224207401275635,5.441314697265625,0.6967678070068359
650,ILSVRC2012_val_00008381_n03759954.JPEG,ILSVRC2012_val_00010804_n03759954.JPEG,3.087070941925049,5.203431129455566,8.21811580657959,2.1163601875305176
650,ILSVRC2012_val_00033438_n03759954.JPEG,ILSVRC2012_val_00003465_n03759954.JPEG,2.597269058227539,0.1471016407012939,3.748026847839356,2.450167417526245
651,ILSVRC2012_val_00038763_n03761084.JPEG,ILSVRC2012_val_00020457_n03761084.JPEG,0.2898733019828796,0.1058815270662307,1.322868585586548,0.18399177491664886
651,ILSVRC2012_val_00015519_n03761084.JPEG,ILSVRC2012_val_00023629_n03761084.JPEG,6.26390552520752,3.460498809814453,7.096495628356934,2.8034067153930673
651,ILSVRC2012_val_00020448_n03761084.JPEG,ILSVRC2012_val_00019437_n03761084.JPEG,4.086848735809326,0.6670300960540771,4.156466484069824,3.419818639755249
651,ILSVRC2012_val_00034707_n03761084.JPEG,ILSVRC2012_val_00005324_n03761084.JPEG,0.4802471101284027,4.403539657592773,4.443224906921387,3.9232925474643707
651,ILSVRC2012_val_00039006_n03761084.JPEG,ILSVRC2012_val_00012790_n03761084.JPEG,5.387882709503174,1.2454506158828735,5.483804225921631,4.1424320936203
652,ILSVRC2012_val_00020808_n03763968.JPEG,ILSVRC2012_val_00005024_n03763968.JPEG,0.0038676473777741,0.0233606286346912,0.1584746092557907,0.0194929812569171
652,ILSVRC2012_val_00022356_n03763968.JPEG,ILSVRC2012_val_00047013_n03763968.JPEG,0.146727830171585,0.2164430469274521,2.5425798892974854,0.06971521675586709
652,ILSVRC2012_val_00041428_n03763968.JPEG,ILSVRC2012_val_00022279_n03763968.JPEG,1.6735469102859497,1.986743450164795,4.329257488250732,0.3131965398788452
652,ILSVRC2012_val_00042877_n03763968.JPEG,ILSVRC2012_val_00038094_n03763968.JPEG,0.5393433570861816,1.1737027168273926,6.130252361297607,0.6343593597412109
652,ILSVRC2012_val_00008107_n03763968.JPEG,ILSVRC2012_val_00029575_n03763968.JPEG,0.1011030003428459,1.510187745094299,1.510187745094299,1.4090847447514532
653,ILSVRC2012_val_00028377_n03764736.JPEG,ILSVRC2012_val_00043790_n03764736.JPEG,0.4346760809421539,0.0132450964301824,0.7894620299339294,0.4214309845119715
653,ILSVRC2012_val_00011115_n03764736.JPEG,ILSVRC2012_val_00031700_n03764736.JPEG,1.694291114807129,0.4873122274875641,4.162130355834961,1.2069788873195648
653,ILSVRC2012_val_00048918_n03764736.JPEG,ILSVRC2012_val_00022235_n03764736.JPEG,0.3740211427211761,2.890104293823242,6.596456527709961,2.516083151102066
653,ILSVRC2012_val_00013680_n03764736.JPEG,ILSVRC2012_val_00020505_n03764736.JPEG,5.844879150390625,3.0083608627319336,5.975975513458252,2.8365182876586914
653,ILSVRC2012_val_00001770_n03764736.JPEG,ILSVRC2012_val_00020546_n03764736.JPEG,7.715317249298096,2.9559693336486816,9.593704223632812,4.759347915649414
654,ILSVRC2012_val_00031349_n03769881.JPEG,ILSVRC2012_val_00005606_n03769881.JPEG,0.4453529119491577,0.2009400427341461,0.8746650815010071,0.24441286921501162
654,ILSVRC2012_val_00007633_n03769881.JPEG,ILSVRC2012_val_00000793_n03769881.JPEG,0.787670373916626,0.2164494842290878,0.826528787612915,0.5712208896875381
654,ILSVRC2012_val_00021324_n03769881.JPEG,ILSVRC2012_val_00022551_n03769881.JPEG,1.0514150857925415,0.1725172102451324,2.5179715156555176,0.8788978755474091
654,ILSVRC2012_val_00049225_n03769881.JPEG,ILSVRC2012_val_00042688_n03769881.JPEG,1.286978244781494,0.0771663635969162,2.6924753189086914,1.2098118811845777
654,ILSVRC2012_val_00033143_n03769881.JPEG,ILSVRC2012_val_00035663_n03769881.JPEG,0.3924490213394165,1.655473232269287,1.6780791282653809,1.2630242109298706
655,ILSVRC2012_val_00018416_n03770439.JPEG,ILSVRC2012_val_00046676_n03770439.JPEG,0.3287621736526489,0.7061938047409058,2.736297607421875,0.37743163108825684
655,ILSVRC2012_val_00005391_n03770439.JPEG,ILSVRC2012_val_00012737_n03770439.JPEG,0.9214070439338684,0.4917988181114197,5.286992073059082,0.42960822582244873
655,ILSVRC2012_val_00006164_n03770439.JPEG,ILSVRC2012_val_00037504_n03770439.JPEG,4.502968311309815,3.991301059722901,6.13020133972168,0.5116672515869145
655,ILSVRC2012_val_00032294_n03770439.JPEG,ILSVRC2012_val_00038008_n03770439.JPEG,1.6892526149749756,2.2079010009765625,3.9923036098480233,0.5186483860015869
655,ILSVRC2012_val_00035350_n03770439.JPEG,ILSVRC2012_val_00020532_n03770439.JPEG,0.7999405264854431,2.615252017974853,5.023179054260254,1.81531149148941
656,ILSVRC2012_val_00027151_n03770679.JPEG,ILSVRC2012_val_00014140_n03770679.JPEG,3.356543779373169,4.227920055389404,7.760360240936279,0.8713762760162354
656,ILSVRC2012_val_00010587_n03770679.JPEG,ILSVRC2012_val_00045148_n03770679.JPEG,1.525700330734253,0.4673518240451813,3.025785446166992,1.0583485066890717
656,ILSVRC2012_val_00041154_n03770679.JPEG,ILSVRC2012_val_00037829_n03770679.JPEG,2.934206962585449,1.4827890396118164,5.033195972442627,1.4514179229736328
656,ILSVRC2012_val_00024550_n03770679.JPEG,ILSVRC2012_val_00038133_n03770679.JPEG,0.2826355099678039,2.026942491531372,2.452669382095337,1.7443069815635681
656,ILSVRC2012_val_00012490_n03770679.JPEG,ILSVRC2012_val_00044664_n03770679.JPEG,0.6866062879562378,3.355700731277466,4.227497100830078,2.669094443321228
657,ILSVRC2012_val_00020413_n03773504.JPEG,ILSVRC2012_val_00010724_n03773504.JPEG,1.023959398269653,0.4075454473495483,2.6698901653289795,0.6164139509201048
657,ILSVRC2012_val_00031707_n03773504.JPEG,ILSVRC2012_val_00031503_n03773504.JPEG,0.6556566953659058,1.6150059700012207,1.88926374912262,0.9593492746353149
657,ILSVRC2012_val_00016766_n03773504.JPEG,ILSVRC2012_val_00026955_n03773504.JPEG,4.0040283203125,5.057058334350586,5.095348834991455,1.053030014038086
657,ILSVRC2012_val_00019081_n03773504.JPEG,ILSVRC2012_val_00016927_n03773504.JPEG,1.918160915374756,0.7604355812072754,3.002988338470459,1.1577253341674807
657,ILSVRC2012_val_00006965_n03773504.JPEG,ILSVRC2012_val_00046125_n03773504.JPEG,4.099762916564941,0.5545914769172668,4.099762916564941,3.5451714396476746
658,ILSVRC2012_val_00037775_n03775071.JPEG,ILSVRC2012_val_00040236_n03775071.JPEG,0.0669454187154769,0.1247889250516891,0.2490335404872894,0.0578435063362122
658,ILSVRC2012_val_00013118_n03775071.JPEG,ILSVRC2012_val_00019606_n03775071.JPEG,0.3942294418811798,0.1730780452489853,1.1933462619781494,0.22115139663219452
658,ILSVRC2012_val_00019745_n03775071.JPEG,ILSVRC2012_val_00047558_n03775071.JPEG,0.1142676621675491,0.5990214943885803,1.8678354024887085,0.4847538322210312
658,ILSVRC2012_val_00002123_n03775071.JPEG,ILSVRC2012_val_00037281_n03775071.JPEG,0.003616580273956,1.060692548751831,2.0277259349823,1.057075968477875
658,ILSVRC2012_val_00032775_n03775071.JPEG,ILSVRC2012_val_00049880_n03775071.JPEG,1.6022653579711914,0.002613702090457,1.6022653579711914,1.5996516558807343
659,ILSVRC2012_val_00006621_n03775546.JPEG,ILSVRC2012_val_00028147_n03775546.JPEG,0.0246989857405424,0.0388129875063896,0.1511957496404647,0.014114001765847196
659,ILSVRC2012_val_00013468_n03775546.JPEG,ILSVRC2012_val_00025316_n03775546.JPEG,0.0098974434658885,0.1109927594661712,0.3212676048278808,0.1010953160002827
659,ILSVRC2012_val_00022647_n03775546.JPEG,ILSVRC2012_val_00013180_n03775546.JPEG,0.170205682516098,0.3486712872982025,2.479952812194824,0.17846560478210452
659,ILSVRC2012_val_00013396_n03775546.JPEG,ILSVRC2012_val_00032236_n03775546.JPEG,1.8956331014633176,1.5566065311431885,3.968899726867676,0.3390265703201292
659,ILSVRC2012_val_00029594_n03775546.JPEG,ILSVRC2012_val_00046554_n03775546.JPEG,0.0452664494514465,0.70631343126297,0.70631343126297,0.6610469818115234
660,ILSVRC2012_val_00045235_n03776460.JPEG,ILSVRC2012_val_00000254_n03776460.JPEG,0.2827823162078857,0.3126275241374969,0.9607218503952026,0.029845207929611206
660,ILSVRC2012_val_00026255_n03776460.JPEG,ILSVRC2012_val_00039995_n03776460.JPEG,1.1065161228179932,0.8549246191978455,1.530898094177246,0.2515915036201477
660,ILSVRC2012_val_00020024_n03776460.JPEG,ILSVRC2012_val_00013909_n03776460.JPEG,0.039883442223072,0.8951495885848999,0.8951495885848999,0.8552661463618279
660,ILSVRC2012_val_00044169_n03776460.JPEG,ILSVRC2012_val_00029643_n03776460.JPEG,1.9848624467849727,3.5823721885681152,4.616312980651856,1.5975097417831425
660,ILSVRC2012_val_00003704_n03776460.JPEG,ILSVRC2012_val_00039128_n03776460.JPEG,2.096656322479248,0.0113877076655626,2.813960552215576,2.0852686148136854
661,ILSVRC2012_val_00003473_n03777568.JPEG,ILSVRC2012_val_00013826_n03777568.JPEG,0.0066579179838299,0.0246011726558208,0.0759830847382545,0.017943254671990903
661,ILSVRC2012_val_00047282_n03777568.JPEG,ILSVRC2012_val_00029553_n03777568.JPEG,0.0352132990956306,0.0818735510110855,0.9562260508537292,0.0466602519154549
661,ILSVRC2012_val_00040137_n03777568.JPEG,ILSVRC2012_val_00028447_n03777568.JPEG,0.0041066608391702,0.099529854953289,0.2542213499546051,0.0954231941141188
661,ILSVRC2012_val_00003977_n03777568.JPEG,ILSVRC2012_val_00033109_n03777568.JPEG,0.3112635910511017,0.1891537308692932,0.9322732090950012,0.12210986018180847
661,ILSVRC2012_val_00023313_n03777568.JPEG,ILSVRC2012_val_00012494_n03777568.JPEG,1.4609276056289673,1.2626625299453735,1.8622283935546875,0.19826507568359375
662,ILSVRC2012_val_00001373_n03777754.JPEG,ILSVRC2012_val_00007751_n03777754.JPEG,0.5844178199768066,0.3686954975128174,0.9195101857185364,0.21572232246398926
662,ILSVRC2012_val_00048137_n03777754.JPEG,ILSVRC2012_val_00007543_n03777754.JPEG,1.7175965309143066,2.144122838973999,3.4027042388916016,0.4265263080596924
662,ILSVRC2012_val_00033906_n03777754.JPEG,ILSVRC2012_val_00008248_n03777754.JPEG,0.0571717508137226,0.8362046480178833,1.9087707996368408,0.7790328972041607
662,ILSVRC2012_val_00020155_n03777754.JPEG,ILSVRC2012_val_00013097_n03777754.JPEG,0.0045197238214313,2.340684652328491,2.5375399589538574,2.33616492850706
662,ILSVRC2012_val_00018445_n03777754.JPEG,ILSVRC2012_val_00042209_n03777754.JPEG,0.6209988594055176,3.376145601272583,4.046998023986816,2.7551467418670654
663,ILSVRC2012_val_00026309_n03781244.JPEG,ILSVRC2012_val_00008955_n03781244.JPEG,1.46300208568573,1.6207358837127686,2.4793176651000977,0.15773379802703857
663,ILSVRC2012_val_00003613_n03781244.JPEG,ILSVRC2012_val_00000812_n03781244.JPEG,0.7995269894599915,0.5439307689666748,2.0283098220825195,0.25559622049331665
663,ILSVRC2012_val_00035772_n03781244.JPEG,ILSVRC2012_val_00005950_n03781244.JPEG,0.4695401191711426,1.015945315361023,1.621424436569214,0.5464051961898804
663,ILSVRC2012_val_00043489_n03781244.JPEG,ILSVRC2012_val_00023032_n03781244.JPEG,1.7149882316589355,0.7932183146476746,2.418180227279663,0.921769917011261
663,ILSVRC2012_val_00025012_n03781244.JPEG,ILSVRC2012_val_00000670_n03781244.JPEG,0.3809292316436767,1.661055326461792,1.747685194015503,1.2801260948181152
664,ILSVRC2012_val_00049172_n03782006.JPEG,ILSVRC2012_val_00018503_n03782006.JPEG,1.0872325897216797,1.7200047969818115,1.7620031833648682,0.6327722072601318
664,ILSVRC2012_val_00004083_n03782006.JPEG,ILSVRC2012_val_00035146_n03782006.JPEG,1.692992925643921,0.6180952191352844,2.874565839767456,1.0748977065086365
664,ILSVRC2012_val_00000119_n03782006.JPEG,ILSVRC2012_val_00029541_n03782006.JPEG,4.171777725219727,2.649292469024658,4.52477502822876,1.5224852561950684
664,ILSVRC2012_val_00010771_n03782006.JPEG,ILSVRC2012_val_00016129_n03782006.JPEG,4.590597152709961,2.2508912086486816,4.827061653137207,2.3397059440612793
664,ILSVRC2012_val_00002107_n03782006.JPEG,ILSVRC2012_val_00015161_n03782006.JPEG,4.125788688659668,1.176120638847351,4.563392162322998,2.949668049812317
665,ILSVRC2012_val_00049818_n03785016.JPEG,ILSVRC2012_val_00009268_n03785016.JPEG,0.3471578061580658,0.0804469436407089,0.8498802185058594,0.2667108625173569
665,ILSVRC2012_val_00013476_n03785016.JPEG,ILSVRC2012_val_00049674_n03785016.JPEG,1.5067837238311768,0.0428981594741344,2.1325128078460693,1.4638855643570423
665,ILSVRC2012_val_00021251_n03785016.JPEG,ILSVRC2012_val_00033724_n03785016.JPEG,1.325586438179016,3.5469870567321777,4.329599380493164,2.2214006185531616
665,ILSVRC2012_val_00006644_n03785016.JPEG,ILSVRC2012_val_00041104_n03785016.JPEG,3.4568772315979004,1.0578728914260864,4.658162593841553,2.399004340171814
665,ILSVRC2012_val_00037248_n03785016.JPEG,ILSVRC2012_val_00030133_n03785016.JPEG,3.612337350845337,0.6661263704299927,6.495806217193604,2.9462109804153442
666,ILSVRC2012_val_00043703_n03786901.JPEG,ILSVRC2012_val_00036588_n03786901.JPEG,1.508178472518921,1.1113035678863523,1.5974708795547483,0.3968749046325686
666,ILSVRC2012_val_00014930_n03786901.JPEG,ILSVRC2012_val_00037911_n03786901.JPEG,0.1150626391172409,0.549285352230072,2.721588611602783,0.4342227131128311
666,ILSVRC2012_val_00033326_n03786901.JPEG,ILSVRC2012_val_00018515_n03786901.JPEG,0.0001147919538198,0.6202429533004761,2.5839266777038574,0.6201281613466563
666,ILSVRC2012_val_00031950_n03786901.JPEG,ILSVRC2012_val_00033201_n03786901.JPEG,1.5475900173187256,0.5839420557022095,1.6806341409683228,0.9636479616165161
666,ILSVRC2012_val_00021383_n03786901.JPEG,ILSVRC2012_val_00049573_n03786901.JPEG,0.2611318528652191,3.3347113132476807,3.418076038360596,3.0735794603824615
667,ILSVRC2012_val_00039038_n03787032.JPEG,ILSVRC2012_val_00016856_n03787032.JPEG,0.3758670687675476,0.4115394949913025,1.6966803073883057,0.03567242622375488
667,ILSVRC2012_val_00021591_n03787032.JPEG,ILSVRC2012_val_00004606_n03787032.JPEG,0.4747288823127746,0.5290271043777466,0.6866304278373718,0.05429822206497198
667,ILSVRC2012_val_00026132_n03787032.JPEG,ILSVRC2012_val_00021160_n03787032.JPEG,1.5205360651016235,1.5805097818374634,1.8965494632720947,0.059973716735839844
667,ILSVRC2012_val_00049945_n03787032.JPEG,ILSVRC2012_val_00010623_n03787032.JPEG,3.394322872161865,3.629126310348511,4.656758785247803,0.2348034381866464
667,ILSVRC2012_val_00033941_n03787032.JPEG,ILSVRC2012_val_00045404_n03787032.JPEG,0.590237557888031,0.2738969922065735,3.0758652687072754,0.3163405656814575
668,ILSVRC2012_val_00009131_n03788195.JPEG,ILSVRC2012_val_00011065_n03788195.JPEG,0.0089076999574899,0.0085341511294245,0.0103786746039986,0.0003735488280653988
668,ILSVRC2012_val_00041395_n03788195.JPEG,ILSVRC2012_val_00006508_n03788195.JPEG,0.0503381863236427,0.072553776204586,0.1125533133745193,0.0222155898809433
668,ILSVRC2012_val_00024244_n03788195.JPEG,ILSVRC2012_val_00022854_n03788195.JPEG,0.0167611893266439,0.0515647493302822,0.0826461836695671,0.034803560003638295
668,ILSVRC2012_val_00038331_n03788195.JPEG,ILSVRC2012_val_00035070_n03788195.JPEG,0.1150288507342338,0.0524964407086372,0.2078339755535125,0.06253241002559659
668,ILSVRC2012_val_00018950_n03788195.JPEG,ILSVRC2012_val_00048324_n03788195.JPEG,0.2216002643108368,0.1284493803977966,0.2216002643108368,0.09315088391304019
669,ILSVRC2012_val_00044230_n03788365.JPEG,ILSVRC2012_val_00022775_n03788365.JPEG,0.0474940985441207,0.0001246851461473,0.0500577017664909,0.047369413397973396
669,ILSVRC2012_val_00006406_n03788365.JPEG,ILSVRC2012_val_00014303_n03788365.JPEG,0.0097428048029541,0.06407131254673,0.0651125162839889,0.0543285077437759
669,ILSVRC2012_val_00034638_n03788365.JPEG,ILSVRC2012_val_00027564_n03788365.JPEG,0.0385883226990699,0.1606317907571792,0.170769914984703,0.12204346805810931
669,ILSVRC2012_val_00033511_n03788365.JPEG,ILSVRC2012_val_00006572_n03788365.JPEG,0.163687914609909,0.0091094831004738,0.163687914609909,0.1545784315094352
669,ILSVRC2012_val_00045540_n03788365.JPEG,ILSVRC2012_val_00000859_n03788365.JPEG,1.013420820236206,0.0527739822864532,1.013420820236206,0.9606468379497528
670,ILSVRC2012_val_00022929_n03791053.JPEG,ILSVRC2012_val_00036806_n03791053.JPEG,0.2983409762382507,0.1838537603616714,3.1131982803344727,0.11448721587657928
670,ILSVRC2012_val_00010636_n03791053.JPEG,ILSVRC2012_val_00030997_n03791053.JPEG,0.3198184669017792,0.713714063167572,1.5408124923706057,0.39389559626579285
670,ILSVRC2012_val_00039358_n03791053.JPEG,ILSVRC2012_val_00036916_n03791053.JPEG,0.1364595592021942,0.5714484453201294,6.399610996246338,0.4349888861179352
670,ILSVRC2012_val_00004789_n03791053.JPEG,ILSVRC2012_val_00049655_n03791053.JPEG,0.2303159087896347,0.6667351126670837,1.6772432327270508,0.43641920387744904
670,ILSVRC2012_val_00018448_n03791053.JPEG,ILSVRC2012_val_00016453_n03791053.JPEG,0.2784278094768524,1.2982784509658811,1.9741415977478027,1.0198506414890287
671,ILSVRC2012_val_00030112_n03792782.JPEG,ILSVRC2012_val_00044080_n03792782.JPEG,0.0829135105013847,0.163584679365158,0.4511407017707824,0.0806711688637733
671,ILSVRC2012_val_00003873_n03792782.JPEG,ILSVRC2012_val_00024105_n03792782.JPEG,0.0149265332147479,0.4275660514831543,5.060524940490723,0.4126395182684064
671,ILSVRC2012_val_00016815_n03792782.JPEG,ILSVRC2012_val_00020631_n03792782.JPEG,0.0418766587972641,0.8549692630767822,0.8847824335098267,0.8130926042795181
671,ILSVRC2012_val_00001661_n03792782.JPEG,ILSVRC2012_val_00028824_n03792782.JPEG,0.2766800820827484,1.3716866970062256,1.7364084720611572,1.0950066149234772
671,ILSVRC2012_val_00036678_n03792782.JPEG,ILSVRC2012_val_00011330_n03792782.JPEG,1.566491961479187,0.3083125054836273,3.8950717449188232,1.2581794559955597
672,ILSVRC2012_val_00013241_n03792972.JPEG,ILSVRC2012_val_00045412_n03792972.JPEG,0.0075568999163806,0.0186452586203813,0.6039072275161743,0.011088358704000701
672,ILSVRC2012_val_00032531_n03792972.JPEG,ILSVRC2012_val_00049648_n03792972.JPEG,0.0052176257595419,0.0577223673462867,1.949641227722168,0.0525047415867448
672,ILSVRC2012_val_00029884_n03792972.JPEG,ILSVRC2012_val_00026469_n03792972.JPEG,0.000721909222193,0.0644384324550628,0.3673429787158966,0.06371652323286979
672,ILSVRC2012_val_00042646_n03792972.JPEG,ILSVRC2012_val_00006259_n03792972.JPEG,0.0100092161446809,0.1937454938888549,1.8214097023010252,0.183736277744174
672,ILSVRC2012_val_00020645_n03792972.JPEG,ILSVRC2012_val_00041997_n03792972.JPEG,0.3362261950969696,0.0194810424000024,0.3822158277034759,0.3167451526969672
673,ILSVRC2012_val_00031394_n03793489.JPEG,ILSVRC2012_val_00040635_n03793489.JPEG,2.735320568084717,2.514934539794922,5.816154003143311,0.22038602828979492
673,ILSVRC2012_val_00045539_n03793489.JPEG,ILSVRC2012_val_00013906_n03793489.JPEG,1.5946201086044312,0.040553443133831,2.413421869277954,1.5540666654706001
673,ILSVRC2012_val_00049330_n03793489.JPEG,ILSVRC2012_val_00046098_n03793489.JPEG,1.0858137607574463,2.6906888484954834,3.122820854187012,1.604875087738037
673,ILSVRC2012_val_00022389_n03793489.JPEG,ILSVRC2012_val_00045856_n03793489.JPEG,4.762863159179688,2.7528812885284424,6.893724918365479,2.009981870651246
673,ILSVRC2012_val_00048402_n03793489.JPEG,ILSVRC2012_val_00043712_n03793489.JPEG,0.4935083091259002,2.665540933609009,3.4967918395996094,2.1720326244831085
674,ILSVRC2012_val_00006841_n03794056.JPEG,ILSVRC2012_val_00000430_n03794056.JPEG,0.0076793455518782,0.0016307639889419,0.1730768382549286,0.0060485815629363
674,ILSVRC2012_val_00044792_n03794056.JPEG,ILSVRC2012_val_00024361_n03794056.JPEG,0.0242134276777505,0.1199551597237587,0.7491592168807983,0.0957417320460082
674,ILSVRC2012_val_00023835_n03794056.JPEG,ILSVRC2012_val_00020873_n03794056.JPEG,0.0598909221589565,0.1759872585535049,0.2547283172607422,0.11609633639454839
674,ILSVRC2012_val_00022616_n03794056.JPEG,ILSVRC2012_val_00031211_n03794056.JPEG,0.3487701416015625,0.0053108320571482,0.390538215637207,0.3434593095444143
674,ILSVRC2012_val_00022828_n03794056.JPEG,ILSVRC2012_val_00034471_n03794056.JPEG,0.1008652821183204,0.9216834902763368,0.9466805458068848,0.8208182081580164
675,ILSVRC2012_val_00008394_n03796401.JPEG,ILSVRC2012_val_00025080_n03796401.JPEG,0.5922868251800537,0.4440308213233948,4.757346153259277,0.14825600385665894
675,ILSVRC2012_val_00042891_n03796401.JPEG,ILSVRC2012_val_00005422_n03796401.JPEG,3.104470014572144,1.8674923181533811,4.824184417724609,1.2369776964187629
675,ILSVRC2012_val_00000434_n03796401.JPEG,ILSVRC2012_val_00005882_n03796401.JPEG,0.4207074344158172,2.082289695739746,2.6896159648895264,1.6615822613239288
675,ILSVRC2012_val_00001984_n03796401.JPEG,ILSVRC2012_val_00021088_n03796401.JPEG,0.750618577003479,3.0850605964660645,5.344973087310791,2.3344420194625854
675,ILSVRC2012_val_00015917_n03796401.JPEG,ILSVRC2012_val_00031455_n03796401.JPEG,0.6459391117095947,3.4450573921203613,3.4450573921203613,2.7991182804107666
676,ILSVRC2012_val_00006876_n03803284.JPEG,ILSVRC2012_val_00013784_n03803284.JPEG,0.0579074509441852,0.041419044137001,2.446672916412353,0.0164884068071842
676,ILSVRC2012_val_00043675_n03803284.JPEG,ILSVRC2012_val_00013486_n03803284.JPEG,0.046871393918991,0.0035502994433045,0.500601053237915,0.0433210944756865
676,ILSVRC2012_val_00018103_n03803284.JPEG,ILSVRC2012_val_00044837_n03803284.JPEG,0.4218698740005493,0.0094275521114468,4.7246270179748535,0.4124423218891025
676,ILSVRC2012_val_00012090_n03803284.JPEG,ILSVRC2012_val_00020872_n03803284.JPEG,0.0398535467684268,0.8397783637046814,2.3539698123931885,0.7999248169362546
676,ILSVRC2012_val_00042486_n03803284.JPEG,ILSVRC2012_val_00046553_n03803284.JPEG,1.3345792293548584,2.206927299499512,2.426973581314087,0.8723480701446538
677,ILSVRC2012_val_00048967_n03804744.JPEG,ILSVRC2012_val_00016078_n03804744.JPEG,0.0050318981520831,0.9022386074066162,3.8455419540405273,0.8972067092545332
677,ILSVRC2012_val_00043239_n03804744.JPEG,ILSVRC2012_val_00043676_n03804744.JPEG,0.0022975020110607,1.93754518032074,3.7251498699188232,1.9352476783096793
677,ILSVRC2012_val_00029920_n03804744.JPEG,ILSVRC2012_val_00029087_n03804744.JPEG,0.0494193471968174,2.205125331878662,5.438427925109863,2.1557059846818447
677,ILSVRC2012_val_00039068_n03804744.JPEG,ILSVRC2012_val_00018782_n03804744.JPEG,3.571629047393799,0.0589202456176281,6.210721015930176,3.5127088017761707
677,ILSVRC2012_val_00016760_n03804744.JPEG,ILSVRC2012_val_00009414_n03804744.JPEG,2.7486817836761475,6.626007080078125,8.105463027954102,3.8773252964019775
678,ILSVRC2012_val_00028383_n03814639.JPEG,ILSVRC2012_val_00021302_n03814639.JPEG,0.0054475432261824,0.081315092742443,6.337185859680176,0.0758675495162606
678,ILSVRC2012_val_00033296_n03814639.JPEG,ILSVRC2012_val_00037685_n03814639.JPEG,1.4315025806427002,0.0015876796096563,1.7193423509597778,1.4299149010330439
678,ILSVRC2012_val_00007014_n03814639.JPEG,ILSVRC2012_val_00008543_n03814639.JPEG,5.724543571472168,8.053777694702148,8.249164581298828,2.3292341232299805
678,ILSVRC2012_val_00031428_n03814639.JPEG,ILSVRC2012_val_00036585_n03814639.JPEG,3.8586621284484863,0.8901646733283997,5.454763412475586,2.9684974551200867
678,ILSVRC2012_val_00004297_n03814639.JPEG,ILSVRC2012_val_00033894_n03814639.JPEG,7.754840850830078,4.531730651855469,7.830189228057861,3.2231101989746094
679,ILSVRC2012_val_00020703_n03814906.JPEG,ILSVRC2012_val_00025250_n03814906.JPEG,0.0078563028946518,0.0279330816119909,0.4299420118331909,0.0200767787173391
679,ILSVRC2012_val_00044798_n03814906.JPEG,ILSVRC2012_val_00024535_n03814906.JPEG,1.0476194620132446,1.0210095643997192,2.386316537857056,0.02660989761352539
679,ILSVRC2012_val_00032234_n03814906.JPEG,ILSVRC2012_val_00024598_n03814906.JPEG,0.1083408817648887,0.1376226842403412,1.1175768375396729,0.029281802475452492
679,ILSVRC2012_val_00040617_n03814906.JPEG,ILSVRC2012_val_00006731_n03814906.JPEG,0.0013280628481879,0.1736406534910202,0.3629788756370544,0.1723125906428323
679,ILSVRC2012_val_00017650_n03814906.JPEG,ILSVRC2012_val_00019174_n03814906.JPEG,0.2672777771949768,0.4600757360458374,1.4777740240097046,0.1927979588508606
680,ILSVRC2012_val_00048248_n03825788.JPEG,ILSVRC2012_val_00027384_n03825788.JPEG,0.0660286620259285,0.0016230279579758,2.631508111953736,0.0644056340679527
680,ILSVRC2012_val_00015671_n03825788.JPEG,ILSVRC2012_val_00038613_n03825788.JPEG,0.3073254227638244,0.1570218503475189,0.3394711017608642,0.15030357241630551
680,ILSVRC2012_val_00041199_n03825788.JPEG,ILSVRC2012_val_00040847_n03825788.JPEG,0.922645628452301,1.3011518716812134,3.004408836364746,0.37850624322891235
680,ILSVRC2012_val_00036452_n03825788.JPEG,ILSVRC2012_val_00040443_n03825788.JPEG,1.3689312934875488,0.5380083322525024,2.9510602951049805,0.8309229612350464
680,ILSVRC2012_val_00031996_n03825788.JPEG,ILSVRC2012_val_00048296_n03825788.JPEG,0.1113610789179802,2.0249977111816406,2.3227789402008057,1.9136366322636604
681,ILSVRC2012_val_00035825_n03832673.JPEG,ILSVRC2012_val_00043461_n03832673.JPEG,1.193653225898743,1.0795323848724363,4.621227264404297,0.1141208410263066
681,ILSVRC2012_val_00006899_n03832673.JPEG,ILSVRC2012_val_00040078_n03832673.JPEG,1.2830429077148438,0.9032914638519288,5.890902519226074,0.37975144386291493
681,ILSVRC2012_val_00005161_n03832673.JPEG,ILSVRC2012_val_00039330_n03832673.JPEG,1.0840394496917725,2.075153112411499,3.847969770431519,0.9911136627197266
681,ILSVRC2012_val_00025009_n03832673.JPEG,ILSVRC2012_val_00005040_n03832673.JPEG,1.4563077688217163,0.3115168809890747,1.998822569847107,1.1447908878326416
681,ILSVRC2012_val_00009783_n03832673.JPEG,ILSVRC2012_val_00016121_n03832673.JPEG,3.392838954925537,1.939952373504639,6.598297595977783,1.4528865814208982
682,ILSVRC2012_val_00002278_n03837869.JPEG,ILSVRC2012_val_00038808_n03837869.JPEG,0.0654437467455864,0.0364201553165912,0.1649067550897598,0.029023591428995195
682,ILSVRC2012_val_00036145_n03837869.JPEG,ILSVRC2012_val_00036456_n03837869.JPEG,0.0652383863925933,0.1624878644943237,0.2799639403820038,0.0972494781017304
682,ILSVRC2012_val_00024309_n03837869.JPEG,ILSVRC2012_val_00021346_n03837869.JPEG,0.3399962186813354,0.0297184791415929,0.45627361536026,0.31027773953974247
682,ILSVRC2012_val_00041269_n03837869.JPEG,ILSVRC2012_val_00025064_n03837869.JPEG,0.0034431479871273,0.9386650323867798,0.9562311172485352,0.9352218843996525
682,ILSVRC2012_val_00044841_n03837869.JPEG,ILSVRC2012_val_00018663_n03837869.JPEG,2.077981472015381,0.1184946447610855,4.564443588256836,1.9594868272542953
683,ILSVRC2012_val_00021863_n03838899.JPEG,ILSVRC2012_val_00040855_n03838899.JPEG,0.6195366978645325,0.6608036756515503,2.449594259262085,0.04126697778701782
683,ILSVRC2012_val_00047450_n03838899.JPEG,ILSVRC2012_val_00024492_n03838899.JPEG,0.0190532971173524,0.1966793090105056,0.9672842025756836,0.1776260118931532
683,ILSVRC2012_val_00034019_n03838899.JPEG,ILSVRC2012_val_00044697_n03838899.JPEG,0.0186205692589283,0.4951718747615814,3.2802188396453857,0.4765513055026531
683,ILSVRC2012_val_00029556_n03838899.JPEG,ILSVRC2012_val_00027537_n03838899.JPEG,0.1637079566717147,2.5524661540985107,3.446992874145508,2.388758197426796
683,ILSVRC2012_val_00004639_n03838899.JPEG,ILSVRC2012_val_00026306_n03838899.JPEG,6.179479598999023,0.1841247081756591,6.301182270050049,5.995354890823364
684,ILSVRC2012_val_00005777_n03840681.JPEG,ILSVRC2012_val_00031148_n03840681.JPEG,0.0359307117760181,0.0002689000102691,0.1894752234220504,0.035661811765749
684,ILSVRC2012_val_00039095_n03840681.JPEG,ILSVRC2012_val_00046678_n03840681.JPEG,0.063624307513237,0.0142105789855122,4.631853103637695,0.0494137285277248
684,ILSVRC2012_val_00023297_n03840681.JPEG,ILSVRC2012_val_00018659_n03840681.JPEG,0.0015386421000584,0.0599089972674846,0.1532202810049057,0.058370355167426204
684,ILSVRC2012_val_00018185_n03840681.JPEG,ILSVRC2012_val_00026986_n03840681.JPEG,0.923575758934021,0.0791255831718444,5.707112312316895,0.8444501757621766
684,ILSVRC2012_val_00000521_n03840681.JPEG,ILSVRC2012_val_00039880_n03840681.JPEG,1.1674271821975708,0.2751695215702057,3.010703563690185,0.8922576606273651
685,ILSVRC2012_val_00041576_n03841143.JPEG,ILSVRC2012_val_00003381_n03841143.JPEG,0.018650172278285,0.0449666455388069,0.2606102228164673,0.026316473260521903
685,ILSVRC2012_val_00010165_n03841143.JPEG,ILSVRC2012_val_00030557_n03841143.JPEG,0.2821213901042938,0.2146479040384292,0.2961010634899139,0.06747348606586462
685,ILSVRC2012_val_00048490_n03841143.JPEG,ILSVRC2012_val_00010110_n03841143.JPEG,0.0281106643378734,0.1175931319594383,0.8093492388725281,0.08948246762156489
685,ILSVRC2012_val_00028478_n03841143.JPEG,ILSVRC2012_val_00023459_n03841143.JPEG,0.0630829781293869,0.1562062203884124,0.1562062203884124,0.09312324225902549
685,ILSVRC2012_val_00041839_n03841143.JPEG,ILSVRC2012_val_00029988_n03841143.JPEG,0.044580902904272,0.3074820935726166,0.3085674345493316,0.26290119066834455
686,ILSVRC2012_val_00030676_n03843555.JPEG,ILSVRC2012_val_00039328_n03843555.JPEG,3.707857131958008,3.2424278259277344,6.4451751708984375,0.46542930603027344
686,ILSVRC2012_val_00007573_n03843555.JPEG,ILSVRC2012_val_00041128_n03843555.JPEG,1.1556179523468018,0.2550564706325531,3.9465646743774414,0.9005614817142487
686,ILSVRC2012_val_00042269_n03843555.JPEG,ILSVRC2012_val_00010348_n03843555.JPEG,0.0021920003928244,1.1245832443237305,3.333096742630005,1.122391243930906
686,ILSVRC2012_val_00007698_n03843555.JPEG,ILSVRC2012_val_00047130_n03843555.JPEG,0.1295688599348068,2.0944371223449707,3.8548662662506095,1.9648682624101639
686,ILSVRC2012_val_00000148_n03843555.JPEG,ILSVRC2012_val_00047376_n03843555.JPEG,0.7018661499023438,3.2994399070739746,3.2994399070739746,2.597573757171631
687,ILSVRC2012_val_00009172_n03854065.JPEG,ILSVRC2012_val_00001622_n03854065.JPEG,0.0044924286194145,0.0087197022512555,0.2742698490619659,0.004227273631841
687,ILSVRC2012_val_00025531_n03854065.JPEG,ILSVRC2012_val_00015793_n03854065.JPEG,0.0514756441116333,0.0633024275302887,0.5287628173828125,0.011826783418655396
687,ILSVRC2012_val_00000166_n03854065.JPEG,ILSVRC2012_val_00024984_n03854065.JPEG,0.0021443010773509,0.0192261468619108,0.0192261468619108,0.017081845784559898
687,ILSVRC2012_val_00012467_n03854065.JPEG,ILSVRC2012_val_00033230_n03854065.JPEG,0.0315259918570518,0.0560763739049434,0.1133185774087905,0.024550382047891596
687,ILSVRC2012_val_00003826_n03854065.JPEG,ILSVRC2012_val_00020122_n03854065.JPEG,0.0057079894468188,0.0317977480590343,0.5626688003540039,0.026089758612215498
688,ILSVRC2012_val_00012910_n03857828.JPEG,ILSVRC2012_val_00034995_n03857828.JPEG,0.0388147085905075,0.0153634436428546,0.2377194762229919,0.0234512649476529
688,ILSVRC2012_val_00028874_n03857828.JPEG,ILSVRC2012_val_00023487_n03857828.JPEG,0.5363870859146118,0.0009934734553098,0.5363870859146118,0.5353936124593021
688,ILSVRC2012_val_00022267_n03857828.JPEG,ILSVRC2012_val_00038695_n03857828.JPEG,0.0053243502043187,0.8248941898345947,0.8248941898345947,0.8195698396302761
688,ILSVRC2012_val_00039136_n03857828.JPEG,ILSVRC2012_val_00019311_n03857828.JPEG,0.0085119307041168,1.1947237253189087,1.1947237253189087,1.1862117946147919
688,ILSVRC2012_val_00023567_n03857828.JPEG,ILSVRC2012_val_00024243_n03857828.JPEG,1.376792073249817,0.0364880859851837,1.732406735420227,1.3403039872646332
689,ILSVRC2012_val_00036610_n03866082.JPEG,ILSVRC2012_val_00047430_n03866082.JPEG,1.6564834117889404,1.4011006355285645,1.6564834117889404,0.255382776260376
689,ILSVRC2012_val_00001961_n03866082.JPEG,ILSVRC2012_val_00023585_n03866082.JPEG,2.1314353942871094,2.7682647705078125,4.338725090026856,0.6368293762207031
689,ILSVRC2012_val_00005872_n03866082.JPEG,ILSVRC2012_val_00031324_n03866082.JPEG,3.073718309402466,1.5276285409927368,3.073718309402466,1.546089768409729
689,ILSVRC2012_val_00005251_n03866082.JPEG,ILSVRC2012_val_00016048_n03866082.JPEG,2.153322696685791,3.8149569034576416,4.142115116119385,1.6616342067718506
689,ILSVRC2012_val_00030796_n03866082.JPEG,ILSVRC2012_val_00033995_n03866082.JPEG,2.311636447906494,3.994166851043701,4.31130838394165,1.682530403137207
690,ILSVRC2012_val_00012206_n03868242.JPEG,ILSVRC2012_val_00018953_n03868242.JPEG,0.1848184019327163,0.1164928376674652,0.8827696442604065,0.06832556426525109
690,ILSVRC2012_val_00030932_n03868242.JPEG,ILSVRC2012_val_00048912_n03868242.JPEG,0.4131309390068054,0.211604431271553,1.652489185333252,0.2015265077352524
690,ILSVRC2012_val_00033719_n03868242.JPEG,ILSVRC2012_val_00026732_n03868242.JPEG,0.7314006686210632,0.3249182999134063,1.6393848657608032,0.4064823687076569
690,ILSVRC2012_val_00030274_n03868242.JPEG,ILSVRC2012_val_00022836_n03868242.JPEG,0.8945743441581726,0.0476578995585441,2.723991632461548,0.8469164445996284
690,ILSVRC2012_val_00043902_n03868242.JPEG,ILSVRC2012_val_00007836_n03868242.JPEG,2.6378698348999023,0.5841764807701111,3.9699630737304688,2.0536933541297913
691,ILSVRC2012_val_00039176_n03868863.JPEG,ILSVRC2012_val_00013520_n03868863.JPEG,0.0161237362772226,0.0154235465452075,0.0182190276682376,0.0007001897320150982
691,ILSVRC2012_val_00047780_n03868863.JPEG,ILSVRC2012_val_00024287_n03868863.JPEG,0.1593372821807861,0.1553961485624313,0.3193014562129974,0.003941133618354797
691,ILSVRC2012_val_00026092_n03868863.JPEG,ILSVRC2012_val_00025563_n03868863.JPEG,0.7327896356582642,0.4755444526672363,0.7772867679595947,0.2572451829910279
691,ILSVRC2012_val_00026664_n03868863.JPEG,ILSVRC2012_val_00042088_n03868863.JPEG,5.133368492126465,2.7452292442321777,6.65571403503418,2.388139247894287
691,ILSVRC2012_val_00011676_n03868863.JPEG,ILSVRC2012_val_00014643_n03868863.JPEG,4.7926177978515625,1.8148560523986816,4.823719501495361,2.977761745452881
692,ILSVRC2012_val_00015005_n03871628.JPEG,ILSVRC2012_val_00042662_n03871628.JPEG,1.5400981903076172,0.4507596492767334,1.559903860092163,1.0893385410308838
692,ILSVRC2012_val_00044226_n03871628.JPEG,ILSVRC2012_val_00002069_n03871628.JPEG,0.8515510559082031,2.1883058547973637,2.2226791381835938,1.3367547988891606
692,ILSVRC2012_val_00002169_n03871628.JPEG,ILSVRC2012_val_00046027_n03871628.JPEG,2.18381929397583,0.776731550693512,4.628010749816895,1.4070877432823181
692,ILSVRC2012_val_00042411_n03871628.JPEG,ILSVRC2012_val_00045375_n03871628.JPEG,2.266811847686768,4.224760055541992,4.308158874511719,1.9579482078552242
692,ILSVRC2012_val_00046204_n03871628.JPEG,ILSVRC2012_val_00015940_n03871628.JPEG,0.2354452162981033,2.3533897399902344,2.3533897399902344,2.117944523692131
693,ILSVRC2012_val_00026147_n03873416.JPEG,ILSVRC2012_val_00019191_n03873416.JPEG,0.3037826418876648,0.2773084938526153,4.3564653396606445,0.026474148035049494
693,ILSVRC2012_val_00019072_n03873416.JPEG,ILSVRC2012_val_00008110_n03873416.JPEG,0.3836979269981384,0.2110014855861663,1.2357566356658936,0.17269644141197213
693,ILSVRC2012_val_00029352_n03873416.JPEG,ILSVRC2012_val_00014993_n03873416.JPEG,0.1223254352807998,0.8016732931137085,0.8536087870597839,0.6793478578329087
693,ILSVRC2012_val_00041182_n03873416.JPEG,ILSVRC2012_val_00040523_n03873416.JPEG,0.217556893825531,0.8984715342521667,0.8984715342521667,0.6809146404266357
693,ILSVRC2012_val_00004792_n03873416.JPEG,ILSVRC2012_val_00045082_n03873416.JPEG,0.4302542507648468,1.216721773147583,2.2108869552612305,0.7864675223827362
694,ILSVRC2012_val_00030003_n03874293.JPEG,ILSVRC2012_val_00047764_n03874293.JPEG,0.0007528808200731,0.0020672159735113,0.2708419263362884,0.0013143351534382
694,ILSVRC2012_val_00012543_n03874293.JPEG,ILSVRC2012_val_00046200_n03874293.JPEG,0.0005703729693777,0.0984425544738769,0.2357136607170105,0.0978721815044992
694,ILSVRC2012_val_00001264_n03874293.JPEG,ILSVRC2012_val_00034746_n03874293.JPEG,0.0545472167432308,0.6596289277076721,1.8503391742706297,0.6050817109644413
694,ILSVRC2012_val_00000264_n03874293.JPEG,ILSVRC2012_val_00028877_n03874293.JPEG,0.0700815021991729,1.6204718351364136,3.13918137550354,1.5503903329372406
694,ILSVRC2012_val_00030802_n03874293.JPEG,ILSVRC2012_val_00042256_n03874293.JPEG,0.2851941287517547,3.63596773147583,3.63596773147583,3.3507736027240753
695,ILSVRC2012_val_00044257_n03874599.JPEG,ILSVRC2012_val_00024746_n03874599.JPEG,0.4725624918937683,0.3952616155147552,1.907301902770996,0.07730087637901312
695,ILSVRC2012_val_00042881_n03874599.JPEG,ILSVRC2012_val_00047563_n03874599.JPEG,0.2221220284700393,0.0373813286423683,0.6373303532600403,0.184740699827671
695,ILSVRC2012_val_00049255_n03874599.JPEG,ILSVRC2012_val_00013842_n03874599.JPEG,0.1284522116184234,0.5483930110931396,1.228894591331482,0.41994079947471624
695,ILSVRC2012_val_00030206_n03874599.JPEG,ILSVRC2012_val_00015912_n03874599.JPEG,0.6458563804626465,0.020779063925147,1.3095678091049194,0.6250773165374994
695,ILSVRC2012_val_00041122_n03874599.JPEG,ILSVRC2012_val_00035057_n03874599.JPEG,0.0014543681172654,1.1374317407608032,1.1374317407608032,1.1359773726435378
696,ILSVRC2012_val_00012200_n03876231.JPEG,ILSVRC2012_val_00045749_n03876231.JPEG,1.8791013956069944,2.0608561038970947,5.688522338867188,0.18175470829010032
696,ILSVRC2012_val_00032263_n03876231.JPEG,ILSVRC2012_val_00038318_n03876231.JPEG,0.4128809571266174,0.0428786315023899,0.5841174721717834,0.37000232562422747
696,ILSVRC2012_val_00045659_n03876231.JPEG,ILSVRC2012_val_00029183_n03876231.JPEG,0.0139884278178215,0.976097047328949,5.009250164031982,0.9621086195111275
696,ILSVRC2012_val_00049520_n03876231.JPEG,ILSVRC2012_val_00039861_n03876231.JPEG,2.843836545944214,1.4296972751617432,3.771606922149658,1.4141392707824707
696,ILSVRC2012_val_00006559_n03876231.JPEG,ILSVRC2012_val_00039091_n03876231.JPEG,0.1888459473848343,1.816030502319336,2.944225549697876,1.6271845549345016
697,ILSVRC2012_val_00010822_n03877472.JPEG,ILSVRC2012_val_00003988_n03877472.JPEG,1.035085916519165,0.3182256817817688,2.4488446712493896,0.7168602347373962
697,ILSVRC2012_val_00040767_n03877472.JPEG,ILSVRC2012_val_00009496_n03877472.JPEG,0.168509230017662,2.204789638519287,2.6314568519592285,2.036280408501625
697,ILSVRC2012_val_00013462_n03877472.JPEG,ILSVRC2012_val_00040480_n03877472.JPEG,2.269017457962036,0.0816124305129051,3.764828681945801,2.187405027449131
697,ILSVRC2012_val_00010560_n03877472.JPEG,ILSVRC2012_val_00022197_n03877472.JPEG,0.0338981710374355,2.4089322090148926,2.4674315452575684,2.375034037977457
697,ILSVRC2012_val_00012920_n03877472.JPEG,ILSVRC2012_val_00047794_n03877472.JPEG,2.4659712314605717,0.0057415328919887,2.9322495460510254,2.460229698568583
698,ILSVRC2012_val_00046927_n03877845.JPEG,ILSVRC2012_val_00031044_n03877845.JPEG,0.1273524761199951,0.2280435264110565,0.2329270541667938,0.1006910502910614
698,ILSVRC2012_val_00016739_n03877845.JPEG,ILSVRC2012_val_00026991_n03877845.JPEG,1.3912562131881714,1.1038352251052856,2.067338705062866,0.28742098808288574
698,ILSVRC2012_val_00006470_n03877845.JPEG,ILSVRC2012_val_00042724_n03877845.JPEG,0.0585935898125171,0.5677308440208435,0.6532943248748779,0.5091372542083265
698,ILSVRC2012_val_00023227_n03877845.JPEG,ILSVRC2012_val_00044941_n03877845.JPEG,0.7097349762916565,1.3665512800216677,2.956690788269043,0.6568163037300112
698,ILSVRC2012_val_00034639_n03877845.JPEG,ILSVRC2012_val_00040738_n03877845.JPEG,1.9486839771270752,0.9015116095542908,2.9447736740112305,1.0471723675727844
699,ILSVRC2012_val_00034403_n03884397.JPEG,ILSVRC2012_val_00000844_n03884397.JPEG,0.0002101439022226,0.0020218899007886,0.025715172290802,0.0018117459985660003
699,ILSVRC2012_val_00026149_n03884397.JPEG,ILSVRC2012_val_00028833_n03884397.JPEG,0.006769461557269,0.0008004083647392,0.006769461557269,0.0059690531925298005
699,ILSVRC2012_val_00030953_n03884397.JPEG,ILSVRC2012_val_00044078_n03884397.JPEG,1.7568416595458984,0.0357736051082611,3.0743401050567627,1.7210680544376373
699,ILSVRC2012_val_00030107_n03884397.JPEG,ILSVRC2012_val_00044369_n03884397.JPEG,2.618957996368408,0.2408936470746994,5.877649784088135,2.378064349293709
699,ILSVRC2012_val_00015682_n03884397.JPEG,ILSVRC2012_val_00026945_n03884397.JPEG,0.0044181356206536,3.3366541862487797,3.586268901824951,3.332236050628126
700,ILSVRC2012_val_00048821_n03887697.JPEG,ILSVRC2012_val_00015648_n03887697.JPEG,0.0136633394286036,0.0240095481276512,0.0249652788043022,0.0103462086990476
700,ILSVRC2012_val_00049441_n03887697.JPEG,ILSVRC2012_val_00027690_n03887697.JPEG,2.1930031776428223,0.2562224566936493,2.752479791641236,1.936780720949173
700,ILSVRC2012_val_00021464_n03887697.JPEG,ILSVRC2012_val_00047599_n03887697.JPEG,2.7546474933624268,0.813530683517456,4.526591300964356,1.9411168098449707
700,ILSVRC2012_val_00024733_n03887697.JPEG,ILSVRC2012_val_00017805_n03887697.JPEG,3.982391119003296,0.2700709700584411,4.8067474365234375,3.7123201489448547
700,ILSVRC2012_val_00029093_n03887697.JPEG,ILSVRC2012_val_00033798_n03887697.JPEG,0.36594358086586,4.729419708251953,5.877308368682861,4.363476127386093
701,ILSVRC2012_val_00020003_n03888257.JPEG,ILSVRC2012_val_00041925_n03888257.JPEG,0.0324221737682819,0.0225397385656833,0.0326128080487251,0.009882435202598603
701,ILSVRC2012_val_00041706_n03888257.JPEG,ILSVRC2012_val_00030583_n03888257.JPEG,0.0397624745965004,0.0146932639181613,0.0604667477309703,0.025069210678339095
701,ILSVRC2012_val_00047147_n03888257.JPEG,ILSVRC2012_val_00023107_n03888257.JPEG,0.0422791019082069,0.0165527369827032,0.1139319017529487,0.0257263649255037
701,ILSVRC2012_val_00042262_n03888257.JPEG,ILSVRC2012_val_00015787_n03888257.JPEG,0.0055331410840153,0.0336637534201145,0.0539548695087432,0.028130612336099203
701,ILSVRC2012_val_00017919_n03888257.JPEG,ILSVRC2012_val_00002665_n03888257.JPEG,0.1215494126081466,0.0695475488901138,0.5858295559883118,0.052001863718032795
702,ILSVRC2012_val_00041266_n03888605.JPEG,ILSVRC2012_val_00026667_n03888605.JPEG,1.26464581489563,1.3679842948913574,3.7099456787109375,0.10333847999572732
702,ILSVRC2012_val_00011389_n03888605.JPEG,ILSVRC2012_val_00003422_n03888605.JPEG,0.2641363143920898,0.0719410479068756,4.161250114440918,0.19219526648521418
702,ILSVRC2012_val_00047668_n03888605.JPEG,ILSVRC2012_val_00019943_n03888605.JPEG,0.3718103468418121,0.0670876652002334,3.3574652671813965,0.3047226816415787
702,ILSVRC2012_val_00037400_n03888605.JPEG,ILSVRC2012_val_00025682_n03888605.JPEG,0.3335462212562561,1.4124430418014526,2.8368823528289795,1.0788968205451965
702,ILSVRC2012_val_00033964_n03888605.JPEG,ILSVRC2012_val_00010060_n03888605.JPEG,3.004677057266236,1.3016092777252195,3.004677057266236,1.7030677795410163
703,ILSVRC2012_val_00038706_n03891251.JPEG,ILSVRC2012_val_00026124_n03891251.JPEG,0.3042967617511749,0.1617956310510635,1.0493993759155271,0.14250113070011142
703,ILSVRC2012_val_00049422_n03891251.JPEG,ILSVRC2012_val_00020982_n03891251.JPEG,0.0020371177233755,0.2842260897159576,1.072844386100769,0.2821889719925821
703,ILSVRC2012_val_00033600_n03891251.JPEG,ILSVRC2012_val_00028675_n03891251.JPEG,0.0088856052607297,0.7658488750457764,4.399744987487793,0.7569632697850467
703,ILSVRC2012_val_00006111_n03891251.JPEG,ILSVRC2012_val_00032376_n03891251.JPEG,1.2627356052398682,0.2229207456111908,4.732717514038086,1.0398148596286774
703,ILSVRC2012_val_00007352_n03891251.JPEG,ILSVRC2012_val_00034159_n03891251.JPEG,1.3802512884140017,0.0020038066431879,3.951159477233887,1.3782474817708137
704,ILSVRC2012_val_00038260_n03891332.JPEG,ILSVRC2012_val_00048623_n03891332.JPEG,0.0002416080387774,9.393251093570144e-05,0.0667977929115295,0.00014767552784169857
704,ILSVRC2012_val_00011363_n03891332.JPEG,ILSVRC2012_val_00008950_n03891332.JPEG,0.4671329259872436,1.1886944770812988,2.6178138256073,0.7215615510940552
704,ILSVRC2012_val_00038139_n03891332.JPEG,ILSVRC2012_val_00002759_n03891332.JPEG,7.962863310240209e-05,1.7366080284118652,3.1793417930603027,1.7365283997787628
704,ILSVRC2012_val_00036752_n03891332.JPEG,ILSVRC2012_val_00034709_n03891332.JPEG,2.573846340179444,0.4254797697067261,3.377004146575928,2.1483665704727177
704,ILSVRC2012_val_00029440_n03891332.JPEG,ILSVRC2012_val_00048582_n03891332.JPEG,0.0003594706067815,2.6567940711975098,3.2652370929718018,2.6564346005907282
705,ILSVRC2012_val_00044547_n03895866.JPEG,ILSVRC2012_val_00041508_n03895866.JPEG,0.2715684473514557,1.3389296531677246,2.0099337100982666,1.067361205816269
705,ILSVRC2012_val_00011492_n03895866.JPEG,ILSVRC2012_val_00039427_n03895866.JPEG,2.1895995140075684,3.9710536003112793,4.132739543914795,1.781454086303711
705,ILSVRC2012_val_00020623_n03895866.JPEG,ILSVRC2012_val_00003730_n03895866.JPEG,3.9649391174316406,1.110011339187622,3.9649391174316406,2.8549277782440186
705,ILSVRC2012_val_00009653_n03895866.JPEG,ILSVRC2012_val_00033410_n03895866.JPEG,1.1755143404006958,4.190861225128174,4.1952972412109375,3.015346884727478
705,ILSVRC2012_val_00030803_n03895866.JPEG,ILSVRC2012_val_00005480_n03895866.JPEG,0.0685141831636428,3.315878629684448,3.767746686935425,3.247364446520805
706,ILSVRC2012_val_00021364_n03899768.JPEG,ILSVRC2012_val_00001665_n03899768.JPEG,1.9940590858459477,1.9117891788482664,3.228090286254883,0.08226990699768133
706,ILSVRC2012_val_00001998_n03899768.JPEG,ILSVRC2012_val_00009197_n03899768.JPEG,1.365168571472168,1.6205517053604126,1.7285597324371338,0.25538313388824463
706,ILSVRC2012_val_00015672_n03899768.JPEG,ILSVRC2012_val_00036309_n03899768.JPEG,4.351377010345459,5.132233142852783,5.27004861831665,0.7808561325073242
706,ILSVRC2012_val_00029777_n03899768.JPEG,ILSVRC2012_val_00002624_n03899768.JPEG,2.9933266639709477,2.135960578918457,4.433459281921387,0.8573660850524907
706,ILSVRC2012_val_00013353_n03899768.JPEG,ILSVRC2012_val_00024861_n03899768.JPEG,0.2618682980537414,1.3325046300888062,1.3325046300888062,1.0706363320350647
707,ILSVRC2012_val_00019620_n03902125.JPEG,ILSVRC2012_val_00023791_n03902125.JPEG,0.015081194229424,0.2711682915687561,4.660059928894043,0.2560870973393321
707,ILSVRC2012_val_00019465_n03902125.JPEG,ILSVRC2012_val_00002643_n03902125.JPEG,0.5088666677474976,0.0019037472084164,1.468982458114624,0.5069629205390812
707,ILSVRC2012_val_00021347_n03902125.JPEG,ILSVRC2012_val_00000335_n03902125.JPEG,0.6655054688453674,1.3457494974136353,1.9789777994155884,0.6802440285682678
707,ILSVRC2012_val_00031979_n03902125.JPEG,ILSVRC2012_val_00035354_n03902125.JPEG,1.072345733642578,0.1351332664489746,6.702341079711914,0.9372124671936033
707,ILSVRC2012_val_00040702_n03902125.JPEG,ILSVRC2012_val_00002493_n03902125.JPEG,1.455437183380127,0.069451130926609,2.749803304672241,1.385986052453518
708,ILSVRC2012_val_00044198_n03903868.JPEG,ILSVRC2012_val_00007621_n03903868.JPEG,0.875545084476471,1.4073503017425537,2.0872809886932373,0.5318052172660828
708,ILSVRC2012_val_00011786_n03903868.JPEG,ILSVRC2012_val_00013811_n03903868.JPEG,1.5176959037780762,0.4649162292480469,1.9311096668243408,1.0527796745300293
708,ILSVRC2012_val_00009123_n03903868.JPEG,ILSVRC2012_val_00016660_n03903868.JPEG,0.4422820508480072,1.5934770107269287,2.5574066638946533,1.1511949598789215
708,ILSVRC2012_val_00004595_n03903868.JPEG,ILSVRC2012_val_00032706_n03903868.JPEG,0.1963363140821457,1.4697470664978027,2.3910601139068604,1.273410752415657
708,ILSVRC2012_val_00020223_n03903868.JPEG,ILSVRC2012_val_00021853_n03903868.JPEG,3.222238779067993,1.4918317794799805,4.660604953765869,1.7304069995880127
709,ILSVRC2012_val_00030295_n03908618.JPEG,ILSVRC2012_val_00006607_n03908618.JPEG,0.6114335656166077,0.9088085889816284,1.4011784791946411,0.29737502336502075
709,ILSVRC2012_val_00012016_n03908618.JPEG,ILSVRC2012_val_00007771_n03908618.JPEG,0.492326557636261,1.0257049798965454,3.913348197937012,0.5333784222602844
709,ILSVRC2012_val_00001265_n03908618.JPEG,ILSVRC2012_val_00011919_n03908618.JPEG,1.389683485031128,1.9855953454971316,2.0298242568969727,0.5959118604660036
709,ILSVRC2012_val_00029339_n03908618.JPEG,ILSVRC2012_val_00040316_n03908618.JPEG,0.2094554752111435,1.1924326419830322,3.195103406906128,0.9829771667718887
709,ILSVRC2012_val_00012965_n03908618.JPEG,ILSVRC2012_val_00026350_n03908618.JPEG,0.2343951761722564,2.825612783432007,2.977139949798584,2.5912176072597504
710,ILSVRC2012_val_00037769_n03908714.JPEG,ILSVRC2012_val_00034380_n03908714.JPEG,0.907791018486023,1.4948245286941528,2.597800970077514,0.5870335102081299
710,ILSVRC2012_val_00048136_n03908714.JPEG,ILSVRC2012_val_00017731_n03908714.JPEG,0.6244584918022156,1.9315650463104248,3.151386022567749,1.3071065545082092
710,ILSVRC2012_val_00041868_n03908714.JPEG,ILSVRC2012_val_00045637_n03908714.JPEG,2.100172519683838,0.060748141258955,2.3688642978668213,2.039424378424883
710,ILSVRC2012_val_00030805_n03908714.JPEG,ILSVRC2012_val_00036156_n03908714.JPEG,0.2731532156467438,2.4768991470336914,3.783701419830322,2.2037459313869476
710,ILSVRC2012_val_00046578_n03908714.JPEG,ILSVRC2012_val_00025458_n03908714.JPEG,7.26896333694458,5.010984897613525,7.292357921600342,2.2579784393310547
711,ILSVRC2012_val_00046442_n03916031.JPEG,ILSVRC2012_val_00003877_n03916031.JPEG,0.1725682616233825,0.1827020049095153,0.3584367930889129,0.010133743286132785
711,ILSVRC2012_val_00024293_n03916031.JPEG,ILSVRC2012_val_00037241_n03916031.JPEG,0.8860582113265991,0.7533853054046631,1.2778290510177612,0.13267290592193604
711,ILSVRC2012_val_00007864_n03916031.JPEG,ILSVRC2012_val_00008242_n03916031.JPEG,2.265798091888428,0.6924594640731812,2.6505422592163086,1.573338627815247
711,ILSVRC2012_val_00029383_n03916031.JPEG,ILSVRC2012_val_00045777_n03916031.JPEG,4.514287948608398,2.845186710357666,4.803392887115479,1.6691012382507324
711,ILSVRC2012_val_00046577_n03916031.JPEG,ILSVRC2012_val_00038980_n03916031.JPEG,0.2489660680294037,2.2631149291992188,2.324380397796631,2.014148861169815
712,ILSVRC2012_val_00010300_n03920288.JPEG,ILSVRC2012_val_00000465_n03920288.JPEG,2.249962329864502,1.1810543537139893,2.6080808639526367,1.0689079761505127
712,ILSVRC2012_val_00010961_n03920288.JPEG,ILSVRC2012_val_00037018_n03920288.JPEG,1.9567217826843264,0.3426757454872131,1.9683877229690552,1.6140460371971133
712,ILSVRC2012_val_00021453_n03920288.JPEG,ILSVRC2012_val_00039324_n03920288.JPEG,2.54878306388855,0.7913674116134644,3.050861597061157,1.7574156522750854
712,ILSVRC2012_val_00002704_n03920288.JPEG,ILSVRC2012_val_00042530_n03920288.JPEG,2.4583566188812256,4.5906291007995605,5.419878005981445,2.132272481918335
712,ILSVRC2012_val_00026710_n03920288.JPEG,ILSVRC2012_val_00036028_n03920288.JPEG,0.3657828569412231,2.767873287200928,3.3065848350524902,2.402090430259705
713,ILSVRC2012_val_00038560_n03924679.JPEG,ILSVRC2012_val_00044366_n03924679.JPEG,0.0417044796049594,0.0634190216660499,0.1191037446260452,0.021714542061090504
713,ILSVRC2012_val_00003366_n03924679.JPEG,ILSVRC2012_val_00049449_n03924679.JPEG,0.0064158416353166,0.0345880798995494,1.4420156478881836,0.0281722382642328
713,ILSVRC2012_val_00036487_n03924679.JPEG,ILSVRC2012_val_00013830_n03924679.JPEG,0.1610606163740158,0.195128932595253,0.2727908492088318,0.03406831622123718
713,ILSVRC2012_val_00047607_n03924679.JPEG,ILSVRC2012_val_00005015_n03924679.JPEG,0.0441613681614398,0.0831941440701484,0.0831941440701484,0.0390327759087086
713,ILSVRC2012_val_00047876_n03924679.JPEG,ILSVRC2012_val_00047756_n03924679.JPEG,0.0061033298261463,0.1645868569612503,0.1687958538532257,0.158483527135104
714,ILSVRC2012_val_00045390_n03929660.JPEG,ILSVRC2012_val_00027002_n03929660.JPEG,0.0013113955501466,0.0293797124177217,0.1885045021772384,0.028068316867575098
714,ILSVRC2012_val_00036654_n03929660.JPEG,ILSVRC2012_val_00024478_n03929660.JPEG,0.0301261879503726,0.0005803807871416,0.0333878882229328,0.029545807163231
714,ILSVRC2012_val_00010529_n03929660.JPEG,ILSVRC2012_val_00008948_n03929660.JPEG,2.368227243423462,1.132087469100952,5.735101699829102,1.23613977432251
714,ILSVRC2012_val_00044022_n03929660.JPEG,ILSVRC2012_val_00039317_n03929660.JPEG,0.9127745628356934,2.2572412490844727,3.8273637294769287,1.3444666862487793
714,ILSVRC2012_val_00022728_n03929660.JPEG,ILSVRC2012_val_00047770_n03929660.JPEG,0.0540088564157485,2.705757141113281,2.834441661834717,2.651748284697532
715,ILSVRC2012_val_00018444_n03929855.JPEG,ILSVRC2012_val_00005530_n03929855.JPEG,0.0412716083228588,0.0060437307693064,0.0965042933821678,0.035227877553552396
715,ILSVRC2012_val_00042008_n03929855.JPEG,ILSVRC2012_val_00011801_n03929855.JPEG,0.0982418060302734,0.0595876090228557,3.375260829925537,0.03865419700741769
715,ILSVRC2012_val_00000834_n03929855.JPEG,ILSVRC2012_val_00035355_n03929855.JPEG,0.0495362021028995,0.121444471180439,0.8630826473236084,0.0719082690775395
715,ILSVRC2012_val_00044109_n03929855.JPEG,ILSVRC2012_val_00011192_n03929855.JPEG,0.3176574409008026,0.0910083428025245,1.4030474424362185,0.2266490980982781
715,ILSVRC2012_val_00040296_n03929855.JPEG,ILSVRC2012_val_00043840_n03929855.JPEG,0.2977576851844787,0.0382866263389587,0.6797938346862793,0.25947105884552
716,ILSVRC2012_val_00004991_n03930313.JPEG,ILSVRC2012_val_00015192_n03930313.JPEG,0.0288162771612405,0.0301864519715309,0.0929568409919738,0.001370174810290399
716,ILSVRC2012_val_00046382_n03930313.JPEG,ILSVRC2012_val_00012022_n03930313.JPEG,0.0496815219521522,0.0185158401727676,0.3626877069473266,0.031165681779384596
716,ILSVRC2012_val_00031316_n03930313.JPEG,ILSVRC2012_val_00046381_n03930313.JPEG,0.2975389361381531,0.0514645464718341,4.233989715576172,0.24607438966631898
716,ILSVRC2012_val_00044015_n03930313.JPEG,ILSVRC2012_val_00045178_n03930313.JPEG,0.0085979755967855,0.3236828148365021,0.3291110098361969,0.3150848392397166
716,ILSVRC2012_val_00042364_n03930313.JPEG,ILSVRC2012_val_00013346_n03930313.JPEG,2.2042431831359863,1.8100606203079224,4.215296268463135,0.39418256282806396
717,ILSVRC2012_val_00035897_n03930630.JPEG,ILSVRC2012_val_00018700_n03930630.JPEG,0.2604439258575439,0.1108629181981086,1.484389066696167,0.14958100765943527
717,ILSVRC2012_val_00036504_n03930630.JPEG,ILSVRC2012_val_00041314_n03930630.JPEG,0.020195921882987,0.2998050451278686,0.9620293378829956,0.2796091232448816
717,ILSVRC2012_val_00034975_n03930630.JPEG,ILSVRC2012_val_00033589_n03930630.JPEG,0.9529313445091248,0.0449319966137409,3.119088649749756,0.9079993478953838
717,ILSVRC2012_val_00015879_n03930630.JPEG,ILSVRC2012_val_00008606_n03930630.JPEG,1.738004207611084,0.0395326353609561,3.4318926334381104,1.6984715722501278
717,ILSVRC2012_val_00025354_n03930630.JPEG,ILSVRC2012_val_00029046_n03930630.JPEG,0.1943727731704712,2.305776357650757,2.4466042518615723,2.1114035844802856
718,ILSVRC2012_val_00041214_n03933933.JPEG,ILSVRC2012_val_00037777_n03933933.JPEG,0.0905291214585304,0.0829752832651138,0.3339347839355469,0.0075538381934165955
718,ILSVRC2012_val_00018222_n03933933.JPEG,ILSVRC2012_val_00043832_n03933933.JPEG,0.845312774181366,0.4847433567047119,1.5742241144180298,0.36056941747665405
718,ILSVRC2012_val_00000702_n03933933.JPEG,ILSVRC2012_val_00046001_n03933933.JPEG,0.149495467543602,0.827533483505249,3.5285983085632324,0.678038015961647
718,ILSVRC2012_val_00031244_n03933933.JPEG,ILSVRC2012_val_00045013_n03933933.JPEG,1.265010952949524,0.1538983285427093,2.8404693603515625,1.1111126244068146
718,ILSVRC2012_val_00030150_n03933933.JPEG,ILSVRC2012_val_00045336_n03933933.JPEG,0.2146965712308883,2.3441760540008545,2.523987293243408,2.129479482769966
719,ILSVRC2012_val_00038686_n03935335.JPEG,ILSVRC2012_val_00033938_n03935335.JPEG,0.0005683475756086,0.013481761328876,0.139092668890953,0.0129134137532674
719,ILSVRC2012_val_00008153_n03935335.JPEG,ILSVRC2012_val_00037007_n03935335.JPEG,0.0512662641704082,0.0317050144076347,0.059323750436306,0.0195612497627735
719,ILSVRC2012_val_00003689_n03935335.JPEG,ILSVRC2012_val_00021463_n03935335.JPEG,0.1319263130426406,0.0498700253665447,0.3692559897899627,0.08205628767609591
719,ILSVRC2012_val_00031629_n03935335.JPEG,ILSVRC2012_val_00041964_n03935335.JPEG,0.1616133004426956,0.0241067223250865,0.1838093101978302,0.13750657811760908
719,ILSVRC2012_val_00032699_n03935335.JPEG,ILSVRC2012_val_00049380_n03935335.JPEG,0.503693163394928,0.0381117574870586,0.5375699996948242,0.4655814059078694
720,ILSVRC2012_val_00036242_n03937543.JPEG,ILSVRC2012_val_00040537_n03937543.JPEG,0.0563140474259853,0.0008612737292423,0.4793747663497925,0.055452773696743
720,ILSVRC2012_val_00041459_n03937543.JPEG,ILSVRC2012_val_00016390_n03937543.JPEG,0.0268328078091144,0.3292105197906494,0.4706122279167175,0.302377711981535
720,ILSVRC2012_val_00024585_n03937543.JPEG,ILSVRC2012_val_00015536_n03937543.JPEG,1.4764944314956665,1.0059458017349243,5.063685894012451,0.4705486297607422
720,ILSVRC2012_val_00030909_n03937543.JPEG,ILSVRC2012_val_00030685_n03937543.JPEG,2.34617280960083,1.851837396621704,2.456521511077881,0.494335412979126
720,ILSVRC2012_val_00030379_n03937543.JPEG,ILSVRC2012_val_00009545_n03937543.JPEG,0.8578190803527832,0.0640588998794555,0.8908715844154358,0.7937601804733277
721,ILSVRC2012_val_00035752_n03938244.JPEG,ILSVRC2012_val_00040729_n03938244.JPEG,0.3915612697601318,0.0737376809120178,0.9899252653121948,0.317823588848114
721,ILSVRC2012_val_00038952_n03938244.JPEG,ILSVRC2012_val_00008191_n03938244.JPEG,6.154037952423096,7.296353340148926,8.46290111541748,1.14231538772583
721,ILSVRC2012_val_00043255_n03938244.JPEG,ILSVRC2012_val_00048474_n03938244.JPEG,1.3572635650634766,0.0023789696861058,1.492220163345337,1.3548845953773707
721,ILSVRC2012_val_00034481_n03938244.JPEG,ILSVRC2012_val_00013296_n03938244.JPEG,1.3816113471984863,0.0089926477521657,2.134131908416748,1.3726186994463205
721,ILSVRC2012_val_00018279_n03938244.JPEG,ILSVRC2012_val_00005257_n03938244.JPEG,2.53218936920166,0.7914555668830872,3.1303906440734863,1.740733802318573
722,ILSVRC2012_val_00044526_n03942813.JPEG,ILSVRC2012_val_00027210_n03942813.JPEG,0.0095358360558748,0.0211246069520711,1.263613224029541,0.0115887708961963
722,ILSVRC2012_val_00047088_n03942813.JPEG,ILSVRC2012_val_00046563_n03942813.JPEG,1.3888819217681885,0.2421317398548126,6.808934211730957,1.1467501819133759
722,ILSVRC2012_val_00005631_n03942813.JPEG,ILSVRC2012_val_00014523_n03942813.JPEG,4.095900058746338,2.479233980178833,5.904937744140625,1.6166660785675049
722,ILSVRC2012_val_00045282_n03942813.JPEG,ILSVRC2012_val_00002274_n03942813.JPEG,2.162034034729004,0.0095487060025334,4.318629264831543,2.1524853287264705
722,ILSVRC2012_val_00009929_n03942813.JPEG,ILSVRC2012_val_00033381_n03942813.JPEG,3.309439182281494,0.143471673130989,4.228145122528076,3.165967509150505
723,ILSVRC2012_val_00042139_n03944341.JPEG,ILSVRC2012_val_00023001_n03944341.JPEG,0.0002970254281535,0.0001137191939051,0.0689017102122306,0.00018330623424839997
723,ILSVRC2012_val_00025830_n03944341.JPEG,ILSVRC2012_val_00000991_n03944341.JPEG,0.2521349191665649,0.2312241941690445,1.4378913640975952,0.02091072499752039
723,ILSVRC2012_val_00031011_n03944341.JPEG,ILSVRC2012_val_00002734_n03944341.JPEG,0.0958919897675514,0.3813175857067108,0.384878933429718,0.2854255959391594
723,ILSVRC2012_val_00025817_n03944341.JPEG,ILSVRC2012_val_00017777_n03944341.JPEG,0.1825269162654876,0.6956468820571899,0.715117871761322,0.5131199657917024
723,ILSVRC2012_val_00032297_n03944341.JPEG,ILSVRC2012_val_00042571_n03944341.JPEG,0.7741994857788086,0.1149912327527999,0.8039422035217285,0.6592082530260087
724,ILSVRC2012_val_00044427_n03947888.JPEG,ILSVRC2012_val_00012447_n03947888.JPEG,0.155775099992752,0.2435320317745208,0.9885031580924988,0.0877569317817688
724,ILSVRC2012_val_00006184_n03947888.JPEG,ILSVRC2012_val_00032856_n03947888.JPEG,0.1973390132188797,0.5481658577919006,0.6853843927383423,0.35082684457302094
724,ILSVRC2012_val_00001111_n03947888.JPEG,ILSVRC2012_val_00012691_n03947888.JPEG,0.4795964360237121,0.0540600195527076,0.8706991672515869,0.4255364164710045
724,ILSVRC2012_val_00028400_n03947888.JPEG,ILSVRC2012_val_00040013_n03947888.JPEG,0.1324627548456192,1.0593574047088623,1.0593574047088623,0.9268946498632431
724,ILSVRC2012_val_00012579_n03947888.JPEG,ILSVRC2012_val_00001182_n03947888.JPEG,1.5663151741027832,0.0317730344831943,2.0918498039245605,1.5345421396195889
725,ILSVRC2012_val_00007469_n03950228.JPEG,ILSVRC2012_val_00038943_n03950228.JPEG,1.0219080448150637,1.1534993648529053,1.1785539388656616,0.13159132003784157
725,ILSVRC2012_val_00045997_n03950228.JPEG,ILSVRC2012_val_00009934_n03950228.JPEG,1.3582627773284912,1.550804853439331,3.602156639099121,0.19254207611083984
725,ILSVRC2012_val_00031108_n03950228.JPEG,ILSVRC2012_val_00016358_n03950228.JPEG,0.8367361426353455,1.577202558517456,3.910546541213989,0.7404664158821106
725,ILSVRC2012_val_00034717_n03950228.JPEG,ILSVRC2012_val_00033857_n03950228.JPEG,1.3814613819122314,0.1629071831703186,1.3814613819122314,1.2185541987419128
725,ILSVRC2012_val_00039959_n03950228.JPEG,ILSVRC2012_val_00018978_n03950228.JPEG,0.3810989558696747,2.190415143966675,2.3710498809814453,1.8093161880970001
726,ILSVRC2012_val_00039935_n03954731.JPEG,ILSVRC2012_val_00017516_n03954731.JPEG,0.0837508961558342,0.0039312946610152,0.9865317344665528,0.079819601494819
726,ILSVRC2012_val_00015496_n03954731.JPEG,ILSVRC2012_val_00000645_n03954731.JPEG,1.1017606258392334,0.8456579446792603,1.7736451625823977,0.25610268115997314
726,ILSVRC2012_val_00038701_n03954731.JPEG,ILSVRC2012_val_00019106_n03954731.JPEG,0.7990652918815613,1.2363885641098022,2.48007869720459,0.43732327222824097
726,ILSVRC2012_val_00025108_n03954731.JPEG,ILSVRC2012_val_00049067_n03954731.JPEG,6.9100847244262695,5.362492561340332,7.694894790649414,1.5475921630859375
726,ILSVRC2012_val_00013976_n03954731.JPEG,ILSVRC2012_val_00010215_n03954731.JPEG,2.4078049659729004,0.6101299524307251,2.901292324066162,1.7976750135421753
727,ILSVRC2012_val_00022567_n03956157.JPEG,ILSVRC2012_val_00011429_n03956157.JPEG,0.00193527713418,0.0139928944408893,0.0174805931746959,0.0120576173067093
727,ILSVRC2012_val_00019543_n03956157.JPEG,ILSVRC2012_val_00032007_n03956157.JPEG,0.0413631163537502,0.0098492838442325,0.0431151241064071,0.0315138325095177
727,ILSVRC2012_val_00034801_n03956157.JPEG,ILSVRC2012_val_00020096_n03956157.JPEG,0.0747346878051757,0.0097969900816679,0.0869180783629417,0.0649376977235078
727,ILSVRC2012_val_00002215_n03956157.JPEG,ILSVRC2012_val_00038501_n03956157.JPEG,0.0389587245881557,0.8821714520454407,1.1664336919784546,0.8432127274572849
727,ILSVRC2012_val_00037283_n03956157.JPEG,ILSVRC2012_val_00046163_n03956157.JPEG,0.9111713171005248,0.007830754853785,1.0125221014022827,0.9033405622467398
728,ILSVRC2012_val_00040144_n03958227.JPEG,ILSVRC2012_val_00048624_n03958227.JPEG,0.5035690069198608,0.4422974586486816,4.115629196166992,0.061271548271179255
728,ILSVRC2012_val_00024003_n03958227.JPEG,ILSVRC2012_val_00038865_n03958227.JPEG,3.052544355392456,1.4787814617156982,3.052544355392456,1.5737628936767578
728,ILSVRC2012_val_00013823_n03958227.JPEG,ILSVRC2012_val_00023547_n03958227.JPEG,7.458778381347656,10.668950080871582,10.668950080871582,3.210171699523926
728,ILSVRC2012_val_00007768_n03958227.JPEG,ILSVRC2012_val_00004566_n03958227.JPEG,5.732333660125732,1.9826663732528689,5.740843296051025,3.7496672868728638
728,ILSVRC2012_val_00000722_n03958227.JPEG,ILSVRC2012_val_00022428_n03958227.JPEG,0.0529176965355873,4.530922889709473,4.530922889709473,4.478005193173885
729,ILSVRC2012_val_00022716_n03961711.JPEG,ILSVRC2012_val_00037251_n03961711.JPEG,1.5080108642578125,0.02969591319561,2.498614549636841,1.4783149510622025
729,ILSVRC2012_val_00011608_n03961711.JPEG,ILSVRC2012_val_00029613_n03961711.JPEG,4.929739952087402,3.273491859436035,6.324770927429199,1.6562480926513672
729,ILSVRC2012_val_00005374_n03961711.JPEG,ILSVRC2012_val_00001853_n03961711.JPEG,5.209175109863281,3.247340202331543,5.54259204864502,1.9618349075317383
729,ILSVRC2012_val_00028126_n03961711.JPEG,ILSVRC2012_val_00006921_n03961711.JPEG,4.043149948120117,0.3092998564243316,4.097022533416748,3.7338500916957855
729,ILSVRC2012_val_00019084_n03961711.JPEG,ILSVRC2012_val_00044063_n03961711.JPEG,3.755179882049561,0.0158738512545824,4.009119510650635,3.7393060307949786
730,ILSVRC2012_val_00047855_n03967562.JPEG,ILSVRC2012_val_00038074_n03967562.JPEG,0.0294845849275589,0.0313067287206649,3.568798065185547,0.0018221437931060028
730,ILSVRC2012_val_00022829_n03967562.JPEG,ILSVRC2012_val_00029750_n03967562.JPEG,0.831609308719635,0.8016842007637024,5.401044845581055,0.029925107955932617
730,ILSVRC2012_val_00009442_n03967562.JPEG,ILSVRC2012_val_00010642_n03967562.JPEG,0.4507166147232055,0.2986067533493042,3.0166497230529785,0.1521098613739013
730,ILSVRC2012_val_00019662_n03967562.JPEG,ILSVRC2012_val_00021178_n03967562.JPEG,1.5942175388336182,1.839850187301636,3.903587102890015,0.2456326484680178
730,ILSVRC2012_val_00020960_n03967562.JPEG,ILSVRC2012_val_00041970_n03967562.JPEG,0.1035606861114502,0.4472846984863281,0.7974588871002197,0.34372401237487793
731,ILSVRC2012_val_00009433_n03970156.JPEG,ILSVRC2012_val_00019576_n03970156.JPEG,0.1364334523677826,0.0143505437299609,0.6363477110862732,0.12208290863782169
731,ILSVRC2012_val_00006502_n03970156.JPEG,ILSVRC2012_val_00009623_n03970156.JPEG,0.0092264236882328,0.6908609867095947,2.983722686767578,0.6816345630213619
731,ILSVRC2012_val_00024002_n03970156.JPEG,ILSVRC2012_val_00030886_n03970156.JPEG,4.22301197052002,5.801325798034668,6.068256378173828,1.5783138275146475
731,ILSVRC2012_val_00028223_n03970156.JPEG,ILSVRC2012_val_00006905_n03970156.JPEG,3.3938536643981934,1.7918189764022827,4.23539924621582,1.6020346879959106
731,ILSVRC2012_val_00028218_n03970156.JPEG,ILSVRC2012_val_00027554_n03970156.JPEG,3.219366788864136,1.5281003713607788,4.501717567443848,1.6912664175033574
732,ILSVRC2012_val_00007918_n03976467.JPEG,ILSVRC2012_val_00037223_n03976467.JPEG,0.0384975932538509,0.1125770658254623,2.2027230262756348,0.0740794725716114
732,ILSVRC2012_val_00042635_n03976467.JPEG,ILSVRC2012_val_00007099_n03976467.JPEG,0.0394870266318321,0.2634621858596802,2.7065818309783936,0.22397515922784808
732,ILSVRC2012_val_00014850_n03976467.JPEG,ILSVRC2012_val_00031284_n03976467.JPEG,0.472651869058609,0.1060971468687057,0.5489224791526794,0.3665547221899033
732,ILSVRC2012_val_00037321_n03976467.JPEG,ILSVRC2012_val_00011833_n03976467.JPEG,0.000717144284863,0.3855293393135071,2.613489866256714,0.38481219502864406
732,ILSVRC2012_val_00035515_n03976467.JPEG,ILSVRC2012_val_00012287_n03976467.JPEG,3.7563109397888175,4.411938190460205,5.100112915039063,0.6556272506713876
733,ILSVRC2012_val_00000676_n03976657.JPEG,ILSVRC2012_val_00002567_n03976657.JPEG,1.3375502824783323,0.9158262014389038,2.9071600437164307,0.4217240810394285
733,ILSVRC2012_val_00000334_n03976657.JPEG,ILSVRC2012_val_00019758_n03976657.JPEG,0.7897416353225708,1.5887985229492188,4.2244977951049805,0.799056887626648
733,ILSVRC2012_val_00031473_n03976657.JPEG,ILSVRC2012_val_00028457_n03976657.JPEG,1.864004135131836,0.5536690950393677,1.864004135131836,1.3103350400924683
733,ILSVRC2012_val_00045738_n03976657.JPEG,ILSVRC2012_val_00016349_n03976657.JPEG,1.8628950119018557,0.2631939351558685,2.4999470710754395,1.5997010767459872
733,ILSVRC2012_val_00030439_n03976657.JPEG,ILSVRC2012_val_00044779_n03976657.JPEG,0.5069608688354492,2.180241346359253,4.2958574295043945,1.6732804775238037
734,ILSVRC2012_val_00023323_n03977966.JPEG,ILSVRC2012_val_00020853_n03977966.JPEG,0.0497222431004047,0.0656901448965072,0.1497709602117538,0.015967901796102496
734,ILSVRC2012_val_00012199_n03977966.JPEG,ILSVRC2012_val_00003966_n03977966.JPEG,0.4650229811668396,0.0349340662360191,0.5270847082138062,0.4300889149308205
734,ILSVRC2012_val_00027383_n03977966.JPEG,ILSVRC2012_val_00001143_n03977966.JPEG,0.7042225003242493,0.0620431303977966,2.28485107421875,0.6421793699264526
734,ILSVRC2012_val_00000452_n03977966.JPEG,ILSVRC2012_val_00030765_n03977966.JPEG,0.2244817167520523,1.021215796470642,1.0856488943099976,0.7967340797185898
734,ILSVRC2012_val_00043114_n03977966.JPEG,ILSVRC2012_val_00034511_n03977966.JPEG,0.187193214893341,1.3738428354263306,1.3738428354263306,1.1866496205329895
735,ILSVRC2012_val_00011849_n03980874.JPEG,ILSVRC2012_val_00027952_n03980874.JPEG,0.2439824193716049,0.6900913715362549,3.036882162094116,0.44610895216464996
735,ILSVRC2012_val_00011490_n03980874.JPEG,ILSVRC2012_val_00043665_n03980874.JPEG,0.0069809104315936,0.6070379614830017,2.950002193450928,0.6000570510514082
735,ILSVRC2012_val_00015208_n03980874.JPEG,ILSVRC2012_val_00029677_n03980874.JPEG,1.4418349266052246,0.327453076839447,2.062077522277832,1.1143818497657776
735,ILSVRC2012_val_00041833_n03980874.JPEG,ILSVRC2012_val_00005176_n03980874.JPEG,2.0907328128814697,0.684406578540802,3.2805891036987305,1.4063262343406677
735,ILSVRC2012_val_00023665_n03980874.JPEG,ILSVRC2012_val_00022861_n03980874.JPEG,1.7219544649124146,0.0118484320119023,2.561910629272461,1.7101060329005122
736,ILSVRC2012_val_00042266_n03982430.JPEG,ILSVRC2012_val_00046005_n03982430.JPEG,0.0212296470999717,0.0239660218358039,0.0317849293351173,0.0027363747358322005
736,ILSVRC2012_val_00033217_n03982430.JPEG,ILSVRC2012_val_00025950_n03982430.JPEG,0.6167897582054138,0.0418384745717048,2.9083738327026367,0.5749512836337091
736,ILSVRC2012_val_00030301_n03982430.JPEG,ILSVRC2012_val_00029099_n03982430.JPEG,6.41325386823155e-05,1.6357555389404297,2.5107309818267822,1.6356914064017474
736,ILSVRC2012_val_00015537_n03982430.JPEG,ILSVRC2012_val_00034059_n03982430.JPEG,0.0052479840815067,1.945478439331055,4.557080268859863,1.9402304552495482
736,ILSVRC2012_val_00033709_n03982430.JPEG,ILSVRC2012_val_00028566_n03982430.JPEG,3.9031457901000977,0.2802582383155823,5.260716438293457,3.6228875517845154
737,ILSVRC2012_val_00007141_n03983396.JPEG,ILSVRC2012_val_00045396_n03983396.JPEG,0.2506390213966369,0.2963845431804657,1.974891185760498,0.04574552178382879
737,ILSVRC2012_val_00029146_n03983396.JPEG,ILSVRC2012_val_00028581_n03983396.JPEG,1.0493872165679932,1.2670928239822388,1.2717373371124268,0.2177056074142456
737,ILSVRC2012_val_00032636_n03983396.JPEG,ILSVRC2012_val_00017697_n03983396.JPEG,0.7112722396850586,0.4034710526466369,0.9371633529663086,0.3078011870384217
737,ILSVRC2012_val_00011279_n03983396.JPEG,ILSVRC2012_val_00008501_n03983396.JPEG,1.7311793565750122,0.0300365388393402,4.101472854614258,1.701142817735672
737,ILSVRC2012_val_00042367_n03983396.JPEG,ILSVRC2012_val_00025986_n03983396.JPEG,0.3487598598003387,2.858281373977661,3.26014256477356,2.5095215141773224
738,ILSVRC2012_val_00037312_n03991062.JPEG,ILSVRC2012_val_00014135_n03991062.JPEG,0.0425803959369659,0.0427887476980686,0.1605075150728225,0.0002083517611026972
738,ILSVRC2012_val_00020210_n03991062.JPEG,ILSVRC2012_val_00026175_n03991062.JPEG,0.2234295159578323,0.0834476128220558,2.943948984146118,0.13998190313577652
738,ILSVRC2012_val_00042437_n03991062.JPEG,ILSVRC2012_val_00042372_n03991062.JPEG,0.244951918721199,0.8020251989364624,1.1850123405456543,0.5570732802152634
738,ILSVRC2012_val_00001919_n03991062.JPEG,ILSVRC2012_val_00045184_n03991062.JPEG,1.4913252592086792,0.0948191583156585,1.893158316612244,1.3965061008930206
738,ILSVRC2012_val_00006804_n03991062.JPEG,ILSVRC2012_val_00022423_n03991062.JPEG,0.9143154621124268,2.605965614318848,2.605965614318848,1.6916501522064213
739,ILSVRC2012_val_00049464_n03992509.JPEG,ILSVRC2012_val_00039606_n03992509.JPEG,0.0059392158873379,0.0098881181329488,1.1687566041946411,0.003948902245610901
739,ILSVRC2012_val_00003555_n03992509.JPEG,ILSVRC2012_val_00049913_n03992509.JPEG,0.0092896129935979,0.0010804060148075,0.0169731155037879,0.0082092069787904
739,ILSVRC2012_val_00013246_n03992509.JPEG,ILSVRC2012_val_00032876_n03992509.JPEG,0.1094669476151466,0.0011969790793955,2.684032678604126,0.10826996853575109
739,ILSVRC2012_val_00043069_n03992509.JPEG,ILSVRC2012_val_00006589_n03992509.JPEG,0.0434966385364532,0.241993710398674,0.2447174042463302,0.19849707186222082
739,ILSVRC2012_val_00007648_n03992509.JPEG,ILSVRC2012_val_00025632_n03992509.JPEG,0.2219028174877166,7.581423415103927e-05,3.086967945098877,0.22182700325356555
740,ILSVRC2012_val_00048056_n03995372.JPEG,ILSVRC2012_val_00021576_n03995372.JPEG,2.45933198928833,1.9718831777572632,5.469037055969238,0.4874488115310669
740,ILSVRC2012_val_00005681_n03995372.JPEG,ILSVRC2012_val_00026789_n03995372.JPEG,3.970551013946533,3.229759454727173,4.454066753387451,0.7407915592193604
740,ILSVRC2012_val_00010951_n03995372.JPEG,ILSVRC2012_val_00044561_n03995372.JPEG,0.8066587448120117,1.6619126796722412,4.669347286224365,0.8552539348602295
740,ILSVRC2012_val_00045090_n03995372.JPEG,ILSVRC2012_val_00001730_n03995372.JPEG,3.267087459564209,0.8048142790794373,3.9166219234466553,2.4622731804847717
740,ILSVRC2012_val_00000589_n03995372.JPEG,ILSVRC2012_val_00043807_n03995372.JPEG,3.6027982234954834,0.2400606870651245,4.340619087219238,3.362737536430359
741,ILSVRC2012_val_00000368_n03998194.JPEG,ILSVRC2012_val_00022178_n03998194.JPEG,0.0030726622790098,0.0063638421706855,0.0480113215744495,0.0032911798916757003
741,ILSVRC2012_val_00008650_n03998194.JPEG,ILSVRC2012_val_00041212_n03998194.JPEG,1.0586776733398438,0.5963370203971863,1.6910029649734497,0.46234065294265747
741,ILSVRC2012_val_00037309_n03998194.JPEG,ILSVRC2012_val_00035541_n03998194.JPEG,0.5196689963340759,0.0242211073637008,1.2693161964416504,0.4954478889703751
741,ILSVRC2012_val_00045607_n03998194.JPEG,ILSVRC2012_val_00041018_n03998194.JPEG,0.0233379192650318,0.6126960515975952,0.6280717253684998,0.5893581323325634
741,ILSVRC2012_val_00043607_n03998194.JPEG,ILSVRC2012_val_00035951_n03998194.JPEG,2.6189944744110107,0.2573670744895935,3.096653461456299,2.3616273999214172
742,ILSVRC2012_val_00017125_n04004767.JPEG,ILSVRC2012_val_00017060_n04004767.JPEG,0.6543510556221008,0.8040651679039001,2.98931097984314,0.14971411228179932
742,ILSVRC2012_val_00009689_n04004767.JPEG,ILSVRC2012_val_00030755_n04004767.JPEG,2.9678609371185303,3.8645527362823486,4.164663314819336,0.8966917991638184
742,ILSVRC2012_val_00024375_n04004767.JPEG,ILSVRC2012_val_00023135_n04004767.JPEG,3.67314338684082,2.5871238708496094,7.368215560913086,1.0860195159912105
742,ILSVRC2012_val_00008345_n04004767.JPEG,ILSVRC2012_val_00032968_n04004767.JPEG,0.1300844848155975,1.241887092590332,2.285560607910156,1.1118026077747345
742,ILSVRC2012_val_00007051_n04004767.JPEG,ILSVRC2012_val_00011455_n04004767.JPEG,1.135233998298645,4.054257869720459,4.138752937316895,2.919023871421814
743,ILSVRC2012_val_00010708_n04005630.JPEG,ILSVRC2012_val_00024119_n04005630.JPEG,0.0034600172657519,1.0917011499404907,1.0917011499404907,1.0882411326747388
743,ILSVRC2012_val_00039632_n04005630.JPEG,ILSVRC2012_val_00018223_n04005630.JPEG,1.512451171875,0.3844388127326965,1.669761300086975,1.1280123591423035
743,ILSVRC2012_val_00031944_n04005630.JPEG,ILSVRC2012_val_00045947_n04005630.JPEG,0.059343971312046,1.6990200281143188,1.6990200281143188,1.6396760568022728
743,ILSVRC2012_val_00039892_n04005630.JPEG,ILSVRC2012_val_00003802_n04005630.JPEG,0.2082801014184951,1.9879508018493648,2.212348222732544,1.7796707004308696
743,ILSVRC2012_val_00024319_n04005630.JPEG,ILSVRC2012_val_00007463_n04005630.JPEG,0.5033726096153259,2.9126217365264893,2.9126217365264893,2.4092491269111633
744,ILSVRC2012_val_00047882_n04008634.JPEG,ILSVRC2012_val_00041790_n04008634.JPEG,1.1428369283676147,1.3075621128082275,8.200679779052734,0.1647251844406128
744,ILSVRC2012_val_00018494_n04008634.JPEG,ILSVRC2012_val_00000515_n04008634.JPEG,1.1339209079742432,0.874785304069519,2.64046573638916,0.2591356039047241
744,ILSVRC2012_val_00009436_n04008634.JPEG,ILSVRC2012_val_00027910_n04008634.JPEG,0.6877207159996033,1.0918506383895874,3.857553243637085,0.40412992238998413
744,ILSVRC2012_val_00003596_n04008634.JPEG,ILSVRC2012_val_00042515_n04008634.JPEG,1.0083997249603271,2.6484737396240234,2.689874649047852,1.6400740146636963
744,ILSVRC2012_val_00014496_n04008634.JPEG,ILSVRC2012_val_00002304_n04008634.JPEG,1.723374366760254,3.763396739959717,4.3650102615356445,2.040022373199463
745,ILSVRC2012_val_00033020_n04009552.JPEG,ILSVRC2012_val_00041414_n04009552.JPEG,0.0048564574681222,0.0199885349720716,0.0281501878052949,0.0151320775039494
745,ILSVRC2012_val_00046217_n04009552.JPEG,ILSVRC2012_val_00002739_n04009552.JPEG,4.754865646362305,2.447962999343872,6.252551555633545,2.3069026470184326
745,ILSVRC2012_val_00047644_n04009552.JPEG,ILSVRC2012_val_00039310_n04009552.JPEG,2.8490099906921387,0.0273823998868465,3.469909429550171,2.821627590805292
745,ILSVRC2012_val_00003990_n04009552.JPEG,ILSVRC2012_val_00038006_n04009552.JPEG,3.0387697219848637,0.01916697435081,3.2748119831085205,3.0196027476340537
745,ILSVRC2012_val_00026277_n04009552.JPEG,ILSVRC2012_val_00029794_n04009552.JPEG,0.1245587691664695,3.18623685836792,3.793734550476074,3.0616780892014503
746,ILSVRC2012_val_00024388_n04019541.JPEG,ILSVRC2012_val_00048759_n04019541.JPEG,0.0090429754927754,0.0147243933752179,0.3500220477581024,0.0056814178824425
746,ILSVRC2012_val_00024819_n04019541.JPEG,ILSVRC2012_val_00000861_n04019541.JPEG,0.0139117799699306,0.0010854073334485,0.9454414248466492,0.0128263726364821
746,ILSVRC2012_val_00041035_n04019541.JPEG,ILSVRC2012_val_00006926_n04019541.JPEG,0.0228687115013599,0.0094114914536476,0.0423070974647998,0.013457220047712302
746,ILSVRC2012_val_00002750_n04019541.JPEG,ILSVRC2012_val_00027603_n04019541.JPEG,0.0134467128664255,0.0347970686852932,1.7309223413467407,0.021350355818867697
746,ILSVRC2012_val_00002816_n04019541.JPEG,ILSVRC2012_val_00029072_n04019541.JPEG,0.0386329405009746,0.6081095337867737,3.71769642829895,0.569476593285799
747,ILSVRC2012_val_00019768_n04023962.JPEG,ILSVRC2012_val_00005537_n04023962.JPEG,0.016402056440711,0.2436983436346054,1.6123907566070557,0.22729628719389441
747,ILSVRC2012_val_00037189_n04023962.JPEG,ILSVRC2012_val_00017642_n04023962.JPEG,3.512042999267578,4.465270519256592,9.004315376281738,0.9532275199890137
747,ILSVRC2012_val_00012992_n04023962.JPEG,ILSVRC2012_val_00047872_n04023962.JPEG,2.12678861618042,0.9397598505020142,5.762057304382324,1.1870287656784058
747,ILSVRC2012_val_00028845_n04023962.JPEG,ILSVRC2012_val_00048984_n04023962.JPEG,1.9892573356628416,0.3494518399238586,4.844038486480713,1.639805495738983
747,ILSVRC2012_val_00006485_n04023962.JPEG,ILSVRC2012_val_00007418_n04023962.JPEG,2.966277599334717,0.0987782627344131,3.135793924331665,2.8674993366003036
748,ILSVRC2012_val_00010949_n04026417.JPEG,ILSVRC2012_val_00041904_n04026417.JPEG,2.0043556690216064,2.182321548461914,2.35134220123291,0.17796587944030762
748,ILSVRC2012_val_00035568_n04026417.JPEG,ILSVRC2012_val_00002590_n04026417.JPEG,3.822821855545044,3.6342177391052246,3.822821855545044,0.18860411643981934
748,ILSVRC2012_val_00039205_n04026417.JPEG,ILSVRC2012_val_00001343_n04026417.JPEG,0.1102765351533889,0.5197950601577759,3.425434112548828,0.409518525004387
748,ILSVRC2012_val_00031129_n04026417.JPEG,ILSVRC2012_val_00014524_n04026417.JPEG,2.5833489894866943,0.729097306728363,2.748021364212036,1.8542516827583313
748,ILSVRC2012_val_00021143_n04026417.JPEG,ILSVRC2012_val_00034222_n04026417.JPEG,1.5816601514816284,4.10514497756958,5.2661333084106445,2.5234848260879517
749,ILSVRC2012_val_00039401_n04033901.JPEG,ILSVRC2012_val_00025003_n04033901.JPEG,2.861018856492592e-06,1.5473405122756958,1.5564748048782349,1.5473376512568393
749,ILSVRC2012_val_00017841_n04033901.JPEG,ILSVRC2012_val_00034017_n04033901.JPEG,2.530879020690918,0.5871955752372742,2.530879020690918,1.9436834454536438
749,ILSVRC2012_val_00001457_n04033901.JPEG,ILSVRC2012_val_00034976_n04033901.JPEG,3.025603771209717,5.604300498962402,5.604300498962402,2.5786967277526855
749,ILSVRC2012_val_00010234_n04033901.JPEG,ILSVRC2012_val_00030576_n04033901.JPEG,2.824873685836792,0.0372228436172008,4.253594398498535,2.787650842219591
749,ILSVRC2012_val_00015664_n04033901.JPEG,ILSVRC2012_val_00017614_n04033901.JPEG,4.428936958312988,1.4904372692108154,5.097359657287598,2.938499689102173
750,ILSVRC2012_val_00026972_n04033995.JPEG,ILSVRC2012_val_00008340_n04033995.JPEG,0.3829904794692993,0.4601624011993408,0.8340672254562378,0.0771719217300415
750,ILSVRC2012_val_00041917_n04033995.JPEG,ILSVRC2012_val_00015071_n04033995.JPEG,0.3710668087005615,0.051842775195837,0.6879603266716003,0.3192240335047245
750,ILSVRC2012_val_00038032_n04033995.JPEG,ILSVRC2012_val_00013165_n04033995.JPEG,2.547083139419556,2.194391250610352,4.553068161010742,0.3526918888092041
750,ILSVRC2012_val_00031844_n04033995.JPEG,ILSVRC2012_val_00007047_n04033995.JPEG,1.3059139251708984,0.7927939891815186,3.495222568511963,0.5131199359893799
750,ILSVRC2012_val_00016128_n04033995.JPEG,ILSVRC2012_val_00007342_n04033995.JPEG,0.4365999102592468,1.3459069728851318,1.3474432229995728,0.909307062625885
751,ILSVRC2012_val_00030124_n04037443.JPEG,ILSVRC2012_val_00019285_n04037443.JPEG,0.5461729168891907,0.0632749050855636,1.1699025630950928,0.48289801180362707
751,ILSVRC2012_val_00025389_n04037443.JPEG,ILSVRC2012_val_00038390_n04037443.JPEG,0.9224740862846376,0.1337776780128479,1.428242802619934,0.7886964082717897
751,ILSVRC2012_val_00017979_n04037443.JPEG,ILSVRC2012_val_00043047_n04037443.JPEG,1.6497199535369873,0.1341894119977951,1.7094542980194092,1.5155305415391922
751,ILSVRC2012_val_00008457_n04037443.JPEG,ILSVRC2012_val_00026947_n04037443.JPEG,0.451776385307312,3.299330949783325,3.299330949783325,2.847554564476013
751,ILSVRC2012_val_00022936_n04037443.JPEG,ILSVRC2012_val_00038994_n04037443.JPEG,0.5463058948516846,3.823252439498901,3.873377561569214,3.2769465446472164
752,ILSVRC2012_val_00026870_n04039381.JPEG,ILSVRC2012_val_00009044_n04039381.JPEG,0.0226880982518196,0.0583877190947532,0.5620583891868591,0.0356996208429336
752,ILSVRC2012_val_00046313_n04039381.JPEG,ILSVRC2012_val_00009337_n04039381.JPEG,0.0152142271399497,0.0920942947268486,0.9966771006584167,0.0768800675868989
752,ILSVRC2012_val_00048110_n04039381.JPEG,ILSVRC2012_val_00012929_n04039381.JPEG,0.0771110728383064,0.2762240171432495,0.2766976356506347,0.1991129443049431
752,ILSVRC2012_val_00014634_n04039381.JPEG,ILSVRC2012_val_00011663_n04039381.JPEG,1.8132097721099851,0.2464100271463394,2.184387683868408,1.5667997449636457
752,ILSVRC2012_val_00029429_n04039381.JPEG,ILSVRC2012_val_00012341_n04039381.JPEG,0.0883298143744468,1.9690799713134768,4.148315906524658,1.88075015693903
753,ILSVRC2012_val_00027713_n04040759.JPEG,ILSVRC2012_val_00031556_n04040759.JPEG,0.001915288507007,0.0008624648326076,0.5449921488761902,0.0010528236743994
753,ILSVRC2012_val_00028613_n04040759.JPEG,ILSVRC2012_val_00039292_n04040759.JPEG,0.0396236144006252,0.0189128182828426,0.0422535017132759,0.0207107961177826
753,ILSVRC2012_val_00016784_n04040759.JPEG,ILSVRC2012_val_00000770_n04040759.JPEG,0.7397565841674805,0.540063738822937,2.927704334259033,0.19969284534454346
753,ILSVRC2012_val_00009434_n04040759.JPEG,ILSVRC2012_val_00040259_n04040759.JPEG,0.4024335443973541,0.865895688533783,1.4514321088790894,0.46346214413642883
753,ILSVRC2012_val_00041696_n04040759.JPEG,ILSVRC2012_val_00030121_n04040759.JPEG,0.0130592072382569,0.6324158310890198,2.3165652751922607,0.6193566238507628
754,ILSVRC2012_val_00033549_n04041544.JPEG,ILSVRC2012_val_00010532_n04041544.JPEG,0.3384731709957123,1.0202131271362305,1.8018043041229248,0.6817399561405182
754,ILSVRC2012_val_00038785_n04041544.JPEG,ILSVRC2012_val_00001903_n04041544.JPEG,0.9494783282279968,1.702130913734436,2.734812021255493,0.7526525855064392
754,ILSVRC2012_val_00039139_n04041544.JPEG,ILSVRC2012_val_00034715_n04041544.JPEG,2.545274019241333,1.737287998199463,2.9418978691101074,0.8079860210418701
754,ILSVRC2012_val_00007533_n04041544.JPEG,ILSVRC2012_val_00035466_n04041544.JPEG,2.8348212242126465,1.5653462409973145,3.131064414978028,1.269474983215332
754,ILSVRC2012_val_00037957_n04041544.JPEG,ILSVRC2012_val_00045875_n04041544.JPEG,3.5082387924194336,1.8595983982086184,4.590862274169922,1.6486403942108152
755,ILSVRC2012_val_00005654_n04044716.JPEG,ILSVRC2012_val_00046250_n04044716.JPEG,0.055202841758728,0.0451131984591484,0.0693171173334121,0.0100896432995796
755,ILSVRC2012_val_00045076_n04044716.JPEG,ILSVRC2012_val_00021724_n04044716.JPEG,0.0203557275235652,0.0027765792328864,0.0360158085823059,0.0175791482906788
755,ILSVRC2012_val_00033065_n04044716.JPEG,ILSVRC2012_val_00016140_n04044716.JPEG,0.0367174744606018,0.0024649493861943,0.0367174744606018,0.0342525250744075
755,ILSVRC2012_val_00002494_n04044716.JPEG,ILSVRC2012_val_00043638_n04044716.JPEG,0.0851536393165588,0.0142259746789932,0.3334873616695404,0.0709276646375656
755,ILSVRC2012_val_00032990_n04044716.JPEG,ILSVRC2012_val_00046650_n04044716.JPEG,0.4232837557792663,0.0455322191119194,0.4232837557792663,0.3777515366673469
756,ILSVRC2012_val_00040718_n04049303.JPEG,ILSVRC2012_val_00036683_n04049303.JPEG,0.1840792894363403,0.0472430624067783,0.730078935623169,0.136836227029562
756,ILSVRC2012_val_00045475_n04049303.JPEG,ILSVRC2012_val_00001394_n04049303.JPEG,0.2576439678668976,0.0503439679741859,4.65509557723999,0.2072999998927117
756,ILSVRC2012_val_00015619_n04049303.JPEG,ILSVRC2012_val_00000042_n04049303.JPEG,0.0215506516396999,0.3196425139904022,1.422748565673828,0.29809186235070234
756,ILSVRC2012_val_00037429_n04049303.JPEG,ILSVRC2012_val_00044149_n04049303.JPEG,0.0203008260577917,0.3582322001457214,1.343369960784912,0.33793137408792967
756,ILSVRC2012_val_00010379_n04049303.JPEG,ILSVRC2012_val_00038837_n04049303.JPEG,1.550251603126526,0.0105148125439882,1.550251603126526,1.5397367905825379
757,ILSVRC2012_val_00026802_n04065272.JPEG,ILSVRC2012_val_00016511_n04065272.JPEG,0.2301910072565078,0.0601091682910919,0.8499278426170349,0.1700818389654159
757,ILSVRC2012_val_00048765_n04065272.JPEG,ILSVRC2012_val_00030525_n04065272.JPEG,0.3226937055587768,0.0241880621761083,2.754463195800781,0.2985056433826685
757,ILSVRC2012_val_00014784_n04065272.JPEG,ILSVRC2012_val_00042754_n04065272.JPEG,0.0184955950826406,0.973120391368866,0.973120391368866,0.9546247962862253
757,ILSVRC2012_val_00025460_n04065272.JPEG,ILSVRC2012_val_00000931_n04065272.JPEG,0.4451262354850769,2.095420837402344,2.581406593322754,1.6502946019172673
757,ILSVRC2012_val_00044785_n04065272.JPEG,ILSVRC2012_val_00022419_n04065272.JPEG,2.1827731132507324,0.2817473113536834,4.750974178314209,1.901025801897049
758,ILSVRC2012_val_00010458_n04067472.JPEG,ILSVRC2012_val_00034096_n04067472.JPEG,0.0453189723193645,1.4651057720184326,5.015877723693848,1.419786799699068
758,ILSVRC2012_val_00009568_n04067472.JPEG,ILSVRC2012_val_00000473_n04067472.JPEG,0.0234718397259712,1.9873046875,3.4106040000915527,1.9638328477740288
758,ILSVRC2012_val_00003992_n04067472.JPEG,ILSVRC2012_val_00010440_n04067472.JPEG,3.571401357650757,1.2872953414916992,6.408376216888428,2.2841060161590576
758,ILSVRC2012_val_00016525_n04067472.JPEG,ILSVRC2012_val_00038252_n04067472.JPEG,3.4286980628967285,0.0532942451536655,8.052576065063477,3.375403817743063
758,ILSVRC2012_val_00039860_n04067472.JPEG,ILSVRC2012_val_00032929_n04067472.JPEG,5.617801189422607,0.0739156156778335,6.501737594604492,5.543885573744774
759,ILSVRC2012_val_00035899_n04069434.JPEG,ILSVRC2012_val_00001854_n04069434.JPEG,0.1827491670846939,0.2686381042003631,0.3294329643249511,0.0858889371156692
759,ILSVRC2012_val_00001085_n04069434.JPEG,ILSVRC2012_val_00043715_n04069434.JPEG,0.7089747786521912,0.5407738089561462,1.0610060691833496,0.16820096969604492
759,ILSVRC2012_val_00037387_n04069434.JPEG,ILSVRC2012_val_00017749_n04069434.JPEG,0.3546026051044464,0.1734359115362167,3.7203948497772217,0.1811666935682297
759,ILSVRC2012_val_00012650_n04069434.JPEG,ILSVRC2012_val_00037186_n04069434.JPEG,1.5450201034545898,0.932214379310608,5.533963203430176,0.6128057241439818
759,ILSVRC2012_val_00048898_n04069434.JPEG,ILSVRC2012_val_00026322_n04069434.JPEG,2.4158754348754883,3.4116601943969727,6.375138282775879,0.9957847595214844
760,ILSVRC2012_val_00004917_n04070727.JPEG,ILSVRC2012_val_00004946_n04070727.JPEG,0.0834249109029769,0.2020387500524521,0.2382526248693466,0.11861383914947518
760,ILSVRC2012_val_00038840_n04070727.JPEG,ILSVRC2012_val_00005927_n04070727.JPEG,0.2443499714136123,0.0201040916144847,1.3177099227905271,0.2242458797991276
760,ILSVRC2012_val_00030280_n04070727.JPEG,ILSVRC2012_val_00022009_n04070727.JPEG,0.570723831653595,1.3851827383041382,2.143677234649658,0.8144589066505432
760,ILSVRC2012_val_00043002_n04070727.JPEG,ILSVRC2012_val_00031724_n04070727.JPEG,0.2122721970081329,3.292194604873657,3.292194604873657,3.079922407865524
760,ILSVRC2012_val_00028330_n04070727.JPEG,ILSVRC2012_val_00036831_n04070727.JPEG,0.2245422750711441,3.375101327896118,3.5035579204559326,3.150559052824974
761,ILSVRC2012_val_00001838_n04074963.JPEG,ILSVRC2012_val_00028651_n04074963.JPEG,0.0978053882718086,0.1363780200481414,1.9161566495895384,0.0385726317763328
761,ILSVRC2012_val_00027409_n04074963.JPEG,ILSVRC2012_val_00023963_n04074963.JPEG,0.1301012337207794,0.0229595880955457,0.2271231263875961,0.10714164562523369
761,ILSVRC2012_val_00000275_n04074963.JPEG,ILSVRC2012_val_00047840_n04074963.JPEG,3.403456687927246,3.769409418106079,6.832817077636719,0.365952730178833
761,ILSVRC2012_val_00002910_n04074963.JPEG,ILSVRC2012_val_00031318_n04074963.JPEG,2.385148525238037,3.36764931678772,5.669721603393555,0.9825007915496831
761,ILSVRC2012_val_00027243_n04074963.JPEG,ILSVRC2012_val_00017148_n04074963.JPEG,1.0608811378479004,0.0354580543935298,4.221928596496582,1.0254230834543705
762,ILSVRC2012_val_00021422_n04081281.JPEG,ILSVRC2012_val_00003807_n04081281.JPEG,0.0163047183305025,0.00728758610785,0.2126584351062774,0.0090171322226525
762,ILSVRC2012_val_00019466_n04081281.JPEG,ILSVRC2012_val_00011936_n04081281.JPEG,0.9445136189460754,1.110771417617798,5.322585582733154,0.16625779867172263
762,ILSVRC2012_val_00022454_n04081281.JPEG,ILSVRC2012_val_00015102_n04081281.JPEG,1.2579225301742554,0.4069589674472809,1.4270614385604858,0.8509635627269745
762,ILSVRC2012_val_00003513_n04081281.JPEG,ILSVRC2012_val_00043772_n04081281.JPEG,7.219603061676025,6.191540241241455,7.385054588317871,1.0280628204345703
762,ILSVRC2012_val_00044508_n04081281.JPEG,ILSVRC2012_val_00005240_n04081281.JPEG,6.138333320617676,4.185256004333496,7.605559825897217,1.9530773162841797
763,ILSVRC2012_val_00032309_n04086273.JPEG,ILSVRC2012_val_00001789_n04086273.JPEG,0.0868129432201385,0.0870090052485466,2.198702096939087,0.00019606202840810605
763,ILSVRC2012_val_00015728_n04086273.JPEG,ILSVRC2012_val_00030717_n04086273.JPEG,0.0144942495971918,0.01944550126791,1.8617972135543823,0.0049512516707182
763,ILSVRC2012_val_00003123_n04086273.JPEG,ILSVRC2012_val_00011824_n04086273.JPEG,0.0027088159695267,0.0096965264528989,0.1653703302145004,0.006987710483372199
763,ILSVRC2012_val_00002299_n04086273.JPEG,ILSVRC2012_val_00012865_n04086273.JPEG,0.0274097733199596,0.2237482815980911,2.603142023086548,0.19633850827813148
763,ILSVRC2012_val_00042729_n04086273.JPEG,ILSVRC2012_val_00009592_n04086273.JPEG,0.0038811846170574,0.5472845435142517,1.1897683143615725,0.5434033588971943
764,ILSVRC2012_val_00006086_n04090263.JPEG,ILSVRC2012_val_00000707_n04090263.JPEG,4.411260604858398,4.427432537078857,8.472748756408691,0.016171932220458984
764,ILSVRC2012_val_00033991_n04090263.JPEG,ILSVRC2012_val_00017387_n04090263.JPEG,0.0879911258816719,0.3102415800094604,1.5080410242080688,0.2222504541277885
764,ILSVRC2012_val_00029019_n04090263.JPEG,ILSVRC2012_val_00018441_n04090263.JPEG,0.8106591105461121,0.4330059289932251,6.158505916595459,0.37765318155288696
764,ILSVRC2012_val_00025798_n04090263.JPEG,ILSVRC2012_val_00042016_n04090263.JPEG,2.484065532684326,1.4442253112792969,2.7233481407165527,1.0398402214050293
764,ILSVRC2012_val_00021492_n04090263.JPEG,ILSVRC2012_val_00045410_n04090263.JPEG,2.9259743690490723,0.7559108138084412,6.557339191436768,2.170063555240631
765,ILSVRC2012_val_00037370_n04099969.JPEG,ILSVRC2012_val_00001953_n04099969.JPEG,0.0032863202504813,0.0787458568811416,0.1612449735403061,0.0754595366306603
765,ILSVRC2012_val_00008768_n04099969.JPEG,ILSVRC2012_val_00000421_n04099969.JPEG,0.8567484617233276,0.4584456086158752,0.8705584406852722,0.39830285310745245
765,ILSVRC2012_val_00016203_n04099969.JPEG,ILSVRC2012_val_00017214_n04099969.JPEG,2.422738790512085,0.4135689437389374,2.422738790512085,2.0091698467731476
765,ILSVRC2012_val_00015390_n04099969.JPEG,ILSVRC2012_val_00029809_n04099969.JPEG,2.597331523895264,0.0908519253134727,2.6941919326782227,2.5064795985817914
765,ILSVRC2012_val_00038750_n04099969.JPEG,ILSVRC2012_val_00040076_n04099969.JPEG,4.137907028198242,0.0217774286866188,4.4854888916015625,4.116129599511623
766,ILSVRC2012_val_00039873_n04111531.JPEG,ILSVRC2012_val_00007052_n04111531.JPEG,0.1285480260848999,0.004565411247313,0.1285480260848999,0.12398261483758691
766,ILSVRC2012_val_00010367_n04111531.JPEG,ILSVRC2012_val_00041628_n04111531.JPEG,0.2278971672058105,0.0018310461891815,0.382680207490921,0.22606612101662898
766,ILSVRC2012_val_00004891_n04111531.JPEG,ILSVRC2012_val_00035817_n04111531.JPEG,0.0037867759820073,0.2976960837841034,0.2976960837841034,0.2939093078020961
766,ILSVRC2012_val_00020809_n04111531.JPEG,ILSVRC2012_val_00013982_n04111531.JPEG,0.5608124732971191,1.5171911716461182,2.2005059719085693,0.956378698348999
766,ILSVRC2012_val_00010717_n04111531.JPEG,ILSVRC2012_val_00038011_n04111531.JPEG,0.0105327432975173,3.625901699066162,3.901885271072388,3.615368955768645
767,ILSVRC2012_val_00032442_n04116512.JPEG,ILSVRC2012_val_00012660_n04116512.JPEG,2.120856761932373,2.3268184661865234,3.750415325164795,0.2059617042541504
767,ILSVRC2012_val_00023298_n04116512.JPEG,ILSVRC2012_val_00027205_n04116512.JPEG,0.0285133533179759,0.889762818813324,4.59569787979126,0.8612494654953481
767,ILSVRC2012_val_00032611_n04116512.JPEG,ILSVRC2012_val_00037342_n04116512.JPEG,5.424483299255371,3.459081649780273,7.119600296020508,1.965401649475098
767,ILSVRC2012_val_00047135_n04116512.JPEG,ILSVRC2012_val_00006736_n04116512.JPEG,2.8396105766296387,0.7894220948219299,3.9746181964874263,2.0501884818077087
767,ILSVRC2012_val_00007734_n04116512.JPEG,ILSVRC2012_val_00030821_n04116512.JPEG,0.1065681129693985,2.7898061275482178,5.588802337646484,2.6832380145788193
768,ILSVRC2012_val_00040235_n04118538.JPEG,ILSVRC2012_val_00036288_n04118538.JPEG,0.2387320548295974,0.1439734697341919,5.50557804107666,0.0947585850954055
768,ILSVRC2012_val_00019445_n04118538.JPEG,ILSVRC2012_val_00026348_n04118538.JPEG,0.1300088018178939,0.2391279190778732,2.414907217025757,0.1091191172599793
768,ILSVRC2012_val_00001497_n04118538.JPEG,ILSVRC2012_val_00027516_n04118538.JPEG,0.8211464881896973,0.1891253143548965,2.878530502319336,0.6320211738348007
768,ILSVRC2012_val_00019086_n04118538.JPEG,ILSVRC2012_val_00048352_n04118538.JPEG,0.7220793962478638,0.0635812357068061,5.737398147583008,0.6584981605410577
768,ILSVRC2012_val_00042493_n04118538.JPEG,ILSVRC2012_val_00049365_n04118538.JPEG,1.992193341255188,0.0082438187673687,1.992193341255188,1.9839495224878192
769,ILSVRC2012_val_00017923_n04118776.JPEG,ILSVRC2012_val_00046510_n04118776.JPEG,0.0241476837545633,0.0203259401023387,0.0241476837545633,0.0038217436522245997
769,ILSVRC2012_val_00008452_n04118776.JPEG,ILSVRC2012_val_00004174_n04118776.JPEG,0.0391429588198661,0.0081894313916563,0.1301652789115905,0.030953527428209796
769,ILSVRC2012_val_00003900_n04118776.JPEG,ILSVRC2012_val_00016799_n04118776.JPEG,0.0110734449699521,0.090275153517723,0.1526439934968948,0.0792017085477709
769,ILSVRC2012_val_00009693_n04118776.JPEG,ILSVRC2012_val_00001210_n04118776.JPEG,1.6736395359039309,0.019250001758337,1.741500735282898,1.6543895341455939
769,ILSVRC2012_val_00036839_n04118776.JPEG,ILSVRC2012_val_00027784_n04118776.JPEG,3.798433303833008,0.0015231685247272,4.990988731384277,3.7969101353082806
770,ILSVRC2012_val_00005869_n04120489.JPEG,ILSVRC2012_val_00038810_n04120489.JPEG,0.0028994923923164,0.0446436069905757,0.1410707086324691,0.0417441145982593
770,ILSVRC2012_val_00039072_n04120489.JPEG,ILSVRC2012_val_00027542_n04120489.JPEG,0.224601998925209,0.1184318512678146,3.352935791015625,0.1061701476573944
770,ILSVRC2012_val_00039728_n04120489.JPEG,ILSVRC2012_val_00039805_n04120489.JPEG,0.1737565845251083,0.0004250099882483,0.5180507898330688,0.17333157453686002
770,ILSVRC2012_val_00038922_n04120489.JPEG,ILSVRC2012_val_00019670_n04120489.JPEG,0.2381741851568222,0.4496705830097198,4.203604221343994,0.2114963978528976
770,ILSVRC2012_val_00044519_n04120489.JPEG,ILSVRC2012_val_00048425_n04120489.JPEG,0.7056393027305603,0.4601757228374481,1.0280828475952148,0.24546357989311218
771,ILSVRC2012_val_00037895_n04125021.JPEG,ILSVRC2012_val_00022074_n04125021.JPEG,0.0074254469946026,0.0052253338508307,0.1740454137325287,0.0022001131437719007
771,ILSVRC2012_val_00024067_n04125021.JPEG,ILSVRC2012_val_00044870_n04125021.JPEG,0.0033520245924592,0.0211339443922042,0.4095853865146637,0.017781919799745
771,ILSVRC2012_val_00041163_n04125021.JPEG,ILSVRC2012_val_00010948_n04125021.JPEG,0.1397344470024109,0.0631074830889701,0.9943847060203552,0.07662696391344079
771,ILSVRC2012_val_00007732_n04125021.JPEG,ILSVRC2012_val_00000143_n04125021.JPEG,1.1219890117645264,0.0276614315807819,1.1324775218963623,1.0943275801837444
771,ILSVRC2012_val_00036347_n04125021.JPEG,ILSVRC2012_val_00037819_n04125021.JPEG,1.5072565078735352,0.0042157592251896,1.6632108688354492,1.5030407486483455
772,ILSVRC2012_val_00012896_n04127249.JPEG,ILSVRC2012_val_00030687_n04127249.JPEG,2.473063468933105,2.998985528945923,6.458786964416504,0.5259220600128178
772,ILSVRC2012_val_00034276_n04127249.JPEG,ILSVRC2012_val_00008699_n04127249.JPEG,0.0240682028234004,1.05692720413208,1.141766905784607,1.0328590013086796
772,ILSVRC2012_val_00022604_n04127249.JPEG,ILSVRC2012_val_00047947_n04127249.JPEG,2.814204692840576,5.716377258300781,5.840928077697754,2.902172565460205
772,ILSVRC2012_val_00024308_n04127249.JPEG,ILSVRC2012_val_00036087_n04127249.JPEG,6.836038112640381,9.7637357711792,11.428160667419434,2.9276976585388184
772,ILSVRC2012_val_00025670_n04127249.JPEG,ILSVRC2012_val_00026605_n04127249.JPEG,6.892796993255615,3.9625093936920166,7.344053268432617,2.9302875995635986
773,ILSVRC2012_val_00035155_n04131690.JPEG,ILSVRC2012_val_00043936_n04131690.JPEG,1.0726299285888672,0.0002281405613757,1.0768537521362305,1.0724017880274914
773,ILSVRC2012_val_00043661_n04131690.JPEG,ILSVRC2012_val_00043799_n04131690.JPEG,0.660493016242981,2.10936975479126,2.6155266761779785,1.4488767385482793
773,ILSVRC2012_val_00007513_n04131690.JPEG,ILSVRC2012_val_00022574_n04131690.JPEG,2.803941011428833,0.0728647038340568,3.037432909011841,2.731076307594776
773,ILSVRC2012_val_00014536_n04131690.JPEG,ILSVRC2012_val_00042373_n04131690.JPEG,3.396347999572754,0.3317820131778717,4.402386665344238,3.064565986394882
773,ILSVRC2012_val_00002728_n04131690.JPEG,ILSVRC2012_val_00016485_n04131690.JPEG,3.8464674949646,0.0871672183275222,3.928667545318604,3.7593002766370778
774,ILSVRC2012_val_00034558_n04133789.JPEG,ILSVRC2012_val_00034138_n04133789.JPEG,0.2297243326902389,0.1544952392578125,0.575461745262146,0.0752290934324264
774,ILSVRC2012_val_00037599_n04133789.JPEG,ILSVRC2012_val_00005199_n04133789.JPEG,0.7628161311149597,0.6780520677566528,1.9575276374816892,0.08476406335830688
774,ILSVRC2012_val_00048850_n04133789.JPEG,ILSVRC2012_val_00037409_n04133789.JPEG,1.416069269180298,0.1008830666542053,1.6573708057403564,1.3151862025260928
774,ILSVRC2012_val_00032308_n04133789.JPEG,ILSVRC2012_val_00033141_n04133789.JPEG,0.2667876482009887,2.173160552978516,2.911322116851806,1.9063729047775273
774,ILSVRC2012_val_00020491_n04133789.JPEG,ILSVRC2012_val_00048970_n04133789.JPEG,3.657399654388428,1.637610673904419,4.079912185668945,2.0197889804840092
775,ILSVRC2012_val_00010167_n04136333.JPEG,ILSVRC2012_val_00029197_n04136333.JPEG,1.179679274559021,1.2948668003082275,2.176797389984131,0.11518752574920654
775,ILSVRC2012_val_00002581_n04136333.JPEG,ILSVRC2012_val_00009875_n04136333.JPEG,0.6923307776451111,0.3429352641105652,5.093213081359863,0.3493955135345459
775,ILSVRC2012_val_00028859_n04136333.JPEG,ILSVRC2012_val_00024195_n04136333.JPEG,0.0422544181346893,0.8945171236991882,3.1697468757629395,0.8522627055644989
775,ILSVRC2012_val_00039828_n04136333.JPEG,ILSVRC2012_val_00019762_n04136333.JPEG,0.0822789892554283,1.751845121383667,1.880742192268372,1.6695661321282387
775,ILSVRC2012_val_00006032_n04136333.JPEG,ILSVRC2012_val_00032121_n04136333.JPEG,2.077627182006836,0.3519328236579895,5.951457977294922,1.7256943583488464
776,ILSVRC2012_val_00000673_n04141076.JPEG,ILSVRC2012_val_00017679_n04141076.JPEG,0.2767359614372253,0.2299361526966095,3.179669141769409,0.04679980874061579
776,ILSVRC2012_val_00034657_n04141076.JPEG,ILSVRC2012_val_00046335_n04141076.JPEG,0.0994352102279663,0.1588918566703796,0.2225562930107116,0.059456646442413316
776,ILSVRC2012_val_00022964_n04141076.JPEG,ILSVRC2012_val_00042195_n04141076.JPEG,0.0075066164135932,0.8197611570358276,1.4255362749099731,0.8122545406222345
776,ILSVRC2012_val_00026817_n04141076.JPEG,ILSVRC2012_val_00015586_n04141076.JPEG,2.8860630989074707,0.2040368914604187,6.794119834899902,2.682026207447052
776,ILSVRC2012_val_00000614_n04141076.JPEG,ILSVRC2012_val_00012795_n04141076.JPEG,4.66846227645874,0.8819640874862671,4.856452465057373,3.786498188972473
777,ILSVRC2012_val_00030277_n04141327.JPEG,ILSVRC2012_val_00020600_n04141327.JPEG,0.3447609543800354,0.0334718227386474,1.2751235961914062,0.311289131641388
777,ILSVRC2012_val_00004352_n04141327.JPEG,ILSVRC2012_val_00016260_n04141327.JPEG,0.1237032637000083,0.8776124715805054,1.984297513961792,0.7539092078804971
777,ILSVRC2012_val_00045196_n04141327.JPEG,ILSVRC2012_val_00020548_n04141327.JPEG,1.7001049518585205,2.7665393352508545,2.8312385082244877,1.066434383392334
777,ILSVRC2012_val_00036286_n04141327.JPEG,ILSVRC2012_val_00045772_n04141327.JPEG,1.451486349105835,0.0502451173961162,2.903984308242798,1.4012412317097187
777,ILSVRC2012_val_00005711_n04141327.JPEG,ILSVRC2012_val_00029517_n04141327.JPEG,2.5284183025360107,0.2068724781274795,2.5284183025360107,2.321545824408531
778,ILSVRC2012_val_00032357_n04141975.JPEG,ILSVRC2012_val_00014401_n04141975.JPEG,0.1087407544255256,0.0918301790952682,2.607025384902954,0.016910575330257402
778,ILSVRC2012_val_00045769_n04141975.JPEG,ILSVRC2012_val_00007650_n04141975.JPEG,1.1313849687576294,0.2114401310682296,5.604578971862793,0.9199448376893998
778,ILSVRC2012_val_00016073_n04141975.JPEG,ILSVRC2012_val_00015442_n04141975.JPEG,2.0015809535980225,3.3083302974700928,6.092045783996582,1.3067493438720703
778,ILSVRC2012_val_00017206_n04141975.JPEG,ILSVRC2012_val_00009182_n04141975.JPEG,2.6080288887023926,0.0538154803216457,2.6106185913085938,2.554213408380747
778,ILSVRC2012_val_00001815_n04141975.JPEG,ILSVRC2012_val_00034393_n04141975.JPEG,0.093389518558979,3.3159101009368896,3.3243446350097656,3.2225205823779106
779,ILSVRC2012_val_00015541_n04146614.JPEG,ILSVRC2012_val_00011870_n04146614.JPEG,0.0196027383208274,0.0270494557917118,0.1221408247947692,0.0074467174708843994
779,ILSVRC2012_val_00002346_n04146614.JPEG,ILSVRC2012_val_00031870_n04146614.JPEG,0.0639877840876579,0.006573955528438,0.9381473064422609,0.0574138285592199
779,ILSVRC2012_val_00010117_n04146614.JPEG,ILSVRC2012_val_00047962_n04146614.JPEG,0.2675009369850158,0.0861290544271469,0.8065067529678345,0.1813718825578689
779,ILSVRC2012_val_00038209_n04146614.JPEG,ILSVRC2012_val_00030750_n04146614.JPEG,0.0002973829687107,1.4518975019454956,4.562986850738525,1.4516001189767849
779,ILSVRC2012_val_00015048_n04146614.JPEG,ILSVRC2012_val_00009450_n04146614.JPEG,0.0552712008357048,1.6903226375579834,4.1022796630859375,1.6350514367222786
780,ILSVRC2012_val_00007978_n04147183.JPEG,ILSVRC2012_val_00001551_n04147183.JPEG,0.1537396013736724,0.0562983863055706,0.15605029463768,0.0974412150681018
780,ILSVRC2012_val_00036163_n04147183.JPEG,ILSVRC2012_val_00027291_n04147183.JPEG,0.0386853516101837,0.3221809267997741,0.3318525850772857,0.2834955751895904
780,ILSVRC2012_val_00012054_n04147183.JPEG,ILSVRC2012_val_00047791_n04147183.JPEG,0.4631973803043365,0.0401511080563068,0.8397655487060547,0.4230462722480297
780,ILSVRC2012_val_00016151_n04147183.JPEG,ILSVRC2012_val_00019624_n04147183.JPEG,0.0715436041355133,0.5406519174575806,0.5540551543235779,0.46910831332206726
780,ILSVRC2012_val_00037184_n04147183.JPEG,ILSVRC2012_val_00026899_n04147183.JPEG,0.5334882736206055,1.0120903253555298,1.0193818807601929,0.4786020517349243
781,ILSVRC2012_val_00025406_n04149813.JPEG,ILSVRC2012_val_00017160_n04149813.JPEG,0.0316207036375999,0.0153717780485749,1.8846620321273804,0.016248925589025003
781,ILSVRC2012_val_00046809_n04149813.JPEG,ILSVRC2012_val_00013942_n04149813.JPEG,0.0590534172952175,0.1890697628259658,1.3897632360458374,0.1300163455307483
781,ILSVRC2012_val_00000167_n04149813.JPEG,ILSVRC2012_val_00023216_n04149813.JPEG,0.3205164670944214,0.046774361282587,2.71586537361145,0.2737421058118344
781,ILSVRC2012_val_00035677_n04149813.JPEG,ILSVRC2012_val_00030627_n04149813.JPEG,1.33204448223114,0.4114930331707001,1.3739877939224243,0.9205514490604398
781,ILSVRC2012_val_00026520_n04149813.JPEG,ILSVRC2012_val_00048127_n04149813.JPEG,1.00255024433136,0.0578872002661228,1.0528522729873655,0.9446630440652373
782,ILSVRC2012_val_00042975_n04152593.JPEG,ILSVRC2012_val_00014614_n04152593.JPEG,1.616672396659851,1.9624147415161133,2.469007968902588,0.3457423448562622
782,ILSVRC2012_val_00046058_n04152593.JPEG,ILSVRC2012_val_00031893_n04152593.JPEG,3.0131847858428955,3.5465569496154785,4.071493625640869,0.533372163772583
782,ILSVRC2012_val_00042871_n04152593.JPEG,ILSVRC2012_val_00034850_n04152593.JPEG,1.2171568870544434,0.5557832717895508,1.2198282480239868,0.6613736152648926
782,ILSVRC2012_val_00013766_n04152593.JPEG,ILSVRC2012_val_00010831_n04152593.JPEG,2.881805658340454,1.165092945098877,6.046807289123535,1.7167127132415771
782,ILSVRC2012_val_00046431_n04152593.JPEG,ILSVRC2012_val_00002810_n04152593.JPEG,2.426568031311035,0.6298777461051941,6.298407077789307,1.796690285205841
783,ILSVRC2012_val_00045509_n04153751.JPEG,ILSVRC2012_val_00029838_n04153751.JPEG,0.0027359218802303,0.0014862692914903,0.0032891719602048,0.0012496525887400003
783,ILSVRC2012_val_00049587_n04153751.JPEG,ILSVRC2012_val_00019504_n04153751.JPEG,0.0202115755528211,0.0034619180951267,0.0202115755528211,0.0167496574576944
783,ILSVRC2012_val_00022048_n04153751.JPEG,ILSVRC2012_val_00003395_n04153751.JPEG,0.0094216475263237,0.0683921799063682,0.08106679469347,0.0589705323800445
783,ILSVRC2012_val_00041327_n04153751.JPEG,ILSVRC2012_val_00037654_n04153751.JPEG,0.589013397693634,0.2872559726238251,0.8132337331771851,0.30175742506980896
783,ILSVRC2012_val_00031354_n04153751.JPEG,ILSVRC2012_val_00024332_n04153751.JPEG,0.0024692304432392,0.6461555361747742,0.7161273956298828,0.643686305731535
784,ILSVRC2012_val_00029202_n04154565.JPEG,ILSVRC2012_val_00003547_n04154565.JPEG,3.934483051300049,4.068454265594482,4.804216384887695,0.1339712142944336
784,ILSVRC2012_val_00019043_n04154565.JPEG,ILSVRC2012_val_00020251_n04154565.JPEG,2.619476318359375,4.813015937805176,5.70341682434082,2.193539619445801
784,ILSVRC2012_val_00014812_n04154565.JPEG,ILSVRC2012_val_00002722_n04154565.JPEG,3.500499725341797,5.816531181335449,7.015815734863281,2.3160314559936523
784,ILSVRC2012_val_00049890_n04154565.JPEG,ILSVRC2012_val_00010044_n04154565.JPEG,3.9579460620880127,6.685476303100586,6.7249369621276855,2.7275302410125732
784,ILSVRC2012_val_00013416_n04154565.JPEG,ILSVRC2012_val_00026682_n04154565.JPEG,6.156622886657715,2.8485217094421387,7.190978050231934,3.308101177215576
785,ILSVRC2012_val_00023017_n04162706.JPEG,ILSVRC2012_val_00007005_n04162706.JPEG,0.1678747832775116,0.0411728844046592,0.3622562885284424,0.12670189887285238
785,ILSVRC2012_val_00001792_n04162706.JPEG,ILSVRC2012_val_00011299_n04162706.JPEG,0.2834944725036621,0.0423897132277488,2.043231725692749,0.2411047592759133
785,ILSVRC2012_val_00005254_n04162706.JPEG,ILSVRC2012_val_00027843_n04162706.JPEG,1.4699217081069946,0.9017834663391112,1.4699217081069946,0.5681382417678834
785,ILSVRC2012_val_00024473_n04162706.JPEG,ILSVRC2012_val_00039567_n04162706.JPEG,1.9593935012817385,2.9407739639282227,3.07381272315979,0.9813804626464842
785,ILSVRC2012_val_00020348_n04162706.JPEG,ILSVRC2012_val_00014127_n04162706.JPEG,2.8701512813568115,1.2638241052627563,3.372603416442871,1.6063271760940552
786,ILSVRC2012_val_00021298_n04179913.JPEG,ILSVRC2012_val_00023109_n04179913.JPEG,0.0006487648934125,0.0002913050702773,0.2493864297866821,0.00035745982313520005
786,ILSVRC2012_val_00042253_n04179913.JPEG,ILSVRC2012_val_00001239_n04179913.JPEG,0.0349232442677021,0.8851691484451294,1.424742579460144,0.8502459041774273
786,ILSVRC2012_val_00001127_n04179913.JPEG,ILSVRC2012_val_00001803_n04179913.JPEG,5.720573425292969,4.351439952850342,6.6369218826293945,1.369133472442627
786,ILSVRC2012_val_00001715_n04179913.JPEG,ILSVRC2012_val_00001603_n04179913.JPEG,1.7186012268066406,1.2159273865108844e-05,2.991654634475708,1.7185890675327755
786,ILSVRC2012_val_00037030_n04179913.JPEG,ILSVRC2012_val_00049153_n04179913.JPEG,3.350164890289306,1.422804355621338,6.622849464416504,1.9273605346679683
787,ILSVRC2012_val_00005679_n04192698.JPEG,ILSVRC2012_val_00036370_n04192698.JPEG,0.3097502589225769,0.4018040895462036,2.6860930919647217,0.09205383062362671
787,ILSVRC2012_val_00018838_n04192698.JPEG,ILSVRC2012_val_00015006_n04192698.JPEG,0.0562613122165203,0.4505852460861206,6.0773091316223145,0.3943239338696003
787,ILSVRC2012_val_00018970_n04192698.JPEG,ILSVRC2012_val_00017106_n04192698.JPEG,2.3260397911071777,1.2709718942642212,2.8970563411712646,1.0550678968429565
787,ILSVRC2012_val_00025337_n04192698.JPEG,ILSVRC2012_val_00024024_n04192698.JPEG,1.8648324012756348,0.0547197982668876,2.183159828186035,1.810112603008747
787,ILSVRC2012_val_00046772_n04192698.JPEG,ILSVRC2012_val_00018574_n04192698.JPEG,0.018456507474184,2.4016811847686768,5.556067943572998,2.3832246772944927
788,ILSVRC2012_val_00017800_n04200800.JPEG,ILSVRC2012_val_00020913_n04200800.JPEG,0.8629056215286255,0.2062261253595352,0.8738409280776978,0.6566794961690903
788,ILSVRC2012_val_00023481_n04200800.JPEG,ILSVRC2012_val_00022813_n04200800.JPEG,1.0021560192108154,0.1884403377771377,1.444180607795715,0.8137156814336777
788,ILSVRC2012_val_00031651_n04200800.JPEG,ILSVRC2012_val_00005271_n04200800.JPEG,0.5317293405532837,1.623917818069458,3.7507522106170654,1.0921884775161743
788,ILSVRC2012_val_00036014_n04200800.JPEG,ILSVRC2012_val_00021527_n04200800.JPEG,1.353951334953308,0.0014580582501366,1.3724730014801023,1.3524932767031714
788,ILSVRC2012_val_00003291_n04200800.JPEG,ILSVRC2012_val_00024574_n04200800.JPEG,0.1681736707687378,2.148167610168457,2.7750844955444336,1.9799939393997192
789,ILSVRC2012_val_00015864_n04201297.JPEG,ILSVRC2012_val_00043448_n04201297.JPEG,0.6178789734840393,0.8115018606185913,0.8127998113632202,0.193622887134552
789,ILSVRC2012_val_00030692_n04201297.JPEG,ILSVRC2012_val_00005963_n04201297.JPEG,0.2691876292228699,0.0619198828935623,0.3622415065765381,0.20726774632930756
789,ILSVRC2012_val_00049289_n04201297.JPEG,ILSVRC2012_val_00028505_n04201297.JPEG,0.2648384273052215,0.009778338484466,2.434117317199707,0.2550600888207555
789,ILSVRC2012_val_00025300_n04201297.JPEG,ILSVRC2012_val_00029607_n04201297.JPEG,1.807579755783081,2.0927419662475586,2.366631269454956,0.28516221046447754
789,ILSVRC2012_val_00046663_n04201297.JPEG,ILSVRC2012_val_00045241_n04201297.JPEG,0.0076354560442268,0.4965220093727112,0.4965220093727112,0.4888865533284844
790,ILSVRC2012_val_00047942_n04204238.JPEG,ILSVRC2012_val_00001633_n04204238.JPEG,0.0166385620832443,0.1930867582559585,0.1935539543628692,0.1764481961727142
790,ILSVRC2012_val_00043501_n04204238.JPEG,ILSVRC2012_val_00027759_n04204238.JPEG,0.1745033711194992,0.4282434284687042,0.7953405380249023,0.253740057349205
790,ILSVRC2012_val_00007861_n04204238.JPEG,ILSVRC2012_val_00043309_n04204238.JPEG,4.059381484985352,5.361610412597656,6.118705749511719,1.3022289276123047
790,ILSVRC2012_val_00049804_n04204238.JPEG,ILSVRC2012_val_00000629_n04204238.JPEG,0.0300252027809619,1.4009909629821775,1.9218825101852417,1.3709657602012155
790,ILSVRC2012_val_00045367_n04204238.JPEG,ILSVRC2012_val_00002519_n04204238.JPEG,3.6207735538482666,5.893825531005859,7.432898998260498,2.2730519771575928
791,ILSVRC2012_val_00010079_n04204347.JPEG,ILSVRC2012_val_00021628_n04204347.JPEG,0.3489784300327301,0.050452671945095,0.4057670533657074,0.2985257580876351
791,ILSVRC2012_val_00049135_n04204347.JPEG,ILSVRC2012_val_00013905_n04204347.JPEG,0.6844943761825562,0.3140186071395874,2.5321340560913086,0.37047576904296875
791,ILSVRC2012_val_00034719_n04204347.JPEG,ILSVRC2012_val_00035369_n04204347.JPEG,0.0120149943977594,0.5626338720321655,4.476391315460205,0.5506188776344061
791,ILSVRC2012_val_00041108_n04204347.JPEG,ILSVRC2012_val_00031962_n04204347.JPEG,0.7635774612426758,0.0643345937132835,3.1248199939727783,0.6992428675293922
791,ILSVRC2012_val_00039778_n04204347.JPEG,ILSVRC2012_val_00006082_n04204347.JPEG,0.4751404225826263,2.0008316040039062,3.01220178604126,1.52569118142128
792,ILSVRC2012_val_00031032_n04208210.JPEG,ILSVRC2012_val_00048941_n04208210.JPEG,0.3520375490188598,0.5070416927337646,0.593268632888794,0.15500414371490484
792,ILSVRC2012_val_00027057_n04208210.JPEG,ILSVRC2012_val_00035208_n04208210.JPEG,0.9762654900550842,0.1738597899675369,2.770103931427002,0.8024057000875473
792,ILSVRC2012_val_00042371_n04208210.JPEG,ILSVRC2012_val_00021349_n04208210.JPEG,5.886575698852539,4.979872226715088,7.480410575866699,0.9067034721374512
792,ILSVRC2012_val_00039977_n04208210.JPEG,ILSVRC2012_val_00047002_n04208210.JPEG,2.830729484558105,1.9008070230484009,2.8837666511535645,0.9299224615097041
792,ILSVRC2012_val_00031937_n04208210.JPEG,ILSVRC2012_val_00045236_n04208210.JPEG,3.020989418029785,1.8165128231048584,3.2936153411865234,1.2044765949249268
793,ILSVRC2012_val_00006601_n04209133.JPEG,ILSVRC2012_val_00037601_n04209133.JPEG,0.0086249215528368,0.0001223012513946,0.2770757675170898,0.0085026203014422
793,ILSVRC2012_val_00018624_n04209133.JPEG,ILSVRC2012_val_00024890_n04209133.JPEG,0.0505110397934913,0.002336036413908,0.0521486736834049,0.0481750033795833
793,ILSVRC2012_val_00042200_n04209133.JPEG,ILSVRC2012_val_00046449_n04209133.JPEG,1.0490362910786644e-05,0.0583612918853759,0.9119669198989868,0.058350801522465114
793,ILSVRC2012_val_00041783_n04209133.JPEG,ILSVRC2012_val_00039110_n04209133.JPEG,2.487338066101074,1.6746140718460083,3.261022090911865,0.8127239942550659
793,ILSVRC2012_val_00018778_n04209133.JPEG,ILSVRC2012_val_00017954_n04209133.JPEG,3.985259532928467,2.695262908935547,4.294668197631836,1.28999662399292
794,ILSVRC2012_val_00038386_n04209239.JPEG,ILSVRC2012_val_00041879_n04209239.JPEG,0.3683585524559021,1.3616864681243896,1.3638304471969604,0.9933279156684875
794,ILSVRC2012_val_00031860_n04209239.JPEG,ILSVRC2012_val_00049798_n04209239.JPEG,0.905655562877655,1.9799585342407229,1.9799585342407229,1.0743029713630678
794,ILSVRC2012_val_00003017_n04209239.JPEG,ILSVRC2012_val_00003842_n04209239.JPEG,2.7500808238983154,0.2039169371128082,2.7500808238983154,2.546163886785507
794,ILSVRC2012_val_00046099_n04209239.JPEG,ILSVRC2012_val_00013948_n04209239.JPEG,5.68172550201416,1.5726230144500732,5.885037422180176,4.109102487564087
794,ILSVRC2012_val_00034414_n04209239.JPEG,ILSVRC2012_val_00032893_n04209239.JPEG,0.7357929348945618,5.188316345214844,5.782253265380859,4.452523410320282
795,ILSVRC2012_val_00005392_n04228054.JPEG,ILSVRC2012_val_00001447_n04228054.JPEG,0.0384132824838161,0.0061461017467081,0.0520366467535495,0.032267180737108
795,ILSVRC2012_val_00029671_n04228054.JPEG,ILSVRC2012_val_00043689_n04228054.JPEG,0.2496129721403122,0.3183723092079162,2.189758777618408,0.06875933706760401
795,ILSVRC2012_val_00027289_n04228054.JPEG,ILSVRC2012_val_00000568_n04228054.JPEG,0.6262403130531311,0.5464490056037903,0.6519378423690796,0.07979130744934082
795,ILSVRC2012_val_00047702_n04228054.JPEG,ILSVRC2012_val_00031034_n04228054.JPEG,2.1525988578796387,1.835684418678284,4.111132621765137,0.31691443920135476
795,ILSVRC2012_val_00007821_n04228054.JPEG,ILSVRC2012_val_00040101_n04228054.JPEG,0.1160245016217231,0.5185858011245728,2.519602537155152,0.40256129950284963
796,ILSVRC2012_val_00033171_n04229816.JPEG,ILSVRC2012_val_00008102_n04229816.JPEG,0.0125886807218194,0.0078791296109557,0.282146543264389,0.004709551110863701
796,ILSVRC2012_val_00006906_n04229816.JPEG,ILSVRC2012_val_00014983_n04229816.JPEG,0.7092084884643555,0.0060811731964349,2.595890522003174,0.7031273152679206
796,ILSVRC2012_val_00009838_n04229816.JPEG,ILSVRC2012_val_00005359_n04229816.JPEG,0.8564695715904236,0.0020386644173413,1.6990649700164795,0.8544309071730822
796,ILSVRC2012_val_00048931_n04229816.JPEG,ILSVRC2012_val_00043826_n04229816.JPEG,2.757143497467041,1.8865842819213867,6.029661178588867,0.8705592155456543
796,ILSVRC2012_val_00015621_n04229816.JPEG,ILSVRC2012_val_00000550_n04229816.JPEG,1.512376308441162,0.0272981896996498,1.512376308441162,1.4850781187415123
797,ILSVRC2012_val_00042952_n04235860.JPEG,ILSVRC2012_val_00005502_n04235860.JPEG,0.1414391845464706,0.0179569013416767,1.9116894006729128,0.12348228320479389
797,ILSVRC2012_val_00049876_n04235860.JPEG,ILSVRC2012_val_00043849_n04235860.JPEG,0.4233033657073974,0.032019093632698,0.5105700492858887,0.3912842720746994
797,ILSVRC2012_val_00029314_n04235860.JPEG,ILSVRC2012_val_00017154_n04235860.JPEG,2.3860015869140625,4.262928009033203,4.722689628601074,1.8769264221191406
797,ILSVRC2012_val_00030152_n04235860.JPEG,ILSVRC2012_val_00023045_n04235860.JPEG,1.832711935043335,4.132705211639404,4.184525966644287,2.2999932765960693
797,ILSVRC2012_val_00028927_n04235860.JPEG,ILSVRC2012_val_00027331_n04235860.JPEG,3.769179821014404,0.6384961605072021,4.213935852050781,3.1306836605072017
798,ILSVRC2012_val_00045657_n04238763.JPEG,ILSVRC2012_val_00043213_n04238763.JPEG,0.0197396129369735,0.0281187780201435,0.031818650662899,0.00837916508317
798,ILSVRC2012_val_00043274_n04238763.JPEG,ILSVRC2012_val_00043948_n04238763.JPEG,0.0105715515092015,0.0518008954823017,0.4927867650985718,0.0412293439731002
798,ILSVRC2012_val_00021964_n04238763.JPEG,ILSVRC2012_val_00040867_n04238763.JPEG,0.0765089765191078,0.1820700317621231,6.481669902801514,0.1055610552430153
798,ILSVRC2012_val_00024829_n04238763.JPEG,ILSVRC2012_val_00013545_n04238763.JPEG,2.550969123840332,3.601278066635132,4.310135364532471,1.0503089427947998
798,ILSVRC2012_val_00043886_n04238763.JPEG,ILSVRC2012_val_00043419_n04238763.JPEG,2.0477511882781982,0.0305528100579977,2.0477511882781982,2.0171983782202005
799,ILSVRC2012_val_00044499_n04239074.JPEG,ILSVRC2012_val_00002286_n04239074.JPEG,2.386627674102783,0.5521535277366638,3.1343541145324707,1.8344741463661194
799,ILSVRC2012_val_00015676_n04239074.JPEG,ILSVRC2012_val_00034378_n04239074.JPEG,1.954946756362915,5.198077201843262,5.658661842346191,3.2431304454803467
799,ILSVRC2012_val_00008844_n04239074.JPEG,ILSVRC2012_val_00044705_n04239074.JPEG,4.811483860015869,1.5661580562591553,4.811483860015869,3.245325803756714
799,ILSVRC2012_val_00041231_n04239074.JPEG,ILSVRC2012_val_00003917_n04239074.JPEG,0.6001414060592651,4.128884315490723,4.645575046539307,3.5287429094314575
799,ILSVRC2012_val_00021568_n04239074.JPEG,ILSVRC2012_val_00008251_n04239074.JPEG,4.297389030456543,0.4609318375587463,4.524099349975586,3.8364571928977966
800,ILSVRC2012_val_00034149_n04243546.JPEG,ILSVRC2012_val_00044150_n04243546.JPEG,0.00080779340351,0.0030065830796957,0.0271285846829414,0.0021987896761857
800,ILSVRC2012_val_00013741_n04243546.JPEG,ILSVRC2012_val_00046062_n04243546.JPEG,0.028518334031105,0.0620200522243976,2.356099843978882,0.0335017181932926
800,ILSVRC2012_val_00013051_n04243546.JPEG,ILSVRC2012_val_00024983_n04243546.JPEG,0.0063994959928095,0.1042695939540863,0.4966154098510742,0.0978700979612768
800,ILSVRC2012_val_00013787_n04243546.JPEG,ILSVRC2012_val_00011959_n04243546.JPEG,0.0037436655256897,0.3532303869724273,5.063368797302246,0.3494867214467376
800,ILSVRC2012_val_00037814_n04243546.JPEG,ILSVRC2012_val_00047725_n04243546.JPEG,0.8252817988395691,0.0082957213744521,2.047262668609619,0.816986077465117
801,ILSVRC2012_val_00043728_n04251144.JPEG,ILSVRC2012_val_00022146_n04251144.JPEG,0.0262823328375816,0.050375934690237,3.5915863513946533,0.024093601852655397
801,ILSVRC2012_val_00008450_n04251144.JPEG,ILSVRC2012_val_00046167_n04251144.JPEG,0.0883546993136406,0.0419139266014099,0.0890141651034355,0.046440772712230696
801,ILSVRC2012_val_00000508_n04251144.JPEG,ILSVRC2012_val_00025074_n04251144.JPEG,0.6425606608390808,0.5549635887145996,1.1178377866744995,0.0875970721244812
801,ILSVRC2012_val_00044813_n04251144.JPEG,ILSVRC2012_val_00029468_n04251144.JPEG,0.249329388141632,0.0605934299528598,0.2534996271133423,0.1887359581887722
801,ILSVRC2012_val_00033736_n04251144.JPEG,ILSVRC2012_val_00002340_n04251144.JPEG,0.4060527980327606,0.1216709092259407,0.5646092891693115,0.2843818888068199
802,ILSVRC2012_val_00030751_n04252077.JPEG,ILSVRC2012_val_00009236_n04252077.JPEG,0.0767489075660705,0.0352198593318462,0.0767489075660705,0.0415290482342243
802,ILSVRC2012_val_00046936_n04252077.JPEG,ILSVRC2012_val_00027261_n04252077.JPEG,0.1400229036808014,0.1980570405721664,1.3678908348083496,0.058034136891364996
802,ILSVRC2012_val_00011313_n04252077.JPEG,ILSVRC2012_val_00033043_n04252077.JPEG,0.0504863336682319,0.1261556893587112,0.3271368443965912,0.07566935569047928
802,ILSVRC2012_val_00020597_n04252077.JPEG,ILSVRC2012_val_00023010_n04252077.JPEG,0.0546802952885627,0.184394285082817,0.2924988269805908,0.1297139897942543
802,ILSVRC2012_val_00011832_n04252077.JPEG,ILSVRC2012_val_00047197_n04252077.JPEG,0.2697983086109161,0.0107089597731828,0.614991307258606,0.25908934883773327
803,ILSVRC2012_val_00007611_n04252225.JPEG,ILSVRC2012_val_00015273_n04252225.JPEG,0.011304966174066,0.0630129128694534,1.785309672355652,0.051707946695387405
803,ILSVRC2012_val_00044833_n04252225.JPEG,ILSVRC2012_val_00007068_n04252225.JPEG,0.0983145236968994,0.7006649374961853,0.7006649374961853,0.6023504137992859
803,ILSVRC2012_val_00014617_n04252225.JPEG,ILSVRC2012_val_00025403_n04252225.JPEG,0.1945390254259109,0.8957070112228394,0.9977549910545348,0.7011679857969284
803,ILSVRC2012_val_00002276_n04252225.JPEG,ILSVRC2012_val_00024347_n04252225.JPEG,1.8374451398849487,2.5582826137542725,4.195340156555176,0.7208374738693237
803,ILSVRC2012_val_00025743_n04252225.JPEG,ILSVRC2012_val_00043336_n04252225.JPEG,0.0070888674817979,0.9241095781326294,0.9241095781326294,0.9170207106508315
804,ILSVRC2012_val_00045966_n04254120.JPEG,ILSVRC2012_val_00021837_n04254120.JPEG,0.5067871809005737,0.3804940581321716,1.264335036277771,0.12629312276840216
804,ILSVRC2012_val_00031761_n04254120.JPEG,ILSVRC2012_val_00025227_n04254120.JPEG,1.305491924285889,0.9398822784423828,1.8081176280975344,0.3656096458435061
804,ILSVRC2012_val_00009704_n04254120.JPEG,ILSVRC2012_val_00007552_n04254120.JPEG,1.0062434673309326,0.0029686687048524,1.2510042190551758,1.0032747986260802
804,ILSVRC2012_val_00034006_n04254120.JPEG,ILSVRC2012_val_00026315_n04254120.JPEG,2.083083391189575,0.8951781988143921,2.830141544342041,1.187905192375183
804,ILSVRC2012_val_00039468_n04254120.JPEG,ILSVRC2012_val_00026459_n04254120.JPEG,5.287090301513672,3.8284740447998047,5.539950370788574,1.4586162567138672
805,ILSVRC2012_val_00042778_n04254680.JPEG,ILSVRC2012_val_00019408_n04254680.JPEG,0.0001259962882613,0.0018618644680827,0.0073868716135621,0.0017358681798214
805,ILSVRC2012_val_00040853_n04254680.JPEG,ILSVRC2012_val_00033276_n04254680.JPEG,0.0705041959881782,0.111692264676094,1.371064066886902,0.0411880686879158
805,ILSVRC2012_val_00036050_n04254680.JPEG,ILSVRC2012_val_00016558_n04254680.JPEG,0.0176565274596214,0.1903301030397415,0.3064446747303009,0.1726735755801201
805,ILSVRC2012_val_00028138_n04254680.JPEG,ILSVRC2012_val_00040329_n04254680.JPEG,0.0284946989268064,0.2244221866130828,5.62835168838501,0.1959274876862764
805,ILSVRC2012_val_00044160_n04254680.JPEG,ILSVRC2012_val_00007819_n04254680.JPEG,0.2837478816509247,0.0006818830152042,4.438614845275879,0.28306599863572046
806,ILSVRC2012_val_00038657_n04254777.JPEG,ILSVRC2012_val_00018691_n04254777.JPEG,0.2800378203392029,0.0220590773969888,0.3117470741271972,0.25797874294221407
806,ILSVRC2012_val_00021993_n04254777.JPEG,ILSVRC2012_val_00023534_n04254777.JPEG,0.0270948223769664,0.3848840296268463,0.5988553166389465,0.3577892072498799
806,ILSVRC2012_val_00025635_n04254777.JPEG,ILSVRC2012_val_00011662_n04254777.JPEG,0.0334423072636127,0.5919228792190552,2.512570381164551,0.5584805719554424
806,ILSVRC2012_val_00048733_n04254777.JPEG,ILSVRC2012_val_00019230_n04254777.JPEG,0.6244674921035767,1.7541322708129885,2.194786548614502,1.1296647787094118
806,ILSVRC2012_val_00026534_n04254777.JPEG,ILSVRC2012_val_00039001_n04254777.JPEG,5.229637145996094,2.78109073638916,5.582516670227051,2.4485464096069336
807,ILSVRC2012_val_00007822_n04258138.JPEG,ILSVRC2012_val_00028650_n04258138.JPEG,0.7235329151153564,1.3340004682540894,1.337981104850769,0.6104675531387329
807,ILSVRC2012_val_00028935_n04258138.JPEG,ILSVRC2012_val_00008261_n04258138.JPEG,4.694748878479004,3.4435927867889404,4.694748878479004,1.2511560916900635
807,ILSVRC2012_val_00036418_n04258138.JPEG,ILSVRC2012_val_00000897_n04258138.JPEG,4.8155622482299805,2.953892469406128,7.4089813232421875,1.8616697788238525
807,ILSVRC2012_val_00046838_n04258138.JPEG,ILSVRC2012_val_00037563_n04258138.JPEG,0.0008350699208676,3.008213996887207,4.474404335021973,3.0073789269663393
807,ILSVRC2012_val_00038627_n04258138.JPEG,ILSVRC2012_val_00010525_n04258138.JPEG,0.0032212056685239,4.394050598144531,4.740482330322266,4.390829392476007
808,ILSVRC2012_val_00010453_n04259630.JPEG,ILSVRC2012_val_00040957_n04259630.JPEG,0.0973530933260917,0.059329368174076,2.103736400604248,0.0380237251520157
808,ILSVRC2012_val_00006089_n04259630.JPEG,ILSVRC2012_val_00020420_n04259630.JPEG,0.062502384185791,0.1207718327641487,5.162330150604248,0.0582694485783577
808,ILSVRC2012_val_00047616_n04259630.JPEG,ILSVRC2012_val_00013340_n04259630.JPEG,2.707597255706787,3.017883539199829,6.725069999694824,0.310286283493042
808,ILSVRC2012_val_00027685_n04259630.JPEG,ILSVRC2012_val_00019015_n04259630.JPEG,0.0257679186761379,0.5535593032836914,3.692019939422608,0.5277913846075535
808,ILSVRC2012_val_00032255_n04259630.JPEG,ILSVRC2012_val_00019264_n04259630.JPEG,1.6718523502349854,2.5630364418029785,6.104150772094727,0.8911840915679932
809,ILSVRC2012_val_00011619_n04263257.JPEG,ILSVRC2012_val_00023082_n04263257.JPEG,2.5573978424072266,2.355761766433716,3.13686466217041,0.20163607597351074
809,ILSVRC2012_val_00021570_n04263257.JPEG,ILSVRC2012_val_00044731_n04263257.JPEG,0.916342318058014,0.699970543384552,4.151193618774414,0.21637177467346203
809,ILSVRC2012_val_00037205_n04263257.JPEG,ILSVRC2012_val_00038858_n04263257.JPEG,1.611933708190918,2.461148977279663,4.190649032592773,0.8492152690887451
809,ILSVRC2012_val_00042560_n04263257.JPEG,ILSVRC2012_val_00041729_n04263257.JPEG,0.9621514081954956,1.904772400856018,3.1156210899353027,0.9426209926605225
809,ILSVRC2012_val_00001790_n04263257.JPEG,ILSVRC2012_val_00016290_n04263257.JPEG,1.6713417768478394,0.6659894585609436,1.7468814849853516,1.0053523182868958
810,ILSVRC2012_val_00030759_n04264628.JPEG,ILSVRC2012_val_00012461_n04264628.JPEG,0.5800104141235352,0.7202685475349426,0.7202685475349426,0.14025813341140747
810,ILSVRC2012_val_00031182_n04264628.JPEG,ILSVRC2012_val_00030393_n04264628.JPEG,0.4653049409389496,0.9368382692337036,4.176595211029053,0.47153332829475403
810,ILSVRC2012_val_00043429_n04264628.JPEG,ILSVRC2012_val_00039816_n04264628.JPEG,2.00056266784668,0.5656638145446777,2.174348831176758,1.4348988533020024
810,ILSVRC2012_val_00018157_n04264628.JPEG,ILSVRC2012_val_00006994_n04264628.JPEG,2.8538522720336914,0.7349362969398499,2.8626325130462646,2.1189159750938416
810,ILSVRC2012_val_00049243_n04264628.JPEG,ILSVRC2012_val_00045073_n04264628.JPEG,1.072700262069702,3.3416900634765625,3.3416900634765625,2.2689898014068604
811,ILSVRC2012_val_00036917_n04265275.JPEG,ILSVRC2012_val_00009962_n04265275.JPEG,0.009778456762433,0.0528857000172138,0.0765704810619354,0.0431072432547808
811,ILSVRC2012_val_00011628_n04265275.JPEG,ILSVRC2012_val_00044635_n04265275.JPEG,0.1478327959775924,0.2732495665550232,0.3650480508804321,0.12541677057743078
811,ILSVRC2012_val_00009031_n04265275.JPEG,ILSVRC2012_val_00024838_n04265275.JPEG,0.4801239967346191,0.2569591999053955,1.6514419317245483,0.22316479682922358
811,ILSVRC2012_val_00031966_n04265275.JPEG,ILSVRC2012_val_00014737_n04265275.JPEG,0.0563849247992038,0.8722825050354004,5.240265369415283,0.8158975802361966
811,ILSVRC2012_val_00028998_n04265275.JPEG,ILSVRC2012_val_00042763_n04265275.JPEG,1.9994308948516848,1.0814248323440552,2.3102269172668457,0.9180060625076296
812,ILSVRC2012_val_00005204_n04266014.JPEG,ILSVRC2012_val_00028835_n04266014.JPEG,0.1099827885627746,0.0087373098358511,2.543563842773437,0.10124547872692351
812,ILSVRC2012_val_00048263_n04266014.JPEG,ILSVRC2012_val_00026336_n04266014.JPEG,0.2092646062374115,0.0932879969477653,0.5276309251785278,0.1159766092896462
812,ILSVRC2012_val_00001795_n04266014.JPEG,ILSVRC2012_val_00040020_n04266014.JPEG,0.0129069397225975,0.1765031814575195,0.690008819103241,0.16359624173492202
812,ILSVRC2012_val_00027853_n04266014.JPEG,ILSVRC2012_val_00005822_n04266014.JPEG,1.1519855260849,0.7772917747497559,3.077643394470215,0.37469375133514404
812,ILSVRC2012_val_00034335_n04266014.JPEG,ILSVRC2012_val_00028211_n04266014.JPEG,0.7774531245231628,0.0064717470668256,2.0933399200439453,0.7709813774563372
813,ILSVRC2012_val_00027349_n04270147.JPEG,ILSVRC2012_val_00006592_n04270147.JPEG,2.919597148895264,3.8226237297058105,7.162895679473877,0.9030265808105464
813,ILSVRC2012_val_00028272_n04270147.JPEG,ILSVRC2012_val_00047511_n04270147.JPEG,4.478909969329834,3.483539581298828,4.583415985107422,0.9953703880310059
813,ILSVRC2012_val_00048209_n04270147.JPEG,ILSVRC2012_val_00031162_n04270147.JPEG,4.02967643737793,5.376775741577148,7.364903450012207,1.3470993041992188
813,ILSVRC2012_val_00002285_n04270147.JPEG,ILSVRC2012_val_00008254_n04270147.JPEG,2.948720693588257,0.635442316532135,6.692022323608398,2.313278377056122
813,ILSVRC2012_val_00027594_n04270147.JPEG,ILSVRC2012_val_00012969_n04270147.JPEG,1.5755884647369385,4.010378837585449,5.815230369567871,2.4347903728485107
814,ILSVRC2012_val_00042675_n04273569.JPEG,ILSVRC2012_val_00011107_n04273569.JPEG,0.3540607690811157,0.3536911606788635,0.3970646858215332,0.00036960840225219727
814,ILSVRC2012_val_00024141_n04273569.JPEG,ILSVRC2012_val_00012550_n04273569.JPEG,0.0174319762736558,0.0268975645303726,0.0526744648814201,0.009465588256716798
814,ILSVRC2012_val_00014454_n04273569.JPEG,ILSVRC2012_val_00009927_n04273569.JPEG,0.0553843304514884,0.0903747007250785,0.1046328842639923,0.0349903702735901
814,ILSVRC2012_val_00028541_n04273569.JPEG,ILSVRC2012_val_00026741_n04273569.JPEG,0.2346770018339157,0.0449815765023231,0.2427025735378265,0.18969542533159262
814,ILSVRC2012_val_00043492_n04273569.JPEG,ILSVRC2012_val_00020732_n04273569.JPEG,0.6157540678977966,0.2854539155960083,2.789320945739746,0.33030015230178833
815,ILSVRC2012_val_00045297_n04275548.JPEG,ILSVRC2012_val_00021471_n04275548.JPEG,0.234854593873024,0.0555573292076587,0.234854593873024,0.17929726466536527
815,ILSVRC2012_val_00029580_n04275548.JPEG,ILSVRC2012_val_00012897_n04275548.JPEG,1.244253635406494,0.8658408522605896,1.7707469463348389,0.3784127831459043
815,ILSVRC2012_val_00028350_n04275548.JPEG,ILSVRC2012_val_00023532_n04275548.JPEG,0.7031817436218262,0.1940919160842895,0.7862892150878906,0.5090898275375366
815,ILSVRC2012_val_00045648_n04275548.JPEG,ILSVRC2012_val_00035058_n04275548.JPEG,1.810857176780701,0.0576565377414226,1.810857176780701,1.7532006390392783
815,ILSVRC2012_val_00026078_n04275548.JPEG,ILSVRC2012_val_00014968_n04275548.JPEG,0.2311057597398758,2.5701942443847656,2.5701942443847656,2.33908848464489
816,ILSVRC2012_val_00021243_n04277352.JPEG,ILSVRC2012_val_00004080_n04277352.JPEG,0.2486080229282379,0.3096002638339996,1.0891584157943726,0.06099224090576169
816,ILSVRC2012_val_00018794_n04277352.JPEG,ILSVRC2012_val_00001657_n04277352.JPEG,0.0226581487804651,0.6739367246627808,1.0881893634796145,0.6512785758823156
816,ILSVRC2012_val_00017426_n04277352.JPEG,ILSVRC2012_val_00034106_n04277352.JPEG,0.7551341652870178,0.0665081664919853,1.0860015153884888,0.6886259987950325
816,ILSVRC2012_val_00034385_n04277352.JPEG,ILSVRC2012_val_00036078_n04277352.JPEG,1.0599902868270874,0.3271138072013855,2.841388463973999,0.7328764796257019
816,ILSVRC2012_val_00044800_n04277352.JPEG,ILSVRC2012_val_00021185_n04277352.JPEG,0.8732658624649048,0.0826689004898071,0.8732658624649048,0.7905969619750977
817,ILSVRC2012_val_00027397_n04285008.JPEG,ILSVRC2012_val_00041626_n04285008.JPEG,0.8214559555053711,0.9739389419555664,1.634397268295288,0.1524829864501953
817,ILSVRC2012_val_00029021_n04285008.JPEG,ILSVRC2012_val_00033293_n04285008.JPEG,2.5768511295318604,3.54975700378418,4.147002220153809,0.9729058742523198
817,ILSVRC2012_val_00001247_n04285008.JPEG,ILSVRC2012_val_00043297_n04285008.JPEG,0.9999787211418152,2.065802812576294,2.8230948448181152,1.0658240914344788
817,ILSVRC2012_val_00032944_n04285008.JPEG,ILSVRC2012_val_00007592_n04285008.JPEG,0.4890816807746887,2.029198408126831,2.595440626144409,1.5401167273521423
817,ILSVRC2012_val_00047893_n04285008.JPEG,ILSVRC2012_val_00022270_n04285008.JPEG,2.994608163833618,1.3008737564086914,3.032433032989502,1.6937344074249268
818,ILSVRC2012_val_00001679_n04286575.JPEG,ILSVRC2012_val_00035484_n04286575.JPEG,6.926227569580078,7.797719955444336,7.858333110809326,0.8714923858642578
818,ILSVRC2012_val_00037651_n04286575.JPEG,ILSVRC2012_val_00000959_n04286575.JPEG,1.5923469066619873,2.54748797416687,2.678995132446289,0.9551410675048828
818,ILSVRC2012_val_00026849_n04286575.JPEG,ILSVRC2012_val_00043490_n04286575.JPEG,1.3155100345611572,2.4549851417541504,4.789786815643311,1.1394751071929932
818,ILSVRC2012_val_00020426_n04286575.JPEG,ILSVRC2012_val_00018294_n04286575.JPEG,1.0942370891571045,2.543507575988769,2.969064474105835,1.4492704868316646
818,ILSVRC2012_val_00046750_n04286575.JPEG,ILSVRC2012_val_00045535_n04286575.JPEG,3.1112680435180664,5.25253963470459,5.359760284423828,2.1412715911865234
819,ILSVRC2012_val_00007723_n04296562.JPEG,ILSVRC2012_val_00005748_n04296562.JPEG,0.1476173549890518,0.0933616161346435,0.2630135118961334,0.05425573885440829
819,ILSVRC2012_val_00013796_n04296562.JPEG,ILSVRC2012_val_00042618_n04296562.JPEG,0.6703867316246033,0.3791994452476501,0.7840360999107361,0.2911872863769532
819,ILSVRC2012_val_00016122_n04296562.JPEG,ILSVRC2012_val_00048276_n04296562.JPEG,2.1467604637146,0.3212712407112121,2.2981388568878174,1.825489223003388
819,ILSVRC2012_val_00029548_n04296562.JPEG,ILSVRC2012_val_00025553_n04296562.JPEG,2.132648229598999,5.563877582550049,6.267064094543457,3.43122935295105
819,ILSVRC2012_val_00030103_n04296562.JPEG,ILSVRC2012_val_00020163_n04296562.JPEG,5.98902702331543,2.524601936340332,6.443864822387695,3.4644250869750977
820,ILSVRC2012_val_00038189_n04310018.JPEG,ILSVRC2012_val_00007826_n04310018.JPEG,0.0167666990309953,0.0345283113420009,1.3978272676467896,0.0177616123110056
820,ILSVRC2012_val_00021247_n04310018.JPEG,ILSVRC2012_val_00033041_n04310018.JPEG,0.0956830382347107,0.0763067603111267,0.155837744474411,0.019376277923583998
820,ILSVRC2012_val_00024134_n04310018.JPEG,ILSVRC2012_val_00046166_n04310018.JPEG,0.4722452461719513,0.3535359501838684,1.9646854400634768,0.11870929598808289
820,ILSVRC2012_val_00048686_n04310018.JPEG,ILSVRC2012_val_00047906_n04310018.JPEG,0.1711839735507965,0.2973684072494507,1.2213579416275024,0.12618443369865417
820,ILSVRC2012_val_00040994_n04310018.JPEG,ILSVRC2012_val_00044835_n04310018.JPEG,0.0116167999804019,0.1758386939764022,3.808639049530029,0.1642218939960003
821,ILSVRC2012_val_00042606_n04311004.JPEG,ILSVRC2012_val_00027180_n04311004.JPEG,0.0343784727156162,0.0066908374428749,0.0725569874048233,0.027687635272741297
821,ILSVRC2012_val_00031874_n04311004.JPEG,ILSVRC2012_val_00010299_n04311004.JPEG,0.0985414013266563,0.0342685841023922,0.2477133423089981,0.0642728172242641
821,ILSVRC2012_val_00017167_n04311004.JPEG,ILSVRC2012_val_00027288_n04311004.JPEG,0.0879768207669258,0.0231714863330125,0.090752862393856,0.0648053344339133
821,ILSVRC2012_val_00025457_n04311004.JPEG,ILSVRC2012_val_00047557_n04311004.JPEG,0.3006377220153808,0.2013691812753677,0.3350911736488342,0.0992685407400131
821,ILSVRC2012_val_00046215_n04311004.JPEG,ILSVRC2012_val_00011635_n04311004.JPEG,0.4430962204933166,0.2366329580545425,0.5855118036270142,0.20646326243877408
822,ILSVRC2012_val_00047486_n04311174.JPEG,ILSVRC2012_val_00011538_n04311174.JPEG,0.0118933143094182,0.0017422748496755,0.0227609295397996,0.0101510394597427
822,ILSVRC2012_val_00048232_n04311174.JPEG,ILSVRC2012_val_00027640_n04311174.JPEG,0.1575453132390976,0.1992414593696594,0.6226593255996704,0.0416961461305618
822,ILSVRC2012_val_00042359_n04311174.JPEG,ILSVRC2012_val_00035915_n04311174.JPEG,0.4351162314414978,0.2570313811302185,2.3290371894836426,0.1780848503112793
822,ILSVRC2012_val_00043952_n04311174.JPEG,ILSVRC2012_val_00016606_n04311174.JPEG,1.8076828718185425,0.0094508156180381,1.8076828718185425,1.7982320562005043
822,ILSVRC2012_val_00010170_n04311174.JPEG,ILSVRC2012_val_00022328_n04311174.JPEG,0.0066883508116006,1.8879061937332156,3.0528719425201416,1.8812178429216149
823,ILSVRC2012_val_00005452_n04317175.JPEG,ILSVRC2012_val_00016119_n04317175.JPEG,0.0020324781071394,0.9964781999588012,2.556403636932373,0.9944457218516618
823,ILSVRC2012_val_00044951_n04317175.JPEG,ILSVRC2012_val_00014314_n04317175.JPEG,3.898850917816162,2.8616042137146,4.280697345733643,1.037246704101562
823,ILSVRC2012_val_00010901_n04317175.JPEG,ILSVRC2012_val_00012110_n04317175.JPEG,3.201803684234619,2.1581811904907227,5.303154945373535,1.0436224937438965
823,ILSVRC2012_val_00032866_n04317175.JPEG,ILSVRC2012_val_00049946_n04317175.JPEG,4.97257661819458,2.691847324371338,5.400660991668701,2.280729293823242
823,ILSVRC2012_val_00046901_n04317175.JPEG,ILSVRC2012_val_00031926_n04317175.JPEG,1.9719713926315308,5.304783344268799,6.175127506256104,3.332811951637268
824,ILSVRC2012_val_00037110_n04325704.JPEG,ILSVRC2012_val_00020738_n04325704.JPEG,1.463509440422058,1.3735206127166748,1.9795355796813965,0.0899888277053833
824,ILSVRC2012_val_00020882_n04325704.JPEG,ILSVRC2012_val_00007162_n04325704.JPEG,1.1615073680877686,1.6076509952545166,1.99757182598114,0.44614362716674805
824,ILSVRC2012_val_00042271_n04325704.JPEG,ILSVRC2012_val_00042656_n04325704.JPEG,1.485456943511963,0.6362171769142151,2.065907716751098,0.8492397665977478
824,ILSVRC2012_val_00047964_n04325704.JPEG,ILSVRC2012_val_00022281_n04325704.JPEG,1.985231876373291,0.9729189276695251,2.371718645095825,1.0123129487037659
824,ILSVRC2012_val_00035873_n04325704.JPEG,ILSVRC2012_val_00041789_n04325704.JPEG,0.3823742866516113,3.0800318717956543,4.322340965270996,2.697657585144043
825,ILSVRC2012_val_00006381_n04326547.JPEG,ILSVRC2012_val_00020542_n04326547.JPEG,0.5868290662765503,0.0622096061706543,1.3728094100952148,0.524619460105896
825,ILSVRC2012_val_00011562_n04326547.JPEG,ILSVRC2012_val_00003336_n04326547.JPEG,1.210850477218628,0.4511691927909851,3.897404909133911,0.7596812844276428
825,ILSVRC2012_val_00005047_n04326547.JPEG,ILSVRC2012_val_00038385_n04326547.JPEG,2.374715805053711,0.8959589004516602,5.500034332275391,1.4787569046020508
825,ILSVRC2012_val_00032836_n04326547.JPEG,ILSVRC2012_val_00039424_n04326547.JPEG,1.6239217519760132,4.057124137878418,4.396299362182617,2.433202385902405
825,ILSVRC2012_val_00011162_n04326547.JPEG,ILSVRC2012_val_00015034_n04326547.JPEG,0.0568859688937664,4.385112762451172,4.385112762451172,4.3282267935574055
826,ILSVRC2012_val_00029493_n04328186.JPEG,ILSVRC2012_val_00045015_n04328186.JPEG,0.2042754143476486,0.0565102100372314,0.5578352808952332,0.1477652043104172
826,ILSVRC2012_val_00025621_n04328186.JPEG,ILSVRC2012_val_00041973_n04328186.JPEG,0.5389710664749146,0.7658545970916748,1.932197093963623,0.22688353061676025
826,ILSVRC2012_val_00000290_n04328186.JPEG,ILSVRC2012_val_00028484_n04328186.JPEG,1.2058355808258057,0.0297276210039854,1.4085007905960083,1.1761079598218203
826,ILSVRC2012_val_00006190_n04328186.JPEG,ILSVRC2012_val_00014795_n04328186.JPEG,2.5083532333374023,0.4708510637283325,5.511186599731445,2.03750216960907
826,ILSVRC2012_val_00049993_n04328186.JPEG,ILSVRC2012_val_00037805_n04328186.JPEG,1.419646143913269,3.6956090927124015,3.949792861938477,2.2759629487991324
827,ILSVRC2012_val_00027327_n04330267.JPEG,ILSVRC2012_val_00026210_n04330267.JPEG,3.6159632205963135,3.6942949295043945,5.53389835357666,0.07833170890808105
827,ILSVRC2012_val_00008423_n04330267.JPEG,ILSVRC2012_val_00029749_n04330267.JPEG,0.1132423654198646,0.0167710371315479,0.3160401880741119,0.0964713282883167
827,ILSVRC2012_val_00046914_n04330267.JPEG,ILSVRC2012_val_00039646_n04330267.JPEG,0.0368836224079132,0.2310774624347686,2.9820168018341064,0.19419384002685539
827,ILSVRC2012_val_00049006_n04330267.JPEG,ILSVRC2012_val_00019610_n04330267.JPEG,0.2894641757011413,1.221036076545715,1.2789011001586914,0.9315719008445738
827,ILSVRC2012_val_00028834_n04330267.JPEG,ILSVRC2012_val_00045303_n04330267.JPEG,3.1850993633270264,2.2412171363830566,3.508687973022461,0.9438822269439697
828,ILSVRC2012_val_00012249_n04332243.JPEG,ILSVRC2012_val_00021161_n04332243.JPEG,1.0493144989013672,1.6300344467163086,2.532921314239502,0.5807199478149414
828,ILSVRC2012_val_00017629_n04332243.JPEG,ILSVRC2012_val_00034559_n04332243.JPEG,1.244068264961243,2.294197559356689,2.747877597808838,1.0501292943954461
828,ILSVRC2012_val_00004551_n04332243.JPEG,ILSVRC2012_val_00044443_n04332243.JPEG,0.1529802083969116,2.5865280628204346,2.810669422149658,2.433547854423523
828,ILSVRC2012_val_00009360_n04332243.JPEG,ILSVRC2012_val_00030726_n04332243.JPEG,5.36602783203125,2.82486343383789,5.735170841217041,2.54116439819336
828,ILSVRC2012_val_00009475_n04332243.JPEG,ILSVRC2012_val_00016707_n04332243.JPEG,3.11478328704834,0.5252901911735535,5.025577068328857,2.5894930958747864
829,ILSVRC2012_val_00019349_n04335435.JPEG,ILSVRC2012_val_00019234_n04335435.JPEG,0.1113727018237114,0.0133147370070219,0.1305983811616897,0.09805796481668949
829,ILSVRC2012_val_00040648_n04335435.JPEG,ILSVRC2012_val_00033772_n04335435.JPEG,0.0145816607400774,0.1723946034908294,1.0766048431396484,0.157812942750752
829,ILSVRC2012_val_00017135_n04335435.JPEG,ILSVRC2012_val_00009893_n04335435.JPEG,0.6160908937454224,0.2868167161941528,0.863071084022522,0.3292741775512696
829,ILSVRC2012_val_00045531_n04335435.JPEG,ILSVRC2012_val_00032692_n04335435.JPEG,0.4360555708408355,0.0233086887747049,0.7884330749511719,0.41274688206613064
829,ILSVRC2012_val_00014433_n04335435.JPEG,ILSVRC2012_val_00020617_n04335435.JPEG,0.0248122569173574,0.5392627716064453,0.5392627716064453,0.5144505146890879
830,ILSVRC2012_val_00045163_n04336792.JPEG,ILSVRC2012_val_00044134_n04336792.JPEG,2.909099578857422,3.055793285369873,3.060222864151001,0.14669370651245117
830,ILSVRC2012_val_00006772_n04336792.JPEG,ILSVRC2012_val_00036134_n04336792.JPEG,1.3626320362091064,1.030811071395874,1.3626320362091064,0.3318209648132324
830,ILSVRC2012_val_00019974_n04336792.JPEG,ILSVRC2012_val_00001211_n04336792.JPEG,1.626815915107727,2.2453620433807373,2.676673412322998,0.6185461282730103
830,ILSVRC2012_val_00009356_n04336792.JPEG,ILSVRC2012_val_00027835_n04336792.JPEG,5.158285617828369,6.946584701538086,7.615757465362549,1.7882990837097168
830,ILSVRC2012_val_00022231_n04336792.JPEG,ILSVRC2012_val_00039228_n04336792.JPEG,4.891669273376465,2.026045799255371,6.316514015197754,2.8656234741210938
831,ILSVRC2012_val_00014105_n04344873.JPEG,ILSVRC2012_val_00041124_n04344873.JPEG,0.0861494019627571,0.0854513794183731,0.3380382657051086,0.0006980225443840027
831,ILSVRC2012_val_00027749_n04344873.JPEG,ILSVRC2012_val_00011522_n04344873.JPEG,0.0687863156199455,0.1288095414638519,0.5857294797897339,0.0600232258439064
831,ILSVRC2012_val_00042725_n04344873.JPEG,ILSVRC2012_val_00047922_n04344873.JPEG,0.3389551639556885,0.7104267477989197,3.4370994567871094,0.3714715838432312
831,ILSVRC2012_val_00010236_n04344873.JPEG,ILSVRC2012_val_00008863_n04344873.JPEG,1.7032368183135986,2.216068744659424,2.9272923469543457,0.5128319263458252
831,ILSVRC2012_val_00020419_n04344873.JPEG,ILSVRC2012_val_00041398_n04344873.JPEG,0.1656088531017303,0.7725223302841187,4.442592144012451,0.6069134771823883
832,ILSVRC2012_val_00024779_n04346328.JPEG,ILSVRC2012_val_00014341_n04346328.JPEG,0.0284263398498296,0.0538418032228946,0.0538418032228946,0.025415463373065
832,ILSVRC2012_val_00013024_n04346328.JPEG,ILSVRC2012_val_00031615_n04346328.JPEG,0.1579927653074264,0.0078295720741152,0.3956853449344635,0.1501631932333112
832,ILSVRC2012_val_00012967_n04346328.JPEG,ILSVRC2012_val_00045613_n04346328.JPEG,0.0286191254854202,0.1993939131498336,0.275480180978775,0.1707747876644134
832,ILSVRC2012_val_00024094_n04346328.JPEG,ILSVRC2012_val_00013916_n04346328.JPEG,0.0361713804304599,0.3821591436862945,0.3821591436862945,0.3459877632558346
832,ILSVRC2012_val_00041599_n04346328.JPEG,ILSVRC2012_val_00003305_n04346328.JPEG,3.0060434341430664,0.0479955300688743,3.037487268447876,2.958047904074192
833,ILSVRC2012_val_00034762_n04347754.JPEG,ILSVRC2012_val_00033895_n04347754.JPEG,0.1623896658420562,0.1418110430240631,3.9192452430725098,0.02057862281799308
833,ILSVRC2012_val_00044250_n04347754.JPEG,ILSVRC2012_val_00004594_n04347754.JPEG,0.3310266733169555,0.3714361488819122,0.739472508430481,0.040409475564956665
833,ILSVRC2012_val_00011046_n04347754.JPEG,ILSVRC2012_val_00017481_n04347754.JPEG,0.0084018809720873,0.689712405204773,0.8760867118835449,0.6813105242326857
833,ILSVRC2012_val_00036124_n04347754.JPEG,ILSVRC2012_val_00033516_n04347754.JPEG,0.9033037424087524,0.2067310512065887,4.228002071380615,0.6965726912021637
833,ILSVRC2012_val_00038321_n04347754.JPEG,ILSVRC2012_val_00029680_n04347754.JPEG,0.5142836570739746,1.6826883554458618,1.6826883554458618,1.1684046983718872
834,ILSVRC2012_val_00048684_n04350905.JPEG,ILSVRC2012_val_00035307_n04350905.JPEG,1.2456917762756348,0.9980867505073548,4.730481624603272,0.24760502576827992
834,ILSVRC2012_val_00040799_n04350905.JPEG,ILSVRC2012_val_00044549_n04350905.JPEG,4.3291215896606445,4.669466018676758,7.352360725402832,0.3403444290161133
834,ILSVRC2012_val_00003533_n04350905.JPEG,ILSVRC2012_val_00049025_n04350905.JPEG,0.9488444328308104,0.1630698442459106,1.5659403800964355,0.7857745885848999
834,ILSVRC2012_val_00039028_n04350905.JPEG,ILSVRC2012_val_00037945_n04350905.JPEG,2.1576120853424072,1.2470535039901731,6.484868049621582,0.9105585813522341
834,ILSVRC2012_val_00049771_n04350905.JPEG,ILSVRC2012_val_00007191_n04350905.JPEG,0.2556970417499542,1.887179970741272,1.9274877309799197,1.6314829289913177
835,ILSVRC2012_val_00046496_n04355338.JPEG,ILSVRC2012_val_00045804_n04355338.JPEG,0.8178203701972961,0.1136794462800026,0.9717770218849182,0.7041409239172935
835,ILSVRC2012_val_00041972_n04355338.JPEG,ILSVRC2012_val_00025298_n04355338.JPEG,1.9918724298477173,0.7112958431243896,1.9925222396850584,1.2805765867233276
835,ILSVRC2012_val_00034832_n04355338.JPEG,ILSVRC2012_val_00048060_n04355338.JPEG,4.679431915283203,6.875970840454102,8.155580520629883,2.1965389251708984
835,ILSVRC2012_val_00014263_n04355338.JPEG,ILSVRC2012_val_00020611_n04355338.JPEG,3.839660882949829,1.188326716423035,6.869663238525391,2.6513341665267944
835,ILSVRC2012_val_00030338_n04355338.JPEG,ILSVRC2012_val_00035650_n04355338.JPEG,4.576712608337402,0.9766675233840942,4.611621856689453,3.600045084953308
836,ILSVRC2012_val_00021536_n04355933.JPEG,ILSVRC2012_val_00040473_n04355933.JPEG,1.0831332206726074,0.8976355195045471,4.378951072692871,0.1854977011680603
836,ILSVRC2012_val_00030556_n04355933.JPEG,ILSVRC2012_val_00043739_n04355933.JPEG,1.355133295059204,0.6210885047912598,1.3994715213775637,0.7340447902679443
836,ILSVRC2012_val_00005414_n04355933.JPEG,ILSVRC2012_val_00030807_n04355933.JPEG,3.905115365982056,2.486748456954956,4.3581061363220215,1.4183669090271
836,ILSVRC2012_val_00045136_n04355933.JPEG,ILSVRC2012_val_00028448_n04355933.JPEG,3.1827359199523926,1.3446125984191897,6.462536334991455,1.838123321533203
836,ILSVRC2012_val_00006223_n04355933.JPEG,ILSVRC2012_val_00020228_n04355933.JPEG,5.92297887802124,3.1982614994049072,7.692323207855225,2.724717378616333
837,ILSVRC2012_val_00022285_n04356056.JPEG,ILSVRC2012_val_00021539_n04356056.JPEG,1.3068535327911377,0.8458651900291443,1.6757770776748655,0.4609883427619934
837,ILSVRC2012_val_00023501_n04356056.JPEG,ILSVRC2012_val_00030251_n04356056.JPEG,1.2120230197906494,2.3844246864318848,3.0666773319244385,1.1724016666412354
837,ILSVRC2012_val_00034012_n04356056.JPEG,ILSVRC2012_val_00023605_n04356056.JPEG,4.655378818511963,3.224640369415283,5.561871528625488,1.4307384490966797
837,ILSVRC2012_val_00024922_n04356056.JPEG,ILSVRC2012_val_00016044_n04356056.JPEG,6.603034019470215,2.975985050201416,9.316351890563965,3.627048969268799
837,ILSVRC2012_val_00012545_n04356056.JPEG,ILSVRC2012_val_00009595_n04356056.JPEG,3.0006680488586426,6.651010513305664,6.651010513305664,3.6503424644470215
838,ILSVRC2012_val_00001610_n04357314.JPEG,ILSVRC2012_val_00020425_n04357314.JPEG,1.8784587383270264,2.6905291080474854,4.85349178314209,0.812070369720459
838,ILSVRC2012_val_00003757_n04357314.JPEG,ILSVRC2012_val_00010438_n04357314.JPEG,4.590572357177734,2.8926749229431152,6.783225059509277,1.6978974342346191
838,ILSVRC2012_val_00009430_n04357314.JPEG,ILSVRC2012_val_00037021_n04357314.JPEG,3.3277406692504883,0.9511773586273192,4.289079189300537,2.376563310623169
838,ILSVRC2012_val_00011485_n04357314.JPEG,ILSVRC2012_val_00048550_n04357314.JPEG,3.956995248794556,1.1189498901367188,4.287363529205322,2.8380453586578374
838,ILSVRC2012_val_00031832_n04357314.JPEG,ILSVRC2012_val_00022026_n04357314.JPEG,1.022449254989624,4.448848247528076,4.492125988006592,3.426398992538452
839,ILSVRC2012_val_00048692_n04366367.JPEG,ILSVRC2012_val_00039413_n04366367.JPEG,0.2321029305458068,0.1985076516866684,1.5380446910858154,0.033595278859138406
839,ILSVRC2012_val_00032316_n04366367.JPEG,ILSVRC2012_val_00006269_n04366367.JPEG,0.5290193557739258,0.6012105941772461,2.311541557312012,0.07219123840332031
839,ILSVRC2012_val_00023571_n04366367.JPEG,ILSVRC2012_val_00029031_n04366367.JPEG,1.4220714569091797,1.2522523403167725,1.4404031038284302,0.16981911659240723
839,ILSVRC2012_val_00009814_n04366367.JPEG,ILSVRC2012_val_00040521_n04366367.JPEG,0.3420364558696747,0.0199171360582113,0.3598795235157013,0.32211931981146336
839,ILSVRC2012_val_00043724_n04366367.JPEG,ILSVRC2012_val_00014891_n04366367.JPEG,0.9975050687789916,0.2306569069623947,2.092283010482788,0.7668481618165969
840,ILSVRC2012_val_00009013_n04367480.JPEG,ILSVRC2012_val_00011030_n04367480.JPEG,0.0073202485218644,0.0200771037489175,0.7365782856941223,0.0127568552270531
840,ILSVRC2012_val_00006639_n04367480.JPEG,ILSVRC2012_val_00008925_n04367480.JPEG,0.1288040876388549,0.0758893862366676,0.1813215315341949,0.05291470140218729
840,ILSVRC2012_val_00038389_n04367480.JPEG,ILSVRC2012_val_00042852_n04367480.JPEG,0.6420006155967712,0.5371217727661133,0.8642621040344238,0.10487884283065796
840,ILSVRC2012_val_00039837_n04367480.JPEG,ILSVRC2012_val_00049559_n04367480.JPEG,1.3780797719955444,1.6905252933502195,2.496124267578125,0.31244552135467507
840,ILSVRC2012_val_00038607_n04367480.JPEG,ILSVRC2012_val_00006211_n04367480.JPEG,0.0460037812590599,0.7039586305618286,3.717239379882813,0.6579548493027687
841,ILSVRC2012_val_00002849_n04370456.JPEG,ILSVRC2012_val_00035013_n04370456.JPEG,0.9114139676094056,1.189334750175476,1.380402445793152,0.27792078256607045
841,ILSVRC2012_val_00006323_n04370456.JPEG,ILSVRC2012_val_00044654_n04370456.JPEG,1.7527105808258057,0.4104132950305938,1.8540889024734497,1.3422972857952118
841,ILSVRC2012_val_00040817_n04370456.JPEG,ILSVRC2012_val_00025062_n04370456.JPEG,2.0294952392578125,3.736900329589844,5.613149642944336,1.7074050903320317
841,ILSVRC2012_val_00031379_n04370456.JPEG,ILSVRC2012_val_00011149_n04370456.JPEG,2.99417781829834,5.096600532531738,5.487626075744629,2.1024227142333984
841,ILSVRC2012_val_00010897_n04370456.JPEG,ILSVRC2012_val_00046396_n04370456.JPEG,2.492568016052246,0.1415145248174667,4.31765604019165,2.3510534912347794
842,ILSVRC2012_val_00023648_n04371430.JPEG,ILSVRC2012_val_00020245_n04371430.JPEG,6.228854179382324,6.39445686340332,8.194524765014648,0.1656026840209961
842,ILSVRC2012_val_00025828_n04371430.JPEG,ILSVRC2012_val_00041278_n04371430.JPEG,0.6872826218605042,0.8692768812179565,4.841827869415283,0.1819942593574524
842,ILSVRC2012_val_00025439_n04371430.JPEG,ILSVRC2012_val_00019658_n04371430.JPEG,0.4028605818748474,0.1559743136167526,2.654405355453491,0.24688626825809482
842,ILSVRC2012_val_00024237_n04371430.JPEG,ILSVRC2012_val_00037419_n04371430.JPEG,0.5293911099433899,1.1878951787948608,2.2049365043640137,0.658504068851471
842,ILSVRC2012_val_00041099_n04371430.JPEG,ILSVRC2012_val_00011187_n04371430.JPEG,0.1222909465432167,2.2718305587768555,3.980816602706909,2.1495396122336388
843,ILSVRC2012_val_00020264_n04371774.JPEG,ILSVRC2012_val_00022033_n04371774.JPEG,0.0225982461124658,0.0010294382227584,0.4608765840530395,0.0215688078897074
843,ILSVRC2012_val_00014726_n04371774.JPEG,ILSVRC2012_val_00001516_n04371774.JPEG,0.537489652633667,0.3092194497585296,0.9570531845092772,0.22827020287513738
843,ILSVRC2012_val_00036995_n04371774.JPEG,ILSVRC2012_val_00015540_n04371774.JPEG,0.7085846066474915,0.0001551984460093,2.5969555377960205,0.7084294082014821
843,ILSVRC2012_val_00008853_n04371774.JPEG,ILSVRC2012_val_00001086_n04371774.JPEG,0.9285221099853516,1.6618571281433103,4.162210464477539,0.7333350181579588
843,ILSVRC2012_val_00032666_n04371774.JPEG,ILSVRC2012_val_00028878_n04371774.JPEG,0.0704125389456749,2.81208610534668,4.996614933013916,2.7416735664010052
844,ILSVRC2012_val_00025073_n04372370.JPEG,ILSVRC2012_val_00023150_n04372370.JPEG,0.1285537928342819,0.2372432202100753,0.5891043543815613,0.1086894273757934
844,ILSVRC2012_val_00031983_n04372370.JPEG,ILSVRC2012_val_00002797_n04372370.JPEG,1.9522438049316408,2.3810603618621826,4.125479698181152,0.42881655693054177
844,ILSVRC2012_val_00015086_n04372370.JPEG,ILSVRC2012_val_00047391_n04372370.JPEG,1.072753667831421,2.84407377243042,3.4785234928131104,1.771320104598999
844,ILSVRC2012_val_00031078_n04372370.JPEG,ILSVRC2012_val_00016199_n04372370.JPEG,3.274949550628662,1.143834114074707,6.928215026855469,2.131115436553955
844,ILSVRC2012_val_00000053_n04372370.JPEG,ILSVRC2012_val_00029257_n04372370.JPEG,0.2083063423633575,2.340298175811768,2.727513074874878,2.1319918334484105
845,ILSVRC2012_val_00046671_n04376876.JPEG,ILSVRC2012_val_00005334_n04376876.JPEG,0.0155097031965851,0.0098085589706897,0.2769172489643097,0.0057011442258954
845,ILSVRC2012_val_00011992_n04376876.JPEG,ILSVRC2012_val_00008850_n04376876.JPEG,1.8068885803222656,1.827010154724121,4.405300140380859,0.02012157440185547
845,ILSVRC2012_val_00028088_n04376876.JPEG,ILSVRC2012_val_00021049_n04376876.JPEG,1.2891991138458252,3.4672529697418213,3.8101887702941895,2.178053855895996
845,ILSVRC2012_val_00017425_n04376876.JPEG,ILSVRC2012_val_00006504_n04376876.JPEG,0.0539445914328098,3.351377010345459,4.252910614013672,3.297432418912649
845,ILSVRC2012_val_00028109_n04376876.JPEG,ILSVRC2012_val_00044138_n04376876.JPEG,0.0143049489706754,3.95792007446289,3.976424217224121,3.9436151254922147
846,ILSVRC2012_val_00041421_n04380533.JPEG,ILSVRC2012_val_00040162_n04380533.JPEG,0.3972697556018829,1.016157150268555,1.2305824756622314,0.618887394666672
846,ILSVRC2012_val_00020607_n04380533.JPEG,ILSVRC2012_val_00026919_n04380533.JPEG,1.0255059003829956,0.1331312358379364,1.699623942375183,0.8923746645450592
846,ILSVRC2012_val_00022900_n04380533.JPEG,ILSVRC2012_val_00024312_n04380533.JPEG,1.3326711654663086,0.0921743139624595,1.3376154899597168,1.240496851503849
846,ILSVRC2012_val_00000026_n04380533.JPEG,ILSVRC2012_val_00026968_n04380533.JPEG,1.9728033542633057,3.73010516166687,5.183476448059082,1.7573018074035645
846,ILSVRC2012_val_00039650_n04380533.JPEG,ILSVRC2012_val_00027143_n04380533.JPEG,0.5139634609222412,3.514922380447388,3.514922380447388,3.000958919525147
847,ILSVRC2012_val_00047296_n04389033.JPEG,ILSVRC2012_val_00030230_n04389033.JPEG,0.2049997448921203,0.0532396547496318,0.2359887063503265,0.1517600901424885
847,ILSVRC2012_val_00040332_n04389033.JPEG,ILSVRC2012_val_00048782_n04389033.JPEG,0.199470579624176,0.0338021740317344,0.3268308043479919,0.16566840559244161
847,ILSVRC2012_val_00046630_n04389033.JPEG,ILSVRC2012_val_00037887_n04389033.JPEG,0.3148915767669678,0.1275091618299484,0.5233214497566223,0.18738241493701938
847,ILSVRC2012_val_00044690_n04389033.JPEG,ILSVRC2012_val_00004353_n04389033.JPEG,0.0272660572081804,0.2568947374820709,0.2568947374820709,0.22962868027389052
847,ILSVRC2012_val_00002162_n04389033.JPEG,ILSVRC2012_val_00034135_n04389033.JPEG,0.0763237699866294,0.3277942240238189,0.4885211586952209,0.2514704540371895
848,ILSVRC2012_val_00045645_n04392985.JPEG,ILSVRC2012_val_00021674_n04392985.JPEG,1.7921994924545288,1.6390564441680908,2.855581998825073,0.153143048286438
848,ILSVRC2012_val_00031475_n04392985.JPEG,ILSVRC2012_val_00036640_n04392985.JPEG,1.4675698280334473,1.629652500152588,3.83951997756958,0.16208267211914062
848,ILSVRC2012_val_00003844_n04392985.JPEG,ILSVRC2012_val_00041808_n04392985.JPEG,1.743067741394043,1.510585069656372,4.232348918914795,0.2324826717376709
848,ILSVRC2012_val_00009201_n04392985.JPEG,ILSVRC2012_val_00012872_n04392985.JPEG,3.110732078552246,1.3766365051269531,5.016661167144775,1.734095573425293
848,ILSVRC2012_val_00036646_n04392985.JPEG,ILSVRC2012_val_00006037_n04392985.JPEG,0.7867593765258789,3.160429000854492,3.308363914489746,2.3736696243286133
849,ILSVRC2012_val_00042272_n04398044.JPEG,ILSVRC2012_val_00039681_n04398044.JPEG,1.2485159635543823,1.1932249069213867,1.6764307022094729,0.055291056632995605
849,ILSVRC2012_val_00029747_n04398044.JPEG,ILSVRC2012_val_00034859_n04398044.JPEG,0.0715551450848579,0.006536531727761,0.0974946543574333,0.0650186133570969
849,ILSVRC2012_val_00021824_n04398044.JPEG,ILSVRC2012_val_00000464_n04398044.JPEG,1.540004014968872,0.8386790752410889,5.323010444641113,0.7013249397277832
849,ILSVRC2012_val_00018434_n04398044.JPEG,ILSVRC2012_val_00018783_n04398044.JPEG,1.0487912893295288,0.2951827645301819,1.141498327255249,0.7536085247993469
849,ILSVRC2012_val_00033016_n04398044.JPEG,ILSVRC2012_val_00032195_n04398044.JPEG,2.5697338581085205,1.3508989810943604,2.5697338581085205,1.2188348770141602
850,ILSVRC2012_val_00002673_n04399382.JPEG,ILSVRC2012_val_00007298_n04399382.JPEG,1.2120120525360107,0.8878749012947083,1.2349398136138916,0.3241371512413025
850,ILSVRC2012_val_00033540_n04399382.JPEG,ILSVRC2012_val_00034091_n04399382.JPEG,0.6693282127380371,0.1054071262478828,2.1242785453796387,0.5639210864901543
850,ILSVRC2012_val_00018054_n04399382.JPEG,ILSVRC2012_val_00012784_n04399382.JPEG,0.9101499915122986,0.3262711465358734,1.4937829971313477,0.5838788449764252
850,ILSVRC2012_val_00025599_n04399382.JPEG,ILSVRC2012_val_00027976_n04399382.JPEG,0.7235218286514282,0.0148126073181629,0.7235218286514282,0.7087092213332653
850,ILSVRC2012_val_00047220_n04399382.JPEG,ILSVRC2012_val_00045081_n04399382.JPEG,2.134377956390381,0.908522129058838,2.388702154159546,1.225855827331543
851,ILSVRC2012_val_00020424_n04404412.JPEG,ILSVRC2012_val_00015287_n04404412.JPEG,0.0084964465349912,0.064310111105442,0.9934035539627076,0.055813664570450804
851,ILSVRC2012_val_00019755_n04404412.JPEG,ILSVRC2012_val_00013324_n04404412.JPEG,0.8353434801101685,0.1455302238464355,6.390503883361816,0.6898132562637329
851,ILSVRC2012_val_00047926_n04404412.JPEG,ILSVRC2012_val_00033529_n04404412.JPEG,1.1459771394729614,0.3938863575458526,7.225659370422363,0.7520907819271088
851,ILSVRC2012_val_00023763_n04404412.JPEG,ILSVRC2012_val_00035390_n04404412.JPEG,1.7131576538085938,0.7386581301689148,4.362424373626709,0.974499523639679
851,ILSVRC2012_val_00023618_n04404412.JPEG,ILSVRC2012_val_00048143_n04404412.JPEG,2.17696475982666,0.0650823563337326,4.273773193359375,2.1118824034929276
852,ILSVRC2012_val_00009085_n04409515.JPEG,ILSVRC2012_val_00039184_n04409515.JPEG,0.0233117155730724,0.0084090922027826,0.0250842161476612,0.014902623370289799
852,ILSVRC2012_val_00010812_n04409515.JPEG,ILSVRC2012_val_00033609_n04409515.JPEG,0.0265992823988199,0.2854131460189819,0.2854131460189819,0.25881386362016195
852,ILSVRC2012_val_00025081_n04409515.JPEG,ILSVRC2012_val_00047662_n04409515.JPEG,7.688703772146255e-05,0.2937736809253692,3.7557313442230233,0.29369679388764774
852,ILSVRC2012_val_00044037_n04409515.JPEG,ILSVRC2012_val_00020170_n04409515.JPEG,0.0047532422468066,2.439363956451416,4.868548393249512,2.4346107142046094
852,ILSVRC2012_val_00033467_n04409515.JPEG,ILSVRC2012_val_00049400_n04409515.JPEG,2.568366527557373,0.0004396664153318,5.236602783203125,2.567926861142041
853,ILSVRC2012_val_00004658_n04417672.JPEG,ILSVRC2012_val_00028124_n04417672.JPEG,0.0083386357873678,0.001720497268252,0.0869976356625557,0.0066181385191158
853,ILSVRC2012_val_00005112_n04417672.JPEG,ILSVRC2012_val_00047693_n04417672.JPEG,0.0029553568456321,0.0207269880920648,0.0244991611689329,0.017771631246432697
853,ILSVRC2012_val_00046865_n04417672.JPEG,ILSVRC2012_val_00018611_n04417672.JPEG,0.0367413759231567,0.0099974134936928,0.2883307933807373,0.026743962429463898
853,ILSVRC2012_val_00042006_n04417672.JPEG,ILSVRC2012_val_00007791_n04417672.JPEG,0.2171361893415451,0.3927331864833832,1.245754957199097,0.17559699714183807
853,ILSVRC2012_val_00030490_n04417672.JPEG,ILSVRC2012_val_00012696_n04417672.JPEG,0.3121717870235443,0.655319094657898,0.7652832269668579,0.34314730763435364
854,ILSVRC2012_val_00020669_n04418357.JPEG,ILSVRC2012_val_00033774_n04418357.JPEG,0.0973981916904449,0.0021827223245054,0.1333246827125549,0.0952154693659395
854,ILSVRC2012_val_00041170_n04418357.JPEG,ILSVRC2012_val_00029189_n04418357.JPEG,0.7191571593284607,0.421049028635025,2.132150650024414,0.29810813069343567
854,ILSVRC2012_val_00013044_n04418357.JPEG,ILSVRC2012_val_00029845_n04418357.JPEG,0.0045993491075932,1.3807294368743896,1.4650681018829346,1.3761300877667964
854,ILSVRC2012_val_00048520_n04418357.JPEG,ILSVRC2012_val_00022941_n04418357.JPEG,1.4303998947143557,0.0064798006787896,3.5942745208740234,1.423920094035566
854,ILSVRC2012_val_00007909_n04418357.JPEG,ILSVRC2012_val_00028155_n04418357.JPEG,2.4755218029022217,0.0078838607296347,2.477677345275879,2.467637942172587
855,ILSVRC2012_val_00013980_n04423845.JPEG,ILSVRC2012_val_00023374_n04423845.JPEG,0.0112970694899559,0.0082649821415543,0.0377369113266468,0.0030320873484016003
855,ILSVRC2012_val_00009038_n04423845.JPEG,ILSVRC2012_val_00047072_n04423845.JPEG,0.0382305197417736,0.0036131355445832,0.0382305197417736,0.0346173841971904
855,ILSVRC2012_val_00032028_n04423845.JPEG,ILSVRC2012_val_00020705_n04423845.JPEG,0.0039432877674698,0.9353506565093994,1.7122026681900024,0.9314073687419296
855,ILSVRC2012_val_00039405_n04423845.JPEG,ILSVRC2012_val_00002820_n04423845.JPEG,6.502071380615234,4.09513521194458,6.889365196228027,2.4069361686706543
855,ILSVRC2012_val_00004237_n04423845.JPEG,ILSVRC2012_val_00046161_n04423845.JPEG,5.05746603012085,0.26883265376091,5.448724746704102,4.78863337635994
856,ILSVRC2012_val_00024205_n04428191.JPEG,ILSVRC2012_val_00015883_n04428191.JPEG,0.3387088775634765,0.8059644103050232,0.8868061304092407,0.4672555327415467
856,ILSVRC2012_val_00028609_n04428191.JPEG,ILSVRC2012_val_00013841_n04428191.JPEG,3.0845770835876465,3.827214241027832,5.937875270843506,0.7426371574401855
856,ILSVRC2012_val_00007461_n04428191.JPEG,ILSVRC2012_val_00006380_n04428191.JPEG,0.5093709230422974,2.1912684440612797,2.198786973953247,1.6818975210189824
856,ILSVRC2012_val_00029312_n04428191.JPEG,ILSVRC2012_val_00026435_n04428191.JPEG,0.0928633138537406,2.263350009918213,2.263350009918213,2.170486696064472
856,ILSVRC2012_val_00009176_n04428191.JPEG,ILSVRC2012_val_00012970_n04428191.JPEG,0.529114305973053,2.708592414855957,2.7469675540924072,2.179478108882904
857,ILSVRC2012_val_00019913_n04429376.JPEG,ILSVRC2012_val_00049487_n04429376.JPEG,4.106938362121582,4.746441841125488,6.173783302307129,0.6395034790039062
857,ILSVRC2012_val_00012217_n04429376.JPEG,ILSVRC2012_val_00010315_n04429376.JPEG,1.570703148841858,0.1998527199029922,1.630077838897705,1.3708504289388657
857,ILSVRC2012_val_00034381_n04429376.JPEG,ILSVRC2012_val_00031730_n04429376.JPEG,1.7878705263137815,0.3842708766460418,2.698473691940308,1.4035996496677396
857,ILSVRC2012_val_00019420_n04429376.JPEG,ILSVRC2012_val_00044295_n04429376.JPEG,0.0201827213168144,2.4005696773529053,2.742389917373657,2.380386956036091
857,ILSVRC2012_val_00033160_n04429376.JPEG,ILSVRC2012_val_00038073_n04429376.JPEG,0.1255595982074737,2.5877695083618164,4.733260154724121,2.4622099101543427
858,ILSVRC2012_val_00044956_n04435653.JPEG,ILSVRC2012_val_00028676_n04435653.JPEG,0.0074620093218982,0.2184983044862747,3.148440361022949,0.2110362951643765
858,ILSVRC2012_val_00003912_n04435653.JPEG,ILSVRC2012_val_00005098_n04435653.JPEG,0.2354959845542907,1.312633752822876,1.9662868976593015,1.0771377682685852
858,ILSVRC2012_val_00004121_n04435653.JPEG,ILSVRC2012_val_00035761_n04435653.JPEG,0.085159994661808,1.7462213039398191,1.7462213039398191,1.661061309278011
858,ILSVRC2012_val_00022779_n04435653.JPEG,ILSVRC2012_val_00004696_n04435653.JPEG,1.7605705261230469,0.060539573431015,2.40421724319458,1.7000309526920319
858,ILSVRC2012_val_00026116_n04435653.JPEG,ILSVRC2012_val_00019471_n04435653.JPEG,0.0031698716338723,2.190207004547119,5.628501892089844,2.1870371329132468
859,ILSVRC2012_val_00048958_n04442312.JPEG,ILSVRC2012_val_00023688_n04442312.JPEG,0.0420921295881271,0.0277330912649631,0.4922709465026855,0.014359038323164
859,ILSVRC2012_val_00008998_n04442312.JPEG,ILSVRC2012_val_00013560_n04442312.JPEG,0.0631618797779083,0.0196298565715551,0.0644038915634155,0.0435320232063532
859,ILSVRC2012_val_00031375_n04442312.JPEG,ILSVRC2012_val_00024817_n04442312.JPEG,2.37214469909668,3.814574241638184,3.814574241638184,1.442429542541504
859,ILSVRC2012_val_00037548_n04442312.JPEG,ILSVRC2012_val_00040041_n04442312.JPEG,1.5554896593093872,0.018934341147542,1.5585554838180542,1.5365553181618452
859,ILSVRC2012_val_00038755_n04442312.JPEG,ILSVRC2012_val_00028698_n04442312.JPEG,2.4184815883636475,0.0319166854023933,3.598161220550537,2.386564902961254
860,ILSVRC2012_val_00041106_n04443257.JPEG,ILSVRC2012_val_00022890_n04443257.JPEG,3.619400978088379,2.9881978034973145,3.637794733047485,0.6312031745910645
860,ILSVRC2012_val_00009808_n04443257.JPEG,ILSVRC2012_val_00035960_n04443257.JPEG,3.1047892570495605,0.198307067155838,3.4599618911743164,2.9064821898937225
860,ILSVRC2012_val_00021419_n04443257.JPEG,ILSVRC2012_val_00001820_n04443257.JPEG,3.905051469802856,0.6715360283851624,4.170352458953857,3.2335154414176936
860,ILSVRC2012_val_00041466_n04443257.JPEG,ILSVRC2012_val_00045194_n04443257.JPEG,0.8901998996734619,4.142874240875244,4.142874240875244,3.2526743412017822
860,ILSVRC2012_val_00026837_n04443257.JPEG,ILSVRC2012_val_00010184_n04443257.JPEG,4.735365867614746,0.322778046131134,4.735365867614746,4.412587821483612
861,ILSVRC2012_val_00002574_n04447861.JPEG,ILSVRC2012_val_00040960_n04447861.JPEG,1.8948533535003664,2.036983728408813,6.263710975646973,0.1421303749084466
861,ILSVRC2012_val_00039407_n04447861.JPEG,ILSVRC2012_val_00013106_n04447861.JPEG,0.0126882651820778,0.444877564907074,0.6056768298149109,0.4321892997249962
861,ILSVRC2012_val_00028306_n04447861.JPEG,ILSVRC2012_val_00026111_n04447861.JPEG,3.758508920669556,1.2935194969177246,5.224460601806641,2.4649894237518315
861,ILSVRC2012_val_00036279_n04447861.JPEG,ILSVRC2012_val_00029071_n04447861.JPEG,0.7251652479171753,5.004457473754883,5.023421287536621,4.2792922258377075
861,ILSVRC2012_val_00038860_n04447861.JPEG,ILSVRC2012_val_00041760_n04447861.JPEG,0.558899998664856,5.739932060241699,5.80586051940918,5.181032061576843
862,ILSVRC2012_val_00020562_n04456115.JPEG,ILSVRC2012_val_00003323_n04456115.JPEG,0.0107748862355947,0.0658411681652069,0.5298972725868225,0.055066281929612194
862,ILSVRC2012_val_00010114_n04456115.JPEG,ILSVRC2012_val_00014480_n04456115.JPEG,0.0009875188115984,0.1754638701677322,0.1909017264842987,0.17447635135613382
862,ILSVRC2012_val_00036237_n04456115.JPEG,ILSVRC2012_val_00004239_n04456115.JPEG,3.386446237564087,3.970592498779297,4.554000854492188,0.58414626121521
862,ILSVRC2012_val_00028329_n04456115.JPEG,ILSVRC2012_val_00002331_n04456115.JPEG,1.799569010734558,2.905461311340332,3.9810638427734375,1.105892300605774
862,ILSVRC2012_val_00048645_n04456115.JPEG,ILSVRC2012_val_00031777_n04456115.JPEG,0.9126500487327576,3.7903835773468018,3.854281902313232,2.877733528614044
863,ILSVRC2012_val_00036331_n04458633.JPEG,ILSVRC2012_val_00007491_n04458633.JPEG,0.068268597126007,0.0749843344092369,0.46906578540802,0.006715737283229897
863,ILSVRC2012_val_00033637_n04458633.JPEG,ILSVRC2012_val_00049132_n04458633.JPEG,0.0248741190880537,0.0354468934237957,0.0469181425869464,0.010572774335742
863,ILSVRC2012_val_00020247_n04458633.JPEG,ILSVRC2012_val_00004942_n04458633.JPEG,0.161150723695755,0.0250795669853687,0.161150723695755,0.1360711567103863
863,ILSVRC2012_val_00029664_n04458633.JPEG,ILSVRC2012_val_00040845_n04458633.JPEG,0.1829085350036621,0.005567520391196,0.1829085350036621,0.1773410146124661
863,ILSVRC2012_val_00036920_n04458633.JPEG,ILSVRC2012_val_00041937_n04458633.JPEG,0.3664569556713104,0.033858299255371,4.482927322387695,0.33259865641593944
864,ILSVRC2012_val_00031256_n04461696.JPEG,ILSVRC2012_val_00027416_n04461696.JPEG,2.57767391204834,2.791587829589844,4.512514114379883,0.21391391754150435
864,ILSVRC2012_val_00026517_n04461696.JPEG,ILSVRC2012_val_00042732_n04461696.JPEG,0.814845860004425,0.1815983355045318,0.8157963156700134,0.6332475244998932
864,ILSVRC2012_val_00040180_n04461696.JPEG,ILSVRC2012_val_00041027_n04461696.JPEG,0.3653914034366607,1.6758933067321775,4.2425408363342285,1.3105019032955167
864,ILSVRC2012_val_00022323_n04461696.JPEG,ILSVRC2012_val_00025748_n04461696.JPEG,2.377176284790039,4.166390419006348,4.371584415435791,1.7892141342163086
864,ILSVRC2012_val_00002888_n04461696.JPEG,ILSVRC2012_val_00048241_n04461696.JPEG,0.1749271899461746,2.55233097076416,3.714668273925781,2.3774037808179855
865,ILSVRC2012_val_00031580_n04462240.JPEG,ILSVRC2012_val_00014073_n04462240.JPEG,1.8979263305664065,2.3723549842834477,3.5089657306671143,0.47442865371704124
865,ILSVRC2012_val_00018427_n04462240.JPEG,ILSVRC2012_val_00026920_n04462240.JPEG,0.1679245680570602,1.439663648605347,1.6538724899291992,1.2717390805482867
865,ILSVRC2012_val_00026961_n04462240.JPEG,ILSVRC2012_val_00045868_n04462240.JPEG,0.5770778656005859,2.086872339248657,2.086872339248657,1.5097944736480708
865,ILSVRC2012_val_00014334_n04462240.JPEG,ILSVRC2012_val_00012345_n04462240.JPEG,0.2364036291837692,2.517284393310547,2.621381998062134,2.2808807641267776
865,ILSVRC2012_val_00006988_n04462240.JPEG,ILSVRC2012_val_00042902_n04462240.JPEG,3.3003742694854736,0.4864896237850189,3.3003742694854736,2.8138846457004547
866,ILSVRC2012_val_00035447_n04465501.JPEG,ILSVRC2012_val_00026128_n04465501.JPEG,0.4664353132247925,0.580206036567688,1.1666793823242188,0.11377072334289551
866,ILSVRC2012_val_00048220_n04465501.JPEG,ILSVRC2012_val_00025769_n04465501.JPEG,0.1735341399908065,0.0454003103077411,1.570310115814209,0.1281338296830654
866,ILSVRC2012_val_00028200_n04465501.JPEG,ILSVRC2012_val_00008766_n04465501.JPEG,0.2998135983943939,0.4334908723831177,0.7011311054229736,0.13367727398872375
866,ILSVRC2012_val_00030443_n04465501.JPEG,ILSVRC2012_val_00035906_n04465501.JPEG,0.1621488481760025,0.9139057993888856,2.336475610733032,0.7517569512128831
866,ILSVRC2012_val_00014136_n04465501.JPEG,ILSVRC2012_val_00049925_n04465501.JPEG,0.2831305861473083,1.2588307857513428,1.3852498531341553,0.9757001996040344
867,ILSVRC2012_val_00034167_n04467665.JPEG,ILSVRC2012_val_00018084_n04467665.JPEG,0.0646765828132629,0.0047140889801084,0.8204916715621948,0.059962493833154495
867,ILSVRC2012_val_00021567_n04467665.JPEG,ILSVRC2012_val_00018342_n04467665.JPEG,0.0813049748539924,0.2427987903356552,0.6603503823280334,0.1614938154816628
867,ILSVRC2012_val_00029961_n04467665.JPEG,ILSVRC2012_val_00011667_n04467665.JPEG,3.146047830581665,2.786863327026367,3.277606964111328,0.35918450355529785
867,ILSVRC2012_val_00028463_n04467665.JPEG,ILSVRC2012_val_00016410_n04467665.JPEG,0.5818986296653748,0.0140213416889309,2.342078447341919,0.5678772879764439
867,ILSVRC2012_val_00041497_n04467665.JPEG,ILSVRC2012_val_00032726_n04467665.JPEG,0.0103969611227512,1.5984622240066528,1.801511287689209,1.5880652628839016
868,ILSVRC2012_val_00004806_n04476259.JPEG,ILSVRC2012_val_00020114_n04476259.JPEG,3.69071364402771,3.365108728408813,4.74751615524292,0.32560491561889693
868,ILSVRC2012_val_00022286_n04476259.JPEG,ILSVRC2012_val_00039614_n04476259.JPEG,5.938007354736328,4.981501579284668,6.4667744636535645,0.9565057754516602
868,ILSVRC2012_val_00002884_n04476259.JPEG,ILSVRC2012_val_00008708_n04476259.JPEG,0.9072595834732056,2.0786242485046387,2.631999969482422,1.171364665031433
868,ILSVRC2012_val_00049269_n04476259.JPEG,ILSVRC2012_val_00013317_n04476259.JPEG,1.481547713279724,0.2012930661439895,1.9900132417678835,1.2802546471357343
868,ILSVRC2012_val_00045380_n04476259.JPEG,ILSVRC2012_val_00049336_n04476259.JPEG,1.551813006401062,3.6918907165527344,3.959858894348145,2.1400777101516724
869,ILSVRC2012_val_00037612_n04479046.JPEG,ILSVRC2012_val_00049537_n04479046.JPEG,2.74118709564209,2.948617696762085,4.799648284912109,0.20743060111999512
869,ILSVRC2012_val_00029051_n04479046.JPEG,ILSVRC2012_val_00017335_n04479046.JPEG,0.1388850957155227,0.3997078537940979,0.4673765301704407,0.2608227580785752
869,ILSVRC2012_val_00026998_n04479046.JPEG,ILSVRC2012_val_00040300_n04479046.JPEG,0.026770370081067,1.4414342641830444,1.4454927444458008,1.4146638941019773
869,ILSVRC2012_val_00000291_n04479046.JPEG,ILSVRC2012_val_00006076_n04479046.JPEG,2.012117862701416,0.0422141887247562,5.085013389587402,1.9699036739766598
869,ILSVRC2012_val_00019995_n04479046.JPEG,ILSVRC2012_val_00026708_n04479046.JPEG,3.3744688034057617,0.3292877972126007,3.497105598449707,3.045181006193161
870,ILSVRC2012_val_00043685_n04482393.JPEG,ILSVRC2012_val_00007936_n04482393.JPEG,0.1727994680404663,0.3267788887023926,0.6413201093673706,0.15397942066192627
870,ILSVRC2012_val_00016774_n04482393.JPEG,ILSVRC2012_val_00036906_n04482393.JPEG,1.266779541969299,0.3872918784618377,3.4620635509490967,0.8794876635074613
870,ILSVRC2012_val_00041594_n04482393.JPEG,ILSVRC2012_val_00025759_n04482393.JPEG,0.6527922749519348,1.8232897520065308,3.091226100921631,1.170497477054596
870,ILSVRC2012_val_00038399_n04482393.JPEG,ILSVRC2012_val_00030514_n04482393.JPEG,0.3442866802215576,1.9504228830337524,2.089477062225342,1.6061362028121948
870,ILSVRC2012_val_00038027_n04482393.JPEG,ILSVRC2012_val_00029138_n04482393.JPEG,0.0084073189646005,1.6395325660705566,2.302410364151001,1.631125247105956
871,ILSVRC2012_val_00043834_n04483307.JPEG,ILSVRC2012_val_00048457_n04483307.JPEG,0.4497628808021545,0.5232316255569458,1.0946015119552612,0.07346874475479132
871,ILSVRC2012_val_00027411_n04483307.JPEG,ILSVRC2012_val_00035852_n04483307.JPEG,0.0666464641690254,0.2240379899740219,0.2240379899740219,0.15739152580499652
871,ILSVRC2012_val_00025024_n04483307.JPEG,ILSVRC2012_val_00028995_n04483307.JPEG,0.9220330715179444,0.682595431804657,1.710005760192871,0.23943763971328746
871,ILSVRC2012_val_00019354_n04483307.JPEG,ILSVRC2012_val_00028262_n04483307.JPEG,0.6500556468963623,0.2759691476821899,0.6500556468963623,0.3740864992141724
871,ILSVRC2012_val_00021050_n04483307.JPEG,ILSVRC2012_val_00027782_n04483307.JPEG,0.2852776348590851,1.0455657243728638,1.0455657243728638,0.7602880895137787
872,ILSVRC2012_val_00002455_n04485082.JPEG,ILSVRC2012_val_00001547_n04485082.JPEG,0.0068004829809069,0.1800992488861084,0.2159394472837448,0.1732987659052015
872,ILSVRC2012_val_00008473_n04485082.JPEG,ILSVRC2012_val_00044164_n04485082.JPEG,1.6161373853683472,0.1398062855005264,5.154900074005127,1.4763310998678207
872,ILSVRC2012_val_00049028_n04485082.JPEG,ILSVRC2012_val_00035926_n04485082.JPEG,0.0102926651015877,1.94659423828125,4.352564811706543,1.9363015731796622
872,ILSVRC2012_val_00037374_n04485082.JPEG,ILSVRC2012_val_00022298_n04485082.JPEG,0.0274663735181093,2.3852272033691406,3.4153494834899902,2.3577608298510313
872,ILSVRC2012_val_00000955_n04485082.JPEG,ILSVRC2012_val_00017603_n04485082.JPEG,2.3590874671936035,5.012424945831299,7.767899513244629,2.6533374786376953
873,ILSVRC2012_val_00015485_n04486054.JPEG,ILSVRC2012_val_00044806_n04486054.JPEG,0.0073659266345202,0.0078024854883551,0.0121070984750986,0.00043655885383489957
873,ILSVRC2012_val_00013196_n04486054.JPEG,ILSVRC2012_val_00028357_n04486054.JPEG,0.0323203802108764,0.0085511710494756,0.0697749257087707,0.023769209161400802
873,ILSVRC2012_val_00019704_n04486054.JPEG,ILSVRC2012_val_00049807_n04486054.JPEG,0.0053153382614254,0.0348732843995094,0.0357089601457119,0.029557946138084004
873,ILSVRC2012_val_00002790_n04486054.JPEG,ILSVRC2012_val_00010210_n04486054.JPEG,0.0502106510102748,0.0202650800347328,0.0910586267709732,0.029945570975541996
873,ILSVRC2012_val_00001325_n04486054.JPEG,ILSVRC2012_val_00010914_n04486054.JPEG,0.069903552532196,0.0249676052480936,0.2043790072202682,0.0449359472841024
874,ILSVRC2012_val_00021054_n04487081.JPEG,ILSVRC2012_val_00002146_n04487081.JPEG,0.0403911061584949,0.0351033881306648,1.0689934492111206,0.005287718027830103
874,ILSVRC2012_val_00007142_n04487081.JPEG,ILSVRC2012_val_00005140_n04487081.JPEG,0.0034857960417866,0.0583629794418811,0.5518308281898499,0.054877183400094495
874,ILSVRC2012_val_00010937_n04487081.JPEG,ILSVRC2012_val_00034724_n04487081.JPEG,0.253134936094284,0.1052804142236709,0.3473213911056518,0.1478545218706131
874,ILSVRC2012_val_00011625_n04487081.JPEG,ILSVRC2012_val_00004490_n04487081.JPEG,0.4387078583240509,0.2566190958023071,1.568956971168518,0.18208876252174383
874,ILSVRC2012_val_00021141_n04487081.JPEG,ILSVRC2012_val_00001673_n04487081.JPEG,1.290060043334961,1.6304885149002075,3.842681169509888,0.3404284715652466
875,ILSVRC2012_val_00033048_n04487394.JPEG,ILSVRC2012_val_00026281_n04487394.JPEG,0.0498251132667064,0.0170521065592765,0.2578634917736053,0.0327730067074299
875,ILSVRC2012_val_00025357_n04487394.JPEG,ILSVRC2012_val_00030894_n04487394.JPEG,0.2284820526838302,0.1263852715492248,6.160841464996338,0.10209678113460541
875,ILSVRC2012_val_00012290_n04487394.JPEG,ILSVRC2012_val_00041246_n04487394.JPEG,1.4867371320724487,1.8077378273010252,3.528679132461548,0.32100069522857644
875,ILSVRC2012_val_00020911_n04487394.JPEG,ILSVRC2012_val_00000555_n04487394.JPEG,2.443723201751709,1.379347801208496,7.79204797744751,1.064375400543213
875,ILSVRC2012_val_00013134_n04487394.JPEG,ILSVRC2012_val_00037551_n04487394.JPEG,0.8008657693862915,1.9598575830459597,6.891334533691406,1.1589918136596682
876,ILSVRC2012_val_00010293_n04493381.JPEG,ILSVRC2012_val_00042481_n04493381.JPEG,0.8836117386817932,0.946556031703949,2.000453472137451,0.06294429302215576
876,ILSVRC2012_val_00037884_n04493381.JPEG,ILSVRC2012_val_00021949_n04493381.JPEG,0.7306775450706482,0.6177457571029663,2.755685329437256,0.11293178796768188
876,ILSVRC2012_val_00047610_n04493381.JPEG,ILSVRC2012_val_00015609_n04493381.JPEG,0.6381305456161499,0.805928111076355,1.7561414241790771,0.16779756546020508
876,ILSVRC2012_val_00035548_n04493381.JPEG,ILSVRC2012_val_00015101_n04493381.JPEG,1.3439712524414062,1.6314960718154907,5.218992233276367,0.2875248193740845
876,ILSVRC2012_val_00009561_n04493381.JPEG,ILSVRC2012_val_00018795_n04493381.JPEG,3.001278877258301,2.568230628967285,4.758235454559326,0.4330482482910156
877,ILSVRC2012_val_00044881_n04501370.JPEG,ILSVRC2012_val_00043709_n04501370.JPEG,0.0180217660963535,0.0109612010419368,1.511240005493164,0.0070605650544167
877,ILSVRC2012_val_00024489_n04501370.JPEG,ILSVRC2012_val_00008149_n04501370.JPEG,0.0748091340065002,0.0221075844019651,0.3495193421840668,0.0527015496045351
877,ILSVRC2012_val_00029667_n04501370.JPEG,ILSVRC2012_val_00028120_n04501370.JPEG,1.7690775394439695,0.7983276844024658,2.191175937652588,0.9707498550415037
877,ILSVRC2012_val_00009103_n04501370.JPEG,ILSVRC2012_val_00004651_n04501370.JPEG,1.3525257110595703,0.0690931901335716,4.836081504821777,1.2834325209259987
877,ILSVRC2012_val_00019008_n04501370.JPEG,ILSVRC2012_val_00022562_n04501370.JPEG,0.0201384425163269,1.849915027618408,3.0741255283355717,1.829776585102081
878,ILSVRC2012_val_00044924_n04505470.JPEG,ILSVRC2012_val_00009383_n04505470.JPEG,0.460023820400238,0.6099057197570801,0.7152729630470276,0.1498818993568421
878,ILSVRC2012_val_00028754_n04505470.JPEG,ILSVRC2012_val_00037986_n04505470.JPEG,0.5004393458366394,0.1643021702766418,2.6667912006378174,0.3361371755599976
878,ILSVRC2012_val_00008319_n04505470.JPEG,ILSVRC2012_val_00007856_n04505470.JPEG,0.5052513480186462,0.1005642339587211,0.5052513480186462,0.40468711405992513
878,ILSVRC2012_val_00044306_n04505470.JPEG,ILSVRC2012_val_00049808_n04505470.JPEG,0.2817823886871338,0.7206302285194397,0.7407898902893066,0.4388478398323059
878,ILSVRC2012_val_00015929_n04505470.JPEG,ILSVRC2012_val_00025109_n04505470.JPEG,0.7697535753250122,1.3951776027679443,1.7821354866027832,0.6254240274429321
879,ILSVRC2012_val_00017127_n04507155.JPEG,ILSVRC2012_val_00042720_n04507155.JPEG,0.0039780777879059,0.0011111282510682,0.3507799804210663,0.0028669495368377003
879,ILSVRC2012_val_00030149_n04507155.JPEG,ILSVRC2012_val_00041545_n04507155.JPEG,0.0126637825742363,0.0070477928966283,0.1401717066764831,0.005615989677607999
879,ILSVRC2012_val_00022730_n04507155.JPEG,ILSVRC2012_val_00037237_n04507155.JPEG,0.0698556378483772,0.0086181852966547,2.454909563064575,0.0612374525517225
879,ILSVRC2012_val_00031400_n04507155.JPEG,ILSVRC2012_val_00032001_n04507155.JPEG,1.4633071422576904,0.1602829098701477,4.926322937011719,1.3030242323875427
879,ILSVRC2012_val_00006260_n04507155.JPEG,ILSVRC2012_val_00038295_n04507155.JPEG,3.9957566261291504,5.570310592651367,8.261808395385742,1.5745539665222168
880,ILSVRC2012_val_00015873_n04509417.JPEG,ILSVRC2012_val_00020497_n04509417.JPEG,0.0038380783516913,0.0389051809906959,0.1423884332180023,0.035067102639004595
880,ILSVRC2012_val_00017279_n04509417.JPEG,ILSVRC2012_val_00028714_n04509417.JPEG,0.2172372043132782,0.1351094096899032,0.6438767313957214,0.082127794623375
880,ILSVRC2012_val_00011412_n04509417.JPEG,ILSVRC2012_val_00008497_n04509417.JPEG,0.0080948378890752,0.5782198905944824,2.496547222137451,0.5701250527054073
880,ILSVRC2012_val_00015590_n04509417.JPEG,ILSVRC2012_val_00033321_n04509417.JPEG,2.220678329467773,2.8836934566497803,4.012298583984375,0.6630151271820073
880,ILSVRC2012_val_00025697_n04509417.JPEG,ILSVRC2012_val_00006122_n04509417.JPEG,1.4163305759429932,0.0461288951337337,3.695321083068848,1.3702016808092594
881,ILSVRC2012_val_00023169_n04515003.JPEG,ILSVRC2012_val_00018323_n04515003.JPEG,0.0573658309876918,0.0854948312044143,0.1833077669143676,0.028129000216722495
881,ILSVRC2012_val_00024663_n04515003.JPEG,ILSVRC2012_val_00003521_n04515003.JPEG,0.0136204175651073,0.1915961503982544,4.696701049804688,0.1779757328331471
881,ILSVRC2012_val_00039111_n04515003.JPEG,ILSVRC2012_val_00024228_n04515003.JPEG,0.3998524248600006,0.0712525770068168,0.7052335739135742,0.3285998478531838
881,ILSVRC2012_val_00041923_n04515003.JPEG,ILSVRC2012_val_00031543_n04515003.JPEG,0.4203507602214813,0.0717455595731735,0.6686274409294128,0.3486052006483078
881,ILSVRC2012_val_00000284_n04515003.JPEG,ILSVRC2012_val_00022154_n04515003.JPEG,0.0714413896203041,0.6653027534484863,1.0966891050338743,0.5938613638281822
882,ILSVRC2012_val_00022790_n04517823.JPEG,ILSVRC2012_val_00036144_n04517823.JPEG,0.0003624497621785,0.0035453103482723,0.0671775117516517,0.0031828605860938003
882,ILSVRC2012_val_00039615_n04517823.JPEG,ILSVRC2012_val_00020843_n04517823.JPEG,0.0052969586104154,0.6965757012367249,4.996255397796631,0.6912787426263095
882,ILSVRC2012_val_00040378_n04517823.JPEG,ILSVRC2012_val_00037908_n04517823.JPEG,1.4348307847976685,2.2243285179138184,2.616903781890869,0.7894977331161499
882,ILSVRC2012_val_00048956_n04517823.JPEG,ILSVRC2012_val_00017030_n04517823.JPEG,1.581714749336243,0.7793830037117004,5.279356479644775,0.8023317456245425
882,ILSVRC2012_val_00021621_n04517823.JPEG,ILSVRC2012_val_00012596_n04517823.JPEG,1.8886269330978396,0.2599864900112152,5.76469612121582,1.6286404430866244
883,ILSVRC2012_val_00011908_n04522168.JPEG,ILSVRC2012_val_00010407_n04522168.JPEG,0.0492880642414093,1.3751275539398191,1.410294771194458,1.3258394896984098
883,ILSVRC2012_val_00011020_n04522168.JPEG,ILSVRC2012_val_00045714_n04522168.JPEG,2.1651101112365723,0.8096062541007996,2.2323708534240723,1.3555038571357727
883,ILSVRC2012_val_00040024_n04522168.JPEG,ILSVRC2012_val_00005485_n04522168.JPEG,3.214278221130371,4.575490474700928,4.575490474700928,1.3612122535705566
883,ILSVRC2012_val_00000895_n04522168.JPEG,ILSVRC2012_val_00018977_n04522168.JPEG,0.2663767337799072,2.265718460083008,2.773749828338623,1.9993417263031006
883,ILSVRC2012_val_00000973_n04522168.JPEG,ILSVRC2012_val_00039280_n04522168.JPEG,0.6368928551673889,4.957953453063965,4.995147705078125,4.321060597896576
884,ILSVRC2012_val_00041517_n04523525.JPEG,ILSVRC2012_val_00010588_n04523525.JPEG,0.1204134076833725,0.0678791552782058,0.2022237032651901,0.052534252405166695
884,ILSVRC2012_val_00024824_n04523525.JPEG,ILSVRC2012_val_00019004_n04523525.JPEG,0.7619885802268982,0.445609986782074,0.8117713332176208,0.3163785934448242
884,ILSVRC2012_val_00032984_n04523525.JPEG,ILSVRC2012_val_00025422_n04523525.JPEG,1.1634953022003174,0.0346612036228179,1.367462158203125,1.1288340985774994
884,ILSVRC2012_val_00011949_n04523525.JPEG,ILSVRC2012_val_00009995_n04523525.JPEG,0.2258789539337158,2.454826593399048,3.610416889190674,2.228947639465332
884,ILSVRC2012_val_00014893_n04523525.JPEG,ILSVRC2012_val_00049794_n04523525.JPEG,0.2495652437210083,4.1173248291015625,4.203434944152832,3.867759585380554
885,ILSVRC2012_val_00025204_n04525038.JPEG,ILSVRC2012_val_00014445_n04525038.JPEG,7.164303302764893,6.884846687316895,8.625624656677246,0.27945661544799716
885,ILSVRC2012_val_00047348_n04525038.JPEG,ILSVRC2012_val_00008068_n04525038.JPEG,5.396627426147461,3.774397611618042,5.415688991546631,1.622229814529419
885,ILSVRC2012_val_00012324_n04525038.JPEG,ILSVRC2012_val_00009737_n04525038.JPEG,4.7444562911987305,3.020712852478028,4.7444562911987305,1.7237434387207027
885,ILSVRC2012_val_00023329_n04525038.JPEG,ILSVRC2012_val_00046504_n04525038.JPEG,4.516128540039063,6.361310005187988,6.42672061920166,1.845181465148925
885,ILSVRC2012_val_00004131_n04525038.JPEG,ILSVRC2012_val_00029578_n04525038.JPEG,6.281407356262207,4.184176445007324,6.3187432289123535,2.097230911254883
886,ILSVRC2012_val_00039221_n04525305.JPEG,ILSVRC2012_val_00012903_n04525305.JPEG,0.0397499874234199,0.0220256093889474,0.372321218252182,0.017724378034472497
886,ILSVRC2012_val_00036336_n04525305.JPEG,ILSVRC2012_val_00025822_n04525305.JPEG,0.1376519799232483,0.1709361225366592,4.008093357086182,0.03328414261341092
886,ILSVRC2012_val_00023422_n04525305.JPEG,ILSVRC2012_val_00048453_n04525305.JPEG,0.1962626427412033,0.1458799540996551,1.9998087882995603,0.05038268864154821
886,ILSVRC2012_val_00034568_n04525305.JPEG,ILSVRC2012_val_00026897_n04525305.JPEG,0.3178057968616485,0.4016281962394714,1.3274132013320925,0.08382239937782288
886,ILSVRC2012_val_00020237_n04525305.JPEG,ILSVRC2012_val_00046773_n04525305.JPEG,0.0123014077544212,1.433560132980347,5.434542655944824,1.4212587252259257
887,ILSVRC2012_val_00004268_n04532106.JPEG,ILSVRC2012_val_00047663_n04532106.JPEG,1.388652205467224,0.0822653770446777,2.50191068649292,1.3063868284225462
887,ILSVRC2012_val_00005091_n04532106.JPEG,ILSVRC2012_val_00006477_n04532106.JPEG,1.998090147972107,0.0621866397559642,1.998090147972107,1.9359035082161427
887,ILSVRC2012_val_00032900_n04532106.JPEG,ILSVRC2012_val_00036410_n04532106.JPEG,1.5437268018722534,3.5397756099700928,3.5397756099700928,1.9960488080978394
887,ILSVRC2012_val_00048164_n04532106.JPEG,ILSVRC2012_val_00048541_n04532106.JPEG,2.3884477615356445,4.478702068328857,4.478702068328857,2.090254306793213
887,ILSVRC2012_val_00038650_n04532106.JPEG,ILSVRC2012_val_00048657_n04532106.JPEG,0.3617322742938995,2.9776620864868164,3.0413002967834477,2.615929812192917
888,ILSVRC2012_val_00000951_n04532670.JPEG,ILSVRC2012_val_00010807_n04532670.JPEG,0.009017220698297,0.015191332437098,0.0898381844162941,0.006174111738801001
888,ILSVRC2012_val_00046644_n04532670.JPEG,ILSVRC2012_val_00021877_n04532670.JPEG,0.1291362643241882,0.1503792554140091,0.152796983718872,0.02124299108982089
888,ILSVRC2012_val_00023367_n04532670.JPEG,ILSVRC2012_val_00049363_n04532670.JPEG,0.0041359844617545,0.0332916155457496,0.0438297428190708,0.029155631083995104
888,ILSVRC2012_val_00001554_n04532670.JPEG,ILSVRC2012_val_00019521_n04532670.JPEG,0.0343682207167148,0.1408769935369491,0.1408769935369491,0.1065087728202343
888,ILSVRC2012_val_00039577_n04532670.JPEG,ILSVRC2012_val_00009742_n04532670.JPEG,0.0048235957510769,0.1740140616893768,0.309895783662796,0.1691904659382999
889,ILSVRC2012_val_00024510_n04536866.JPEG,ILSVRC2012_val_00011089_n04536866.JPEG,0.6494428515434265,0.6517481803894043,2.3255772590637207,0.002305328845977783
889,ILSVRC2012_val_00040936_n04536866.JPEG,ILSVRC2012_val_00007538_n04536866.JPEG,2.2898991107940674,2.178673028945923,8.51433277130127,0.11122608184814453
889,ILSVRC2012_val_00021943_n04536866.JPEG,ILSVRC2012_val_00047161_n04536866.JPEG,0.4517496824264526,0.1522530168294906,6.735123634338379,0.299496665596962
889,ILSVRC2012_val_00046800_n04536866.JPEG,ILSVRC2012_val_00024503_n04536866.JPEG,0.0313177034258842,0.6113215684890747,3.552234649658203,0.5800038650631905
889,ILSVRC2012_val_00044174_n04536866.JPEG,ILSVRC2012_val_00029662_n04536866.JPEG,2.89762282371521,1.168412685394287,5.108983993530273,1.7292101383209229
890,ILSVRC2012_val_00045377_n04540053.JPEG,ILSVRC2012_val_00044431_n04540053.JPEG,0.2244393229484558,0.2311845570802688,1.3281433582305908,0.006745234131812994
890,ILSVRC2012_val_00008354_n04540053.JPEG,ILSVRC2012_val_00048042_n04540053.JPEG,0.0022843000479042,0.053491223603487,0.3271653652191162,0.0512069235555828
890,ILSVRC2012_val_00021825_n04540053.JPEG,ILSVRC2012_val_00035059_n04540053.JPEG,0.0631950050592422,0.001955384388566,0.1901248097419738,0.061239620670676204
890,ILSVRC2012_val_00007653_n04540053.JPEG,ILSVRC2012_val_00025623_n04540053.JPEG,0.1652310788631439,0.0015175743028521,0.8025588989257812,0.1637135045602918
890,ILSVRC2012_val_00007665_n04540053.JPEG,ILSVRC2012_val_00023756_n04540053.JPEG,0.0728071853518486,0.454754501581192,1.1488194465637207,0.3819473162293434
891,ILSVRC2012_val_00009343_n04542943.JPEG,ILSVRC2012_val_00026559_n04542943.JPEG,3.58813522325363e-05,0.0026694636326283,0.0275782868266105,0.0026335822803957637
891,ILSVRC2012_val_00011944_n04542943.JPEG,ILSVRC2012_val_00034550_n04542943.JPEG,0.6824735403060913,0.3507406115531921,3.39918851852417,0.3317329287528992
891,ILSVRC2012_val_00045700_n04542943.JPEG,ILSVRC2012_val_00019935_n04542943.JPEG,0.4101519882678985,0.0093016596511006,1.7521928548812866,0.4008503286167979
891,ILSVRC2012_val_00042908_n04542943.JPEG,ILSVRC2012_val_00015573_n04542943.JPEG,1.601582646369934,2.1757113933563232,4.067419528961182,0.5741287469863892
891,ILSVRC2012_val_00044601_n04542943.JPEG,ILSVRC2012_val_00027972_n04542943.JPEG,1.1192405223846436,0.0358553826808929,6.659695148468018,1.0833851397037506
892,ILSVRC2012_val_00041547_n04548280.JPEG,ILSVRC2012_val_00040337_n04548280.JPEG,0.1868007779121399,0.4691953063011169,5.024052619934082,0.282394528388977
892,ILSVRC2012_val_00021551_n04548280.JPEG,ILSVRC2012_val_00041037_n04548280.JPEG,0.5873324871063232,0.2704571485519409,0.9528660774230956,0.3168753385543823
892,ILSVRC2012_val_00013320_n04548280.JPEG,ILSVRC2012_val_00018143_n04548280.JPEG,0.163225382566452,0.5218528509140015,1.126325607299805,0.35862746834754944
892,ILSVRC2012_val_00030987_n04548280.JPEG,ILSVRC2012_val_00018443_n04548280.JPEG,1.3309645652770996,0.8984028100967407,1.468458890914917,0.4325617551803589
892,ILSVRC2012_val_00035525_n04548280.JPEG,ILSVRC2012_val_00009413_n04548280.JPEG,0.9754244685173036,0.399241030216217,1.2018539905548096,0.5761834383010866
893,ILSVRC2012_val_00049453_n04548362.JPEG,ILSVRC2012_val_00000866_n04548362.JPEG,0.1260509192943573,0.0911713689565658,2.2144880294799805,0.0348795503377915
893,ILSVRC2012_val_00008403_n04548362.JPEG,ILSVRC2012_val_00031483_n04548362.JPEG,0.4826579988002777,0.0795754045248031,1.680194854736328,0.4030825942754746
893,ILSVRC2012_val_00003108_n04548362.JPEG,ILSVRC2012_val_00014862_n04548362.JPEG,1.6229772567749023,2.350998878479004,3.5741238594055176,0.7280216217041016
893,ILSVRC2012_val_00048305_n04548362.JPEG,ILSVRC2012_val_00009738_n04548362.JPEG,2.4987423419952397,1.7182624340057373,3.943061351776123,0.7804799079895024
893,ILSVRC2012_val_00019233_n04548362.JPEG,ILSVRC2012_val_00010981_n04548362.JPEG,1.3523311614990234,0.200872853398323,1.4383947849273682,1.1514583081007004
894,ILSVRC2012_val_00002016_n04550184.JPEG,ILSVRC2012_val_00027141_n04550184.JPEG,0.3401715755462646,0.3058144748210907,1.5540179014205933,0.034357100725173895
894,ILSVRC2012_val_00003130_n04550184.JPEG,ILSVRC2012_val_00039497_n04550184.JPEG,0.5297783017158508,0.239548772573471,0.8672043085098267,0.2902295291423798
894,ILSVRC2012_val_00032555_n04550184.JPEG,ILSVRC2012_val_00024717_n04550184.JPEG,1.4965730905532837,2.058226585388184,2.483614444732666,0.5616534948349003
894,ILSVRC2012_val_00049632_n04550184.JPEG,ILSVRC2012_val_00030785_n04550184.JPEG,0.1196100860834121,1.087598443031311,3.4550371170043945,0.967988356947899
894,ILSVRC2012_val_00008851_n04550184.JPEG,ILSVRC2012_val_00026252_n04550184.JPEG,1.0276257991790771,2.4278626441955566,4.777005195617676,1.4002368450164795
895,ILSVRC2012_val_00004998_n04552348.JPEG,ILSVRC2012_val_00044335_n04552348.JPEG,0.2457644939422607,0.4377272427082062,1.949662685394287,0.1919627487659455
895,ILSVRC2012_val_00039785_n04552348.JPEG,ILSVRC2012_val_00019254_n04552348.JPEG,0.1964031159877777,0.820660412311554,2.1533775329589844,0.6242572963237762
895,ILSVRC2012_val_00028193_n04552348.JPEG,ILSVRC2012_val_00023334_n04552348.JPEG,0.1073050945997238,0.7503153085708618,0.7997584939002991,0.643010213971138
895,ILSVRC2012_val_00018190_n04552348.JPEG,ILSVRC2012_val_00037204_n04552348.JPEG,1.0290913581848145,0.1802769601345062,1.0428160429000854,0.8488143980503082
895,ILSVRC2012_val_00024705_n04552348.JPEG,ILSVRC2012_val_00003293_n04552348.JPEG,0.8905127048492432,1.935163974761963,4.0485663414001465,1.0446512699127197
896,ILSVRC2012_val_00013523_n04553703.JPEG,ILSVRC2012_val_00013534_n04553703.JPEG,0.2001593708992004,0.9458622932434082,2.5929291248321533,0.7457029223442078
896,ILSVRC2012_val_00034191_n04553703.JPEG,ILSVRC2012_val_00022800_n04553703.JPEG,1.3499974012374878,0.4148063063621521,2.0504751205444336,0.9351910948753357
896,ILSVRC2012_val_00048031_n04553703.JPEG,ILSVRC2012_val_00031261_n04553703.JPEG,0.1873765885829925,1.3115315437316897,1.957636833190918,1.1241549551486971
896,ILSVRC2012_val_00032224_n04553703.JPEG,ILSVRC2012_val_00004010_n04553703.JPEG,0.4932588040828705,1.782069444656372,1.782069444656372,1.2888106405735016
896,ILSVRC2012_val_00048784_n04553703.JPEG,ILSVRC2012_val_00045791_n04553703.JPEG,0.2330414205789566,1.6894934177398682,2.1152751445770264,1.4564519971609116
897,ILSVRC2012_val_00003561_n04554684.JPEG,ILSVRC2012_val_00009655_n04554684.JPEG,0.0128039643168449,0.0011860248632729,0.089190162718296,0.011617939453572
897,ILSVRC2012_val_00014846_n04554684.JPEG,ILSVRC2012_val_00021128_n04554684.JPEG,0.003504327731207,0.4101050794124603,2.1204795837402344,0.4066007516812533
897,ILSVRC2012_val_00037728_n04554684.JPEG,ILSVRC2012_val_00019346_n04554684.JPEG,0.0446323230862617,1.3897249698638916,1.6213152408599854,1.3450926467776299
897,ILSVRC2012_val_00038965_n04554684.JPEG,ILSVRC2012_val_00013010_n04554684.JPEG,0.354731947183609,2.8883056640625,3.172896385192871,2.533573716878891
897,ILSVRC2012_val_00041318_n04554684.JPEG,ILSVRC2012_val_00021167_n04554684.JPEG,0.0043091778643429,2.5921194553375244,6.155601501464844,2.5878102774731815
898,ILSVRC2012_val_00040553_n04557648.JPEG,ILSVRC2012_val_00010459_n04557648.JPEG,0.9790997505187988,2.1638808250427246,2.9291017055511475,1.1847810745239258
898,ILSVRC2012_val_00001668_n04557648.JPEG,ILSVRC2012_val_00038312_n04557648.JPEG,2.511500835418701,1.2388538122177124,3.346779584884644,1.2726470232009888
898,ILSVRC2012_val_00027424_n04557648.JPEG,ILSVRC2012_val_00049261_n04557648.JPEG,1.4860589504241943,2.9450793266296387,3.2779762744903564,1.4590203762054443
898,ILSVRC2012_val_00026262_n04557648.JPEG,ILSVRC2012_val_00010135_n04557648.JPEG,3.2743353843688965,0.909689962863922,3.2743353843688965,2.3646454215049744
898,ILSVRC2012_val_00045644_n04557648.JPEG,ILSVRC2012_val_00019944_n04557648.JPEG,4.762704849243164,1.6168315410614014,5.34672212600708,3.1458733081817627
899,ILSVRC2012_val_00000286_n04560804.JPEG,ILSVRC2012_val_00031504_n04560804.JPEG,4.287602424621582,4.223007678985596,5.209415912628174,0.06459474563598633
899,ILSVRC2012_val_00049951_n04560804.JPEG,ILSVRC2012_val_00043815_n04560804.JPEG,0.9044137597084044,1.618846774101257,1.715416431427002,0.7144330143928527
899,ILSVRC2012_val_00013347_n04560804.JPEG,ILSVRC2012_val_00037427_n04560804.JPEG,1.0314983129501345,1.7733983993530271,2.631596326828003,0.7419000864028926
899,ILSVRC2012_val_00024412_n04560804.JPEG,ILSVRC2012_val_00034852_n04560804.JPEG,1.4368940591812134,2.37581729888916,2.3775620460510254,0.9389232397079468
899,ILSVRC2012_val_00004773_n04560804.JPEG,ILSVRC2012_val_00029711_n04560804.JPEG,2.952727794647217,1.638009786605835,3.0809645652771,1.3147180080413818
900,ILSVRC2012_val_00039721_n04562935.JPEG,ILSVRC2012_val_00046961_n04562935.JPEG,0.0164778102189302,0.0105609353631734,0.030256887897849,0.0059168748557567995
900,ILSVRC2012_val_00048197_n04562935.JPEG,ILSVRC2012_val_00035874_n04562935.JPEG,0.0024663764052093,0.0295178033411502,0.0308595076203346,0.0270514269359409
900,ILSVRC2012_val_00008486_n04562935.JPEG,ILSVRC2012_val_00037484_n04562935.JPEG,0.005652752239257,0.0713026374578476,0.1489671617746353,0.0656498852185906
900,ILSVRC2012_val_00007553_n04562935.JPEG,ILSVRC2012_val_00038846_n04562935.JPEG,0.0111039793118834,0.1976938843727111,0.1976957470178604,0.1865899050608277
900,ILSVRC2012_val_00029938_n04562935.JPEG,ILSVRC2012_val_00033898_n04562935.JPEG,0.2923423051834106,0.0042701261118054,0.2923423051834106,0.2880721790716052
901,ILSVRC2012_val_00042297_n04579145.JPEG,ILSVRC2012_val_00016743_n04579145.JPEG,0.0138941453769803,0.0759384483098983,0.4354652166366577,0.062044302932917995
901,ILSVRC2012_val_00042683_n04579145.JPEG,ILSVRC2012_val_00019348_n04579145.JPEG,0.0185487233102321,0.112102210521698,0.1121188327670097,0.09355348721146589
901,ILSVRC2012_val_00031554_n04579145.JPEG,ILSVRC2012_val_00002867_n04579145.JPEG,0.07399532943964,0.8487738370895386,1.8480855226516724,0.7747785076498985
901,ILSVRC2012_val_00042244_n04579145.JPEG,ILSVRC2012_val_00007489_n04579145.JPEG,0.0632170438766479,1.405220866203308,1.4810702800750732,1.3420038223266602
901,ILSVRC2012_val_00005933_n04579145.JPEG,ILSVRC2012_val_00038095_n04579145.JPEG,2.0181963443756104,4.353398323059082,4.353398323059082,2.3352019786834717
902,ILSVRC2012_val_00031358_n04579432.JPEG,ILSVRC2012_val_00015212_n04579432.JPEG,0.0592142082750797,0.0694541335105896,0.1746610552072525,0.0102399252355099
902,ILSVRC2012_val_00035203_n04579432.JPEG,ILSVRC2012_val_00037298_n04579432.JPEG,0.4184141457080841,0.0952988192439079,1.9769103527069087,0.3231153264641762
902,ILSVRC2012_val_00045862_n04579432.JPEG,ILSVRC2012_val_00044828_n04579432.JPEG,0.7780980467796326,0.0789921954274177,1.988494038581848,0.6991058513522148
902,ILSVRC2012_val_00001734_n04579432.JPEG,ILSVRC2012_val_00035948_n04579432.JPEG,0.7156623005867004,0.0056177834048867,0.7156623005867004,0.7100445171818137
902,ILSVRC2012_val_00046147_n04579432.JPEG,ILSVRC2012_val_00014760_n04579432.JPEG,3.44666051864624,2.5634093284606934,5.882235527038574,0.8832511901855464
903,ILSVRC2012_val_00026020_n04584207.JPEG,ILSVRC2012_val_00015846_n04584207.JPEG,0.4222795963287353,0.8430905342102051,2.734140396118164,0.4208109378814698
903,ILSVRC2012_val_00006204_n04584207.JPEG,ILSVRC2012_val_00002155_n04584207.JPEG,0.3326497972011566,1.057464838027954,1.4729657173156738,0.7248150408267975
903,ILSVRC2012_val_00027010_n04584207.JPEG,ILSVRC2012_val_00015765_n04584207.JPEG,0.08293928951025,1.0235073566436768,3.274751901626587,0.9405680671334268
903,ILSVRC2012_val_00040311_n04584207.JPEG,ILSVRC2012_val_00005659_n04584207.JPEG,0.2916913628578186,1.3291436433792114,1.5251080989837646,1.0374522805213928
903,ILSVRC2012_val_00027984_n04584207.JPEG,ILSVRC2012_val_00005990_n04584207.JPEG,0.2856871485710144,1.954401016235352,1.954401016235352,1.6687138676643376
904,ILSVRC2012_val_00028315_n04589890.JPEG,ILSVRC2012_val_00009769_n04589890.JPEG,0.0607279501855373,0.2049020528793335,0.2050017863512039,0.1441741026937962
904,ILSVRC2012_val_00004889_n04589890.JPEG,ILSVRC2012_val_00046507_n04589890.JPEG,0.2887001931667328,0.0938996076583862,0.4399221241474151,0.19480058550834659
904,ILSVRC2012_val_00025513_n04589890.JPEG,ILSVRC2012_val_00025873_n04589890.JPEG,1.0373011827468872,0.0157427825033664,1.0373011827468872,1.0215584002435207
904,ILSVRC2012_val_00037176_n04589890.JPEG,ILSVRC2012_val_00039300_n04589890.JPEG,3.6582629680633545,0.8430903553962708,3.6616556644439697,2.8151726126670837
904,ILSVRC2012_val_00002310_n04589890.JPEG,ILSVRC2012_val_00006743_n04589890.JPEG,4.175879001617432,0.0839656442403793,4.175879001617432,4.091913357377052
905,ILSVRC2012_val_00023491_n04590129.JPEG,ILSVRC2012_val_00011244_n04590129.JPEG,0.927221655845642,0.3553200364112854,2.0999436378479004,0.5719016194343566
905,ILSVRC2012_val_00045960_n04590129.JPEG,ILSVRC2012_val_00041948_n04590129.JPEG,0.9381704926490784,0.1277604550123214,0.9381704926490784,0.810410037636757
905,ILSVRC2012_val_00023987_n04590129.JPEG,ILSVRC2012_val_00029185_n04590129.JPEG,1.000194787979126,1.8961153030395508,1.9171820878982544,0.8959205150604248
905,ILSVRC2012_val_00041315_n04590129.JPEG,ILSVRC2012_val_00036111_n04590129.JPEG,0.0939728617668151,2.266364574432373,2.696654796600342,2.172391712665558
905,ILSVRC2012_val_00002760_n04590129.JPEG,ILSVRC2012_val_00020510_n04590129.JPEG,5.337378025054932,2.4455554485321045,5.792611598968506,2.891822576522827
906,ILSVRC2012_val_00035334_n04591157.JPEG,ILSVRC2012_val_00012084_n04591157.JPEG,1.7877557277679443,1.5668213367462158,2.001720905303955,0.22093439102172852
906,ILSVRC2012_val_00011466_n04591157.JPEG,ILSVRC2012_val_00008047_n04591157.JPEG,1.1573326587677002,0.9255014061927797,4.226280212402344,0.23183125257492054
906,ILSVRC2012_val_00006138_n04591157.JPEG,ILSVRC2012_val_00004858_n04591157.JPEG,4.598212718963623,4.874564170837402,5.266777515411377,0.2763514518737793
906,ILSVRC2012_val_00045863_n04591157.JPEG,ILSVRC2012_val_00021972_n04591157.JPEG,0.6382173299789429,1.495206356048584,1.495206356048584,0.8569890260696411
906,ILSVRC2012_val_00037545_n04591157.JPEG,ILSVRC2012_val_00004616_n04591157.JPEG,6.588381290435791,9.113364219665527,10.595300674438477,2.5249829292297363
907,ILSVRC2012_val_00044614_n04591713.JPEG,ILSVRC2012_val_00048539_n04591713.JPEG,1.0113463401794434,1.1769020557403564,1.4794842004776,0.16555571556091309
907,ILSVRC2012_val_00022049_n04591713.JPEG,ILSVRC2012_val_00019274_n04591713.JPEG,0.500705361366272,1.1178767681121826,7.32794713973999,0.6171714067459106
907,ILSVRC2012_val_00033990_n04591713.JPEG,ILSVRC2012_val_00013247_n04591713.JPEG,0.829059362411499,1.6271215677261353,1.649743676185608,0.7980622053146362
907,ILSVRC2012_val_00017177_n04591713.JPEG,ILSVRC2012_val_00007320_n04591713.JPEG,1.0024690628051758,1.8562233448028564,3.844515323638916,0.8537542819976807
907,ILSVRC2012_val_00039811_n04591713.JPEG,ILSVRC2012_val_00025193_n04591713.JPEG,0.2756494879722595,1.3161925077438354,3.5137414932250977,1.040543019771576
908,ILSVRC2012_val_00033012_n04592741.JPEG,ILSVRC2012_val_00008070_n04592741.JPEG,2.347724437713623,2.1895670890808105,2.347724437713623,0.1581573486328125
908,ILSVRC2012_val_00017349_n04592741.JPEG,ILSVRC2012_val_00019627_n04592741.JPEG,0.0732602998614311,1.0708659887313845,2.273111343383789,0.9976056888699534
908,ILSVRC2012_val_00025987_n04592741.JPEG,ILSVRC2012_val_00029165_n04592741.JPEG,0.0287501383572816,1.3348503112792969,1.859990239143372,1.3061001729220152
908,ILSVRC2012_val_00018081_n04592741.JPEG,ILSVRC2012_val_00031487_n04592741.JPEG,3.811573028564453,2.069476842880249,4.869019985198975,1.742096185684204
908,ILSVRC2012_val_00024138_n04592741.JPEG,ILSVRC2012_val_00024937_n04592741.JPEG,2.025128126144409,4.002867698669434,4.166504859924316,1.9777395725250244
909,ILSVRC2012_val_00017344_n04596742.JPEG,ILSVRC2012_val_00034695_n04596742.JPEG,4.035599231719971,3.978724956512451,5.583018779754639,0.05687427520751953
909,ILSVRC2012_val_00020801_n04596742.JPEG,ILSVRC2012_val_00020778_n04596742.JPEG,1.3840913772583008,1.5250287055969238,4.611675262451172,0.14093732833862305
909,ILSVRC2012_val_00014677_n04596742.JPEG,ILSVRC2012_val_00001328_n04596742.JPEG,0.984963834285736,1.2590880393981934,2.8544225692749023,0.2741242051124574
909,ILSVRC2012_val_00003240_n04596742.JPEG,ILSVRC2012_val_00023337_n04596742.JPEG,1.2732120752334597,0.4401218295097351,3.083016157150269,0.8330902457237246
909,ILSVRC2012_val_00028560_n04596742.JPEG,ILSVRC2012_val_00017513_n04596742.JPEG,2.804807662963867,4.057153701782227,4.2494401931762695,1.2523460388183594
910,ILSVRC2012_val_00020639_n04597913.JPEG,ILSVRC2012_val_00041290_n04597913.JPEG,0.0580835007131099,0.0402703136205673,6.51975154876709,0.0178131870925426
910,ILSVRC2012_val_00008796_n04597913.JPEG,ILSVRC2012_val_00021930_n04597913.JPEG,0.0001140767853939,0.2204826027154922,0.4112049043178558,0.22036852593009829
910,ILSVRC2012_val_00047958_n04597913.JPEG,ILSVRC2012_val_00008027_n04597913.JPEG,0.0026618547271937,2.777718544006348,2.804196834564209,2.7750566892791544
910,ILSVRC2012_val_00008202_n04597913.JPEG,ILSVRC2012_val_00002685_n04597913.JPEG,3.29970932006836,0.4317513406276703,5.453479766845703,2.8679579794406895
910,ILSVRC2012_val_00045957_n04597913.JPEG,ILSVRC2012_val_00032118_n04597913.JPEG,5.892359733581543,1.8878488540649412,6.383286476135254,4.004510879516602
911,ILSVRC2012_val_00015889_n04599235.JPEG,ILSVRC2012_val_00032340_n04599235.JPEG,6.321720123291016,4.474457740783691,6.347390174865723,1.8472623825073242
911,ILSVRC2012_val_00027624_n04599235.JPEG,ILSVRC2012_val_00020189_n04599235.JPEG,0.1458163857460022,2.3706343173980717,3.13587498664856,2.2248179316520695
911,ILSVRC2012_val_00017173_n04599235.JPEG,ILSVRC2012_val_00003805_n04599235.JPEG,0.0586275421082973,2.7946739196777344,3.5522210597991943,2.736046377569437
911,ILSVRC2012_val_00035088_n04599235.JPEG,ILSVRC2012_val_00028150_n04599235.JPEG,0.0209921244531869,3.081555128097534,3.098090410232544,3.060563003644347
911,ILSVRC2012_val_00035255_n04599235.JPEG,ILSVRC2012_val_00015838_n04599235.JPEG,0.5058317184448242,3.6501173973083496,3.7534193992614746,3.1442856788635254
912,ILSVRC2012_val_00030937_n04604644.JPEG,ILSVRC2012_val_00014699_n04604644.JPEG,0.0286081209778785,0.0739922299981117,0.2825481593608856,0.045384109020233196
912,ILSVRC2012_val_00026143_n04604644.JPEG,ILSVRC2012_val_00049329_n04604644.JPEG,0.0676983594894409,0.0122765619307756,0.124855525791645,0.0554217975586653
912,ILSVRC2012_val_00044982_n04604644.JPEG,ILSVRC2012_val_00043217_n04604644.JPEG,0.2342456877231598,0.1278338879346847,2.399374008178711,0.10641179978847509
912,ILSVRC2012_val_00006623_n04604644.JPEG,ILSVRC2012_val_00036475_n04604644.JPEG,0.0071330172941088,0.1682432889938354,0.2570503652095794,0.16111027169972658
912,ILSVRC2012_val_00042739_n04604644.JPEG,ILSVRC2012_val_00012751_n04604644.JPEG,0.5956442356109619,0.0004060635983478,2.002497673034668,0.5952381720126141
913,ILSVRC2012_val_00043800_n04606251.JPEG,ILSVRC2012_val_00037254_n04606251.JPEG,0.017042027786374,0.0026949062012135,0.4510865211486816,0.014347121585160499
913,ILSVRC2012_val_00047076_n04606251.JPEG,ILSVRC2012_val_00040924_n04606251.JPEG,0.4033539891242981,0.2159993946552276,2.9687933921813965,0.1873545944690705
913,ILSVRC2012_val_00028404_n04606251.JPEG,ILSVRC2012_val_00007040_n04606251.JPEG,0.7214815020561218,0.1600973457098007,1.7278248071670532,0.5613841563463211
913,ILSVRC2012_val_00013793_n04606251.JPEG,ILSVRC2012_val_00043876_n04606251.JPEG,2.891507387161255,3.708057641983032,6.041995525360107,0.8165502548217769
913,ILSVRC2012_val_00011806_n04606251.JPEG,ILSVRC2012_val_00045100_n04606251.JPEG,0.1684581637382507,1.204461932182312,1.926576852798462,1.0360037684440613
914,ILSVRC2012_val_00023020_n04612504.JPEG,ILSVRC2012_val_00020544_n04612504.JPEG,1.0416985750198364,1.0910614728927612,1.270575761795044,0.049362897872924805
914,ILSVRC2012_val_00040974_n04612504.JPEG,ILSVRC2012_val_00025780_n04612504.JPEG,0.5991142988204956,0.1002028062939643,0.9149323105812072,0.49891149252653133
914,ILSVRC2012_val_00033482_n04612504.JPEG,ILSVRC2012_val_00006693_n04612504.JPEG,0.9566844701766968,0.4150885939598083,1.186519742012024,0.5415958762168884
914,ILSVRC2012_val_00004515_n04612504.JPEG,ILSVRC2012_val_00008725_n04612504.JPEG,1.5320982933044434,0.6133571267127991,3.0137434005737305,0.9187411665916443
914,ILSVRC2012_val_00019246_n04612504.JPEG,ILSVRC2012_val_00028027_n04612504.JPEG,2.5289299488067627,3.762988567352295,3.762988567352295,1.2340586185455322
915,ILSVRC2012_val_00034462_n04613696.JPEG,ILSVRC2012_val_00038908_n04613696.JPEG,0.0159788578748703,0.019146392121911,0.0193368829786777,0.0031675342470407
915,ILSVRC2012_val_00000460_n04613696.JPEG,ILSVRC2012_val_00008571_n04613696.JPEG,0.0010762381134554,0.0154283596202731,0.2747162878513336,0.0143521215068177
915,ILSVRC2012_val_00014904_n04613696.JPEG,ILSVRC2012_val_00042354_n04613696.JPEG,0.0355290435254573,0.019394876435399,2.912632703781128,0.0161341670900583
915,ILSVRC2012_val_00002044_n04613696.JPEG,ILSVRC2012_val_00015593_n04613696.JPEG,0.0301780086010694,0.0041095102205872,1.6749297380447388,0.026068498380482197
915,ILSVRC2012_val_00003113_n04613696.JPEG,ILSVRC2012_val_00042870_n04613696.JPEG,0.4376711547374725,0.0509685911238193,1.4236681461334229,0.3867025636136532
916,ILSVRC2012_val_00007421_n06359193.JPEG,ILSVRC2012_val_00008516_n06359193.JPEG,0.0044577750377357,0.004998686723411,0.1140422001481056,0.0005409116856753002
916,ILSVRC2012_val_00046896_n06359193.JPEG,ILSVRC2012_val_00026544_n06359193.JPEG,0.018613314256072,0.0124355182051658,0.1580455899238586,0.006177796050906199
916,ILSVRC2012_val_00013443_n06359193.JPEG,ILSVRC2012_val_00003720_n06359193.JPEG,0.0323569700121879,0.0164280906319618,0.3164024353027344,0.0159288793802261
916,ILSVRC2012_val_00042921_n06359193.JPEG,ILSVRC2012_val_00028582_n06359193.JPEG,0.0076065897010266,0.0935573726892471,0.180812656879425,0.08595078298822051
916,ILSVRC2012_val_00036311_n06359193.JPEG,ILSVRC2012_val_00022114_n06359193.JPEG,0.0012307934230193,0.4629842340946197,1.2232288122177124,0.4617534406716004
917,ILSVRC2012_val_00009851_n06596364.JPEG,ILSVRC2012_val_00047158_n06596364.JPEG,0.4151827394962311,0.2036128789186477,1.5465173721313477,0.21156986057758337
917,ILSVRC2012_val_00019952_n06596364.JPEG,ILSVRC2012_val_00011310_n06596364.JPEG,0.040560308843851,1.561556100845337,2.762912511825561,1.5209957920014858
917,ILSVRC2012_val_00023395_n06596364.JPEG,ILSVRC2012_val_00011285_n06596364.JPEG,0.1167595386505127,1.8312233686447144,3.0284595489501958,1.7144638299942017
917,ILSVRC2012_val_00037140_n06596364.JPEG,ILSVRC2012_val_00044310_n06596364.JPEG,0.5052900314331055,3.7210378646850586,4.479070663452148,3.215747833251953
917,ILSVRC2012_val_00001613_n06596364.JPEG,ILSVRC2012_val_00007624_n06596364.JPEG,3.957663059234619,0.647802472114563,3.957663059234619,3.309860587120056
918,ILSVRC2012_val_00043879_n06785654.JPEG,ILSVRC2012_val_00015949_n06785654.JPEG,0.0006183857913129,0.0006082591717131,0.1613443940877914,1.012661959980002e-05
918,ILSVRC2012_val_00027470_n06785654.JPEG,ILSVRC2012_val_00048683_n06785654.JPEG,8.761498611420393e-05,0.0019124329555779,0.0154726123437285,0.001824817969463696
918,ILSVRC2012_val_00045904_n06785654.JPEG,ILSVRC2012_val_00043787_n06785654.JPEG,0.1834559291601181,0.0054062828421592,0.1840052008628845,0.17804964631795892
918,ILSVRC2012_val_00045918_n06785654.JPEG,ILSVRC2012_val_00014764_n06785654.JPEG,0.7947717308998108,0.2765544354915619,2.443294048309326,0.5182172954082489
918,ILSVRC2012_val_00029715_n06785654.JPEG,ILSVRC2012_val_00023037_n06785654.JPEG,1.09821355342865,7.617183291586116e-05,2.8625965118408203,1.098137381595734
919,ILSVRC2012_val_00009438_n06794110.JPEG,ILSVRC2012_val_00019897_n06794110.JPEG,0.1085093393921852,0.200531393289566,2.370757341384888,0.09202205389738081
919,ILSVRC2012_val_00014864_n06794110.JPEG,ILSVRC2012_val_00006785_n06794110.JPEG,0.7463329434394836,0.1557865291833877,2.1045520305633545,0.5905464142560959
919,ILSVRC2012_val_00034625_n06794110.JPEG,ILSVRC2012_val_00020350_n06794110.JPEG,0.0298282895237207,0.6373500227928162,1.6343202590942385,0.6075217332690954
919,ILSVRC2012_val_00001376_n06794110.JPEG,ILSVRC2012_val_00020618_n06794110.JPEG,0.0295837726444005,0.9361851215362548,3.647207260131836,0.9066013488918543
919,ILSVRC2012_val_00031351_n06794110.JPEG,ILSVRC2012_val_00022416_n06794110.JPEG,0.0573867671191692,1.1858956813812256,3.104428768157959,1.1285089142620564
920,ILSVRC2012_val_00031292_n06874185.JPEG,ILSVRC2012_val_00048314_n06874185.JPEG,0.0290475487709045,0.0504277348518371,0.4989673495292663,0.021380186080932603
920,ILSVRC2012_val_00031519_n06874185.JPEG,ILSVRC2012_val_00004646_n06874185.JPEG,0.0407467670738697,0.1179055199027061,0.4480702579021454,0.07715875282883641
920,ILSVRC2012_val_00045632_n06874185.JPEG,ILSVRC2012_val_00038213_n06874185.JPEG,0.3797646760940552,0.0256422068923711,0.3797646760940552,0.35412246920168405
920,ILSVRC2012_val_00032963_n06874185.JPEG,ILSVRC2012_val_00022510_n06874185.JPEG,0.8056051731109619,0.0054320115596055,0.8132593631744385,0.8001731615513564
920,ILSVRC2012_val_00020577_n06874185.JPEG,ILSVRC2012_val_00021177_n06874185.JPEG,2.95468807220459,3.7673840522766113,3.933094501495361,0.8126959800720215
921,ILSVRC2012_val_00007521_n07248320.JPEG,ILSVRC2012_val_00001619_n07248320.JPEG,1.974012851715088,2.4217019081115723,5.049715995788574,0.4476890563964844
921,ILSVRC2012_val_00019892_n07248320.JPEG,ILSVRC2012_val_00021443_n07248320.JPEG,1.4319214820861816,0.7039350271224976,2.877098560333252,0.7279864549636841
921,ILSVRC2012_val_00038591_n07248320.JPEG,ILSVRC2012_val_00047159_n07248320.JPEG,4.0830397605896,2.623837471008301,4.0830397605896,1.4592022895812988
921,ILSVRC2012_val_00032814_n07248320.JPEG,ILSVRC2012_val_00027350_n07248320.JPEG,2.008363485336304,0.480494350194931,2.049876928329468,1.5278691351413731
921,ILSVRC2012_val_00035156_n07248320.JPEG,ILSVRC2012_val_00040262_n07248320.JPEG,4.577754974365234,1.0796329975128174,5.307353019714356,3.498121976852417
922,ILSVRC2012_val_00049622_n07565083.JPEG,ILSVRC2012_val_00010366_n07565083.JPEG,0.00342259532772,0.0278623662889003,0.027917431667447,0.024439770961180298
922,ILSVRC2012_val_00028256_n07565083.JPEG,ILSVRC2012_val_00036283_n07565083.JPEG,0.0082734944298863,0.0414978452026844,0.0437964238226413,0.0332243507727981
922,ILSVRC2012_val_00041507_n07565083.JPEG,ILSVRC2012_val_00048976_n07565083.JPEG,0.1958450376987457,0.0973767787218093,0.8156573176383972,0.0984682589769364
922,ILSVRC2012_val_00046046_n07565083.JPEG,ILSVRC2012_val_00010527_n07565083.JPEG,0.137309730052948,0.345733493566513,0.5643033385276794,0.208423763513565
922,ILSVRC2012_val_00022666_n07565083.JPEG,ILSVRC2012_val_00038195_n07565083.JPEG,0.0287910271435976,0.6085484027862549,1.0340406894683838,0.5797573756426573
923,ILSVRC2012_val_00023009_n07579787.JPEG,ILSVRC2012_val_00026440_n07579787.JPEG,2.7507753372192383,3.0900754928588867,3.0900754928588867,0.33930015563964844
923,ILSVRC2012_val_00013030_n07579787.JPEG,ILSVRC2012_val_00014581_n07579787.JPEG,1.6408793926239014,1.0188238620758057,1.8914358615875244,0.6220555305480957
923,ILSVRC2012_val_00045027_n07579787.JPEG,ILSVRC2012_val_00032565_n07579787.JPEG,2.4741249084472656,0.7676128149032593,2.542917251586914,1.7065120935440063
923,ILSVRC2012_val_00039992_n07579787.JPEG,ILSVRC2012_val_00033117_n07579787.JPEG,3.017369508743286,0.4016293883323669,3.497753381729126,2.615740120410919
923,ILSVRC2012_val_00040373_n07579787.JPEG,ILSVRC2012_val_00043499_n07579787.JPEG,3.362753629684448,6.425500392913818,6.449354648590088,3.0627467632293706
924,ILSVRC2012_val_00043744_n07583066.JPEG,ILSVRC2012_val_00040141_n07583066.JPEG,0.3769553005695343,0.3806056678295135,0.6304978132247925,0.0036503672599791925
924,ILSVRC2012_val_00043380_n07583066.JPEG,ILSVRC2012_val_00001785_n07583066.JPEG,0.0151832308620214,0.0073061659932136,0.0203155446797609,0.0078770648688078
924,ILSVRC2012_val_00028461_n07583066.JPEG,ILSVRC2012_val_00024611_n07583066.JPEG,0.0699431225657463,0.0509158000349998,1.147160291671753,0.019027322530746495
924,ILSVRC2012_val_00023899_n07583066.JPEG,ILSVRC2012_val_00014307_n07583066.JPEG,0.9357855916023254,1.2510818243026731,1.6449228525161743,0.3152962327003477
924,ILSVRC2012_val_00015522_n07583066.JPEG,ILSVRC2012_val_00027276_n07583066.JPEG,0.7968258857727051,3.136749744415283,3.3305792808532715,2.339923858642578
925,ILSVRC2012_val_00040476_n07584110.JPEG,ILSVRC2012_val_00011392_n07584110.JPEG,1.340756893157959,1.4001303911209106,2.688922882080078,0.05937349796295166
925,ILSVRC2012_val_00037217_n07584110.JPEG,ILSVRC2012_val_00000267_n07584110.JPEG,0.3518807590007782,0.899179220199585,1.789218187332153,0.5472984611988068
925,ILSVRC2012_val_00031301_n07584110.JPEG,ILSVRC2012_val_00043718_n07584110.JPEG,1.3852297067642212,0.2278385162353515,1.690352201461792,1.1573911905288696
925,ILSVRC2012_val_00020385_n07584110.JPEG,ILSVRC2012_val_00022102_n07584110.JPEG,2.085058212280273,4.671800136566162,4.692014694213867,2.586741924285889
925,ILSVRC2012_val_00041589_n07584110.JPEG,ILSVRC2012_val_00001308_n07584110.JPEG,3.099219560623169,0.4348595142364502,3.099219560623169,2.6643600463867188
926,ILSVRC2012_val_00010069_n07590611.JPEG,ILSVRC2012_val_00038436_n07590611.JPEG,0.2731406092643738,0.1067108437418937,0.2835938632488251,0.16642976552248007
926,ILSVRC2012_val_00036307_n07590611.JPEG,ILSVRC2012_val_00022265_n07590611.JPEG,0.8341065645217896,1.285037636756897,1.7325143814086914,0.4509310722351074
926,ILSVRC2012_val_00038847_n07590611.JPEG,ILSVRC2012_val_00041062_n07590611.JPEG,1.2650312185287476,0.3237982094287872,1.3179457187652588,0.9412330090999603
926,ILSVRC2012_val_00047564_n07590611.JPEG,ILSVRC2012_val_00017494_n07590611.JPEG,1.4193220138549805,0.4338829219341278,1.840747594833374,0.9854390919208527
926,ILSVRC2012_val_00044040_n07590611.JPEG,ILSVRC2012_val_00037664_n07590611.JPEG,0.087677001953125,1.2222641706466677,1.7225589752197266,1.1345871686935427
927,ILSVRC2012_val_00008465_n07613480.JPEG,ILSVRC2012_val_00000620_n07613480.JPEG,0.024536732584238,0.0236580148339271,0.0949729979038238,0.0008787177503109013
927,ILSVRC2012_val_00034398_n07613480.JPEG,ILSVRC2012_val_00045426_n07613480.JPEG,0.0034859147854149,0.009035650640726,0.4310297667980194,0.0055497358553111
927,ILSVRC2012_val_00031778_n07613480.JPEG,ILSVRC2012_val_00011413_n07613480.JPEG,0.010432943701744,0.0008101756684482,0.0696432888507843,0.0096227680332958
927,ILSVRC2012_val_00042963_n07613480.JPEG,ILSVRC2012_val_00009809_n07613480.JPEG,0.1607913672924041,0.0268465019762516,0.1666930615901947,0.1339448653161525
927,ILSVRC2012_val_00000928_n07613480.JPEG,ILSVRC2012_val_00010091_n07613480.JPEG,0.0085245771333575,0.1981393843889236,0.3485316634178161,0.1896148072555661
928,ILSVRC2012_val_00034189_n07614500.JPEG,ILSVRC2012_val_00041321_n07614500.JPEG,1.9456052780151367,1.958107113838196,4.727765083312988,0.012501835823059304
928,ILSVRC2012_val_00030615_n07614500.JPEG,ILSVRC2012_val_00001415_n07614500.JPEG,0.934630274772644,0.3284745812416076,1.1787214279174805,0.6061556935310364
928,ILSVRC2012_val_00049832_n07614500.JPEG,ILSVRC2012_val_00014743_n07614500.JPEG,1.8324434757232664,1.1867133378982544,5.769339084625244,0.645730137825012
928,ILSVRC2012_val_00038852_n07614500.JPEG,ILSVRC2012_val_00022417_n07614500.JPEG,0.0396354161202907,1.1232091188430786,2.193466901779175,1.0835737027227879
928,ILSVRC2012_val_00040067_n07614500.JPEG,ILSVRC2012_val_00014137_n07614500.JPEG,0.4826157689094543,1.8117092847824097,2.2308638095855717,1.3290935158729553
929,ILSVRC2012_val_00037736_n07615774.JPEG,ILSVRC2012_val_00048328_n07615774.JPEG,0.0078542921692132,0.0148137817159295,1.848569393157959,0.0069594895467163
929,ILSVRC2012_val_00047975_n07615774.JPEG,ILSVRC2012_val_00033375_n07615774.JPEG,0.0245789568871259,0.0366662219166755,0.4110516011714935,0.012087265029549599
929,ILSVRC2012_val_00033074_n07615774.JPEG,ILSVRC2012_val_00047951_n07615774.JPEG,6.936007976531982,6.243030071258545,7.70151424407959,0.6929779052734375
929,ILSVRC2012_val_00024443_n07615774.JPEG,ILSVRC2012_val_00023996_n07615774.JPEG,0.9343133568763732,0.0368816703557968,5.705417633056641,0.8974316865205764
929,ILSVRC2012_val_00002619_n07615774.JPEG,ILSVRC2012_val_00021694_n07615774.JPEG,1.642013430595398,0.0102372085675597,2.1343674659729004,1.6317762220278382
930,ILSVRC2012_val_00028987_n07684084.JPEG,ILSVRC2012_val_00045653_n07684084.JPEG,0.2455554455518722,0.3306067287921905,1.3687976598739624,0.0850512832403183
930,ILSVRC2012_val_00004253_n07684084.JPEG,ILSVRC2012_val_00007138_n07684084.JPEG,1.594462513923645,1.7690153121948242,6.7959465980529785,0.1745527982711792
930,ILSVRC2012_val_00006605_n07684084.JPEG,ILSVRC2012_val_00006422_n07684084.JPEG,3.460266351699829,2.94313645362854,3.7814009189605713,0.5171298980712891
930,ILSVRC2012_val_00042395_n07684084.JPEG,ILSVRC2012_val_00004199_n07684084.JPEG,0.6004294753074646,1.306310772895813,3.345806360244751,0.7058812975883484
930,ILSVRC2012_val_00006967_n07684084.JPEG,ILSVRC2012_val_00012636_n07684084.JPEG,0.382735401391983,3.685770988464356,3.7052175998687744,3.303035587072373
931,ILSVRC2012_val_00032119_n07693725.JPEG,ILSVRC2012_val_00028873_n07693725.JPEG,0.0663001239299774,0.0767525508999824,0.0781362578272819,0.010452426970004994
931,ILSVRC2012_val_00022802_n07693725.JPEG,ILSVRC2012_val_00033939_n07693725.JPEG,0.0552069023251533,0.0167288351804018,0.7135499715805054,0.03847806714475151
931,ILSVRC2012_val_00044905_n07693725.JPEG,ILSVRC2012_val_00001405_n07693725.JPEG,1.1370270252227783,1.2730276584625244,6.268949031829834,0.1360006332397461
931,ILSVRC2012_val_00028288_n07693725.JPEG,ILSVRC2012_val_00043248_n07693725.JPEG,0.4719687402248382,0.0412909388542175,1.2436054944992063,0.4306778013706207
931,ILSVRC2012_val_00037065_n07693725.JPEG,ILSVRC2012_val_00005619_n07693725.JPEG,0.0616851076483726,0.7244164943695068,1.3214837312698364,0.6627313867211342
932,ILSVRC2012_val_00024522_n07695742.JPEG,ILSVRC2012_val_00024183_n07695742.JPEG,0.0331607349216938,0.0596873387694358,0.0792343989014625,0.026526603847741997
932,ILSVRC2012_val_00006197_n07695742.JPEG,ILSVRC2012_val_00018217_n07695742.JPEG,0.8110761046409607,0.6188705563545227,3.0717930793762207,0.192205548286438
932,ILSVRC2012_val_00038510_n07695742.JPEG,ILSVRC2012_val_00007742_n07695742.JPEG,0.3789975643157959,0.0103024579584598,4.342236518859863,0.3686951063573361
932,ILSVRC2012_val_00038744_n07695742.JPEG,ILSVRC2012_val_00019823_n07695742.JPEG,0.0048451870679855,0.431837648153305,3.085914373397827,0.4269924610853195
932,ILSVRC2012_val_00001967_n07695742.JPEG,ILSVRC2012_val_00018194_n07695742.JPEG,4.341284275054932,1.3211050033569336,6.89115047454834,3.020179271697998
933,ILSVRC2012_val_00038724_n07697313.JPEG,ILSVRC2012_val_00004321_n07697313.JPEG,0.027945602312684,0.0106208557263016,0.0304243452847003,0.0173247465863824
933,ILSVRC2012_val_00008200_n07697313.JPEG,ILSVRC2012_val_00037389_n07697313.JPEG,0.3449769616127014,0.3724851906299591,3.210820436477661,0.02750822901725769
933,ILSVRC2012_val_00040256_n07697313.JPEG,ILSVRC2012_val_00010104_n07697313.JPEG,0.0959345549345016,0.3710422217845917,2.1717050075531006,0.2751076668500901
933,ILSVRC2012_val_00008444_n07697313.JPEG,ILSVRC2012_val_00018040_n07697313.JPEG,0.6637741327285767,0.3473908901214599,2.0602025985717773,0.31638324260711675
933,ILSVRC2012_val_00035256_n07697313.JPEG,ILSVRC2012_val_00032631_n07697313.JPEG,0.2265939861536026,0.8281663060188293,1.9586997032165527,0.6015723198652267
934,ILSVRC2012_val_00003908_n07697537.JPEG,ILSVRC2012_val_00013208_n07697537.JPEG,0.2795159518718719,0.1936239898204803,2.491353273391724,0.0858919620513916
934,ILSVRC2012_val_00044831_n07697537.JPEG,ILSVRC2012_val_00023336_n07697537.JPEG,0.3757305145263672,0.0172504968941211,2.4128129482269287,0.3584800176322461
934,ILSVRC2012_val_00043773_n07697537.JPEG,ILSVRC2012_val_00000309_n07697537.JPEG,1.138300538063049,0.4610189199447632,1.7789205312728882,0.6772816181182859
934,ILSVRC2012_val_00023883_n07697537.JPEG,ILSVRC2012_val_00024032_n07697537.JPEG,1.793021559715271,0.048450369387865,4.130371570587158,1.744571190327406
934,ILSVRC2012_val_00029990_n07697537.JPEG,ILSVRC2012_val_00000129_n07697537.JPEG,0.5558765530586243,2.843569278717041,3.902152299880981,2.2876927256584167
935,ILSVRC2012_val_00019247_n07711569.JPEG,ILSVRC2012_val_00028891_n07711569.JPEG,0.8552113771438599,0.0742547959089279,2.091996908187866,0.780956581234932
935,ILSVRC2012_val_00043265_n07711569.JPEG,ILSVRC2012_val_00039371_n07711569.JPEG,1.2568355798721311,0.0305957049131393,1.2568355798721311,1.2262398749589918
935,ILSVRC2012_val_00039392_n07711569.JPEG,ILSVRC2012_val_00016546_n07711569.JPEG,2.2992262840271,0.2325234413146972,2.4026482105255127,2.066702842712403
935,ILSVRC2012_val_00042025_n07711569.JPEG,ILSVRC2012_val_00025502_n07711569.JPEG,3.944592952728272,0.072813831269741,3.944592952728272,3.871779121458531
935,ILSVRC2012_val_00013227_n07711569.JPEG,ILSVRC2012_val_00022599_n07711569.JPEG,0.0441597700119018,4.120208740234375,4.5826191902160645,4.076048970222473
936,ILSVRC2012_val_00001826_n07714571.JPEG,ILSVRC2012_val_00043778_n07714571.JPEG,0.0099545707926154,0.0052137123420834,0.0123846549540758,0.004740858450531999
936,ILSVRC2012_val_00034877_n07714571.JPEG,ILSVRC2012_val_00026463_n07714571.JPEG,0.0192973613739013,0.0731434077024459,0.1565553098917007,0.0538460463285446
936,ILSVRC2012_val_00037934_n07714571.JPEG,ILSVRC2012_val_00005749_n07714571.JPEG,0.0067644882947206,0.1318716704845428,0.2959425449371338,0.1251071821898222
936,ILSVRC2012_val_00045744_n07714571.JPEG,ILSVRC2012_val_00040469_n07714571.JPEG,0.2427246421575546,0.4930067658424377,0.5644809007644653,0.2502821236848831
936,ILSVRC2012_val_00014750_n07714571.JPEG,ILSVRC2012_val_00007647_n07714571.JPEG,0.6630403399467468,0.2593717277050018,0.6630403399467468,0.40366861224174505
937,ILSVRC2012_val_00023008_n07714990.JPEG,ILSVRC2012_val_00015318_n07714990.JPEG,0.0018987499643117,0.008343600668013,0.1099198833107948,0.006444850703701301
937,ILSVRC2012_val_00038518_n07714990.JPEG,ILSVRC2012_val_00004207_n07714990.JPEG,0.0005883631529286,0.0189831182360649,0.0189831182360649,0.018394755083136302
937,ILSVRC2012_val_00005143_n07714990.JPEG,ILSVRC2012_val_00028740_n07714990.JPEG,0.0934394672513008,0.1157274544239044,3.66451644897461,0.022287987172603607
937,ILSVRC2012_val_00043347_n07714990.JPEG,ILSVRC2012_val_00048630_n07714990.JPEG,0.0312640964984893,0.0048143421299755,0.07830161601305,0.026449754368513795
937,ILSVRC2012_val_00037690_n07714990.JPEG,ILSVRC2012_val_00028003_n07714990.JPEG,0.0970114916563034,0.0071565709076821,0.2489460855722427,0.08985492074862131
938,ILSVRC2012_val_00015218_n07715103.JPEG,ILSVRC2012_val_00049310_n07715103.JPEG,0.0009396428358741,0.0009414292871952,0.0247896965593099,1.7864513210999987e-06
938,ILSVRC2012_val_00021277_n07715103.JPEG,ILSVRC2012_val_00018312_n07715103.JPEG,0.0037316703237593,0.0031458672601729,0.0046128765679895,0.0005858030635864002
938,ILSVRC2012_val_00047140_n07715103.JPEG,ILSVRC2012_val_00044712_n07715103.JPEG,0.0088028935715556,0.0036372474860399,0.0522353425621986,0.005165646085515701
938,ILSVRC2012_val_00042805_n07715103.JPEG,ILSVRC2012_val_00028796_n07715103.JPEG,0.0116283474490046,0.0002338612830499,0.0233982447534799,0.0113944861659547
938,ILSVRC2012_val_00012105_n07715103.JPEG,ILSVRC2012_val_00035394_n07715103.JPEG,0.0006232702871784,0.2793125808238983,0.3569302856922149,0.2786893105367199
939,ILSVRC2012_val_00049080_n07716358.JPEG,ILSVRC2012_val_00024556_n07716358.JPEG,0.0609225742518901,0.0164773408323526,0.9261683225631714,0.0444452334195375
939,ILSVRC2012_val_00018255_n07716358.JPEG,ILSVRC2012_val_00022611_n07716358.JPEG,0.2191767990589141,0.7071031928062439,5.032766342163086,0.4879263937473298
939,ILSVRC2012_val_00017362_n07716358.JPEG,ILSVRC2012_val_00033681_n07716358.JPEG,0.0786491185426712,0.917641282081604,6.416791915893555,0.8389921635389328
939,ILSVRC2012_val_00011259_n07716358.JPEG,ILSVRC2012_val_00013114_n07716358.JPEG,0.0093088643625378,0.9487581253051758,2.293134450912476,0.939449260942638
939,ILSVRC2012_val_00010332_n07716358.JPEG,ILSVRC2012_val_00040497_n07716358.JPEG,1.624096393585205,0.1564612090587616,4.742269515991211,1.4676351845264435
940,ILSVRC2012_val_00017526_n07716906.JPEG,ILSVRC2012_val_00034580_n07716906.JPEG,1.2791967391967771,1.3459079265594482,3.677321672439575,0.06671118736267112
940,ILSVRC2012_val_00030465_n07716906.JPEG,ILSVRC2012_val_00004357_n07716906.JPEG,0.0183851178735494,0.1458110362291336,0.201953038573265,0.1274259183555842
940,ILSVRC2012_val_00025707_n07716906.JPEG,ILSVRC2012_val_00013692_n07716906.JPEG,1.3247387409210205,0.9672693014144896,3.177830219268799,0.3574694395065309
940,ILSVRC2012_val_00046653_n07716906.JPEG,ILSVRC2012_val_00010743_n07716906.JPEG,0.2427716851234436,0.6019956469535828,2.615997791290283,0.35922396183013916
940,ILSVRC2012_val_00013755_n07716906.JPEG,ILSVRC2012_val_00043959_n07716906.JPEG,1.138325810432434,0.6558464765548706,1.792115330696106,0.4824793338775635
941,ILSVRC2012_val_00042453_n07717410.JPEG,ILSVRC2012_val_00038040_n07717410.JPEG,0.0003929558151867,0.025671487674117,0.1886505186557769,0.025278531858930302
941,ILSVRC2012_val_00024803_n07717410.JPEG,ILSVRC2012_val_00031841_n07717410.JPEG,0.9812029600143432,1.5610660314559937,4.572958469390869,0.5798630714416505
941,ILSVRC2012_val_00041454_n07717410.JPEG,ILSVRC2012_val_00040432_n07717410.JPEG,0.0020720933098345,0.6340904831886292,1.822536826133728,0.6320183898787947
941,ILSVRC2012_val_00024232_n07717410.JPEG,ILSVRC2012_val_00027369_n07717410.JPEG,0.6716218590736389,0.0196921583265066,5.134058952331543,0.6519297007471323
941,ILSVRC2012_val_00004022_n07717410.JPEG,ILSVRC2012_val_00027302_n07717410.JPEG,0.0646955817937851,0.8175668120384216,3.062827587127685,0.7528712302446365
942,ILSVRC2012_val_00021097_n07717556.JPEG,ILSVRC2012_val_00021508_n07717556.JPEG,0.2947713732719421,0.0160677805542945,0.9987756609916688,0.2787035927176476
942,ILSVRC2012_val_00038404_n07717556.JPEG,ILSVRC2012_val_00017014_n07717556.JPEG,0.0162908788770437,0.4258346259593963,0.918726086616516,0.4095437470823526
942,ILSVRC2012_val_00030324_n07717556.JPEG,ILSVRC2012_val_00017449_n07717556.JPEG,0.7797456383705139,0.0307612549513578,1.0749183893203735,0.7489843834191561
942,ILSVRC2012_val_00035220_n07717556.JPEG,ILSVRC2012_val_00042937_n07717556.JPEG,0.2682714462280273,1.8373420238494875,1.8373420238494875,1.5690705776214602
942,ILSVRC2012_val_00027072_n07717556.JPEG,ILSVRC2012_val_00049875_n07717556.JPEG,3.1039834022521973,0.5411776304244995,3.6122989654541016,2.5628057718276978
943,ILSVRC2012_val_00001615_n07718472.JPEG,ILSVRC2012_val_00037754_n07718472.JPEG,2.008328437805176,2.235236406326294,4.149297714233398,0.22690796852111816
943,ILSVRC2012_val_00042999_n07718472.JPEG,ILSVRC2012_val_00025145_n07718472.JPEG,0.3439415097236633,0.0267198830842971,4.06742000579834,0.31722162663936615
943,ILSVRC2012_val_00047341_n07718472.JPEG,ILSVRC2012_val_00045704_n07718472.JPEG,0.255930483341217,0.580159068107605,2.963831663131714,0.324228584766388
943,ILSVRC2012_val_00023028_n07718472.JPEG,ILSVRC2012_val_00025124_n07718472.JPEG,0.8085641860961914,0.0476809702813625,4.16264533996582,0.7608832158148289
943,ILSVRC2012_val_00046928_n07718472.JPEG,ILSVRC2012_val_00030797_n07718472.JPEG,1.114932656288147,0.333494633436203,3.0537219047546387,0.781438022851944
944,ILSVRC2012_val_00024291_n07718747.JPEG,ILSVRC2012_val_00008266_n07718747.JPEG,0.3225202560424804,0.2813826203346252,0.4732784032821655,0.041137635707855225
944,ILSVRC2012_val_00047856_n07718747.JPEG,ILSVRC2012_val_00010628_n07718747.JPEG,0.0024930131621658,0.1489708572626114,0.572090208530426,0.1464778441004456
944,ILSVRC2012_val_00029457_n07718747.JPEG,ILSVRC2012_val_00043376_n07718747.JPEG,1.944480299949646,0.6627535223960876,4.447062015533447,1.2817267775535583
944,ILSVRC2012_val_00007247_n07718747.JPEG,ILSVRC2012_val_00043831_n07718747.JPEG,1.3240126371383667,0.0422644726932048,2.8271212577819824,1.2817481644451618
944,ILSVRC2012_val_00000977_n07718747.JPEG,ILSVRC2012_val_00034366_n07718747.JPEG,3.3651068210601807,0.0227218922227621,3.4915876388549805,3.3423849288374186
945,ILSVRC2012_val_00020957_n07720875.JPEG,ILSVRC2012_val_00005981_n07720875.JPEG,0.0789258778095245,0.0614416413009166,0.781531810760498,0.017484236508607892
945,ILSVRC2012_val_00031647_n07720875.JPEG,ILSVRC2012_val_00004918_n07720875.JPEG,0.1298027783632278,0.1520087122917175,1.492749810218811,0.022205933928489713
945,ILSVRC2012_val_00027915_n07720875.JPEG,ILSVRC2012_val_00019281_n07720875.JPEG,0.0348884798586368,0.0013741345610469,0.1655731946229934,0.0335143452975899
945,ILSVRC2012_val_00035410_n07720875.JPEG,ILSVRC2012_val_00042960_n07720875.JPEG,0.970078945159912,1.4516804218292236,2.390749454498291,0.48160147666931163
945,ILSVRC2012_val_00028969_n07720875.JPEG,ILSVRC2012_val_00004285_n07720875.JPEG,0.3420336842536926,0.9163634181022644,3.0861661434173584,0.5743297338485718
946,ILSVRC2012_val_00047735_n07730033.JPEG,ILSVRC2012_val_00006475_n07730033.JPEG,0.294649213552475,0.3260937631130218,0.3359372615814209,0.03144454956054682
946,ILSVRC2012_val_00027223_n07730033.JPEG,ILSVRC2012_val_00046503_n07730033.JPEG,0.0783221200108528,0.182837039232254,0.1831710934638977,0.1045149192214012
946,ILSVRC2012_val_00010660_n07730033.JPEG,ILSVRC2012_val_00042427_n07730033.JPEG,0.0299548637121915,0.1870430409908294,0.2831024825572967,0.1570881772786379
946,ILSVRC2012_val_00035924_n07730033.JPEG,ILSVRC2012_val_00035928_n07730033.JPEG,0.8718260526657104,0.6391965746879578,1.8318893909454343,0.23262947797775269
946,ILSVRC2012_val_00014802_n07730033.JPEG,ILSVRC2012_val_00016921_n07730033.JPEG,0.1296343058347702,0.7326566576957703,1.2708044052124023,0.6030223518610001
947,ILSVRC2012_val_00010585_n07734744.JPEG,ILSVRC2012_val_00022068_n07734744.JPEG,0.2626295685768127,0.0967876315116882,0.3365364968776703,0.16584193706512448
947,ILSVRC2012_val_00009766_n07734744.JPEG,ILSVRC2012_val_00013647_n07734744.JPEG,1.9546926021575928,2.1853837966918945,2.218797206878662,0.23069119453430176
947,ILSVRC2012_val_00040796_n07734744.JPEG,ILSVRC2012_val_00005921_n07734744.JPEG,0.5989154577255249,1.4501763582229614,1.5772690773010254,0.8512609004974365
947,ILSVRC2012_val_00031175_n07734744.JPEG,ILSVRC2012_val_00038421_n07734744.JPEG,1.3784785270690918,0.1591701507568359,2.9345760345458984,1.2193083763122559
947,ILSVRC2012_val_00033742_n07734744.JPEG,ILSVRC2012_val_00040527_n07734744.JPEG,1.52673077583313,0.0831159278750419,1.52673077583313,1.4436148479580881
948,ILSVRC2012_val_00034820_n07742313.JPEG,ILSVRC2012_val_00012232_n07742313.JPEG,0.021042201668024,0.0684443935751915,0.9526695013046264,0.0474021919071675
948,ILSVRC2012_val_00046718_n07742313.JPEG,ILSVRC2012_val_00016931_n07742313.JPEG,0.0563234016299247,0.1212471351027488,0.5800294876098633,0.0649237334728241
948,ILSVRC2012_val_00038187_n07742313.JPEG,ILSVRC2012_val_00023948_n07742313.JPEG,0.0008611546363681,0.1207040026783943,0.2301294505596161,0.1198428480420262
948,ILSVRC2012_val_00038184_n07742313.JPEG,ILSVRC2012_val_00009579_n07742313.JPEG,0.0432283841073513,0.2477544695138931,3.780966281890869,0.2045260854065418
948,ILSVRC2012_val_00044485_n07742313.JPEG,ILSVRC2012_val_00039090_n07742313.JPEG,4.000855445861816,3.65439510345459,5.275600910186768,0.34646034240722656
949,ILSVRC2012_val_00035445_n07745940.JPEG,ILSVRC2012_val_00042197_n07745940.JPEG,0.0091507090255618,0.0227788742631673,0.0479695089161396,0.0136281652376055
949,ILSVRC2012_val_00012216_n07745940.JPEG,ILSVRC2012_val_00031440_n07745940.JPEG,0.1746851801872253,0.0065083443187177,4.902609825134277,0.1681768358685076
949,ILSVRC2012_val_00000320_n07745940.JPEG,ILSVRC2012_val_00048023_n07745940.JPEG,3.2609610557556152,3.5940067768096924,5.238313674926758,0.33304572105407715
949,ILSVRC2012_val_00019253_n07745940.JPEG,ILSVRC2012_val_00016159_n07745940.JPEG,3.721907138824463,4.77612829208374,5.10285758972168,1.0542211532592773
949,ILSVRC2012_val_00007898_n07745940.JPEG,ILSVRC2012_val_00046437_n07745940.JPEG,1.3645122051239014,3.073117256164551,3.466206312179565,1.7086050510406494
950,ILSVRC2012_val_00046347_n07747607.JPEG,ILSVRC2012_val_00036854_n07747607.JPEG,0.7061973214149475,0.7636016011238098,3.37282395362854,0.057404279708862305
950,ILSVRC2012_val_00037247_n07747607.JPEG,ILSVRC2012_val_00001406_n07747607.JPEG,0.5442582368850708,0.366858422756195,1.2540788650512695,0.1773998141288758
950,ILSVRC2012_val_00040188_n07747607.JPEG,ILSVRC2012_val_00017016_n07747607.JPEG,0.7242881059646606,1.1301226615905762,3.874256134033203,0.4058345556259155
950,ILSVRC2012_val_00018013_n07747607.JPEG,ILSVRC2012_val_00014311_n07747607.JPEG,0.6778218746185303,0.2190519422292709,1.337925910949707,0.45876993238925934
950,ILSVRC2012_val_00045114_n07747607.JPEG,ILSVRC2012_val_00034677_n07747607.JPEG,0.6330372095108032,1.2181661128997805,2.1107523441314697,0.5851289033889773
951,ILSVRC2012_val_00039834_n07749582.JPEG,ILSVRC2012_val_00018338_n07749582.JPEG,0.2976458668708801,0.4277497828006744,0.5628920197486877,0.13010391592979426
951,ILSVRC2012_val_00018300_n07749582.JPEG,ILSVRC2012_val_00000711_n07749582.JPEG,0.7383894920349121,0.5758433938026428,2.296879291534424,0.1625460982322693
951,ILSVRC2012_val_00023026_n07749582.JPEG,ILSVRC2012_val_00001658_n07749582.JPEG,0.3005642890930176,1.166806936264038,4.547528266906738,0.8662426471710205
951,ILSVRC2012_val_00023879_n07749582.JPEG,ILSVRC2012_val_00035888_n07749582.JPEG,0.2639977037906647,1.2633187770843506,2.651411771774292,0.9993210732936859
951,ILSVRC2012_val_00007458_n07749582.JPEG,ILSVRC2012_val_00014373_n07749582.JPEG,0.0426295176148414,1.3610490560531616,1.824915170669556,1.3184195384383202
952,ILSVRC2012_val_00028665_n07753113.JPEG,ILSVRC2012_val_00020041_n07753113.JPEG,0.1795943528413772,0.164066269993782,2.343208312988281,0.015528082847595215
952,ILSVRC2012_val_00025158_n07753113.JPEG,ILSVRC2012_val_00023527_n07753113.JPEG,0.0891980156302452,0.1089866608381271,1.4584864377975464,0.0197886452078819
952,ILSVRC2012_val_00046028_n07753113.JPEG,ILSVRC2012_val_00019372_n07753113.JPEG,0.0994674786925315,0.0731016397476196,0.3761360943317413,0.0263658389449119
952,ILSVRC2012_val_00013581_n07753113.JPEG,ILSVRC2012_val_00047228_n07753113.JPEG,0.001019196701236,0.1828013956546783,2.9313855171203613,0.18178219895344228
952,ILSVRC2012_val_00034698_n07753113.JPEG,ILSVRC2012_val_00017371_n07753113.JPEG,0.4221636950969696,0.0227250382304191,5.145239353179932,0.3994386568665505
953,ILSVRC2012_val_00003549_n07753275.JPEG,ILSVRC2012_val_00030047_n07753275.JPEG,1.5212409496307373,1.5007778406143188,3.427539348602295,0.020463109016418457
953,ILSVRC2012_val_00031767_n07753275.JPEG,ILSVRC2012_val_00029522_n07753275.JPEG,0.1923093795776367,0.0725733935832977,1.8777967691421509,0.11973598599433899
953,ILSVRC2012_val_00023957_n07753275.JPEG,ILSVRC2012_val_00015406_n07753275.JPEG,0.2163293659687042,0.0135616175830364,2.058836936950684,0.2027677483856678
953,ILSVRC2012_val_00012582_n07753275.JPEG,ILSVRC2012_val_00031427_n07753275.JPEG,0.0005925330333411,0.2767744660377502,0.3496921360492706,0.2761819330044091
953,ILSVRC2012_val_00029311_n07753275.JPEG,ILSVRC2012_val_00008567_n07753275.JPEG,0.587561845779419,0.0414487831294536,5.613585472106934,0.5461130626499654
954,ILSVRC2012_val_00047828_n07753592.JPEG,ILSVRC2012_val_00021860_n07753592.JPEG,0.3105886280536651,0.0001699779968475,2.4079418182373047,0.3104186500568176
954,ILSVRC2012_val_00000605_n07753592.JPEG,ILSVRC2012_val_00005177_n07753592.JPEG,0.5733486413955688,0.0029362207278609,4.406619548797607,0.5704124206677079
954,ILSVRC2012_val_00040280_n07753592.JPEG,ILSVRC2012_val_00012444_n07753592.JPEG,1.3041027784347534,0.3286182582378387,6.349461555480957,0.9754845201969147
954,ILSVRC2012_val_00038080_n07753592.JPEG,ILSVRC2012_val_00021098_n07753592.JPEG,0.0004206011071801,1.2572921514511108,3.866105318069458,1.2568715503439307
954,ILSVRC2012_val_00009227_n07753592.JPEG,ILSVRC2012_val_00002187_n07753592.JPEG,0.0485363416373729,1.5947974920272827,3.1820240020751958,1.5462611503899097
955,ILSVRC2012_val_00026658_n07754684.JPEG,ILSVRC2012_val_00048803_n07754684.JPEG,0.0158056784421205,0.0038142087869346,0.016962332651019,0.0119914696551859
955,ILSVRC2012_val_00021940_n07754684.JPEG,ILSVRC2012_val_00037665_n07754684.JPEG,0.0005818104837089,0.0162271913141012,1.055981159210205,0.015645380830392297
955,ILSVRC2012_val_00012388_n07754684.JPEG,ILSVRC2012_val_00010621_n07754684.JPEG,0.1305549591779709,0.1550637185573578,0.243561178445816,0.024508759379386902
955,ILSVRC2012_val_00026410_n07754684.JPEG,ILSVRC2012_val_00007563_n07754684.JPEG,0.040293101221323,0.0063279499299824,0.4330672323703766,0.033965151291340596
955,ILSVRC2012_val_00007797_n07754684.JPEG,ILSVRC2012_val_00025927_n07754684.JPEG,0.2239956706762313,0.0353252701461315,0.2328480184078216,0.1886704005300998
956,ILSVRC2012_val_00047777_n07760859.JPEG,ILSVRC2012_val_00003228_n07760859.JPEG,0.0209701769053936,0.0131365079432725,0.03664530813694,0.0078336689621211
956,ILSVRC2012_val_00004953_n07760859.JPEG,ILSVRC2012_val_00007584_n07760859.JPEG,0.0036811938043683,0.0224326197057962,0.0239415802061557,0.0187514259014279
956,ILSVRC2012_val_00002644_n07760859.JPEG,ILSVRC2012_val_00025217_n07760859.JPEG,0.1222863048315048,0.0492772832512855,1.1040654182434082,0.0730090215802193
956,ILSVRC2012_val_00001692_n07760859.JPEG,ILSVRC2012_val_00028257_n07760859.JPEG,0.0083647621795535,0.2301568239927292,0.2747406661510467,0.22179206181317568
956,ILSVRC2012_val_00012103_n07760859.JPEG,ILSVRC2012_val_00036451_n07760859.JPEG,0.2454801946878433,0.0017616719705983,0.2454801946878433,0.243718522717245
957,ILSVRC2012_val_00009129_n07768694.JPEG,ILSVRC2012_val_00019312_n07768694.JPEG,0.039065808057785,0.0156915001571178,0.3819002509117126,0.0233743079006672
957,ILSVRC2012_val_00040282_n07768694.JPEG,ILSVRC2012_val_00012753_n07768694.JPEG,0.0133884903043508,0.0394845083355903,0.1604825407266616,0.026096018031239503
957,ILSVRC2012_val_00010111_n07768694.JPEG,ILSVRC2012_val_00010502_n07768694.JPEG,0.0850004702806472,0.1713689863681793,0.1715303808450698,0.0863685160875321
957,ILSVRC2012_val_00021310_n07768694.JPEG,ILSVRC2012_val_00044738_n07768694.JPEG,0.0010749283246695,0.1346983760595321,0.5355387926101685,0.13362344773486262
957,ILSVRC2012_val_00011265_n07768694.JPEG,ILSVRC2012_val_00013234_n07768694.JPEG,4.393494606018066,4.680335521697998,4.760602474212647,0.28684091567993164
958,ILSVRC2012_val_00008421_n07802026.JPEG,ILSVRC2012_val_00034579_n07802026.JPEG,0.0396847985684871,0.0228851400315761,0.2130574434995651,0.016799658536910997
958,ILSVRC2012_val_00023170_n07802026.JPEG,ILSVRC2012_val_00043223_n07802026.JPEG,0.0822834968566894,0.0206779465079307,1.878124713897705,0.0616055503487587
958,ILSVRC2012_val_00043120_n07802026.JPEG,ILSVRC2012_val_00020287_n07802026.JPEG,0.0224678218364715,0.2330223470926284,0.2330223470926284,0.2105545252561569
958,ILSVRC2012_val_00003019_n07802026.JPEG,ILSVRC2012_val_00011427_n07802026.JPEG,0.446188747882843,0.1316894292831421,0.7095195651054382,0.3144993185997009
958,ILSVRC2012_val_00029143_n07802026.JPEG,ILSVRC2012_val_00018597_n07802026.JPEG,0.5740869641304016,3.7858567237854,4.644509315490723,3.2117697596549983
959,ILSVRC2012_val_00048788_n07831146.JPEG,ILSVRC2012_val_00017657_n07831146.JPEG,0.0689573436975479,0.0493545569479465,0.1191838458180427,0.0196027867496014
959,ILSVRC2012_val_00035471_n07831146.JPEG,ILSVRC2012_val_00033336_n07831146.JPEG,0.1815699934959411,0.144351914525032,1.0585825443267822,0.03721807897090912
959,ILSVRC2012_val_00048917_n07831146.JPEG,ILSVRC2012_val_00017780_n07831146.JPEG,0.013163685798645,0.1532360315322876,0.5694341659545898,0.1400723457336426
959,ILSVRC2012_val_00016446_n07831146.JPEG,ILSVRC2012_val_00021338_n07831146.JPEG,0.2308065444231033,0.055570300668478,2.6666388511657715,0.17523624375462532
959,ILSVRC2012_val_00025791_n07831146.JPEG,ILSVRC2012_val_00026783_n07831146.JPEG,0.227251261472702,0.0096080964431166,0.8910492062568665,0.2176431650295854
960,ILSVRC2012_val_00001823_n07836838.JPEG,ILSVRC2012_val_00032701_n07836838.JPEG,0.679298996925354,0.8980429172515869,1.3658167123794556,0.2187439203262329
960,ILSVRC2012_val_00004935_n07836838.JPEG,ILSVRC2012_val_00048538_n07836838.JPEG,0.3344228565692901,0.0256277993321418,1.767676830291748,0.3087950572371483
960,ILSVRC2012_val_00020034_n07836838.JPEG,ILSVRC2012_val_00003492_n07836838.JPEG,2.121615171432495,1.7290196418762207,2.9256784915924072,0.3925955295562744
960,ILSVRC2012_val_00030686_n07836838.JPEG,ILSVRC2012_val_00034489_n07836838.JPEG,0.0396504253149032,0.439197301864624,4.367535591125488,0.3995468765497208
960,ILSVRC2012_val_00001078_n07836838.JPEG,ILSVRC2012_val_00000782_n07836838.JPEG,1.1522818803787231,0.3203770816326141,4.389379501342773,0.831904798746109
961,ILSVRC2012_val_00010848_n07860988.JPEG,ILSVRC2012_val_00001949_n07860988.JPEG,2.930082321166992,2.769442081451416,6.121224880218506,0.16064023971557617
961,ILSVRC2012_val_00000543_n07860988.JPEG,ILSVRC2012_val_00041661_n07860988.JPEG,3.7853283882141113,4.339188098907471,4.35723352432251,0.5538597106933594
961,ILSVRC2012_val_00033051_n07860988.JPEG,ILSVRC2012_val_00024061_n07860988.JPEG,1.5206271409988403,0.4788757562637329,3.600026845932007,1.0417513847351074
961,ILSVRC2012_val_00016961_n07860988.JPEG,ILSVRC2012_val_00041784_n07860988.JPEG,0.1249220222234726,2.009944438934326,2.4783005714416504,1.8850224167108536
961,ILSVRC2012_val_00003018_n07860988.JPEG,ILSVRC2012_val_00046168_n07860988.JPEG,3.520522117614746,5.807369232177734,5.974963188171387,2.2868471145629883
962,ILSVRC2012_val_00026550_n07871810.JPEG,ILSVRC2012_val_00044312_n07871810.JPEG,0.4302030801773071,0.0619678385555744,0.6951642036437988,0.36823524162173266
962,ILSVRC2012_val_00035622_n07871810.JPEG,ILSVRC2012_val_00008075_n07871810.JPEG,3.8270416259765625,2.067427635192871,4.9043378829956055,1.7596139907836914
962,ILSVRC2012_val_00027403_n07871810.JPEG,ILSVRC2012_val_00009382_n07871810.JPEG,3.184391021728516,1.3669604063034058,4.693815231323242,1.8174306154251103
962,ILSVRC2012_val_00027096_n07871810.JPEG,ILSVRC2012_val_00018608_n07871810.JPEG,0.2083357572555542,2.542692184448242,2.5468204021453857,2.334356427192688
962,ILSVRC2012_val_00024893_n07871810.JPEG,ILSVRC2012_val_00021763_n07871810.JPEG,3.024699687957764,0.0046751713380217,3.2721779346466064,3.0200245166197424
963,ILSVRC2012_val_00042820_n07873807.JPEG,ILSVRC2012_val_00004281_n07873807.JPEG,0.0247391089797019,0.0346320681273937,1.7688543796539309,0.009892959147691803
963,ILSVRC2012_val_00010984_n07873807.JPEG,ILSVRC2012_val_00011937_n07873807.JPEG,0.0497906357049942,0.0213867202401161,0.1196338906884193,0.028403915464878103
963,ILSVRC2012_val_00015007_n07873807.JPEG,ILSVRC2012_val_00048685_n07873807.JPEG,0.0775932446122169,0.0179135780781507,0.0812709107995033,0.05967966653406619
963,ILSVRC2012_val_00015340_n07873807.JPEG,ILSVRC2012_val_00007709_n07873807.JPEG,0.0303843338042497,0.106501892209053,0.6708062887191772,0.0761175584048033
963,ILSVRC2012_val_00009097_n07873807.JPEG,ILSVRC2012_val_00046303_n07873807.JPEG,0.2457710206508636,0.8502534627914429,0.8922355771064758,0.6044824421405792
964,ILSVRC2012_val_00038043_n07875152.JPEG,ILSVRC2012_val_00000757_n07875152.JPEG,1.7004153728485107,1.6618229150772097,3.644993543624878,0.03859245777130105
964,ILSVRC2012_val_00013995_n07875152.JPEG,ILSVRC2012_val_00019064_n07875152.JPEG,2.005044937133789,0.7232921123504639,3.025622844696045,1.2817528247833252
964,ILSVRC2012_val_00006789_n07875152.JPEG,ILSVRC2012_val_00025994_n07875152.JPEG,0.2001017034053802,2.8782224655151367,2.9654300212860107,2.6781207621097565
964,ILSVRC2012_val_00046279_n07875152.JPEG,ILSVRC2012_val_00037968_n07875152.JPEG,2.846266269683838,5.6426544189453125,6.091831684112549,2.7963881492614746
964,ILSVRC2012_val_00014625_n07875152.JPEG,ILSVRC2012_val_00003969_n07875152.JPEG,0.0833725929260253,3.048509120941162,5.2955522537231445,2.9651365280151367
965,ILSVRC2012_val_00039976_n07880968.JPEG,ILSVRC2012_val_00021317_n07880968.JPEG,0.0460766442120075,0.0401277467608451,0.8678601980209351,0.005948897451162401
965,ILSVRC2012_val_00006565_n07880968.JPEG,ILSVRC2012_val_00001822_n07880968.JPEG,0.0754361376166343,0.0577444210648536,0.8839964270591736,0.0176917165517807
965,ILSVRC2012_val_00032670_n07880968.JPEG,ILSVRC2012_val_00000572_n07880968.JPEG,0.2820530533790588,0.1718742549419403,0.2992471754550934,0.11017879843711847
965,ILSVRC2012_val_00031146_n07880968.JPEG,ILSVRC2012_val_00016592_n07880968.JPEG,0.7511158585548401,0.1484619081020355,3.0178048610687256,0.6026539504528046
965,ILSVRC2012_val_00043866_n07880968.JPEG,ILSVRC2012_val_00048815_n07880968.JPEG,6.3511962890625,5.030274868011475,6.591368675231934,1.3209214210510254
966,ILSVRC2012_val_00042923_n07892512.JPEG,ILSVRC2012_val_00029025_n07892512.JPEG,0.2728559076786041,0.0731805264949798,0.3984147608280182,0.19967538118362432
966,ILSVRC2012_val_00031066_n07892512.JPEG,ILSVRC2012_val_00022311_n07892512.JPEG,0.9264726638793944,0.3577558398246765,1.2146034240722656,0.5687168240547179
966,ILSVRC2012_val_00029480_n07892512.JPEG,ILSVRC2012_val_00020261_n07892512.JPEG,0.8839726448059082,1.5807054042816162,1.6851985454559326,0.696732759475708
966,ILSVRC2012_val_00037914_n07892512.JPEG,ILSVRC2012_val_00043894_n07892512.JPEG,3.165403127670288,2.321550846099853,3.564241886138916,0.843852281570435
966,ILSVRC2012_val_00004421_n07892512.JPEG,ILSVRC2012_val_00006481_n07892512.JPEG,0.7079280614852905,1.85335910320282,5.308620452880859,1.1454310417175295
967,ILSVRC2012_val_00007209_n07920052.JPEG,ILSVRC2012_val_00028898_n07920052.JPEG,0.614944338798523,0.6083064675331116,1.7505364418029783,0.006637871265411377
967,ILSVRC2012_val_00041584_n07920052.JPEG,ILSVRC2012_val_00012469_n07920052.JPEG,0.2427717745304107,0.3522244691848755,2.5561139583587646,0.10945269465446478
967,ILSVRC2012_val_00032545_n07920052.JPEG,ILSVRC2012_val_00029604_n07920052.JPEG,0.0709662362933158,0.2338733673095703,1.0308212041854858,0.1629071310162545
967,ILSVRC2012_val_00032165_n07920052.JPEG,ILSVRC2012_val_00015653_n07920052.JPEG,1.1231179237365725,0.4043669104576111,3.5688815116882324,0.7187510132789614
967,ILSVRC2012_val_00018968_n07920052.JPEG,ILSVRC2012_val_00016234_n07920052.JPEG,0.1619405299425125,1.349939227104187,3.901914834976196,1.1879986971616745
968,ILSVRC2012_val_00008181_n07930864.JPEG,ILSVRC2012_val_00005463_n07930864.JPEG,2.094647169113159,2.15407657623291,3.1028995513916016,0.05942940711975098
968,ILSVRC2012_val_00043890_n07930864.JPEG,ILSVRC2012_val_00030068_n07930864.JPEG,1.0862863063812256,1.3947656154632568,1.4659024477005005,0.30847930908203125
968,ILSVRC2012_val_00038293_n07930864.JPEG,ILSVRC2012_val_00021321_n07930864.JPEG,1.4572402238845823,1.0636544227600098,6.451162815093994,0.39358580112457253
968,ILSVRC2012_val_00016979_n07930864.JPEG,ILSVRC2012_val_00001726_n07930864.JPEG,3.1476800441741943,0.4303067326545715,4.5145673751831055,2.717373311519623
968,ILSVRC2012_val_00026174_n07930864.JPEG,ILSVRC2012_val_00002369_n07930864.JPEG,3.693862199783325,0.5901902914047241,4.390448093414307,3.103671908378601
969,ILSVRC2012_val_00006948_n07932039.JPEG,ILSVRC2012_val_00025362_n07932039.JPEG,2.985159397125244,2.647870779037476,4.125638008117676,0.3372886180877681
969,ILSVRC2012_val_00006588_n07932039.JPEG,ILSVRC2012_val_00022583_n07932039.JPEG,4.722953796386719,3.862811803817749,5.458295822143555,0.8601419925689697
969,ILSVRC2012_val_00018693_n07932039.JPEG,ILSVRC2012_val_00044539_n07932039.JPEG,0.0678810477256774,1.0808900594711304,2.936619520187378,1.0130090117454529
969,ILSVRC2012_val_00035443_n07932039.JPEG,ILSVRC2012_val_00012666_n07932039.JPEG,0.6372351050376892,3.165884733200073,5.743718147277832,2.5286496281623836
969,ILSVRC2012_val_00039582_n07932039.JPEG,ILSVRC2012_val_00016466_n07932039.JPEG,0.9364209175109864,3.497487545013428,5.535410404205322,2.561066627502442
970,ILSVRC2012_val_00017733_n09193705.JPEG,ILSVRC2012_val_00044456_n09193705.JPEG,1.6071293354034424,1.0096739530563354,2.002360343933105,0.5974553823471069
970,ILSVRC2012_val_00048674_n09193705.JPEG,ILSVRC2012_val_00045472_n09193705.JPEG,0.5143070220947266,1.115490436553955,1.335128664970398,0.6011834144592285
970,ILSVRC2012_val_00023668_n09193705.JPEG,ILSVRC2012_val_00042956_n09193705.JPEG,2.558854579925537,3.1880242824554443,4.197206974029541,0.6291697025299072
970,ILSVRC2012_val_00029172_n09193705.JPEG,ILSVRC2012_val_00035187_n09193705.JPEG,0.606431782245636,1.3157062530517578,2.213768720626831,0.7092744708061218
970,ILSVRC2012_val_00002795_n09193705.JPEG,ILSVRC2012_val_00014383_n09193705.JPEG,1.0207200050354004,0.1073041334748268,1.3444350957870483,0.9134158715605736
971,ILSVRC2012_val_00014212_n09229709.JPEG,ILSVRC2012_val_00049716_n09229709.JPEG,0.0005388000281527,0.0150281162932515,0.9822831153869628,0.014489316265098801
971,ILSVRC2012_val_00032373_n09229709.JPEG,ILSVRC2012_val_00010094_n09229709.JPEG,0.1007582619786262,0.3468526303768158,1.950252175331116,0.2460943683981896
971,ILSVRC2012_val_00018478_n09229709.JPEG,ILSVRC2012_val_00006702_n09229709.JPEG,0.4549706876277923,0.0011724510695785,0.5515536069869995,0.45379823655821383
971,ILSVRC2012_val_00002889_n09229709.JPEG,ILSVRC2012_val_00029935_n09229709.JPEG,0.8140928745269775,0.1302544474601745,2.233591079711914,0.683838427066803
971,ILSVRC2012_val_00014767_n09229709.JPEG,ILSVRC2012_val_00045417_n09229709.JPEG,0.4499585032463074,2.6906862258911133,2.765964269638061,2.240727722644806
972,ILSVRC2012_val_00017134_n09246464.JPEG,ILSVRC2012_val_00017728_n09246464.JPEG,0.9318867325782776,0.8670575618743896,2.497939348220825,0.06482917070388794
972,ILSVRC2012_val_00024591_n09246464.JPEG,ILSVRC2012_val_00044389_n09246464.JPEG,0.9919783473014832,1.2299158573150637,1.3173820972442627,0.23793751001358054
972,ILSVRC2012_val_00013282_n09246464.JPEG,ILSVRC2012_val_00009063_n09246464.JPEG,0.5091416835784912,1.6238038539886477,2.9847567081451416,1.1146621704101565
972,ILSVRC2012_val_00002337_n09246464.JPEG,ILSVRC2012_val_00030857_n09246464.JPEG,0.7560167908668518,2.0265161991119385,2.2742154598236084,1.2704994082450867
972,ILSVRC2012_val_00007042_n09246464.JPEG,ILSVRC2012_val_00005547_n09246464.JPEG,2.0210063457489014,3.4993791580200195,3.704959154129028,1.4783728122711182
973,ILSVRC2012_val_00022221_n09256479.JPEG,ILSVRC2012_val_00010141_n09256479.JPEG,1.0069103240966797,0.9084662199020386,1.1490422487258911,0.09844410419464111
973,ILSVRC2012_val_00000235_n09256479.JPEG,ILSVRC2012_val_00026162_n09256479.JPEG,0.0661880001425743,0.4311110973358154,0.5023983716964722,0.36492309719324106
973,ILSVRC2012_val_00036847_n09256479.JPEG,ILSVRC2012_val_00036546_n09256479.JPEG,1.012037754058838,1.9376122951507568,1.937828540802002,0.925574541091919
973,ILSVRC2012_val_00011484_n09256479.JPEG,ILSVRC2012_val_00021830_n09256479.JPEG,3.4288101196289062,1.572948932647705,3.4288101196289062,1.8558611869812012
973,ILSVRC2012_val_00007613_n09256479.JPEG,ILSVRC2012_val_00017667_n09256479.JPEG,3.686784267425537,5.558988571166992,5.558988571166992,1.872204303741455
974,ILSVRC2012_val_00019666_n09288635.JPEG,ILSVRC2012_val_00042472_n09288635.JPEG,0.0686330646276474,0.0850900337100029,0.1699825227260589,0.0164569690823555
974,ILSVRC2012_val_00032546_n09288635.JPEG,ILSVRC2012_val_00047846_n09288635.JPEG,0.0298002883791923,0.0826977640390396,0.0900362655520439,0.0528974756598473
974,ILSVRC2012_val_00030256_n09288635.JPEG,ILSVRC2012_val_00043251_n09288635.JPEG,0.2119339406490326,0.3213231861591339,0.3268935680389404,0.10938924551010132
974,ILSVRC2012_val_00004430_n09288635.JPEG,ILSVRC2012_val_00008672_n09288635.JPEG,0.1891886591911316,0.0040037245489656,0.238170325756073,0.18518493464216598
974,ILSVRC2012_val_00043344_n09288635.JPEG,ILSVRC2012_val_00019190_n09288635.JPEG,0.2885724604129791,0.0057906019501388,0.5331487655639648,0.2827818584628403
975,ILSVRC2012_val_00032715_n09332890.JPEG,ILSVRC2012_val_00003311_n09332890.JPEG,0.4292274415493011,0.3682684004306793,0.4666998386383056,0.06095904111862177
975,ILSVRC2012_val_00048462_n09332890.JPEG,ILSVRC2012_val_00012936_n09332890.JPEG,0.5848873257637024,0.3786080777645111,1.402258276939392,0.20627924799919128
975,ILSVRC2012_val_00028191_n09332890.JPEG,ILSVRC2012_val_00001323_n09332890.JPEG,3.571535110473633,2.847297191619873,5.589585304260254,0.7242379188537598
975,ILSVRC2012_val_00020620_n09332890.JPEG,ILSVRC2012_val_00040012_n09332890.JPEG,0.8879108428955078,2.0820746421813965,2.239758253097534,1.1941637992858887
975,ILSVRC2012_val_00046543_n09332890.JPEG,ILSVRC2012_val_00004541_n09332890.JPEG,0.1250093430280685,2.3558173179626465,3.304779529571533,2.230807974934578
976,ILSVRC2012_val_00003866_n09399592.JPEG,ILSVRC2012_val_00012389_n09399592.JPEG,0.8309267163276672,1.269627571105957,1.3613853454589844,0.4387008547782898
976,ILSVRC2012_val_00038398_n09399592.JPEG,ILSVRC2012_val_00042161_n09399592.JPEG,2.2805604934692383,2.7233457565307617,4.472404003143311,0.44278526306152344
976,ILSVRC2012_val_00011045_n09399592.JPEG,ILSVRC2012_val_00022008_n09399592.JPEG,2.246682643890381,2.7959299087524414,4.299044132232666,0.5492472648620605
976,ILSVRC2012_val_00025481_n09399592.JPEG,ILSVRC2012_val_00017772_n09399592.JPEG,1.3522257804870603,2.241379737854004,3.1542935371398926,0.8891539573669436
976,ILSVRC2012_val_00008034_n09399592.JPEG,ILSVRC2012_val_00037890_n09399592.JPEG,1.4472862482070925,0.2350950092077255,1.4472862482070925,1.212191238999367
977,ILSVRC2012_val_00006564_n09421951.JPEG,ILSVRC2012_val_00025746_n09421951.JPEG,1.9319599866867063,1.5716495513916016,6.27887773513794,0.36031043529510476
977,ILSVRC2012_val_00015740_n09421951.JPEG,ILSVRC2012_val_00048465_n09421951.JPEG,1.2353953123092651,0.872229814529419,1.3019846677780151,0.3631654977798462
977,ILSVRC2012_val_00007545_n09421951.JPEG,ILSVRC2012_val_00033187_n09421951.JPEG,1.7914656400680542,0.5757372379302979,1.7914656400680542,1.2157284021377563
977,ILSVRC2012_val_00018154_n09421951.JPEG,ILSVRC2012_val_00020343_n09421951.JPEG,1.5681532621383667,3.369248628616333,4.993917465209961,1.8010953664779663
977,ILSVRC2012_val_00040169_n09421951.JPEG,ILSVRC2012_val_00046434_n09421951.JPEG,2.3529653549194336,0.2114463001489639,2.408780336380005,2.1415190547704697
978,ILSVRC2012_val_00000214_n09428293.JPEG,ILSVRC2012_val_00049343_n09428293.JPEG,4.272917747497559,4.139348983764648,5.458806991577148,0.13356876373291016
978,ILSVRC2012_val_00011865_n09428293.JPEG,ILSVRC2012_val_00039829_n09428293.JPEG,1.3692232370376587,2.290271282196045,4.758683681488037,0.9210480451583862
978,ILSVRC2012_val_00008791_n09428293.JPEG,ILSVRC2012_val_00007177_n09428293.JPEG,1.8055449724197388,0.5629751086235046,1.860295653343201,1.2425698637962341
978,ILSVRC2012_val_00003056_n09428293.JPEG,ILSVRC2012_val_00029704_n09428293.JPEG,4.205488204956055,2.5629425048828125,4.2943196296691895,1.6425457000732422
978,ILSVRC2012_val_00036315_n09428293.JPEG,ILSVRC2012_val_00002495_n09428293.JPEG,1.0056028366088867,2.9905905723571777,3.615847110748291,1.984987735748291
979,ILSVRC2012_val_00010344_n09468604.JPEG,ILSVRC2012_val_00018865_n09468604.JPEG,0.2560760974884033,0.1650305688381195,0.2560760974884033,0.09104552865028381
979,ILSVRC2012_val_00044856_n09468604.JPEG,ILSVRC2012_val_00041582_n09468604.JPEG,0.341589868068695,0.5241971015930176,0.5247877836227417,0.18260723352432257
979,ILSVRC2012_val_00000313_n09468604.JPEG,ILSVRC2012_val_00008318_n09468604.JPEG,0.9486101865768432,0.1291990131139755,1.0152047872543335,0.8194111734628676
979,ILSVRC2012_val_00032589_n09468604.JPEG,ILSVRC2012_val_00043699_n09468604.JPEG,1.6887540817260742,0.2459921538829803,1.711348533630371,1.4427619278430939
979,ILSVRC2012_val_00048786_n09468604.JPEG,ILSVRC2012_val_00039403_n09468604.JPEG,0.3168814480304718,2.7655837535858154,2.8672375679016118,2.4487023055553436
980,ILSVRC2012_val_00034348_n09472597.JPEG,ILSVRC2012_val_00042446_n09472597.JPEG,0.0693156719207763,0.0256260558962821,0.0764896497130394,0.0436896160244942
980,ILSVRC2012_val_00036419_n09472597.JPEG,ILSVRC2012_val_00010641_n09472597.JPEG,0.1185427159070968,0.0111615089699625,0.6776708960533142,0.1073812069371343
980,ILSVRC2012_val_00035075_n09472597.JPEG,ILSVRC2012_val_00036034_n09472597.JPEG,0.6149069666862488,0.3659965991973877,0.6149069666862488,0.24891036748886108
980,ILSVRC2012_val_00027621_n09472597.JPEG,ILSVRC2012_val_00034472_n09472597.JPEG,0.3780804872512817,0.0118102617561817,0.3780804872512817,0.36627022549509997
980,ILSVRC2012_val_00023470_n09472597.JPEG,ILSVRC2012_val_00039611_n09472597.JPEG,3.432345390319824,4.112092018127441,5.921477317810059,0.6797466278076172
981,ILSVRC2012_val_00047413_n09835506.JPEG,ILSVRC2012_val_00026142_n09835506.JPEG,0.0938033461570739,0.245585098862648,0.8334485292434692,0.1517817527055741
981,ILSVRC2012_val_00002289_n09835506.JPEG,ILSVRC2012_val_00027412_n09835506.JPEG,0.6578983068466187,0.3746001422405243,0.659892737865448,0.28329816460609436
981,ILSVRC2012_val_00039644_n09835506.JPEG,ILSVRC2012_val_00034949_n09835506.JPEG,0.0680996775627136,0.4546144604682922,3.432217597961426,0.3865147829055786
981,ILSVRC2012_val_00046451_n09835506.JPEG,ILSVRC2012_val_00043086_n09835506.JPEG,0.11719561368227,0.90528804063797,1.6527436971664429,0.7880924269556999
981,ILSVRC2012_val_00036213_n09835506.JPEG,ILSVRC2012_val_00020719_n09835506.JPEG,0.2141745835542678,1.3071017265319824,1.357325553894043,1.0929271429777145
982,ILSVRC2012_val_00020846_n10148035.JPEG,ILSVRC2012_val_00030582_n10148035.JPEG,0.1026210710406303,0.1389839649200439,3.8805935382843018,0.03636289387941359
982,ILSVRC2012_val_00011980_n10148035.JPEG,ILSVRC2012_val_00007333_n10148035.JPEG,0.0688030049204826,0.3121809363365173,0.5965760350227356,0.2433779314160347
982,ILSVRC2012_val_00005113_n10148035.JPEG,ILSVRC2012_val_00002950_n10148035.JPEG,0.1086984127759933,0.9799708724021912,1.782344102859497,0.8712724596261978
982,ILSVRC2012_val_00016848_n10148035.JPEG,ILSVRC2012_val_00005270_n10148035.JPEG,0.3658220469951629,1.2678709030151367,1.887804388999939,0.9020488560199738
982,ILSVRC2012_val_00032577_n10148035.JPEG,ILSVRC2012_val_00049999_n10148035.JPEG,3.45398473739624,0.2636737525463104,4.002995491027832,3.1903109848499294
983,ILSVRC2012_val_00047304_n10565667.JPEG,ILSVRC2012_val_00013652_n10565667.JPEG,0.0662340819835662,0.0124811986461281,0.0719992890954017,0.0537528833374381
983,ILSVRC2012_val_00026867_n10565667.JPEG,ILSVRC2012_val_00041218_n10565667.JPEG,0.0190722439438104,0.1093830689787864,0.1203730404376983,0.090310825034976
983,ILSVRC2012_val_00042444_n10565667.JPEG,ILSVRC2012_val_00027740_n10565667.JPEG,0.859972357749939,0.5011039972305298,0.9026243090629578,0.3588683605194092
983,ILSVRC2012_val_00013619_n10565667.JPEG,ILSVRC2012_val_00049626_n10565667.JPEG,1.0777727365493774,0.5245522260665894,1.285557746887207,0.5532205104827881
983,ILSVRC2012_val_00046799_n10565667.JPEG,ILSVRC2012_val_00041020_n10565667.JPEG,0.7238790988922119,0.0050575179047882,0.7238790988922119,0.7188215809874237
984,ILSVRC2012_val_00009263_n11879895.JPEG,ILSVRC2012_val_00011338_n11879895.JPEG,0.0020504419226199,0.0017032414907589,0.0155294220894575,0.00034720043186099985
984,ILSVRC2012_val_00030171_n11879895.JPEG,ILSVRC2012_val_00002321_n11879895.JPEG,0.0041479747742414,0.0003934324486181,0.0271072369068861,0.0037545423256232996
984,ILSVRC2012_val_00044663_n11879895.JPEG,ILSVRC2012_val_00021912_n11879895.JPEG,0.0004847066884394,0.0102880634367465,0.0143433753401041,0.0098033567483071
984,ILSVRC2012_val_00004688_n11879895.JPEG,ILSVRC2012_val_00019304_n11879895.JPEG,0.0019865557551383,0.1024742051959037,0.1024742051959037,0.1004876494407654
984,ILSVRC2012_val_00007332_n11879895.JPEG,ILSVRC2012_val_00009747_n11879895.JPEG,0.0072543309070169,0.4953110814094543,0.4953110814094543,0.4880567505024374
985,ILSVRC2012_val_00004920_n11939491.JPEG,ILSVRC2012_val_00045833_n11939491.JPEG,0.0934580340981483,0.0810331553220748,0.1185617744922638,0.012424878776073497
985,ILSVRC2012_val_00035413_n11939491.JPEG,ILSVRC2012_val_00027530_n11939491.JPEG,0.0495248585939407,0.1129770651459693,0.1565796583890915,0.0634522065520286
985,ILSVRC2012_val_00034010_n11939491.JPEG,ILSVRC2012_val_00045476_n11939491.JPEG,0.1025336012244224,0.0372664853930473,0.1872748732566833,0.0652671158313751
985,ILSVRC2012_val_00046742_n11939491.JPEG,ILSVRC2012_val_00036790_n11939491.JPEG,0.0871948599815368,0.0168325789272785,0.0994090884923935,0.07036228105425829
985,ILSVRC2012_val_00036416_n11939491.JPEG,ILSVRC2012_val_00013936_n11939491.JPEG,0.0291879996657371,0.1188571453094482,0.8546628952026367,0.0896691456437111
986,ILSVRC2012_val_00025305_n12057211.JPEG,ILSVRC2012_val_00028265_n12057211.JPEG,0.005724465008825,0.0103878770023584,0.0604124329984188,0.0046634119935334
986,ILSVRC2012_val_00001130_n12057211.JPEG,ILSVRC2012_val_00047719_n12057211.JPEG,0.029609465971589,0.0073939715512096,0.1122068539261818,0.0222154944203794
986,ILSVRC2012_val_00000551_n12057211.JPEG,ILSVRC2012_val_00044783_n12057211.JPEG,0.011063895188272,0.041830588132143,0.6100461483001709,0.030766692943871
986,ILSVRC2012_val_00017514_n12057211.JPEG,ILSVRC2012_val_00040540_n12057211.JPEG,0.0705360770225524,0.1077333241701126,0.6244115829467773,0.0371972471475602
986,ILSVRC2012_val_00015582_n12057211.JPEG,ILSVRC2012_val_00030051_n12057211.JPEG,0.0063089965842664,0.0506623350083828,0.1341313421726226,0.0443533384241164
987,ILSVRC2012_val_00020295_n12144580.JPEG,ILSVRC2012_val_00011594_n12144580.JPEG,0.8624776005744934,0.831950843334198,0.9867092370986938,0.03052675724029541
987,ILSVRC2012_val_00030528_n12144580.JPEG,ILSVRC2012_val_00027392_n12144580.JPEG,4.926251411437988,4.5584259033203125,5.926008224487305,0.3678255081176758
987,ILSVRC2012_val_00007468_n12144580.JPEG,ILSVRC2012_val_00017074_n12144580.JPEG,1.4907101392745972,0.474727988243103,2.095155715942383,1.0159821510314941
987,ILSVRC2012_val_00048526_n12144580.JPEG,ILSVRC2012_val_00016362_n12144580.JPEG,0.1863754242658615,1.4635218381881714,1.5293608903884888,1.2771464139223099
987,ILSVRC2012_val_00000484_n12144580.JPEG,ILSVRC2012_val_00000869_n12144580.JPEG,0.846634566783905,2.230236291885376,3.967514991760254,1.383601725101471
988,ILSVRC2012_val_00028557_n12267677.JPEG,ILSVRC2012_val_00032669_n12267677.JPEG,0.0099021643400192,0.0061102020554244,0.1624063849449157,0.0037919622845948003
988,ILSVRC2012_val_00028961_n12267677.JPEG,ILSVRC2012_val_00018155_n12267677.JPEG,0.2749316692352295,0.6816649436950684,3.2274770736694336,0.40673327445983887
988,ILSVRC2012_val_00024413_n12267677.JPEG,ILSVRC2012_val_00042458_n12267677.JPEG,0.0678543150424957,0.8981108069419861,4.116032600402832,0.8302564918994904
988,ILSVRC2012_val_00032501_n12267677.JPEG,ILSVRC2012_val_00016842_n12267677.JPEG,0.0043930928222835,1.434666633605957,3.7755513191223145,1.4302735407836735
988,ILSVRC2012_val_00015942_n12267677.JPEG,ILSVRC2012_val_00049900_n12267677.JPEG,0.0779930353164672,1.7228264808654783,2.6582894325256348,1.644833445549011
989,ILSVRC2012_val_00042794_n12620546.JPEG,ILSVRC2012_val_00040304_n12620546.JPEG,0.0273252166807651,0.199882686138153,4.200222969055176,0.1725574694573879
989,ILSVRC2012_val_00019742_n12620546.JPEG,ILSVRC2012_val_00006512_n12620546.JPEG,0.3041465282440185,0.0530471466481685,0.6894553899765015,0.25109938159585
989,ILSVRC2012_val_00030592_n12620546.JPEG,ILSVRC2012_val_00018180_n12620546.JPEG,0.3497587442398071,0.0869743600487709,1.3330535888671875,0.26278438419103617
989,ILSVRC2012_val_00016955_n12620546.JPEG,ILSVRC2012_val_00000251_n12620546.JPEG,0.2949212193489074,0.0086818858981132,1.410059094429016,0.2862393334507942
989,ILSVRC2012_val_00026680_n12620546.JPEG,ILSVRC2012_val_00036821_n12620546.JPEG,0.0230546500533819,0.6026209592819214,0.6066929697990417,0.5795663092285395
990,ILSVRC2012_val_00039350_n12768682.JPEG,ILSVRC2012_val_00045215_n12768682.JPEG,0.0012387705501168,0.0005698964232578,0.3712764680385589,0.0006688741268589999
990,ILSVRC2012_val_00021225_n12768682.JPEG,ILSVRC2012_val_00016112_n12768682.JPEG,0.0186368338763713,0.0029057920910418,0.4207420349121094,0.0157310417853295
990,ILSVRC2012_val_00021320_n12768682.JPEG,ILSVRC2012_val_00018030_n12768682.JPEG,0.0339128039777278,0.0168597735464572,0.8978028297424316,0.0170530304312706
990,ILSVRC2012_val_00036532_n12768682.JPEG,ILSVRC2012_val_00046904_n12768682.JPEG,5.7338023907504976e-05,0.1345362514257431,1.0073199272155762,0.1344789134018356
990,ILSVRC2012_val_00031830_n12768682.JPEG,ILSVRC2012_val_00005297_n12768682.JPEG,1.3761320114135742,0.0014144902816042,1.502778172492981,1.37471752113197
991,ILSVRC2012_val_00016522_n12985857.JPEG,ILSVRC2012_val_00026794_n12985857.JPEG,0.0370829403400421,0.0330515168607234,0.0862653255462646,0.004031423479318702
991,ILSVRC2012_val_00014255_n12985857.JPEG,ILSVRC2012_val_00040193_n12985857.JPEG,0.0315082035958766,0.0179786793887615,0.0350705869495868,0.013529524207115097
991,ILSVRC2012_val_00030986_n12985857.JPEG,ILSVRC2012_val_00004437_n12985857.JPEG,0.0190358683466911,0.0360209830105304,0.100568763911724,0.016985114663839302
991,ILSVRC2012_val_00025385_n12985857.JPEG,ILSVRC2012_val_00002047_n12985857.JPEG,0.165887102484703,0.0837423503398895,0.8787823915481567,0.08214475214481351
991,ILSVRC2012_val_00045416_n12985857.JPEG,ILSVRC2012_val_00010464_n12985857.JPEG,0.274306982755661,0.0963880270719528,0.7187158465385437,0.1779189556837082
992,ILSVRC2012_val_00047343_n12998815.JPEG,ILSVRC2012_val_00015658_n12998815.JPEG,0.1500377506017685,0.1033398956060409,2.1574978828430176,0.046697854995727595
992,ILSVRC2012_val_00043681_n12998815.JPEG,ILSVRC2012_val_00039754_n12998815.JPEG,0.4348176121711731,0.2660700678825378,0.4348176121711731,0.1687475442886353
992,ILSVRC2012_val_00022873_n12998815.JPEG,ILSVRC2012_val_00014935_n12998815.JPEG,0.155490443110466,0.4202196002006531,0.5458329319953918,0.2647291570901871
992,ILSVRC2012_val_00002153_n12998815.JPEG,ILSVRC2012_val_00032638_n12998815.JPEG,0.1755636930465698,0.4676037728786468,1.0810424089431765,0.292040079832077
992,ILSVRC2012_val_00012458_n12998815.JPEG,ILSVRC2012_val_00015851_n12998815.JPEG,0.449291318655014,0.1322748810052871,0.5448154211044312,0.31701643764972687
993,ILSVRC2012_val_00011040_n13037406.JPEG,ILSVRC2012_val_00042738_n13037406.JPEG,0.0316984318196773,0.0183184035122394,0.1461783796548843,0.013380028307437897
993,ILSVRC2012_val_00024832_n13037406.JPEG,ILSVRC2012_val_00042292_n13037406.JPEG,0.2034660279750824,0.1800584346055984,0.2313410192728042,0.023407593369484003
993,ILSVRC2012_val_00043208_n13037406.JPEG,ILSVRC2012_val_00045729_n13037406.JPEG,0.0544415563344955,0.0186475981026887,0.3282756805419922,0.035793958231806804
993,ILSVRC2012_val_00028705_n13037406.JPEG,ILSVRC2012_val_00002927_n13037406.JPEG,0.0725127533078193,0.0053843478672206,0.2093760073184967,0.0671284054405987
993,ILSVRC2012_val_00031593_n13037406.JPEG,ILSVRC2012_val_00036663_n13037406.JPEG,0.2808810770511627,0.1419725269079208,1.3098869323730469,0.1389085501432419
994,ILSVRC2012_val_00012049_n13040303.JPEG,ILSVRC2012_val_00021986_n13040303.JPEG,0.0099959978833794,0.0103653436526656,1.5071134567260742,0.00036934576928619907
994,ILSVRC2012_val_00026316_n13040303.JPEG,ILSVRC2012_val_00045752_n13040303.JPEG,0.0005822870298288,0.0581674091517925,0.8127308487892151,0.0575851221219637
994,ILSVRC2012_val_00008821_n13040303.JPEG,ILSVRC2012_val_00019571_n13040303.JPEG,0.0615343488752841,0.1719633936882019,4.915179252624512,0.1104290448129178
994,ILSVRC2012_val_00001743_n13040303.JPEG,ILSVRC2012_val_00005844_n13040303.JPEG,0.131404310464859,0.0061370972543954,1.4170678853988647,0.1252672132104636
994,ILSVRC2012_val_00021034_n13040303.JPEG,ILSVRC2012_val_00024883_n13040303.JPEG,0.0703697577118873,0.3068425357341766,1.683408498764038,0.23647277802228928
995,ILSVRC2012_val_00028286_n13044778.JPEG,ILSVRC2012_val_00008750_n13044778.JPEG,0.0289696138352155,0.0197933763265609,0.083615057170391,0.009176237508654598
995,ILSVRC2012_val_00043263_n13044778.JPEG,ILSVRC2012_val_00009322_n13044778.JPEG,0.0066253524273633,0.0324822999536991,3.070969581604004,0.0258569475263358
995,ILSVRC2012_val_00044746_n13044778.JPEG,ILSVRC2012_val_00041738_n13044778.JPEG,0.0742701739072799,0.0002478054084349,2.86289119720459,0.074022368498845
995,ILSVRC2012_val_00007306_n13044778.JPEG,ILSVRC2012_val_00017467_n13044778.JPEG,0.2063020765781402,0.1150486096739769,2.277533769607544,0.0912534669041633
995,ILSVRC2012_val_00044494_n13044778.JPEG,ILSVRC2012_val_00024812_n13044778.JPEG,0.0297945030033588,0.1264163553714752,0.2885113656520843,0.09662185236811639
996,ILSVRC2012_val_00008275_n13052670.JPEG,ILSVRC2012_val_00033352_n13052670.JPEG,0.2896533608436584,0.1293415874242782,0.291087806224823,0.1603117734193802
996,ILSVRC2012_val_00020231_n13052670.JPEG,ILSVRC2012_val_00040758_n13052670.JPEG,0.0929153487086296,0.2727612555027008,0.2727612555027008,0.1798459067940712
996,ILSVRC2012_val_00022641_n13052670.JPEG,ILSVRC2012_val_00022963_n13052670.JPEG,0.0455138832330703,0.2736664414405823,0.4541292786598205,0.22815255820751199
996,ILSVRC2012_val_00016708_n13052670.JPEG,ILSVRC2012_val_00041281_n13052670.JPEG,0.6783543229103088,0.1371277719736099,0.8784738183021545,0.5412265509366989
996,ILSVRC2012_val_00026007_n13052670.JPEG,ILSVRC2012_val_00048466_n13052670.JPEG,1.4918086528778076,2.285358428955078,3.340417861938477,0.7935497760772705
997,ILSVRC2012_val_00030181_n13054560.JPEG,ILSVRC2012_val_00046866_n13054560.JPEG,0.245831161737442,0.1327498704195022,0.3968307375907898,0.11308129131793979
997,ILSVRC2012_val_00015530_n13054560.JPEG,ILSVRC2012_val_00033740_n13054560.JPEG,0.6964941024780273,0.0615268386900424,1.0408935546875,0.634967263787985
997,ILSVRC2012_val_00015978_n13054560.JPEG,ILSVRC2012_val_00022839_n13054560.JPEG,1.0297677516937256,0.1306087374687194,2.805250644683838,0.8991590142250062
997,ILSVRC2012_val_00042718_n13054560.JPEG,ILSVRC2012_val_00035845_n13054560.JPEG,1.6943358182907104,0.2579127848148346,2.2104034423828125,1.4364230334758759
997,ILSVRC2012_val_00019615_n13054560.JPEG,ILSVRC2012_val_00045498_n13054560.JPEG,2.58545446395874,0.8804774284362793,2.58545446395874,1.7049770355224605
998,ILSVRC2012_val_00013238_n13133613.JPEG,ILSVRC2012_val_00039373_n13133613.JPEG,0.7756631374359131,0.6108354926109314,0.7756631374359131,0.1648276448249817
998,ILSVRC2012_val_00049555_n13133613.JPEG,ILSVRC2012_val_00019877_n13133613.JPEG,0.1143950447440147,0.3497922718524933,0.3721968531608581,0.2353972271084786
998,ILSVRC2012_val_00025191_n13133613.JPEG,ILSVRC2012_val_00023439_n13133613.JPEG,0.9304513931274414,0.1746183037757873,2.3108901977539062,0.755833089351654
998,ILSVRC2012_val_00039251_n13133613.JPEG,ILSVRC2012_val_00039722_n13133613.JPEG,0.4181271195411682,1.330250859260559,4.84990119934082,0.9121237397193909
998,ILSVRC2012_val_00045284_n13133613.JPEG,ILSVRC2012_val_00022466_n13133613.JPEG,1.349403738975525,0.4041134715080261,2.129011869430542,0.9452902674674988
999,ILSVRC2012_val_00045266_n15075141.JPEG,ILSVRC2012_val_00041747_n15075141.JPEG,1.087988257408142,0.2868669927120209,3.040978193283081,0.8011212646961212
999,ILSVRC2012_val_00016310_n15075141.JPEG,ILSVRC2012_val_00042643_n15075141.JPEG,0.3808431327342987,2.7382612228393555,2.7382612228393555,2.3574180901050568
999,ILSVRC2012_val_00015463_n15075141.JPEG,ILSVRC2012_val_00010694_n15075141.JPEG,5.378179550170898,0.6487528681755066,5.578875541687012,4.729426681995392
999,ILSVRC2012_val_00046353_n15075141.JPEG,ILSVRC2012_val_00006055_n15075141.JPEG,6.108638286590576,1.0545179843902588,6.32747745513916,5.054120302200317
999,ILSVRC2012_val_00040010_n15075141.JPEG,ILSVRC2012_val_00044368_n15075141.JPEG,0.2874734103679657,5.903453826904297,7.079270362854004,5.615980416536331
